handle,cedar_uid,valid_from,valid_to,status,change_reason,recorded_date
AKNF-ACSRMT-00-CALSTA-ASVCPR,CE-00001-6S,2026-08-29,,current,first recorded binding,2026-08-29
AKNF-AFGNAK-00-KONIAG,CE-00002-CJ,2026-08-29,,current,first recorded binding,2026-08-29
AKNF-AGDAGX-00-ALEUTC-PRBLFA,CE-00003-JB,2026-08-29,,current,first recorded binding,2026-08-29
AKNF-AKACHK-00-CALSTA-ASVCPR,CE-00004-R4,2026-08-29,,current,first recorded binding,2026-08-29
AKNF-AKHIOK-00-KONIAG,CE-00005-YX,2026-08-29,,current,first recorded binding,2026-08-29
AKNF-AKIAKC-00-CALSTA-ASVCPR,CE-00006-4P,2026-08-29,,current,first recorded binding,2026-08-29
AKNF-AKUTAN-00-ALEUTC-PRBLFA,CE-00007-AF,2026-08-29,,current,first recorded binding,2026-08-29
AKNF-ALAKKT-00-DOYONL-TNNACH,CE-00008-G8,2026-08-29,,current,first recorded binding,2026-08-29
AKNF-ALAKNK-00-CALSTA-ASVCPR,CE-00009-P1,2026-08-29,,current,first recorded binding,2026-08-29
AKNF-ALATNA-00-DOYONL-TNNACH,CE-0000A-WT,2026-08-29,,current,first recorded binding,2026-08-29
AKNF-ALGACQ-00-CALSTA-ASVCPR,CE-0000B-2K,2026-08-29,,current,first recorded binding,2026-08-29
AKNF-ALKNGK-00-BRBYCO-BRBYAS,CE-0000C-8C,2026-08-29,,current,first recorded binding,2026-08-29
AKNF-ALTIIQ-00-KONIAG,CE-0000D-E5,2026-08-29,,current,first recorded binding,2026-08-29
AKNF-AMBLER-00-NANARC-MANLLQ,CE-0000E-MY,2026-08-29,,current,first recorded binding,2026-08-29
AKNF-ANGOON-00-SEALSK-TLNGHD,CE-0000F-TQ,2026-08-29,,current,first recorded binding,2026-08-29
AKNF-ANKTVK-00-ARCSLO,CE-0000G-0G,2026-08-29,,current,first recorded binding,2026-08-29
AKNF-ANVIKV-00-DOYONL-TNNACH,CE-0000H-69,2026-08-29,,current,first recorded binding,2026-08-29
AKNF-ARCTIC-00-DOYONL-CATHTG-TNNACH-VENTGV,CE-0000J-C2,2026-08-29,,current,first recorded binding,2026-08-29
AKNF-ATKANV-00-ALEUTC-PRBLFA,CE-0000K-JV,2026-08-29,,current,first recorded binding,2026-08-29
AKNF-ATMTLK-00-CALSTA-ASVCPR,CE-0000M-RM,2026-08-29,,current,first recorded binding,2026-08-29
AKNF-ATQSUK-00-ARCSLO,CE-0000N-YD,2026-08-29,,current,first recorded binding,2026-08-29
AKNF-BCKLND-00-NANARC-MANLLQ,CE-0000P-46,2026-08-29,,current,first recorded binding,2026-08-29
AKNF-BEAVRV-00-DOYONL-CATHTG-TNNACH,CE-0000Q-AZ,2026-08-29,,current,first recorded binding,2026-08-29
AKNF-BIRCHC-00-DOYONL-TNNACH,CE-0000R-GR,2026-08-29,,current,first recorded binding,2026-08-29
AKNF-BLKFSK-00-ALEUTC-PRBLFA,CE-0000S-PH,2026-08-29,,current,first recorded binding,2026-08-29
AKNF-BLLMSL-00-CALSTA-ASVCPR,CE-0000T-WA,2026-08-29,,current,first recorded binding,2026-08-29
AKNF-BREVIG-00-BERSTR-KAWRAK,CE-0000V-23,2026-08-29,,current,first recorded binding,2026-08-29
AKNF-CGNKBY-00-BRBYCO-BRBYAS,CE-0000W-8W,2026-08-29,,current,first recorded binding,2026-08-29
AKNF-CGNKLG-00-BRBYCO-BRBYAS,CE-0000X-EN,2026-08-29,,current,first recorded binding,2026-08-29
AKNF-CGNKLK-00-BRBYCO-BRBYAS,CE-0000Y-ME,2026-08-29,,current,first recorded binding,2026-08-29
AKNF-CHCKLN-00-CKINLT,CE-0000Z-T7,2026-08-29,,current,first recorded binding,2026-08-29
AKNF-CHEVAK-00-CALSTA-ASVCPR,CE-00010-5G,2026-08-29,,current,first recorded binding,2026-08-29
AKNF-CHFRNK-00-CALSTA-ASVCPR,CE-00011-B9,2026-08-29,,current,first recorded binding,2026-08-29
AKNF-CHINIK-00-BERSTR-KAWRAK,CE-00012-H2,2026-08-29,,current,first recorded binding,2026-08-29
AKNF-CHLKAT-00-SEALSK-TLNGHD,CE-00013-QV,2026-08-29,,current,first recorded binding,2026-08-29
AKNF-CHLKSK-00-DOYONL-CATHTG-TNNACH,CE-00014-XM,2026-08-29,,current,first recorded binding,2026-08-29
AKNF-CHNEGA-00-CHGCCO-CHGCMT,CE-00015-3D,2026-08-29,,current,first recorded binding,2026-08-29
AKNF-CHSHNA-00-AHTNAI,CE-00016-96,2026-08-29,,current,first recorded binding,2026-08-29
AKNF-CHTHBK-00-CALSTA-ASVCPR,CE-00017-FZ,2026-08-29,,current,first recorded binding,2026-08-29
AKNF-CHTINA-00-AHTNAI,CE-00018-NR,2026-08-29,,current,first recorded binding,2026-08-29
AKNF-CIRCLE-00-DOYONL-CATHTG-TNNACH,CE-00019-VH,2026-08-29,,current,first recorded binding,2026-08-29
AKNF-CLKOOT-00-SEALSK-TLNGHD,CE-0001A-1A,2026-08-29,,current,first recorded binding,2026-08-29
AKNF-CLNWCK-00-CALSTA-ASVCPR,CE-0001B-73,2026-08-29,,current,first recorded binding,2026-08-29
AKNF-CLRKPT-00-BRBYCO-BRBYAS,CE-0001C-DW,2026-08-29,,current,first recorded binding,2026-08-29
AKNF-CNTWLL-00-AHTNAI-CPPRRV,CE-0001D-KN,2026-08-29,,current,first recorded binding,2026-08-29
AKNF-COUNCL-00-BERSTR-KAWRAK,CE-0001E-SE,2026-08-29,,current,first recorded binding,2026-08-29
AKNF-CRAIGT-00-SEALSK-TLNGHD,CE-0001F-Z7,2026-08-29,,current,first recorded binding,2026-08-29
AKNF-CRKEDC-00-CALSTA-ASVCPR,CE-0001G-50,2026-08-29,,current,first recorded binding,2026-08-29
AKNF-CRYUNG-00-BRBYCO-BRBYAS,CE-0001H-BS,2026-08-29,,current,first recorded binding,2026-08-29
AKNF-DEERNG-00-NANARC-MANLLQ,CE-0001J-HJ,2026-08-29,,current,first recorded binding,2026-08-29
AKNF-DOTLAK-00-DOYONL-TNNACH,CE-0001K-QB,2026-08-29,,current,first recorded binding,2026-08-29
AKNF-DOUGLS-00-SEALSK,CE-0001M-X4,2026-08-29,,current,first recorded binding,2026-08-29
AKNF-EGEGIK-00-BRBYCO-BRBYAS,CE-0001N-3X,2026-08-29,,current,first recorded binding,2026-08-29
AKNF-EKLTNA-00-CKINLT,CE-0001P-9P,2026-08-29,,current,first recorded binding,2026-08-29
AKNF-EMMNAK-00-CALSTA-ASVCPR,CE-0001Q-FF,2026-08-29,,current,first recorded binding,2026-08-29
AKNF-EVNSVL-00-DOYONL-TNNACH,CE-0001R-N8,2026-08-29,,current,first recorded binding,2026-08-29
AKNF-FSPASS-00-ALEUTC-PRBLFA,CE-0001S-V1,2026-08-29,,current,first recorded binding,2026-08-29
AKNF-GAKONA-00-AHTNAI-CPPRRV,CE-0001T-1T,2026-08-29,,current,first recorded binding,2026-08-29
AKNF-GAMBLL-00-BERSTR-KAWRAK,CE-0001V-7K,2026-08-29,,current,first recorded binding,2026-08-29
AKNF-GEORGT-00-CALSTA-ASVCPR,CE-0001W-DC,2026-08-29,,current,first recorded binding,2026-08-29
AKNF-GLKANA-00-AHTNAI-CPPRRV,CE-0001X-K5,2026-08-29,,current,first recorded binding,2026-08-29
AKNF-GNWSBY-00-CALSTA-ASVCPR,CE-0001Y-SY,2026-08-29,,current,first recorded binding,2026-08-29
AKNF-GRYLNG-00-DOYONL-TNNACH,CE-0001Z-ZQ,2026-08-29,,current,first recorded binding,2026-08-29
AKNF-GWCHZG-00-DOYONL-CATHTG-TNNACH,CE-00020-A0,2026-08-29,,current,first recorded binding,2026-08-29
AKNF-HAMLTN-00-CALSTA-ASVCPR,CE-00021-GS,2026-08-29,,current,first recorded binding,2026-08-29
AKNF-HCROSS-00-DOYONL-TNNACH,CE-00022-PJ,2026-08-29,,current,first recorded binding,2026-08-29
AKNF-HDABRG-00-SEALSK-TLNGHD,CE-00023-WB,2026-08-29,,current,first recorded binding,2026-08-29
AKNF-HEALYL-00-DOYONL-TNNACH,CE-00024-24,2026-08-29,,current,first recorded binding,2026-08-29
AKNF-HOONAH-00-SEALSK-TLNGHD,CE-00025-8X,2026-08-29,,current,first recorded binding,2026-08-29
AKNF-HOOPBY-00-CALSTA-ASVCPR,CE-00026-EP,2026-08-29,,current,first recorded binding,2026-08-29
AKNF-HUGHES-00-DOYONL-TNNACH,CE-00027-MF,2026-08-29,,current,first recorded binding,2026-08-29
AKNF-HUSLIA-00-DOYONL-TNNACH,CE-00028-T8,2026-08-29,,current,first recorded binding,2026-08-29
AKNF-IGIUGG-00-BRBYCO-BRBYAS,CE-00029-01,2026-08-29,,current,first recorded binding,2026-08-29
AKNF-INALIK-00-BERSTR-KAWRAK,CE-0002A-6T,2026-08-29,,current,first recorded binding,2026-08-29
AKNF-INPTAS-00-ARCSLO,CE-0002B-CK,2026-08-29,,current,first recorded binding,2026-08-29
AKNF-INPTBW-00-ARCSLO,CE-0002C-JC,2026-08-29,,current,first recorded binding,2026-08-29
AKNF-IQUGMT-00-CALSTA-ASVCPR,CE-0002D-R5,2026-08-29,,current,first recorded binding,2026-08-29
AKNF-IVNFBY-00-BRBYCO-BRBYAS,CE-0002E-YY,2026-08-29,,current,first recorded binding,2026-08-29
AKNF-KAGUYK-00-KONIAG,CE-0002F-4Q,2026-08-29,,current,first recorded binding,2026-08-29
AKNF-KALTAG-00-DOYONL-TNNACH,CE-0002G-AG,2026-08-29,,current,first recorded binding,2026-08-29
AKNF-KANATK-00-BRBYCO-BRBYAS,CE-0002H-G9,2026-08-29,,current,first recorded binding,2026-08-29
AKNF-KARLUK-00-KONIAG,CE-0002J-P2,2026-08-29,,current,first recorded binding,2026-08-29
AKNF-KASAAN-00-SEALSK-TLNGHD,CE-0002K-WV,2026-08-29,,current,first recorded binding,2026-08-29
AKNF-KENTZE-00-CKINLT,CE-0002M-2M,2026-08-29,,current,first recorded binding,2026-08-29
AKNF-KIPNUK-00-CALSTA-ASVCPR,CE-0002N-8D,2026-08-29,,current,first recorded binding,2026-08-29
AKNF-KKTOVK-00-ARCSLO,CE-0002P-E6,2026-08-29,,current,first recorded binding,2026-08-29
AKNF-KLAWCK-00-SEALSK-TLNGHD,CE-0002Q-MZ,2026-08-29,,current,first recorded binding,2026-08-29
AKNF-KLSKAG-00-CALSTA-ASVCPR,CE-0002R-TR,2026-08-29,,current,first recorded binding,2026-08-29
AKNF-KLTIKH-00-AHTNAI-CPPRRV,CE-0002S-0H,2026-08-29,,current,first recorded binding,2026-08-29
AKNF-KNGGNK-00-CALSTA-ASVCPR,CE-0002T-6A,2026-08-29,,current,first recorded binding,2026-08-29
AKNF-KNGISL-00-BERSTR-KAWRAK,CE-0002V-C3,2026-08-29,,current,first recorded binding,2026-08-29
AKNF-KNGSAL-00-BRBYCO-BRBYAS,CE-0002W-JW,2026-08-29,,current,first recorded binding,2026-08-29
AKNF-KNIKTR-00-CKINLT,CE-0002X-RN,2026-08-29,,current,first recorded binding,2026-08-29
AKNF-KOBUKV-00-NANARC-MANLLQ,CE-0002Y-YE,2026-08-29,,current,first recorded binding,2026-08-29
AKNF-KOKHNK-00-BRBYCO-BRBYAS,CE-0002Z-47,2026-08-29,,current,first recorded binding,2026-08-29
AKNF-KOTLIK-00-CALSTA-ASVCPR,CE-00030-FG,2026-08-29,,current,first recorded binding,2026-08-29
AKNF-KOYUKK-00-DOYONL-TNNACH,CE-00031-N9,2026-08-29,,current,first recorded binding,2026-08-29
AKNF-KOYUKV-00-BERSTR-KAWRAK,CE-00032-V2,2026-08-29,,current,first recorded binding,2026-08-29
AKNF-KSIGLK-00-CALSTA-ASVCPR,CE-00033-1V,2026-08-29,,current,first recorded binding,2026-08-29
AKNF-KTCHKN-00-SEALSK-TLNGHD,CE-00034-7M,2026-08-29,,current,first recorded binding,2026-08-29
AKNF-KTZBUE-00-NANARC-MANLLQ,CE-00035-DD,2026-08-29,,current,first recorded binding,2026-08-29
AKNF-KVALNA-00-NANARC-MANLLQ,CE-00036-K6,2026-08-29,,current,first recorded binding,2026-08-29
AKNF-KWGLGK-00-CALSTA-ASVCPR,CE-00037-SZ,2026-08-29,,current,first recorded binding,2026-08-29
AKNF-KWTHLK-00-CALSTA-ASVCPR,CE-00038-ZR,2026-08-29,,current,first recorded binding,2026-08-29
AKNF-LARSBY-00-KONIAG,CE-00039-5H,2026-08-29,,current,first recorded binding,2026-08-29
AKNF-LEVLCK-00-BRBYCO-BRBYAS,CE-0003A-BA,2026-08-29,,current,first recorded binding,2026-08-29
AKNF-LIMEVL-00-CALSTA-ASVCPR,CE-0003B-H3,2026-08-29,,current,first recorded binding,2026-08-29
AKNF-LKLSKG-00-CALSTA-ASVCPR,CE-0003C-QW,2026-08-29,,current,first recorded binding,2026-08-29
AKNF-LOUDEN-00-DOYONL-TNNACH,CE-0003D-XN,2026-08-29,,current,first recorded binding,2026-08-29
AKNF-MCGRTH-00-DOYONL-TNNACH,CE-0003E-3E,2026-08-29,,current,first recorded binding,2026-08-29
AKNF-MEKRYK-00-CALSTA-ASVCPR,CE-0003F-97,2026-08-29,,current,first recorded binding,2026-08-29
AKNF-MIGLOO-00-BERSTR-KAWRAK,CE-0003G-F0,2026-08-29,,current,first recorded binding,2026-08-29
AKNF-MNLYHS-00-DOYONL-TNNACH,CE-0003H-NS,2026-08-29,,current,first recorded binding,2026-08-29
AKNF-MNOKTK-00-BRBYCO-BRBYAS,CE-0003J-VJ,2026-08-29,,current,first recorded binding,2026-08-29
AKNF-MNTSTA-00-AHTNAI-CPPRRV,CE-0003K-1B,2026-08-29,,current,first recorded binding,2026-08-29
AKNF-MRSHLL-00-CALSTA-ASVCPR,CE-0003M-74,2026-08-29,,current,first recorded binding,2026-08-29
AKNF-MTLKTL-00-TLNGHD,CE-0003N-DX,2026-08-29,,current,first recorded binding,2026-08-29
AKNF-NAKNEK-00-BRBYCO-BRBYAS,CE-0003P-KP,2026-08-29,,current,first recorded binding,2026-08-29
AKNF-NANWLK-00-CHGCCO-CHGCMT,CE-0003Q-SF,2026-08-29,,current,first recorded binding,2026-08-29
AKNF-NAPAKK-00-CALSTA-ASVCPR,CE-0003R-Z8,2026-08-29,,current,first recorded binding,2026-08-29
AKNF-NAPSKK-00-CALSTA-ASVCPR,CE-0003S-51,2026-08-29,,current,first recorded binding,2026-08-29
AKNF-NENANA-00-DOYONL-TNNACH,CE-0003T-BT,2026-08-29,,current,first recorded binding,2026-08-29
AKNF-NEWTOK-00-CALSTA-ASVCPR,CE-0003V-HK,2026-08-29,,current,first recorded binding,2026-08-29
AKNF-NGHTMT-00-CALSTA-ASVCPR,CE-0003W-QC,2026-08-29,,current,first recorded binding,2026-08-29
AKNF-NHALEN-00-BRBYCO-BRBYAS,CE-0003X-X5,2026-08-29,,current,first recorded binding,2026-08-29
AKNF-NKLGNK-00-BRBYCO-BRBYAS,CE-0003Y-3Y,2026-08-29,,current,first recorded binding,2026-08-29
AKNF-NKLSKI-00-ALEUTC-PRBLFA,CE-0003Z-9Q,2026-08-29,,current,first recorded binding,2026-08-29
AKNF-NKOLAI-00-DOYONL-TNNACH,CE-00040-M0,2026-08-29,,current,first recorded binding,2026-08-29
AKNF-NKYRMT-00-CALSTA-ASVCPR,CE-00041-TS,2026-08-29,,current,first recorded binding,2026-08-29
AKNF-NLSONL-00-ALEUTC-PRBLFA,CE-00042-0J,2026-08-29,,current,first recorded binding,2026-08-29
AKNF-NNDLTN-00-BRBYCO-BRBYAS,CE-00043-6B,2026-08-29,,current,first recorded binding,2026-08-29
AKNF-NNLCHK-00-CKINLT,CE-00044-C4,2026-08-29,,current,first recorded binding,2026-08-29
AKNF-NNMIQA-00-CALSTA-ASVCPR,CE-00045-JX,2026-08-29,,current,first recorded binding,2026-08-29
AKNF-NNPTCK-00-CALSTA-ASVCPR,CE-00046-RP,2026-08-29,,current,first recorded binding,2026-08-29
AKNF-NOATAK-00-NANARC-MANLLQ,CE-00047-YF,2026-08-29,,current,first recorded binding,2026-08-29
AKNF-NOMECM-00-BERSTR-KAWRAK,CE-00048-48,2026-08-29,,current,first recorded binding,2026-08-29
AKNF-NOORVK-00-NANARC-MANLLQ,CE-00049-A1,2026-08-29,,current,first recorded binding,2026-08-29
AKNF-NPAIMT-00-CALSTA-ASVCPR,CE-0004A-GT,2026-08-29,,current,first recorded binding,2026-08-29
AKNF-NRTHWY-00-DOYONL-TNNACH,CE-0004B-PK,2026-08-29,,current,first recorded binding,2026-08-29
AKNF-NSTYHK-00-BRBYCO-BRBYAS,CE-0004C-WC,2026-08-29,,current,first recorded binding,2026-08-29
AKNF-NUIQST-00-ARCSLO,CE-0004D-25,2026-08-29,,current,first recorded binding,2026-08-29
AKNF-NULATO-00-DOYONL-TNNACH,CE-0004E-8Y,2026-08-29,,current,first recorded binding,2026-08-29
AKNF-NVEKUK-00-BRBYCO-BRBYAS,CE-0004F-EQ,2026-08-29,,current,first recorded binding,2026-08-29
AKNF-NVELIM-00-BERSTR-KAWRAK,CE-0004G-MG,2026-08-29,,current,first recorded binding,2026-08-29
AKNF-NVEYAK-00-CHGCCO-CHGCMT,CE-0004H-T9,2026-08-29,,current,first recorded binding,2026-08-29
AKNF-NVLEEK-00-CALSTA-ASVCPR,CE-0004J-02,2026-08-29,,current,first recorded binding,2026-08-29
AKNF-NVRUBY-00-DOYONL-TNNACH,CE-0004K-6V,2026-08-29,,current,first recorded binding,2026-08-29
AKNF-NVTNNA-00-DOYONL-TNNACH,CE-0004M-CM,2026-08-29,,current,first recorded binding,2026-08-29
AKNF-NVUNGA-00-ALEUTC-PRBLFA,CE-0004N-JD,2026-08-29,,current,first recorded binding,2026-08-29
AKNF-NVWMTN-00-BERSTR-KAWRAK,CE-0004P-R6,2026-08-29,,current,first recorded binding,2026-08-29
AKNF-OGSNKL-00-BRBYCO-BRBYAS,CE-0004Q-YZ,2026-08-29,,current,first recorded binding,2026-08-29
AKNF-OHOGMT-00-CALSTA-ASVCPR,CE-0004R-4R,2026-08-29,,current,first recorded binding,2026-08-29
AKNF-OSCARV-00-CALSTA-ASVCPR,CE-0004S-AH,2026-08-29,,current,first recorded binding,2026-08-29
AKNF-OTSRMT-00-CALSTA-ASVCPR,CE-0004T-GA,2026-08-29,,current,first recorded binding,2026-08-29
AKNF-OZNKIE-00-KONIAG,CE-0004V-P3,2026-08-29,,current,first recorded binding,2026-08-29
AKNF-PDROBY-00-BRBYCO-BRBYAS,CE-0004W-WW,2026-08-29,,current,first recorded binding,2026-08-29
AKNF-PILOTP-00-BRBYCO-BRBYAS,CE-0004X-2N,2026-08-29,,current,first recorded binding,2026-08-29
AKNF-PILTST-00-CALSTA-ASVCPR,CE-0004Y-8E,2026-08-29,,current,first recorded binding,2026-08-29
AKNF-PLATNM-00-CALSTA-ASVCPR,CE-0004Z-E7,2026-08-29,,current,first recorded binding,2026-08-29
AKNF-PLFHBR-00-ALEUTC-PRBLFA,CE-00050-SG,2026-08-29,,current,first recorded binding,2026-08-29
AKNF-PNTHPE-00-ARCSLO-MANLLQ,CE-00051-Z9,2026-08-29,,current,first recorded binding,2026-08-29
AKNF-PNTLAY-00-ARCSLO,CE-00052-52,2026-08-29,,current,first recorded binding,2026-08-29
AKNF-PRBLFC-00,CE-00053-BV,2026-08-29,,current,first recorded binding,2026-08-29
AKNF-PRRYVL-00-BRBYCO-BRBYAS,CE-00054-HM,2026-08-29,,current,first recorded binding,2026-08-29
AKNF-PRTGRM-00-CHGCCO-CHGCMT,CE-00055-QD,2026-08-29,,current,first recorded binding,2026-08-29
AKNF-PRTHDN-00-BRBYCO-BRBYAS,CE-00056-X6,2026-08-29,,current,first recorded binding,2026-08-29
AKNF-PRTLNS-00-KONIAG,CE-00057-3Z,2026-08-29,,current,first recorded binding,2026-08-29
AKNF-PTKAPT-00-CALSTA-ASVCPR,CE-00058-9R,2026-08-29,,current,first recorded binding,2026-08-29
AKNF-PTRSBG-00-SEALSK-TLNGHD,CE-00059-FH,2026-08-29,,current,first recorded binding,2026-08-29
AKNF-QGNTGN-00-ALEUTC-PRBLFA,CE-0005A-NA,2026-08-29,,current,first recorded binding,2026-08-29
AKNF-QUNHGK-00-CALSTA-ASVCPR,CE-0005B-V3,2026-08-29,,current,first recorded binding,2026-08-29
AKNF-QWALGN-00-ALEUTC-PRBLFA,CE-0005C-1W,2026-08-29,,current,first recorded binding,2026-08-29
AKNF-RAMPRT-00-DOYONL-CATHTG-TNNACH,CE-0005D-7N,2026-08-29,,current,first recorded binding,2026-08-29
AKNF-REDDVL-00-CALSTA-ASVCPR,CE-0005E-DE,2026-08-29,,current,first recorded binding,2026-08-29
AKNF-SAVNGA-00-BERSTR-KAWRAK,CE-0005F-K7,2026-08-29,,current,first recorded binding,2026-08-29
AKNF-SAXMAN-00-SEALSK-TLNGHD,CE-0005G-S0,2026-08-29,,current,first recorded binding,2026-08-29
AKNF-SCMNBY-00-CALSTA-ASVCPR,CE-0005H-ZS,2026-08-29,,current,first recorded binding,2026-08-29
AKNF-SELAWK-00-NANARC-MANLLQ,CE-0005J-5J,2026-08-29,,current,first recorded binding,2026-08-29
AKNF-SHGELK-00-DOYONL-TNNACH,CE-0005K-BB,2026-08-29,,current,first recorded binding,2026-08-29
AKNF-SHKTLK-00-BERSTR-KAWRAK,CE-0005M-H4,2026-08-29,,current,first recorded binding,2026-08-29
AKNF-SHNGNK-00-NANARC-MANLLQ,CE-0005N-QX,2026-08-29,,current,first recorded binding,2026-08-29
AKNF-SITKAT-00-SEALSK-TLNGHD,CE-0005P-XP,2026-08-29,,current,first recorded binding,2026-08-29
AKNF-SKAGWY-00-SEALSK,CE-0005Q-3F,2026-08-29,,current,first recorded binding,2026-08-29
AKNF-SLDVIA-00-CKINLT,CE-0005R-98,2026-08-29,,current,first recorded binding,2026-08-29
AKNF-SLMATF-00-CKINLT,CE-0005S-F1,2026-08-29,,current,first recorded binding,2026-08-29
AKNF-SLTMUT-00-CALSTA-ASVCPR,CE-0005T-NT,2026-08-29,,current,first recorded binding,2026-08-29
AKNF-SNKNEK-00-BRBYCO-BRBYAS,CE-0005V-VK,2026-08-29,,current,first recorded binding,2026-08-29
AKNF-SOLOMN-00-BERSTR-KAWRAK,CE-0005W-1C,2026-08-29,,current,first recorded binding,2026-08-29
AKNF-SSHMRF-00-BERSTR-KAWRAK,CE-0005X-75,2026-08-29,,current,first recorded binding,2026-08-29
AKNF-STBBNS-00-BERSTR-KAWRAK,CE-0005Y-DY,2026-08-29,,current,first recorded binding,2026-08-29
AKNF-STEVNS-00-DOYONL-CATHTG-TNNACH,CE-0005Z-KQ,2026-08-29,,current,first recorded binding,2026-08-29
AKNF-STGRGE-00-ALEUTC-PRBLFA-PRBLFC,CE-00060-Y0,2026-08-29,,current,first recorded binding,2026-08-29
AKNF-STMCHL-00-BERSTR-KAWRAK,CE-00061-4S,2026-08-29,,current,first recorded binding,2026-08-29
AKNF-STNYRV-00-CALSTA-ASVCPR,CE-00062-AJ,2026-08-29,,current,first recorded binding,2026-08-29
AKNF-STPAUL-00-ALEUTC-PRBLFA-PRBLFC,CE-00063-GB,2026-08-29,,current,first recorded binding,2026-08-29
AKNF-SUNAQT-00-KONIAG,CE-00064-P4,2026-08-29,,current,first recorded binding,2026-08-29
AKNF-TATTLK-00-CHGCCO-CHGCMT,CE-00065-WX,2026-08-29,,current,first recorded binding,2026-08-29
AKNF-TAZLNA-00-AHTNAI-CPPRRV,CE-00066-2P,2026-08-29,,current,first recorded binding,2026-08-29
AKNF-TELIDA-00-DOYONL-TNNACH,CE-00067-8F,2026-08-29,,current,first recorded binding,2026-08-29
AKNF-TELLER-00-BERSTR-KAWRAK,CE-00068-E8,2026-08-29,,current,first recorded binding,2026-08-29
AKNF-TETLIN-00-DOYONL-TNNACH,CE-00069-M1,2026-08-29,,current,first recorded binding,2026-08-29
AKNF-TKOTNA-00-DOYONL-TNNACH,CE-0006A-TT,2026-08-29,,current,first recorded binding,2026-08-29
AKNF-TLNGHD-00-SEALSK,CE-0006B-0K,2026-08-29,,current,first recorded binding,2026-08-29
AKNF-TLUKSK-00-CALSTA-ASVCPR,CE-0006C-6C,2026-08-29,,current,first recorded binding,2026-08-29
AKNF-TNCRSS-00-DOYONL-TNNACH,CE-0006D-C5,2026-08-29,,current,first recorded binding,2026-08-29
AKNF-TNGRNQ-00-KONIAG,CE-0006E-JY,2026-08-29,,current,first recorded binding,2026-08-29
AKNF-TNTTLK-00-CALSTA-ASVCPR,CE-0006F-RQ,2026-08-29,,current,first recorded binding,2026-08-29
AKNF-TOGIAK-00-BRBYCO-BRBYAS,CE-0006G-YG,2026-08-29,,current,first recorded binding,2026-08-29
AKNF-TUNNAK-00-CALSTA-ASVCPR,CE-0006H-49,2026-08-29,,current,first recorded binding,2026-08-29
AKNF-TWINHL-00-BRBYCO-BRBYAS,CE-0006J-A2,2026-08-29,,current,first recorded binding,2026-08-29
AKNF-TYONEK-00-CKINLT,CE-0006K-GV,2026-08-29,,current,first recorded binding,2026-08-29
AKNF-UGASHK-00-BRBYCO-BRBYAS,CE-0006M-PM,2026-08-29,,current,first recorded binding,2026-08-29
AKNF-UMKUMT-00-CALSTA-ASVCPR,CE-0006N-WD,2026-08-29,,current,first recorded binding,2026-08-29
AKNF-UNLKLT-00-BERSTR-KAWRAK,CE-0006P-26,2026-08-29,,current,first recorded binding,2026-08-29
AKNF-VANIAK-00-CALSTA-ASVCPR,CE-0006Q-8Z,2026-08-29,,current,first recorded binding,2026-08-29
AKNF-VEAGLE-00-DOYONL-TNNACH,CE-0006R-ER,2026-08-29,,current,first recorded binding,2026-08-29
AKNF-VEKWOK-00-BRBYCO-BRBYAS,CE-0006S-MH,2026-08-29,,current,first recorded binding,2026-08-29
AKNF-VENTGV-00-DOYONL,CE-0006T-TA,2026-08-29,,current,first recorded binding,2026-08-29
AKNF-VENTVL-00-DOYONL-CATHTG-TNNACH-VENTGV,CE-0006V-03,2026-08-29,,current,first recorded binding,2026-08-29
AKNF-VILMNA-00-BRBYCO-BRBYAS,CE-0006W-6W,2026-08-29,,current,first recorded binding,2026-08-29
AKNF-VKIANA-00-NANARC-MANLLQ,CE-0006X-CN,2026-08-29,,current,first recorded binding,2026-08-29
AKNF-VLKAKE-00-SEALSK-TLNGHD,CE-0006Y-JE,2026-08-29,,current,first recorded binding,2026-08-29
AKNF-VMINTO-00-DOYONL-TNNACH,CE-0006Z-R7,2026-08-29,,current,first recorded binding,2026-08-29
AKNF-VPAIMT-00-CALSTA-ASVCPR,CE-00070-3G,2026-08-29,,current,first recorded binding,2026-08-29
AKNF-VWALES-00-BERSTR-KAWRAK,CE-00071-99,2026-08-29,,current,first recorded binding,2026-08-29
AKNF-WAINWT-00-ARCSLO,CE-00072-F2,2026-08-29,,current,first recorded binding,2026-08-29
AKNF-WRNGLL-00-SEALSK-TLNGHD,CE-00073-NV,2026-08-29,,current,first recorded binding,2026-08-29
AKNF-YKTTLN-00-SEALSK-TLNGHD,CE-00074-VM,2026-08-29,,current,first recorded binding,2026-08-29
AKNF-YUPIIT-00-CALSTA-ASVCPR,CE-00075-1D,2026-08-29,,current,first recorded binding,2026-08-29
ANRC-AHTNAI-00,CE-00076-76,2026-08-29,,current,first recorded binding,2026-08-29
ANRC-ALEUTC-00,CE-00077-DZ,2026-08-29,,current,first recorded binding,2026-08-29
ANRC-ARCSLO-00,CE-00078-KR,2026-08-29,,current,first recorded binding,2026-08-29
ANRC-BERSTR-00,CE-00079-SH,2026-08-29,,current,first recorded binding,2026-08-29
ANRC-BRBYCO-00,CE-0007A-ZA,2026-08-29,,current,first recorded binding,2026-08-29
ANRC-CALSTA-00,CE-0007B-53,2026-08-29,,current,first recorded binding,2026-08-29
ANRC-CHGCCO-00,CE-0007C-BW,2026-08-29,,current,first recorded binding,2026-08-29
ANRC-CKINLT-00,CE-0007D-HN,2026-08-29,,current,first recorded binding,2026-08-29
ANRC-DOYONL-00,CE-0007E-QE,2026-08-29,,current,first recorded binding,2026-08-29
ANRC-KONIAG-00,CE-0007F-X7,2026-08-29,,current,first recorded binding,2026-08-29
ANRC-NANARC-00,CE-0007G-30,2026-08-29,,current,first recorded binding,2026-08-29
ANRC-SEALSK-00,CE-0007H-9S,2026-08-29,,current,first recorded binding,2026-08-29
ANVC-AFOGNA-00,CE-0007J-FJ,2026-08-29,,current,first recorded binding,2026-08-29
ANVC-AKUTA1-00,CE-0007K-NB,2026-08-29,,current,first recorded binding,2026-08-29
ANVC-ALAKAN-00,CE-0007M-V4,2026-08-29,,current,first recorded binding,2026-08-29
ANVC-ASKINU-00,CE-0007N-1X,2026-08-29,,current,first recorded binding,2026-08-29
ANVC-ATMAUT-00,CE-0007P-7P,2026-08-29,,current,first recorded binding,2026-08-29
ANVC-ATQASU-00,CE-0007Q-DF,2026-08-29,,current,first recorded binding,2026-08-29
ANVC-ATXAMX-00,CE-0007R-K8,2026-08-29,,current,first recorded binding,2026-08-29
ANVC-AZACHO-00,CE-0007S-S1,2026-08-29,,current,first recorded binding,2026-08-29
ANVC-BAYVIE-00,CE-0007T-ZT,2026-08-29,,current,first recorded binding,2026-08-29
ANVC-BEANRI-00,CE-0007V-5K,2026-08-29,,current,first recorded binding,2026-08-29
ANVC-BECHAR-00,CE-0007W-BC,2026-08-29,,current,first recorded binding,2026-08-29
ANVC-BETHEL-00,CE-0007X-H5,2026-08-29,,current,first recorded binding,2026-08-29
ANVC-BLKFS1-00,CE-0007Y-QY,2026-08-29,,current,first recorded binding,2026-08-29
ANVC-BNYLKN-00,CE-0007Z-XQ,2026-08-29,,current,first recorded binding,2026-08-29
ANVC-BRVGMS-00,CE-00080-80,2026-08-29,,current,first recorded binding,2026-08-29
ANVC-BVRKWT-00,CE-00081-ES,2026-08-29,,current,first recorded binding,2026-08-29
ANVC-CAPEFO-00,CE-00082-MJ,2026-08-29,,current,first recorded binding,2026-08-29
ANVC-CHALUK-00,CE-00083-TB,2026-08-29,,current,first recorded binding,2026-08-29
ANVC-CHCKL1-00,CE-00084-04,2026-08-29,,current,first recorded binding,2026-08-29
ANVC-CHENEG-00,CE-00085-6X,2026-08-29,,current,first recorded binding,2026-08-29
ANVC-CHEVA1-00,CE-00086-CP,2026-08-29,,current,first recorded binding,2026-08-29
ANVC-CHFRNR-00,CE-00087-JF,2026-08-29,,current,first recorded binding,2026-08-29
ANVC-CHGGNG-00,CE-00088-R8,2026-08-29,,current,first recorded binding,2026-08-29
ANVC-CHGNKL-00,CE-00089-Y1,2026-08-29,,current,first recorded binding,2026-08-29
ANVC-CHGNKR-00,CE-0008A-4T,2026-08-29,,current,first recorded binding,2026-08-29
ANVC-CHINUR-00,CE-0008B-AK,2026-08-29,,current,first recorded binding,2026-08-29
ANVC-CHITIN-00,CE-0008C-GC,2026-08-29,,current,first recorded binding,2026-08-29
ANVC-CHLKYT-00,CE-0008D-P5,2026-08-29,,current,first recorded binding,2026-08-29
ANVC-CHLNWC-00,CE-0008E-WY,2026-08-29,,current,first recorded binding,2026-08-29
ANVC-COUNCI-00,CE-0008F-2Q,2026-08-29,,current,first recorded binding,2026-08-29
ANVC-CSWLLS-00,CE-0008G-8G,2026-08-29,,current,first recorded binding,2026-08-29
ANVC-CULLYX-00,CE-0008H-E9,2026-08-29,,current,first recorded binding,2026-08-29
ANVC-DELOYG-00,CE-0008J-M2,2026-08-29,,current,first recorded binding,2026-08-29
ANVC-DINEEG-00,CE-0008K-TV,2026-08-29,,current,first recorded binding,2026-08-29
ANVC-DINYEA-00,CE-0008M-0M,2026-08-29,,current,first recorded binding,2026-08-29
ANVC-DLYCHT-00,CE-0008N-6D,2026-08-29,,current,first recorded binding,2026-08-29
ANVC-DNZHTH-00,CE-0008P-C6,2026-08-29,,current,first recorded binding,2026-08-29
ANVC-DOTLA1-00,CE-0008Q-JZ,2026-08-29,,current,first recorded binding,2026-08-29
ANVC-EKLUTN-00,CE-0008R-RR,2026-08-29,,current,first recorded binding,2026-08-29
ANVC-ELIMXX-00,CE-0008S-YH,2026-08-29,,current,first recorded binding,2026-08-29
ANVC-EMMONA-00,CE-0008T-4A,2026-08-29,,current,first recorded binding,2026-08-29
ANVC-EYAKXX-00,CE-0008V-A3,2026-08-29,,current,first recorded binding,2026-08-29
ANVC-FARWES-00,CE-0008W-GW,2026-08-29,,current,first recorded binding,2026-08-29
ANVC-GANAAY-00,CE-0008X-PN,2026-08-29,,current,first recorded binding,2026-08-29
ANVC-GLDBLT-00,CE-0008Y-WE,2026-08-29,,current,first recorded binding,2026-08-29
ANVC-GLDCRK-00,CE-0008Z-27,2026-08-29,,current,first recorded binding,2026-08-29
ANVC-GNKNTV-00,CE-00090-DG,2026-08-29,,current,first recorded binding,2026-08-29
ANVC-GOLOVI-00,CE-00091-K9,2026-08-29,,current,first recorded binding,2026-08-29
ANVC-GWTCHY-00,CE-00092-S2,2026-08-29,,current,first recorded binding,2026-08-29
ANVC-HAIDAX-00,CE-00093-ZV,2026-08-29,,current,first recorded binding,2026-08-29
ANVC-HNGWTC-00,CE-00094-5M,2026-08-29,,current,first recorded binding,2026-08-29
ANVC-HUNATO-00,CE-00095-BD,2026-08-29,,current,first recorded binding,2026-08-29
ANVC-HYLNGD-00,CE-00096-H6,2026-08-29,,current,first recorded binding,2026-08-29
ANVC-IGIUGI-00,CE-00097-QZ,2026-08-29,,current,first recorded binding,2026-08-29
ANVC-INALI1-00,CE-00098-XR,2026-08-29,,current,first recorded binding,2026-08-29
ANVC-IQFIJO-00,CE-00099-3H,2026-08-29,,current,first recorded binding,2026-08-29
ANVC-ISANOT-00,CE-0009A-9A,2026-08-29,,current,first recorded binding,2026-08-29
ANVC-KASIGL-00,CE-0009B-F3,2026-08-29,,current,first recorded binding,2026-08-29
ANVC-KAVILC-00,CE-0009C-NW,2026-08-29,,current,first recorded binding,2026-08-29
ANVC-KGKKTL-00,CE-0009D-VN,2026-08-29,,current,first recorded binding,2026-08-29
ANVC-KHKKGY-00,CE-0009E-1E,2026-08-29,,current,first recorded binding,2026-08-29
ANVC-KIANTR-00,CE-0009F-77,2026-08-29,,current,first recorded binding,2026-08-29
ANVC-KIJIKX-00,CE-0009G-D0,2026-08-29,,current,first recorded binding,2026-08-29
ANVC-KKKTGR-00,CE-0009H-KS,2026-08-29,,current,first recorded binding,2026-08-29
ANVC-KKTRBL-00,CE-0009J-SJ,2026-08-29,,current,first recorded binding,2026-08-29
ANVC-KKTVKN-00,CE-0009K-ZB,2026-08-29,,current,first recorded binding,2026-08-29
ANVC-KLGNKN-00,CE-0009M-54,2026-08-29,,current,first recorded binding,2026-08-29
ANVC-KLUKWA-00,CE-0009N-BX,2026-08-29,,current,first recorded binding,2026-08-29
ANVC-KLWCKH-00,CE-0009P-HP,2026-08-29,,current,first recorded binding,2026-08-29
ANVC-KNGCVH-00,CE-0009Q-QF,2026-08-29,,current,first recorded binding,2026-08-29
ANVC-KNGNKL-00,CE-0009R-X8,2026-08-29,,current,first recorded binding,2026-08-29
ANVC-KNGSLN-00,CE-0009S-31,2026-08-29,,current,first recorded binding,2026-08-29
ANVC-KNIKAT-00,CE-0009T-9T,2026-08-29,,current,first recorded binding,2026-08-29
ANVC-KNNTVS-00,CE-0009V-FK,2026-08-29,,current,first recorded binding,2026-08-29
ANVC-KOKARM-00,CE-0009W-NC,2026-08-29,,current,first recorded binding,2026-08-29
ANVC-KOOTZN-00,CE-0009X-V5,2026-08-29,,current,first recorded binding,2026-08-29
ANVC-KOYUKX-00,CE-0009Y-1Y,2026-08-29,,current,first recorded binding,2026-08-29
ANVC-KPVKPT-00,CE-0009Z-7Q,2026-08-29,,current,first recorded binding,2026-08-29
ANVC-KSKKWM-00,CE-000A0-J0,2026-08-29,,current,first recorded binding,2026-08-29
ANVC-KTLKYP-00,CE-000A1-RS,2026-08-29,,current,first recorded binding,2026-08-29
ANVC-KUITSA-00,CE-000A2-YJ,2026-08-29,,current,first recorded binding,2026-08-29
ANVC-KUKULG-00,CE-000A3-4B,2026-08-29,,current,first recorded binding,2026-08-29
ANVC-KUUKPI-00,CE-000A4-A4,2026-08-29,,current,first recorded binding,2026-08-29
ANVC-KWIKXX-00,CE-000A5-GX,2026-08-29,,current,first recorded binding,2026-08-29
ANVC-KWKNTV-00,CE-000A6-PP,2026-08-29,,current,first recorded binding,2026-08-29
ANVC-KWTHL1-00,CE-000A7-WF,2026-08-29,,current,first recorded binding,2026-08-29
ANVC-KYTLTS-00,CE-000A8-28,2026-08-29,,current,first recorded binding,2026-08-29
ANVC-LDHRBR-00,CE-000A9-81,2026-08-29,,current,first recorded binding,2026-08-29
ANVC-LEISNO-00,CE-000AA-ET,2026-08-29,,current,first recorded binding,2026-08-29
ANVC-LITNIK-00,CE-000AB-MK,2026-08-29,,current,first recorded binding,2026-08-29
ANVC-LKNGKN-00,CE-000AC-TC,2026-08-29,,current,first recorded binding,2026-08-29
ANVC-LMNNTV-00,CE-000AD-05,2026-08-29,,current,first recorded binding,2026-08-29
ANVC-LMVLLG-00,CE-000AE-6Y,2026-08-29,,current,first recorded binding,2026-08-29
ANVC-LSNVLL-00,CE-000AF-CQ,2026-08-29,,current,first recorded binding,2026-08-29
ANVC-LVLCKN-00,CE-000AG-JG,2026-08-29,,current,first recorded binding,2026-08-29
ANVC-LXNDRC-00,CE-000AH-R9,2026-08-29,,current,first recorded binding,2026-08-29
ANVC-MNCHMN-00,CE-000AJ-Y2,2026-08-29,,current,first recorded binding,2026-08-29
ANVC-MNDSCH-00,CE-000AK-4V,2026-08-29,,current,first recorded binding,2026-08-29
ANVC-MNKTKN-00,CE-000AM-AM,2026-08-29,,current,first recorded binding,2026-08-29
ANVC-MNTDVL-00,CE-000AN-GD,2026-08-29,,current,first recorded binding,2026-08-29
ANVC-MNTNCR-00,CE-000AP-P6,2026-08-29,,current,first recorded binding,2026-08-29
ANVC-MRYSGL-00,CE-000AQ-WZ,2026-08-29,,current,first recorded binding,2026-08-29
ANVC-MSRCLQ-00,CE-000AR-2R,2026-08-29,,current,first recorded binding,2026-08-29
ANVC-MTNTXX-00,CE-000AS-8H,2026-08-29,,current,first recorded binding,2026-08-29
ANVC-NAPAKI-00,CE-000AT-EA,2026-08-29,,current,first recorded binding,2026-08-29
ANVC-NEWTO1-00,CE-000AV-M3,2026-08-29,,current,first recorded binding,2026-08-29
ANVC-NGLSHB-00,CE-000AW-TW,2026-08-29,,current,first recorded binding,2026-08-29
ANVC-NIMAXX-00,CE-000AX-0N,2026-08-29,,current,first recorded binding,2026-08-29
ANVC-NLSNLG-00,CE-000AY-6E,2026-08-29,,current,first recorded binding,2026-08-29
ANVC-NNKKYP-00,CE-000AZ-C7,2026-08-29,,current,first recorded binding,2026-08-29
ANVC-NNLCH1-00,CE-000B0-QG,2026-08-29,,current,first recorded binding,2026-08-29
ANVC-NNPGLL-00,CE-000B1-X9,2026-08-29,,current,first recorded binding,2026-08-29
ANVC-NNPTCH-00,CE-000B2-32,2026-08-29,,current,first recorded binding,2026-08-29
ANVC-NRKLKM-00,CE-000B3-9V,2026-08-29,,current,first recorded binding,2026-08-29
ANVC-NRTHW1-00,CE-000B4-FM,2026-08-29,,current,first recorded binding,2026-08-29
ANVC-NTVSKD-00,CE-000B5-ND,2026-08-29,,current,first recorded binding,2026-08-29
ANVC-NUNAMI-00,CE-000B6-V6,2026-08-29,,current,first recorded binding,2026-08-29
ANVC-OCEANS-00,CE-000B7-1Z,2026-08-29,,current,first recorded binding,2026-08-29
ANVC-OLGOON-00,CE-000B8-7R,2026-08-29,,current,first recorded binding,2026-08-29
ANVC-OUNALA-00,CE-000B9-DH,2026-08-29,,current,first recorded binding,2026-08-29
ANVC-OUZINK-00,CE-000BA-KA,2026-08-29,,current,first recorded binding,2026-08-29
ANVC-PAUGVI-00,CE-000BB-S3,2026-08-29,,current,first recorded binding,2026-08-29
ANVC-PEDROB-00,CE-000BC-ZW,2026-08-29,,current,first recorded binding,2026-08-29
ANVC-PENINS-00,CE-000BD-5N,2026-08-29,,current,first recorded binding,2026-08-29
ANVC-PLTPNT-00,CE-000BE-BE,2026-08-29,,current,first recorded binding,2026-08-29
ANVC-PLTSTT-00,CE-000BF-H7,2026-08-29,,current,first recorded binding,2026-08-29
ANVC-PNTPSS-00,CE-000BG-Q0,2026-08-29,,current,first recorded binding,2026-08-29
ANVC-PRTGRH-00,CE-000BH-XS,2026-08-29,,current,first recorded binding,2026-08-29
ANVC-PTKSPN-00,CE-000BJ-3J,2026-08-29,,current,first recorded binding,2026-08-29
ANVC-QANIRT-00,CE-000BK-9B,2026-08-29,,current,first recorded binding,2026-08-29
ANVC-QINARM-00,CE-000BM-F4,2026-08-29,,current,first recorded binding,2026-08-29
ANVC-QMRTLK-00,CE-000BN-NX,2026-08-29,,current,first recorded binding,2026-08-29
ANVC-RSSNMS-00,CE-000BP-VP,2026-08-29,,current,first recorded binding,2026-08-29
ANVC-SAGUYA-00,CE-000BQ-1F,2026-08-29,,current,first recorded binding,2026-08-29
ANVC-SANAKX-00,CE-000BR-78,2026-08-29,,current,first recorded binding,2026-08-29
ANVC-SAVOON-00,CE-000BS-D1,2026-08-29,,current,first recorded binding,2026-08-29
ANVC-SCRVLL-00,CE-000BT-KT,2026-08-29,,current,first recorded binding,2026-08-29
ANVC-SEALIO-00,CE-000BV-SK,2026-08-29,,current,first recorded binding,2026-08-29
ANVC-SHAANS-00,CE-000BW-ZC,2026-08-29,,current,first recorded binding,2026-08-29
ANVC-SHEEAT-00,CE-000BX-55,2026-08-29,,current,first recorded binding,2026-08-29
ANVC-SHKTL1-00,CE-000BY-BY,2026-08-29,,current,first recorded binding,2026-08-29
ANVC-SHSHMR-00,CE-000BZ-HQ,2026-08-29,,current,first recorded binding,2026-08-29
ANVC-SHUMAG-00,CE-000C0-W0,2026-08-29,,current,first recorded binding,2026-08-29
ANVC-SHUYAK-00,CE-000C1-2S,2026-08-29,,current,first recorded binding,2026-08-29
ANVC-SITNAS-00,CE-000C2-8J,2026-08-29,,current,first recorded binding,2026-08-29
ANVC-SIVUQA-00,CE-000C3-EB,2026-08-29,,current,first recorded binding,2026-08-29
ANVC-SLDVSS-00,CE-000C4-M4,2026-08-29,,current,first recorded binding,2026-08-29
ANVC-SLMTFS-00,CE-000C5-TX,2026-08-29,,current,first recorded binding,2026-08-29
ANVC-SOLOMO-00,CE-000C6-0P,2026-08-29,,current,first recorded binding,2026-08-29
ANVC-STBBN1-00,CE-000C7-6F,2026-08-29,,current,first recorded binding,2026-08-29
ANVC-STGRGT-00,CE-000C8-C8,2026-08-29,,current,first recorded binding,2026-08-29
ANVC-STHDYH-00,CE-000C9-J1,2026-08-29,,current,first recorded binding,2026-08-29
ANVC-STMCH1-00,CE-000CA-RT,2026-08-29,,current,first recorded binding,2026-08-29
ANVC-STMRYS-00,CE-000CB-YK,2026-08-29,,current,first recorded binding,2026-08-29
ANVC-STUYAH-00,CE-000CC-4C,2026-08-29,,current,first recorded binding,2026-08-29
ANVC-SWANLA-00,CE-000CD-A5,2026-08-29,,current,first recorded binding,2026-08-29
ANVC-TANALI-00,CE-000CE-GY,2026-08-29,,current,first recorded binding,2026-08-29
ANVC-TATITL-00,CE-000CF-PQ,2026-08-29,,current,first recorded binding,2026-08-29
ANVC-TELLE1-00,CE-000CG-WG,2026-08-29,,current,first recorded binding,2026-08-29
ANVC-TETLI1-00,CE-000CH-29,2026-08-29,,current,first recorded binding,2026-08-29
ANVC-TGHTTH-00,CE-000CJ-82,2026-08-29,,current,first recorded binding,2026-08-29
ANVC-TGKNTV-00,CE-000CK-EV,2026-08-29,,current,first recorded binding,2026-08-29
ANVC-TIHTEE-00,CE-000CM-MM,2026-08-29,,current,first recorded binding,2026-08-29
ANVC-TIKIGA-00,CE-000CN-TD,2026-08-29,,current,first recorded binding,2026-08-29
ANVC-TLKSRM-00,CE-000CP-06,2026-08-29,,current,first recorded binding,2026-08-29
ANVC-TNCRS1-00,CE-000CQ-6Z,2026-08-29,,current,first recorded binding,2026-08-29
ANVC-TNDGSX-00,CE-000CR-CR,2026-08-29,,current,first recorded binding,2026-08-29
ANVC-TNNRMT-00,CE-000CS-JH,2026-08-29,,current,first recorded binding,2026-08-29
ANVC-TOZITN-00,CE-000CT-RA,2026-08-29,,current,first recorded binding,2026-08-29
ANVC-TWNHLL-00,CE-000CV-Y3,2026-08-29,,current,first recorded binding,2026-08-29
ANVC-TYONE1-00,CE-000CW-4W,2026-08-29,,current,first recorded binding,2026-08-29
ANVC-UNALAK-00,CE-000CX-AN,2026-08-29,,current,first recorded binding,2026-08-29
ANVC-UNGAXX-00,CE-000CY-GE,2026-08-29,,current,first recorded binding,2026-08-29
ANVC-VNSVLL-00,CE-000CZ-P7,2026-08-29,,current,first recorded binding,2026-08-29
ANVC-WALESX-00,CE-000D0-1G,2026-08-29,,current,first recorded binding,2026-08-29
ANVC-WHTMNT-00,CE-000D1-79,2026-08-29,,current,first recorded binding,2026-08-29
ANVC-YKNTVS-00,CE-000D2-D2,2026-08-29,,current,first recorded binding,2026-08-29
ANVC-YKTTKW-00,CE-000D3-KV,2026-08-29,,current,first recorded binding,2026-08-29
ANVC-ZHOTSE-00,CE-000D4-SM,2026-08-29,,current,first recorded binding,2026-08-29
BIE-AHFACH-00,CE-000D5-ZD,2026-08-29,,current,first recorded binding,2026-08-29
BIE-ALAMON-00,CE-000D6-56,2026-08-29,,current,first recorded binding,2026-08-29
BIE-ANETHX-00,CE-000D7-BZ,2026-08-29,,current,first recorded binding,2026-08-29
BIE-BCDLYZ-00,CE-000D8-HR,2026-08-29,,current,first recorded binding,2026-08-29
BIE-BCLBTD-00,CE-000D9-QH,2026-08-29,,current,first recorded binding,2026-08-29
BIE-BGCHTT-00,CE-000DA-XA,2026-08-29,,current,first recorded binding,2026-08-29
BIE-BGNYGS-00,CE-000DB-33,2026-08-29,,current,first recorded binding,2026-08-29
BIE-BLCKF2-00,CE-000DC-9W,2026-08-29,,current,first recorded binding,2026-08-29
BIE-BLCKMS-00,CE-000DD-FN,2026-08-29,,current,first recorded binding,2026-08-29
BIE-BLCKWT-00,CE-000DE-NE,2026-08-29,,current,first recorded binding,2026-08-29
BIE-BRDSPR-00,CE-000DF-V7,2026-08-29,,current,first recorded binding,2026-08-29
BIE-CHCHLT-00,CE-000DG-10,2026-08-29,,current,first recorded binding,2026-08-29
BIE-CHCKS2-00,CE-000DH-7S,2026-08-29,,current,first recorded binding,2026-08-29
BIE-CHCTW1-00,CE-000DJ-DJ,2026-08-29,,current,first recorded binding,2026-08-29
BIE-CHCTWC-00,CE-000DK-KB,2026-08-29,,current,first recorded binding,2026-08-29
BIE-CHEMAW-00,CE-000DM-S4,2026-08-29,,current,first recorded binding,2026-08-29
BIE-CHFLSC-00,CE-000DN-ZX,2026-08-29,,current,first recorded binding,2026-08-29
BIE-CHLCHN-00,CE-000DP-5P,2026-08-29,,current,first recorded binding,2026-08-29
BIE-CHOOSH-00,CE-000DQ-BF,2026-08-29,,current,first recorded binding,2026-08-29
BIE-CHRKC1-00,CE-000DR-H8,2026-08-29,,current,first recorded binding,2026-08-29
BIE-CHRKC2-00,CE-000DS-Q1,2026-08-29,,current,first recorded binding,2026-08-29
BIE-CHRKCN-00,CE-000DT-XT,2026-08-29,,current,first recorded binding,2026-08-29
BIE-CHTMC1-00,CE-000DV-3K,2026-08-29,,current,first recorded binding,2026-08-29
BIE-CHYNNG-00,CE-000DW-9C,2026-08-29,,current,first recorded binding,2026-08-29
BIE-CNHTTL-00,CE-000DX-F5,2026-08-29,,current,first recorded binding,2026-08-29
BIE-COVEDA-00,CE-000DY-NY,2026-08-29,,current,first recorded binding,2026-08-29
BIE-CRCLLF-00,CE-000DZ-VQ,2026-08-29,,current,first recorded binding,2026-08-29
BIE-CRCLNT-00,CE-000E0-60,2026-08-29,,current,first recorded binding,2026-08-29
BIE-CRDLNT-00,CE-000E1-CS,2026-08-29,,current,first recorded binding,2026-08-29
BIE-CRWCR1-00,CE-000E2-JJ,2026-08-29,,current,first recorded binding,2026-08-29
BIE-CRWCRK-00,CE-000E3-RB,2026-08-29,,current,first recorded binding,2026-08-29
BIE-CRYSTL-00,CE-000E4-Y4,2026-08-29,,current,first recorded binding,2026-08-29
BIE-CRZYHR-00,CE-000E5-4X,2026-08-29,,current,first recorded binding,2026-08-29
BIE-CSBLNC-00,CE-000E6-AP,2026-08-29,,current,first recorded binding,2026-08-29
BIE-CTTNWD-00,CE-000E7-GF,2026-08-29,,current,first recorded binding,2026-08-29
BIE-DBYZHH-00,CE-000E8-P8,2026-08-29,,current,first recorded binding,2026-08-29
BIE-DCKWTR-00,CE-000E9-W1,2026-08-29,,current,first recorded binding,2026-08-29
BIE-DILCON-00,CE-000EA-2T,2026-08-29,,current,first recorded binding,2026-08-29
BIE-DNNHTS-00,CE-000EB-8K,2026-08-29,,current,first recorded binding,2026-08-29
BIE-DNSTHD-00,CE-000EC-EC,2026-08-29,,current,first recorded binding,2026-08-29
BIE-DSHCHB-00,CE-000ED-M5,2026-08-29,,current,first recorded binding,2026-08-29
BIE-DZLTHN-00,CE-000EE-TY,2026-08-29,,current,first recorded binding,2026-08-29
BIE-FLAND1-00,CE-000EF-0Q,2026-08-29,,current,first recorded binding,2026-08-29
BIE-FLDRMT-00,CE-000EG-6G,2026-08-29,,current,first recorded binding,2026-08-29
BIE-FLGSTF-00,CE-000EH-C9,2026-08-29,,current,first recorded binding,2026-08-29
BIE-FNDDLC-00,CE-000EJ-J2,2026-08-29,,current,first recorded binding,2026-08-29
BIE-FRSTMS-00,CE-000EK-RV,2026-08-29,,current,first recorded binding,2026-08-29
BIE-GLCRSS-00,CE-000EM-YM,2026-08-29,,current,first recorded binding,2026-08-29
BIE-GRSWDS-00,CE-000EN-4D,2026-08-29,,current,first recorded binding,2026-08-29
BIE-GRYHLL-00,CE-000EP-A6,2026-08-29,,current,first recorded binding,2026-08-29
BIE-HKCDMY-00,CE-000EQ-GZ,2026-08-29,,current,first recorded binding,2026-08-29
BIE-HKYWNG-00,CE-000ER-PR,2026-08-29,,current,first recorded binding,2026-08-29
BIE-HNDLDR-00,CE-000ES-WH,2026-08-29,,current,first recorded binding,2026-08-29
BIE-HNNHVL-00,CE-000ET-2A,2026-08-29,,current,first recorded binding,2026-08-29
BIE-HNTRSP-00,CE-000EV-83,2026-08-29,,current,first recorded binding,2026-08-29
BIE-HOPIDA-00,CE-000EW-EW,2026-08-29,,current,first recorded binding,2026-08-29
BIE-HPJNRS-00,CE-000EX-MN,2026-08-29,,current,first recorded binding,2026-08-29
BIE-HTVLLB-00,CE-000EY-TE,2026-08-29,,current,first recorded binding,2026-08-29
BIE-HVSPLM-00,CE-000EZ-07,2026-08-29,,current,first recorded binding,2026-08-29
BIE-ISLAND-00,CE-000F0-BG,2026-08-29,,current,first recorded binding,2026-08-29
BIE-JCRLLD-00,CE-000F1-H9,2026-08-29,,current,first recorded binding,2026-08-29
BIE-JEMEZD-00,CE-000F2-Q2,2026-08-29,,current,first recorded binding,2026-08-29
BIE-JHDZLM-00,CE-000F3-XV,2026-08-29,,current,first recorded binding,2026-08-29
BIE-JHNFKN-00,CE-000F4-3M,2026-08-29,,current,first recorded binding,2026-08-29
BIE-JNCNDY-00,CE-000F5-9D,2026-08-29,,current,first recorded binding,2026-08-29
BIE-JNSCDM-00,CE-000F6-F6,2026-08-29,,current,first recorded binding,2026-08-29
BIE-JSPHKL-00,CE-000F7-NZ,2026-08-29,,current,first recorded binding,2026-08-29
BIE-KAYENT-00,CE-000F8-VR,2026-08-29,,current,first recorded binding,2026-08-29
BIE-KBTBRD-00,CE-000F9-1H,2026-08-29,,current,first recorded binding,2026-08-29
BIE-KCKPNT-00,CE-000FA-7A,2026-08-29,,current,first recorded binding,2026-08-29
BIE-KHAPOX-00,CE-000FB-D3,2026-08-29,,current,first recorded binding,2026-08-29
BIE-KMSCNY-00,CE-000FC-KW,2026-08-29,,current,first recorded binding,2026-08-29
BIE-KNDHLC-00,CE-000FD-SN,2026-08-29,,current,first recorded binding,2026-08-29
BIE-KNTLRS-00,CE-000FE-ZE,2026-08-29,,current,first recorded binding,2026-08-29
BIE-LCCRT2-00,CE-000FF-57,2026-08-29,,current,first recorded binding,2026-08-29
BIE-LEUPPX-00,CE-000FG-B0,2026-08-29,,current,first recorded binding,2026-08-29
BIE-LGNLMN-00,CE-000FH-HS,2026-08-29,,current,first recorded binding,2026-08-29
BIE-LGNMDD-00,CE-000FJ-QJ,2026-08-29,,current,first recorded binding,2026-08-29
BIE-LKVLLY-00,CE-000FK-XB,2026-08-29,,current,first recorded binding,2026-08-29
BIE-LMMNTN-00,CE-000FM-34,2026-08-29,,current,first recorded binding,2026-08-29
BIE-LTTLGL-00,CE-000FN-9X,2026-08-29,,current,first recorded binding,2026-08-29
BIE-LTTLSN-00,CE-000FP-FP,2026-08-29,,current,first recorded binding,2026-08-29
BIE-LTTLWN-00,CE-000FQ-NF,2026-08-29,,current,first recorded binding,2026-08-29
BIE-LUKACH-00,CE-000FR-V8,2026-08-29,,current,first recorded binding,2026-08-29
BIE-LWRBR1-00,CE-000FS-11,2026-08-29,,current,first recorded binding,2026-08-29
BIE-MARIAN-00,CE-000FT-7T,2026-08-29,,current,first recorded binding,2026-08-29
BIE-MARTYX-00,CE-000FV-DK,2026-08-29,,current,first recorded binding,2026-08-29
BIE-MCKLS1-00,CE-000FW-KC,2026-08-29,,current,first recorded binding,2026-08-29
BIE-MICCOS-00,CE-000FX-S5,2026-08-29,,current,first recorded binding,2026-08-29
BIE-MNCPDY-00,CE-000FY-ZY,2026-08-29,,current,first recorded binding,2026-08-29
BIE-MNDRDS-00,CE-000FZ-5Q,2026-08-29,,current,first recorded binding,2026-08-29
BIE-MNMNTR-00,CE-000G0-G0,2026-08-29,,current,first recorded binding,2026-08-29
BIE-MNYFR1-00,CE-000G1-PS,2026-08-29,,current,first recorded binding,2026-08-29
BIE-MNYFRM-00,CE-000G2-WJ,2026-08-29,,current,first recorded binding,2026-08-29
BIE-MRCNHR-00,CE-000G3-2B,2026-08-29,,current,first recorded binding,2026-08-29
BIE-MSCLRP-00,CE-000G4-84,2026-08-29,,current,first recorded binding,2026-08-29
BIE-MSKWKS-00,CE-000G5-EX,2026-08-29,,current,first recorded binding,2026-08-29
BIE-NAATSI-00,CE-000G6-MP,2026-08-29,,current,first recorded binding,2026-08-29
BIE-NAZLIN-00,CE-000G7-TF,2026-08-29,,current,first recorded binding,2026-08-29
BIE-NMYSWM-00,CE-000G8-08,2026-08-29,,current,first recorded binding,2026-08-29
BIE-NNHNZD-00,CE-000G9-61,2026-08-29,,current,first recorded binding,2026-08-29
BIE-NNLZHN-00,CE-000GA-CT,2026-08-29,,current,first recorded binding,2026-08-29
BIE-NOLIXX-00,CE-000GB-JK,2026-08-29,,current,first recorded binding,2026-08-29
BIE-NRTHR1-00,CE-000GC-RC,2026-08-29,,current,first recorded binding,2026-08-29
BIE-NVJPRP-00,CE-000GD-Y5,2026-08-29,,current,first recorded binding,2026-08-29
BIE-NYHSHN-00,CE-000GE-4Y,2026-08-29,,current,first recorded binding,2026-08-29
BIE-OJIBWA-00,CE-000GF-AQ,2026-08-29,,current,first recorded binding,2026-08-29
BIE-ONEIDA-00,CE-000GG-GG,2026-08-29,,current,first recorded binding,2026-08-29
BIE-PBLPNT-00,CE-000GH-P9,2026-08-29,,current,first recorded binding,2026-08-29
BIE-PHNSNT-00,CE-000GJ-W2,2026-08-29,,current,first recorded binding,2026-08-29
BIE-PINEHI-00,CE-000GK-2V,2026-08-29,,current,first recorded binding,2026-08-29
BIE-PINERI-00,CE-000GM-8M,2026-08-29,,current,first recorded binding,2026-08-29
BIE-PINONX-00,CE-000GN-ED,2026-08-29,,current,first recorded binding,2026-08-29
BIE-PNSPRN-00,CE-000GP-M6,2026-08-29,,current,first recorded binding,2026-08-29
BIE-PRLRVR-00,CE-000GQ-TZ,2026-08-29,,current,first recorded binding,2026-08-29
BIE-PRRLRN-00,CE-000GR-0R,2026-08-29,,current,first recorded binding,2026-08-29
BIE-PSCHLS-00,CE-000GS-6H,2026-08-29,,current,first recorded binding,2026-08-29
BIE-PYRMD1-00,CE-000GT-CA,2026-08-29,,current,first recorded binding,2026-08-29
BIE-QLTTRB-00,CE-000GV-J3,2026-08-29,,current,first recorded binding,2026-08-29
BIE-RCHFLD-00,CE-000GW-RW,2026-08-29,,current,first recorded binding,2026-08-29
BIE-RCKCRK-00,CE-000GX-YN,2026-08-29,,current,first recorded binding,2026-08-29
BIE-RCKPNT-00,CE-000GY-4E,2026-08-29,,current,first recorded binding,2026-08-29
BIE-RCKYRD-00,CE-000GZ-A7,2026-08-29,,current,first recorded binding,2026-08-29
BIE-RDRCKD-00,CE-000H0-NG,2026-08-29,,current,first recorded binding,2026-08-29
BIE-RDWTRL-00,CE-000H1-V9,2026-08-29,,current,first recorded binding,2026-08-29
BIE-RGHRCK-00,CE-000H2-12,2026-08-29,,current,first recorded binding,2026-08-29
BIE-RIVERS-00,CE-000H3-7V,2026-08-29,,current,first recorded binding,2026-08-29
BIE-SANTAF-00,CE-000H4-DM,2026-08-29,,current,first recorded binding,2026-08-29
BIE-SBDLKB-00,CE-000H5-KD,2026-08-29,,current,first recorded binding,2026-08-29
BIE-SCNDMS-00,CE-000H6-S6,2026-08-29,,current,first recorded binding,2026-08-29
BIE-SCNGWY-00,CE-000H7-ZZ,2026-08-29,,current,first recorded binding,2026-08-29
BIE-SHNTPR-00,CE-000H8-5R,2026-08-29,,current,first recorded binding,2026-08-29
BIE-SHPRC1-00,CE-000H9-BH,2026-08-29,,current,first recorded binding,2026-08-29
BIE-SHPRCK-00,CE-000HA-HA,2026-08-29,,current,first recorded binding,2026-08-29
BIE-SHRMNH-00,CE-000HB-Q3,2026-08-29,,current,first recorded binding,2026-08-29
BIE-SHSHNB-00,CE-000HC-XW,2026-08-29,,current,first recorded binding,2026-08-29
BIE-SLTLMN-00,CE-000HD-3N,2026-08-29,,current,first recorded binding,2026-08-29
BIE-SLTRVR-00,CE-000HE-9E,2026-08-29,,current,first recorded binding,2026-08-29
BIE-SNFLPP-00,CE-000HF-F7,2026-08-29,,current,first recorded binding,2026-08-29
BIE-SNLDFN-00,CE-000HG-N0,2026-08-29,,current,first recorded binding,2026-08-29
BIE-SNSMNT-00,CE-000HH-VS,2026-08-29,,current,first recorded binding,2026-08-29
BIE-SNSTDY-00,CE-000HJ-1J,2026-08-29,,current,first recorded binding,2026-08-29
BIE-SNTRSD-00,CE-000HK-7B,2026-08-29,,current,first recorded binding,2026-08-29
BIE-SNTRSR-00,CE-000HM-D4,2026-08-29,,current,first recorded binding,2026-08-29
BIE-SNWCWY-00,CE-000HN-KX,2026-08-29,,current,first recorded binding,2026-08-29
BIE-SPYKLM-00,CE-000HP-SP,2026-08-29,,current,first recorded binding,2026-08-29
BIE-SQYHHG-00,CE-000HQ-ZF,2026-08-29,,current,first recorded binding,2026-08-29
BIE-STFRNC-00,CE-000HR-58,2026-08-29,,current,first recorded binding,2026-08-29
BIE-STNDN1-00,CE-000HS-B1,2026-08-29,,current,first recorded binding,2026-08-29
BIE-STNDNG-00,CE-000HT-HT,2026-08-29,,current,first recorded binding,2026-08-29
BIE-STSTPH-00,CE-000HV-QK,2026-08-29,,current,first recorded binding,2026-08-29
BIE-TAKINI-00,CE-000HW-XC,2026-08-29,,current,first recorded binding,2026-08-29
BIE-TAOSDA-00,CE-000HX-35,2026-08-29,,current,first recorded binding,2026-08-29
BIE-TBCTYB-00,CE-000HY-9Y,2026-08-29,,current,first recorded binding,2026-08-29
BIE-TCKRLM-00,CE-000HZ-FQ,2026-08-29,,current,first recorded binding,2026-08-29
BIE-THDRJM-00,CE-000J0-T0,2026-08-29,,current,first recorded binding,2026-08-29
BIE-THDRRS-00,CE-000J1-0S,2026-08-29,,current,first recorded binding,2026-08-29
BIE-THNDH1-00,CE-000J2-6J,2026-08-29,,current,first recorded binding,2026-08-29
BIE-TOHAAL-00,CE-000J3-CB,2026-08-29,,current,first recorded binding,2026-08-29
BIE-TOHAJI-00,CE-000J4-J4,2026-08-29,,current,first recorded binding,2026-08-29
BIE-TONALE-00,CE-000J5-RX,2026-08-29,,current,first recorded binding,2026-08-29
BIE-TRTLM2-00,CE-000J6-YP,2026-08-29,,current,first recorded binding,2026-08-29
BIE-TRTLM3-00,CE-000J7-4F,2026-08-29,,current,first recorded binding,2026-08-29
BIE-TRTLM4-00,CE-000J8-A8,2026-08-29,,current,first recorded binding,2026-08-29
BIE-TSBYZH-00,CE-000J9-G1,2026-08-29,,current,first recorded binding,2026-08-29
BIE-TSEIIA-00,CE-000JA-PT,2026-08-29,,current,first recorded binding,2026-08-29
BIE-TSIYAD-00,CE-000JB-WK,2026-08-29,,current,first recorded binding,2026-08-29
BIE-TSNZBS-00,CE-000JC-2C,2026-08-29,,current,first recorded binding,2026-08-29
BIE-TSPYTP-00,CE-000JD-85,2026-08-29,,current,first recorded binding,2026-08-29
BIE-TSPZNT-00,CE-000JE-EY,2026-08-29,,current,first recorded binding,2026-08-29
BIE-TSTSZB-00,CE-000JF-MQ,2026-08-29,,current,first recorded binding,2026-08-29
BIE-TSYKNR-00,CE-000JG-TG,2026-08-29,,current,first recorded binding,2026-08-29
BIE-TTSGHW-00,CE-000JH-09,2026-08-29,,current,first recorded binding,2026-08-29
BIE-TTTPTR-00,CE-000JJ-62,2026-08-29,,current,first recorded binding,2026-08-29
BIE-TWGLRV-00,CE-000JK-CV,2026-08-29,,current,first recorded binding,2026-08-29
BIE-TWNBTT-00,CE-000JM-JM,2026-08-29,,current,first recorded binding,2026-08-29
BIE-TWNSHP-00,CE-000JN-RD,2026-08-29,,current,first recorded binding,2026-08-29
BIE-WAHELU-00,CE-000JP-Y6,2026-08-29,,current,first recorded binding,2026-08-29
BIE-WHTSHL-00,CE-000JQ-4Z,2026-08-29,,current,first recorded binding,2026-08-29
BIE-WIDERU-00,CE-000JR-AR,2026-08-29,,current,first recorded binding,2026-08-29
BIE-WNDDKN-00,CE-000JS-GH,2026-08-29,,current,first recorded binding,2026-08-29
BIE-WNGTHG-00,CE-000JT-PA,2026-08-29,,current,first recorded binding,2026-08-29
BIE-WNGTLM-00,CE-000JV-W3,2026-08-29,,current,first recorded binding,2026-08-29
BIE-WNSLWR-00,CE-000JW-2W,2026-08-29,,current,first recorded binding,2026-08-29
BIE-YKMNTN-00,CE-000JX-8N,2026-08-29,,current,first recorded binding,2026-08-29
CDFI-AKIPTA-00,CE-000JY-EE,2026-08-29,,current,first recorded binding,2026-08-29
CDFI-BAYBAN-00,CE-000JZ-M7,2026-08-29,,current,first recorded binding,2026-08-29
CDFI-BLCKHL-00,CE-000K0-ZG,2026-08-29,,current,first recorded binding,2026-08-29
CDFI-BYBNCR-00,CE-000K1-59,2026-08-29,,current,first recorded binding,2026-08-29
CDFI-CDFNTW-00,CE-000K2-B2,2026-08-29,,current,first recorded binding,2026-08-29
CDFI-CDRGRW-00,CE-000K3-HV,2026-08-29,,current,first recorded binding,2026-08-29
CDFI-CHCKS1-00,CE-000K4-QM,2026-08-29,,current,first recorded binding,2026-08-29
CDFI-CHCKSW-00,CE-000K5-XD,2026-08-29,,current,first recorded binding,2026-08-29
CDFI-CHCTWF-00,CE-000K6-36,2026-08-29,,current,first recorded binding,2026-08-29
CDFI-CHCTWH-00,CE-000K7-9Z,2026-08-29,,current,first recorded binding,2026-08-29
CDFI-CHHLST-00,CE-000K8-FR,2026-08-29,,current,first recorded binding,2026-08-29
CDFI-CHRKNT-00,CE-000K9-NH,2026-08-29,,current,first recorded binding,2026-08-29
CDFI-CHSHBK-00,CE-000KA-VA,2026-08-29,,current,first recorded binding,2026-08-29
CDFI-CKNLTL-00,CE-000KB-13,2026-08-29,,current,first recorded binding,2026-08-29
CDFI-CMMNTY-00,CE-000KC-7W,2026-08-29,,current,first recorded binding,2026-08-29
CDFI-CRSNCM-00,CE-000KD-DN,2026-08-29,,current,first recorded binding,2026-08-29
CDFI-CTZNPT-00,CE-000KE-KE,2026-08-29,,current,first recorded binding,2026-08-29
CDFI-EAGLEB-00,CE-000KF-S7,2026-08-29,,current,first recorded binding,2026-08-29
CDFI-FMBANK-00,CE-000KG-Z0,2026-08-29,,current,first recorded binding,2026-08-29
CDFI-FRBNDS-00,CE-000KH-5S,2026-08-29,,current,first recorded binding,2026-08-29
CDFI-FRCRNR-00,CE-000KJ-BJ,2026-08-29,,current,first recorded binding,2026-08-29
CDFI-FRDRCT-00,CE-000KK-HB,2026-08-29,,current,first recorded binding,2026-08-29
CDFI-FRSTBN-00,CE-000KM-Q4,2026-08-29,,current,first recorded binding,2026-08-29
CDFI-FRSTMR-00,CE-000KN-XX,2026-08-29,,current,first recorded binding,2026-08-29
CDFI-FRSTST-00,CE-000KP-3P,2026-08-29,,current,first recorded binding,2026-08-29
CDFI-FVRVRS-00,CE-000KQ-9F,2026-08-29,,current,first recorded binding,2026-08-29
CDFI-GTWYFR-00,CE-000KR-F8,2026-08-29,,current,first recorded binding,2026-08-29
CDFI-HCHNKC-00,CE-000KS-N1,2026-08-29,,current,first recorded binding,2026-08-29
CDFI-HPCRDT-00,CE-000KT-VT,2026-08-29,,current,first recorded binding,2026-08-29
CDFI-HWCNTR-00,CE-000KV-1K,2026-08-29,,current,first recorded binding,2026-08-29
CDFI-HWFRST-00,CE-000KW-7C,2026-08-29,,current,first recorded binding,2026-08-29
CDFI-HWNLND-00,CE-000KX-D5,2026-08-29,,current,first recorded binding,2026-08-29
CDFI-HYKWFN-00,CE-000KY-KY,2026-08-29,,current,first recorded binding,2026-08-29
CDFI-JMSTWN-00,CE-000KZ-SQ,2026-08-29,,current,first recorded binding,2026-08-29
CDFI-KFDRLC-00,CE-000M0-40,2026-08-29,,current,first recorded binding,2026-08-29
CDFI-KHKFDR-00,CE-000M1-AS,2026-08-29,,current,first recorded binding,2026-08-29
CDFI-LCCRT1-00,CE-000M2-GJ,2026-08-29,,current,first recorded binding,2026-08-29
CDFI-LCHLKF-00,CE-000M3-PB,2026-08-29,,current,first recorded binding,2026-08-29
CDFI-LCLBNK-00,CE-000M4-W4,2026-08-29,,current,first recorded binding,2026-08-29
CDFI-LEIHOO-00,CE-000M5-2X,2026-08-29,,current,first recorded binding,2026-08-29
CDFI-LGCYBN-00,CE-000M6-8P,2026-08-29,,current,first recorded binding,2026-08-29
CDFI-LKSPRR-00,CE-000M7-EF,2026-08-29,,current,first recorded binding,2026-08-29
CDFI-LKTFDR-00,CE-000M8-M8,2026-08-29,,current,first recorded binding,2026-08-29
CDFI-LKTFND-00,CE-000M9-T1,2026-08-29,,current,first recorded binding,2026-08-29
CDFI-LLNTNS-00,CE-000MA-0T,2026-08-29,,current,first recorded binding,2026-08-29
CDFI-LMBGRN-00,CE-000MB-6K,2026-08-29,,current,first recorded binding,2026-08-29
CDFI-LSKGRW-00,CE-000MC-CC,2026-08-29,,current,first recorded binding,2026-08-29
CDFI-LWRBRL-00,CE-000MD-J5,2026-08-29,,current,first recorded binding,2026-08-29
CDFI-MLKCMM-00,CE-000ME-RY,2026-08-29,,current,first recorded binding,2026-08-29
CDFI-MNSTFN-00,CE-000MF-YQ,2026-08-29,,current,first recorded binding,2026-08-29
CDFI-MNTNHM-00,CE-000MG-4G,2026-08-29,,current,first recorded binding,2026-08-29
CDFI-MRCNB1-00,CE-000MH-A9,2026-08-29,,current,first recorded binding,2026-08-29
CDFI-MRCNBN-00,CE-000MJ-G2,2026-08-29,,current,first recorded binding,2026-08-29
CDFI-MRNNGS-00,CE-000MK-PV,2026-08-29,,current,first recorded binding,2026-08-29
CDFI-MVSKKL-00,CE-000MM-WM,2026-08-29,,current,first recorded binding,2026-08-29
CDFI-MZSKWC-00,CE-000MN-2D,2026-08-29,,current,first recorded binding,2026-08-29
CDFI-NCDCFN-00,CE-000MP-86,2026-08-29,,current,first recorded binding,2026-08-29
CDFI-NDNLND-00,CE-000MQ-EZ,2026-08-29,,current,first recorded binding,2026-08-29
CDFI-NMPCMM-00,CE-000MR-MR,2026-08-29,,current,first recorded binding,2026-08-29
CDFI-NRTHRN-00,CE-000MS-TH,2026-08-29,,current,first recorded binding,2026-08-29
CDFI-NRTHW4-00,CE-000MT-0A,2026-08-29,,current,first recorded binding,2026-08-29
CDFI-NTV360-00,CE-000MV-63,2026-08-29,,current,first recorded binding,2026-08-29
CDFI-NVJCMM-00,CE-000MW-CW,2026-08-29,,current,first recorded binding,2026-08-29
CDFI-NXYWCM-00,CE-000MX-JN,2026-08-29,,current,first recorded binding,2026-08-29
CDFI-OWEEST-00,CE-000MY-RE,2026-08-29,,current,first recorded binding,2026-08-29
CDFI-PCFCNR-00,CE-000MZ-Y7,2026-08-29,,current,first recorded binding,2026-08-29
CDFI-PLNTYD-00,CE-000N0-9G,2026-08-29,,current,first recorded binding,2026-08-29
CDFI-PLSVLL-00,CE-000N1-F9,2026-08-29,,current,first recorded binding,2026-08-29
CDFI-PNNCLB-00,CE-000N2-N2,2026-08-29,,current,first recorded binding,2026-08-29
CDFI-PPLSBN-00,CE-000N3-VV,2026-08-29,,current,first recorded binding,2026-08-29
CDFI-PPLSPR-00,CE-000N4-1M,2026-08-29,,current,first recorded binding,2026-08-29
CDFI-PRTNRS-00,CE-000N5-7D,2026-08-29,,current,first recorded binding,2026-08-29
CDFI-SCRTYS-00,CE-000N6-D6,2026-08-29,,current,first recorded binding,2026-08-29
CDFI-SLNDMN-00,CE-000N7-KZ,2026-08-29,,current,first recorded binding,2026-08-29
CDFI-SNCNT1-00,CE-000N8-SR,2026-08-29,,current,first recorded binding,2026-08-29
CDFI-SNCNTN-00,CE-000N9-ZH,2026-08-29,,current,first recorded binding,2026-08-29
CDFI-SNCRL2-00,CE-000NA-5A,2026-08-29,,current,first recorded binding,2026-08-29
CDFI-SPRCRT-00,CE-000NB-B3,2026-08-29,,current,first recorded binding,2026-08-29
CDFI-SQYHFN-00,CE-000NC-HW,2026-08-29,,current,first recorded binding,2026-08-29
CDFI-SSSTN1-00,CE-000ND-QN,2026-08-29,,current,first recorded binding,2026-08-29
CDFI-STHWS1-00,CE-000NE-XE,2026-08-29,,current,first recorded binding,2026-08-29
CDFI-SVRGNB-00,CE-000NF-37,2026-08-29,,current,first recorded binding,2026-08-29
CDFI-TAALAF-00,CE-000NG-90,2026-08-29,,current,first recorded binding,2026-08-29
CDFI-TGCMMN-00,CE-000NH-FS,2026-08-29,,current,first recorded binding,2026-08-29
CDFI-TRTLM1-00,CE-000NJ-NJ,2026-08-29,,current,first recorded binding,2026-08-29
CDFI-TWLNDN-00,CE-000NK-VB,2026-08-29,,current,first recorded binding,2026-08-29
CDFI-WDLNDF-00,CE-000NM-14,2026-08-29,,current,first recorded binding,2026-08-29
CDFI-WDLNDS-00,CE-000NN-7X,2026-08-29,,current,first recorded binding,2026-08-29
CDFI-WHTRT1-00,CE-000NP-DP,2026-08-29,,current,first recorded binding,2026-08-29
CDFI-WNDRVR-00,CE-000NQ-KF,2026-08-29,,current,first recorded binding,2026-08-29
CDFI-WSCNSN-00,CE-000NR-S8,2026-08-29,,current,first recorded binding,2026-08-29
CDFI-WSTWTR-00,CE-000NS-Z1,2026-08-29,,current,first recorded binding,2026-08-29
CDFI-YRKLLN-00,CE-000NT-5T,2026-08-29,,current,first recorded binding,2026-08-29
CEDAR-ENT-000048,CE-000NV-BK,2026-08-29,,current,first recorded binding,2026-08-29
CEDAR-ENT-000049,CE-000NW-HC,2026-08-29,,current,first recorded binding,2026-08-29
CEDAR-ENT-000050,CE-000NX-Q5,2026-08-29,,current,first recorded binding,2026-08-29
CEDAR-ENT-000051,CE-000NY-XY,2026-08-29,,current,first recorded binding,2026-08-29
CEDAR-ENT-000052,CE-000NZ-3Q,2026-08-29,,current,first recorded binding,2026-08-29
CEDAR-ENT-000053,CE-000P0-E0,2026-08-29,,current,first recorded binding,2026-08-29
CEDAR-ENT-000054,CE-000P1-MS,2026-08-29,,current,first recorded binding,2026-08-29
CEDAR-ENT-000055,CE-000P2-TJ,2026-08-29,,current,first recorded binding,2026-08-29
CEDAR-ENT-000056,CE-000P3-0B,2026-08-29,,current,first recorded binding,2026-08-29
CEDAR-ENT-000057,CE-000P4-64,2026-08-29,,current,first recorded binding,2026-08-29
CEDAR-ENT-000058,CE-000P5-CX,2026-08-29,,current,first recorded binding,2026-08-29
CEDAR-ENT-000059,CE-000P6-JP,2026-08-29,,current,first recorded binding,2026-08-29
CEDAR-ENT-000060,CE-000P7-RF,2026-08-29,,current,first recorded binding,2026-08-29
CEDAR-ENT-000061,CE-000P8-Y8,2026-08-29,,current,first recorded binding,2026-08-29
CEDAR-ENT-000062,CE-000P9-41,2026-08-29,,current,first recorded binding,2026-08-29
CEDAR-ENT-000063,CE-000PA-AT,2026-08-29,,current,first recorded binding,2026-08-29
CEDAR-ENT-000064,CE-000PB-GK,2026-08-29,,current,first recorded binding,2026-08-29
CEDAR-ENT-000065,CE-000PC-PC,2026-08-29,,current,first recorded binding,2026-08-29
CEDAR-ENT-000066,CE-000PD-W5,2026-08-29,,current,first recorded binding,2026-08-29
CEDAR-ENT-000067,CE-000PE-2Y,2026-08-29,,current,first recorded binding,2026-08-29
CEDAR-ENT-000068,CE-000PF-8Q,2026-08-29,,current,first recorded binding,2026-08-29
CEDAR-ENT-000069,CE-000PG-EG,2026-08-29,,current,first recorded binding,2026-08-29
CEDAR-ENT-000070,CE-000PH-M9,2026-08-29,,current,first recorded binding,2026-08-29
CEDAR-ENT-000071,CE-000PJ-T2,2026-08-29,,current,first recorded binding,2026-08-29
CEDAR-ENT-000072,CE-000PK-0V,2026-08-29,,current,first recorded binding,2026-08-29
CEDAR-ENT-000073,CE-000PM-6M,2026-08-29,,current,first recorded binding,2026-08-29
CEDAR-ENT-000074,CE-000PN-CD,2026-08-29,,current,first recorded binding,2026-08-29
CEDAR-ENT-000075,CE-000PP-J6,2026-08-29,,current,first recorded binding,2026-08-29
CEDAR-ENT-000076,CE-000PQ-RZ,2026-08-29,,current,first recorded binding,2026-08-29
CEDAR-ENT-000077,CE-000PR-YR,2026-08-29,,current,first recorded binding,2026-08-29
CEDAR-ENT-000078,CE-000PS-4H,2026-08-29,,current,first recorded binding,2026-08-29
CEDAR-ENT-000079,CE-000PT-AA,2026-08-29,,current,first recorded binding,2026-08-29
CEDAR-ENT-000080,CE-000PV-G3,2026-08-29,,current,first recorded binding,2026-08-29
CEDAR-ENT-000081,CE-000PW-PW,2026-08-29,,current,first recorded binding,2026-08-29
CEDAR-ENT-000082,CE-000PX-WN,2026-08-29,,current,first recorded binding,2026-08-29
CEDAR-ENT-000083,CE-000PY-2E,2026-08-29,,current,first recorded binding,2026-08-29
CEDAR-ENT-000084,CE-000PZ-87,2026-08-29,,current,first recorded binding,2026-08-29
CEDAR-ENT-000085,CE-000Q0-KG,2026-08-29,,current,first recorded binding,2026-08-29
CEDAR-ENT-000086,CE-000Q1-S9,2026-08-29,,current,first recorded binding,2026-08-29
CEDAR-ENT-000087,CE-000Q2-Z2,2026-08-29,,current,first recorded binding,2026-08-29
CEDAR-ENT-000088,CE-000Q3-5V,2026-08-29,,current,first recorded binding,2026-08-29
CEDAR-ENT-000089,CE-000Q4-BM,2026-08-29,,current,first recorded binding,2026-08-29
CEDAR-ENT-000090,CE-000Q5-HD,2026-08-29,,current,first recorded binding,2026-08-29
CEDAR-ENT-000091,CE-000Q6-Q6,2026-08-29,,current,first recorded binding,2026-08-29
CEDAR-ENT-000092,CE-000Q7-XZ,2026-08-29,,current,first recorded binding,2026-08-29
CNSF-CPTNGR-BA,CE-000Q8-3R,2026-08-29,,current,first recorded binding,2026-08-29
CNSF-CPTNGR-VJ,CE-000Q9-9H,2026-08-29,,current,first recorded binding,2026-08-29
CNSF-FTHALL-BK,CE-000QA-FA,2026-08-29,,current,first recorded binding,2026-08-29
CNSF-FTHALL-SH,CE-000QB-N3,2026-08-29,,current,first recorded binding,2026-08-29
CNSF-MINNCH-BF,CE-000QC-VW,2026-08-29,,current,first recorded binding,2026-08-29
CNSF-MINNCH-FL,CE-000QD-1N,2026-08-29,,current,first recorded binding,2026-08-29
CNSF-MINNCH-GP,CE-000QE-7E,2026-08-29,,current,first recorded binding,2026-08-29
CNSF-MINNCH-LL,CE-000QF-D7,2026-08-29,,current,first recorded binding,2026-08-29
CNSF-MINNCH-ML,CE-000QG-K0,2026-08-29,,current,first recorded binding,2026-08-29
CNSF-MINNCH-WE,CE-000QH-SS,2026-08-29,,current,first recorded binding,2026-08-29
CNSF-NAVAJO-RM,CE-000QJ-ZJ,2026-08-29,,current,first recorded binding,2026-08-29
CNSF-PSMQDY-IT,CE-000QK-5B,2026-08-29,,current,first recorded binding,2026-08-29
CNSF-PSMQDY-PP,CE-000QM-B4,2026-08-29,,current,first recorded binding,2026-08-29
CNSF-PTTRUT-CD,CE-000QN-HX,2026-08-29,,current,first recorded binding,2026-08-29
CNSF-PTTRUT-IP,CE-000QP-QP,2026-08-29,,current,first recorded binding,2026-08-29
CNSF-PTTRUT-KN,CE-000QQ-XF,2026-08-29,,current,first recorded binding,2026-08-29
CNSF-PTTRUT-KS,CE-000QR-38,2026-08-29,,current,first recorded binding,2026-08-29
CNSF-PTTRUT-SW,CE-000QS-91,2026-08-29,,current,first recorded binding,2026-08-29
CNSF-TEMOAK-BT,CE-000QT-FT,2026-08-29,,current,first recorded binding,2026-08-29
CNSF-TEMOAK-EK,CE-000QV-NK,2026-08-29,,current,first recorded binding,2026-08-29
CNSF-TEMOAK-SF,CE-000QW-VC,2026-08-29,,current,first recorded binding,2026-08-29
CNSF-TEMOAK-WL,CE-000QX-15,2026-08-29,,current,first recorded binding,2026-08-29
CNSS-SHGTCK-TN,CE-000QY-7Y,2026-08-29,,current,first recorded binding,2026-08-29
CNSS-SHGTCK-TR,CE-000QZ-DQ,2026-08-29,,current,first recorded binding,2026-08-29
CNSS-TURTLM-TR,CE-000R0-R0,2026-08-29,,current,first recorded binding,2026-08-29
ITO-ARIZON-00,CE-000R1-YS,2026-08-29,,current,first recorded binding,2026-08-29
ITO-BRSTL1-00,CE-000R2-4J,2026-08-29,,current,first recorded binding,2026-08-29
ITO-CALIFO-00,CE-000R3-AB,2026-08-29,,current,first recorded binding,2026-08-29
ITO-CLFRNN-00,CE-000R4-G4,2026-08-29,,current,first recorded binding,2026-08-29
ITO-CLFRNR-00,CE-000R5-PX,2026-08-29,,current,first recorded binding,2026-08-29
ITO-CLMBRV-00,CE-000R6-WP,2026-08-29,,current,first recorded binding,2026-08-29
ITO-CLTNLR-00,CE-000R7-2F,2026-08-29,,current,first recorded binding,2026-08-29
ITO-CNGRSS-00,CE-000R8-88,2026-08-29,,current,first recorded binding,2026-08-29
ITO-CNTRCT-00,CE-000R9-E1,2026-08-29,,current,first recorded binding,2026-08-29
ITO-CNTRFR-00,CE-000RA-MT,2026-08-29,,current,first recorded binding,2026-08-29
ITO-EDUCAT-00,CE-000RB-TK,2026-08-29,,current,first recorded binding,2026-08-29
ITO-ENERGY-00,CE-000RC-0C,2026-08-29,,current,first recorded binding,2026-08-29
ITO-FFLTDN-00,CE-000RD-65,2026-08-29,,current,first recorded binding,2026-08-29
ITO-FRHWND-00,CE-000RE-CY,2026-08-29,,current,first recorded binding,2026-08-29
ITO-GAMING-00,CE-000RF-JQ,2026-08-29,,current,first recorded binding,2026-08-29
ITO-GRCLTR-00,CE-000RG-RG,2026-08-29,,current,first recorded binding,2026-08-29
ITO-GRTLK1-00,CE-000RH-Y9,2026-08-29,,current,first recorded binding,2026-08-29
ITO-GRTLK2-00,CE-000RJ-42,2026-08-29,,current,first recorded binding,2026-08-29
ITO-GRTLKS-00,CE-000RK-AV,2026-08-29,,current,first recorded binding,2026-08-29
ITO-GRTPL1-00,CE-000RM-GM,2026-08-29,,current,first recorded binding,2026-08-29
ITO-GRTPLN-00,CE-000RN-PD,2026-08-29,,current,first recorded binding,2026-08-29
ITO-HGHRDC-00,CE-000RP-W6,2026-08-29,,current,first recorded binding,2026-08-29
ITO-HLTHBR-00,CE-000RQ-2Z,2026-08-29,,current,first recorded binding,2026-08-29
ITO-HOUSIN-00,CE-000RR-8R,2026-08-29,,current,first recorded binding,2026-08-29
ITO-HSTRCP-00,CE-000RS-EH,2026-08-29,,current,first recorded binding,2026-08-29
ITO-HWNRG1-00,CE-000RT-MA,2026-08-29,,current,first recorded binding,2026-08-29
ITO-KLHMGM-00,CE-000RV-T3,2026-08-29,,current,first recorded binding,2026-08-29
ITO-LBQRQR-00,CE-000RW-0W,2026-08-29,,current,first recorded binding,2026-08-29
ITO-LLPBLG-00,CE-000RX-6N,2026-08-29,,current,first recorded binding,2026-08-29
ITO-LSKFDR-00,CE-000RY-CE,2026-08-29,,current,first recorded binding,2026-08-29
ITO-LSKHLT-00,CE-000RZ-J7,2026-08-29,,current,first recorded binding,2026-08-29
ITO-LSKVLL-00,CE-000S0-XG,2026-08-29,,current,first recorded binding,2026-08-29
ITO-MDWSTL-00,CE-000S1-39,2026-08-29,,current,first recorded binding,2026-08-29
ITO-MDWSTN-00,CE-000S2-92,2026-08-29,,current,first recorded binding,2026-08-29
ITO-MICHIG-00,CE-000S3-FV,2026-08-29,,current,first recorded binding,2026-08-29
ITO-MNNSTG-00,CE-000S4-NM,2026-08-29,,current,first recorded binding,2026-08-29
ITO-MRCNSN-00,CE-000S5-VD,2026-08-29,,current,first recorded binding,2026-08-29
ITO-NAFOAX-00,CE-000S6-16,2026-08-29,,current,first recorded binding,2026-08-29
ITO-NCSRGN-00,CE-000S7-7Z,2026-08-29,,current,first recorded binding,2026-08-29
ITO-NEVADA-00,CE-000S8-DR,2026-08-29,,current,first recorded binding,2026-08-29
ITO-NRGYRS-00,CE-000S9-KH,2026-08-29,,current,first recorded binding,2026-08-29
ITO-NRTHW2-00,CE-000SA-SA,2026-08-29,,current,first recorded binding,2026-08-29
ITO-NRTHWS-00,CE-000SB-Z3,2026-08-29,,current,first recorded binding,2026-08-29
ITO-NTDMCH-00,CE-000SC-5W,2026-08-29,,current,first recorded binding,2026-08-29
ITO-NTDSTH-00,CE-000SD-BN,2026-08-29,,current,first recorded binding,2026-08-29
ITO-NVRNMN-00,CE-000SE-HE,2026-08-29,,current,first recorded binding,2026-08-29
ITO-RBNHLT-00,CE-000SF-Q7,2026-08-29,,current,first recorded binding,2026-08-29
ITO-RCKYMN-00,CE-000SG-X0,2026-08-29,,current,first recorded binding,2026-08-29
ITO-RGHTSF-00,CE-000SH-3S,2026-08-29,,current,first recorded binding,2026-08-29
ITO-RZNGMN-00,CE-000SJ-9J,2026-08-29,,current,first recorded binding,2026-08-29
ITO-SLFGVR-00,CE-000SK-FB,2026-08-29,,current,first recorded binding,2026-08-29
ITO-STHRNC-00,CE-000SM-N4,2026-08-29,,current,first recorded binding,2026-08-29
ITO-STHRNP-00,CE-000SN-VX,2026-08-29,,current,first recorded binding,2026-08-29
ITO-TIMBER-00,CE-000SP-1P,2026-08-29,,current,first recorded binding,2026-08-29
ITO-TLCMMN-00,CE-000SQ-7F,2026-08-29,,current,first recorded binding,2026-08-29
ITO-WSHNGT-00,CE-000SR-D8,2026-08-29,,current,first recorded binding,2026-08-29
NHO-AHAKAN-00,CE-000SS-K1,2026-08-29,,current,first recorded binding,2026-08-29
NHO-AHAMAL-00,CE-000ST-ST,2026-08-29,,current,first recorded binding,2026-08-29
NHO-AHAMOK-00,CE-000SV-ZK,2026-08-29,,current,first recorded binding,2026-08-29
NHO-AHAPUN-00,CE-000SW-5C,2026-08-29,,current,first recorded binding,2026-08-29
NHO-AHAWAH-00,CE-000SX-B5,2026-08-29,,current,first recorded binding,2026-08-29
NHO-AHUPUA-00,CE-000SY-HY,2026-08-29,,current,first recorded binding,2026-08-29
NHO-AINAMO-00,CE-000SZ-QQ,2026-08-29,,current,first recorded binding,2026-08-29
NHO-AINOAX-00,CE-000T0-20,2026-08-29,,current,first recorded binding,2026-08-29
NHO-ALAKA1-00,CE-000T1-8S,2026-08-29,,current,first recorded binding,2026-08-29
NHO-ALAKAI-00,CE-000T2-EJ,2026-08-29,,current,first recorded binding,2026-08-29
NHO-ALEPAH-00,CE-000T3-MB,2026-08-29,,current,first recorded binding,2026-08-29
NHO-ALIIGR-00,CE-000T4-T4,2026-08-29,,current,first recorded binding,2026-08-29
NHO-ALOHAA-00,CE-000T5-0X,2026-08-29,,current,first recorded binding,2026-08-29
NHO-AOAOON-00,CE-000T6-6P,2026-08-29,,current,first recorded binding,2026-08-29
NHO-AUPUNI-00,CE-000T7-CF,2026-08-29,,current,first recorded binding,2026-08-29
NHO-CHRLSP-00,CE-000T8-J8,2026-08-29,,current,first recorded binding,2026-08-29
NHO-CPTNKM-00,CE-000T9-R1,2026-08-29,,current,first recorded binding,2026-08-29
NHO-EAOHAW-00,CE-000TA-YT,2026-08-29,,current,first recorded binding,2026-08-29
NHO-EOLAKA-00,CE-000TB-4K,2026-08-29,,current,first recorded binding,2026-08-29
NHO-FFCHWN-00,CE-000TC-AC,2026-08-29,,current,first recorded binding,2026-08-29
NHO-FLRSCS-00,CE-000TD-G5,2026-08-29,,current,first recorded binding,2026-08-29
NHO-FRNDS1-00,CE-000TE-PY,2026-08-29,,current,first recorded binding,2026-08-29
NHO-FRNDSL-00,CE-000TF-WQ,2026-08-29,,current,first recorded binding,2026-08-29
NHO-GDSCNT-00,CE-000TG-2G,2026-08-29,,current,first recorded binding,2026-08-29
NHO-GRGKCY-00,CE-000TH-89,2026-08-29,,current,first recorded binding,2026-08-29
NHO-HANONA-00,CE-000TJ-E2,2026-08-29,,current,first recorded binding,2026-08-29
NHO-HAWAII-00,CE-000TK-MV,2026-08-29,,current,first recorded binding,2026-08-29
NHO-HCNRCN-00,CE-000TM-TM,2026-08-29,,current,first recorded binding,2026-08-29
NHO-HHNHNN-00,CE-000TN-0D,2026-08-29,,current,first recorded binding,2026-08-29
NHO-HHNPKH-00,CE-000TP-66,2026-08-29,,current,first recorded binding,2026-08-29
NHO-HHSWLH-00,CE-000TQ-CZ,2026-08-29,,current,first recorded binding,2026-08-29
NHO-HKKNLK-00,CE-000TR-JR,2026-08-29,,current,first recorded binding,2026-08-29
NHO-HKLLKH-00,CE-000TS-RH,2026-08-29,,current,first recorded binding,2026-08-29
NHO-HKNFML-00,CE-000TT-YA,2026-08-29,,current,first recorded binding,2026-08-29
NHO-HLHKHL-00,CE-000TV-43,2026-08-29,,current,first recorded binding,2026-08-29
NHO-HLHLWH-00,CE-000TW-AW,2026-08-29,,current,first recorded binding,2026-08-29
NHO-HLLHHW-00,CE-000TX-GN,2026-08-29,,current,first recorded binding,2026-08-29
NHO-HLMCLT-00,CE-000TY-PE,2026-08-29,,current,first recorded binding,2026-08-29
NHO-HMKKHK-00,CE-000TZ-W7,2026-08-29,,current,first recorded binding,2026-08-29
NHO-HMKNNM-00,CE-000V0-7G,2026-08-29,,current,first recorded binding,2026-08-29
NHO-HMLMKN-00,CE-000V1-D9,2026-08-29,,current,first recorded binding,2026-08-29
NHO-HMLMLN-00,CE-000V2-K2,2026-08-29,,current,first recorded binding,2026-08-29
NHO-HNCNSL-00,CE-000V3-SV,2026-08-29,,current,first recorded binding,2026-08-29
NHO-HNHMST-00,CE-000V4-ZM,2026-08-29,,current,first recorded binding,2026-08-29
NHO-HNKHKL-00,CE-000V5-5D,2026-08-29,,current,first recorded binding,2026-08-29
NHO-HNKWMH-00,CE-000V6-B6,2026-08-29,,current,first recorded binding,2026-08-29
NHO-HNLRVR-00,CE-000V7-HZ,2026-08-29,,current,first recorded binding,2026-08-29
NHO-HNNMPC-00,CE-000V8-QR,2026-08-29,,current,first recorded binding,2026-08-29
NHO-HOOHAN-00,CE-000V9-XH,2026-08-29,,current,first recorded binding,2026-08-29
NHO-HOOMAK-00,CE-000VA-3A,2026-08-29,,current,first recorded binding,2026-08-29
NHO-HPNNKL-00,CE-000VB-93,2026-08-29,,current,first recorded binding,2026-08-29
NHO-HSTRCH-00,CE-000VC-FW,2026-08-29,,current,first recorded binding,2026-08-29
NHO-HUIHOO-00,CE-000VD-NN,2026-08-29,,current,first recorded binding,2026-08-29
NHO-HUIHUL-00,CE-000VE-VE,2026-08-29,,current,first recorded binding,2026-08-29
NHO-HUIIWI-00,CE-000VF-17,2026-08-29,,current,first recorded binding,2026-08-29
NHO-HUIOHA-00,CE-000VG-70,2026-08-29,,current,first recorded binding,2026-08-29
NHO-HUIOKU-00,CE-000VH-DS,2026-08-29,,current,first recorded binding,2026-08-29
NHO-HUIOWA-00,CE-000VJ-KJ,2026-08-29,,current,first recorded binding,2026-08-29
NHO-HWHMST-00,CE-000VK-SB,2026-08-29,,current,first recorded binding,2026-08-29
NHO-HWNCH1-00,CE-000VM-Z4,2026-08-29,,current,first recorded binding,2026-08-29
NHO-HWNCHM-00,CE-000VN-5X,2026-08-29,,current,first recorded binding,2026-08-29
NHO-HWNCHR-00,CE-000VP-BP,2026-08-29,,current,first recorded binding,2026-08-29
NHO-HWNCM1-00,CE-000VQ-HF,2026-08-29,,current,first recorded binding,2026-08-29
NHO-HWNCMM-00,CE-000VR-Q8,2026-08-29,,current,first recorded binding,2026-08-29
NHO-HWNCV1-00,CE-000VS-X1,2026-08-29,,current,first recorded binding,2026-08-29
NHO-HWNCVC-00,CE-000VT-3T,2026-08-29,,current,first recorded binding,2026-08-29
NHO-HWNDCT-00,CE-000VV-9K,2026-08-29,,current,first recorded binding,2026-08-29
NHO-HWNHSP-00,CE-000VW-FC,2026-08-29,,current,first recorded binding,2026-08-29
NHO-HWNKNG-00,CE-000VX-N5,2026-08-29,,current,first recorded binding,2026-08-29
NHO-HWNLGL-00,CE-000VY-VY,2026-08-29,,current,first recorded binding,2026-08-29
NHO-HWNNST-00,CE-000VZ-1Q,2026-08-29,,current,first recorded binding,2026-08-29
NHO-HWNPHL-00,CE-000W0-C0,2026-08-29,,current,first recorded binding,2026-08-29
NHO-HWNRGN-00,CE-000W1-JS,2026-08-29,,current,first recorded binding,2026-08-29
NHO-HWNSFR-00,CE-000W2-RJ,2026-08-29,,current,first recorded binding,2026-08-29
NHO-HWNSLN-00,CE-000W3-YB,2026-08-29,,current,first recorded binding,2026-08-29
NHO-HWPCFC-00,CE-000W4-44,2026-08-29,,current,first recorded binding,2026-08-29
NHO-IKELAW-00,CE-000W5-AX,2026-08-29,,current,first recorded binding,2026-08-29
NHO-IMUAGR-00,CE-000W6-GP,2026-08-29,,current,first recorded binding,2026-08-29
NHO-IMUAHA-00,CE-000W7-PF,2026-08-29,,current,first recorded binding,2026-08-29
NHO-KAEHUX-00,CE-000W8-W8,2026-08-29,,current,first recorded binding,2026-08-29
NHO-KAHULI-00,CE-000W9-21,2026-08-29,,current,first recorded binding,2026-08-29
NHO-KAKOOO-00,CE-000WA-8T,2026-08-29,,current,first recorded binding,2026-08-29
NHO-KALINO-00,CE-000WB-EK,2026-08-29,,current,first recorded binding,2026-08-29
NHO-KAMEAL-00,CE-000WC-MC,2026-08-29,,current,first recorded binding,2026-08-29
NHO-KANAKA-00,CE-000WD-T5,2026-08-29,,current,first recorded binding,2026-08-29
NHO-KAPONO-00,CE-000WE-0Y,2026-08-29,,current,first recorded binding,2026-08-29
NHO-KAUAIS-00,CE-000WF-6Q,2026-08-29,,current,first recorded binding,2026-08-29
NHO-KAUHAK-00,CE-000WG-CG,2026-08-29,,current,first recorded binding,2026-08-29
NHO-KAUIKI-00,CE-000WH-J9,2026-08-29,,current,first recorded binding,2026-08-29
NHO-KAULUA-00,CE-000WJ-R2,2026-08-29,,current,first recorded binding,2026-08-29
NHO-KEKOAX-00,CE-000WK-YV,2026-08-29,,current,first recorded binding,2026-08-29
NHO-KEKUMU-00,CE-000WM-4M,2026-08-29,,current,first recorded binding,2026-08-29
NHO-KHKPNK-00,CE-000WN-AD,2026-08-29,,current,first recorded binding,2026-08-29
NHO-KHMLML-00,CE-000WP-G6,2026-08-29,,current,first recorded binding,2026-08-29
NHO-KIAIKA-00,CE-000WQ-PZ,2026-08-29,,current,first recorded binding,2026-08-29
NHO-KIMOKE-00,CE-000WR-WR,2026-08-29,,current,first recorded binding,2026-08-29
NHO-KINAIE-00,CE-000WS-2H,2026-08-29,,current,first recorded binding,2026-08-29
NHO-KINAOL-00,CE-000WT-8A,2026-08-29,,current,first recorded binding,2026-08-29
NHO-KKHCMM-00,CE-000WV-E3,2026-08-29,,current,first recorded binding,2026-08-29
NHO-KKLNWM-00,CE-000WW-MW,2026-08-29,,current,first recorded binding,2026-08-29
NHO-KLHPL1-00,CE-000WX-TN,2026-08-29,,current,first recorded binding,2026-08-29
NHO-KLHPLM-00,CE-000WY-0E,2026-08-29,,current,first recorded binding,2026-08-29
NHO-KLLHRT-00,CE-000WZ-67,2026-08-29,,current,first recorded binding,2026-08-29
NHO-KLLLNG-00,CE-000X0-HG,2026-08-29,,current,first recorded binding,2026-08-29
NHO-KLMKHK-00,CE-000X1-Q9,2026-08-29,,current,first recorded binding,2026-08-29
NHO-KLMLHM-00,CE-000X2-X2,2026-08-29,,current,first recorded binding,2026-08-29
NHO-KLNNPH-00,CE-000X3-3V,2026-08-29,,current,first recorded binding,2026-08-29
NHO-KLPKHW-00,CE-000X4-9M,2026-08-29,,current,first recorded binding,2026-08-29
NHO-KMHMHS-00,CE-000X5-FD,2026-08-29,,current,first recorded binding,2026-08-29
NHO-KMLLNL-00,CE-000X6-N6,2026-08-29,,current,first recorded binding,2026-08-29
NHO-KNGDMH-00,CE-000X7-VZ,2026-08-29,,current,first recorded binding,2026-08-29
NHO-KNHNMK-00,CE-000X8-1R,2026-08-29,,current,first recorded binding,2026-08-29
NHO-KNKCNM-00,CE-000X9-7H,2026-08-29,,current,first recorded binding,2026-08-29
NHO-KNKKHH-00,CE-000XA-DA,2026-08-29,,current,first recorded binding,2026-08-29
NHO-KNKNLR-00,CE-000XB-K3,2026-08-29,,current,first recorded binding,2026-08-29
NHO-KOAIKE-00,CE-000XC-SW,2026-08-29,,current,first recorded binding,2026-08-29
NHO-KOIULA-00,CE-000XD-ZN,2026-08-29,,current,first recorded binding,2026-08-29
NHO-KOOLAU-00,CE-000XE-5E,2026-08-29,,current,first recorded binding,2026-08-29
NHO-KPKLWL-00,CE-000XF-B7,2026-08-29,,current,first recorded binding,2026-08-29
NHO-KPLCMM-00,CE-000XG-H0,2026-08-29,,current,first recorded binding,2026-08-29
NHO-KPLRGN-00,CE-000XH-QS,2026-08-29,,current,first recorded binding,2026-08-29
NHO-KRLLKL-00,CE-000XJ-XJ,2026-08-29,,current,first recorded binding,2026-08-29
NHO-KUAAIN-00,CE-000XK-3B,2026-08-29,,current,first recorded binding,2026-08-29
NHO-KUKANA-00,CE-000XM-94,2026-08-29,,current,first recorded binding,2026-08-29
NHO-KULIAX-00,CE-000XN-FX,2026-08-29,,current,first recorded binding,2026-08-29
NHO-KUPAOW-00,CE-000XP-NP,2026-08-29,,current,first recorded binding,2026-08-29
NHO-KUPEKE-00,CE-000XQ-VF,2026-08-29,,current,first recorded binding,2026-08-29
NHO-KWHNNH-00,CE-000XR-18,2026-08-29,,current,first recorded binding,2026-08-29
NHO-KWHPHN-00,CE-000XS-71,2026-08-29,,current,first recorded binding,2026-08-29
NHO-KWLLWL-00,CE-000XT-DT,2026-08-29,,current,first recorded binding,2026-08-29
NHO-LHFRST-00,CE-000XV-KK,2026-08-29,,current,first recorded binding,2026-08-29
NHO-LHKKKH-00,CE-000XW-SC,2026-08-29,,current,first recorded binding,2026-08-29
NHO-LKHKTR-00,CE-000XX-Z5,2026-08-29,,current,first recorded binding,2026-08-29
NHO-LP2020-00,CE-000XY-5Y,2026-08-29,,current,first recorded binding,2026-08-29
NHO-LPCMMN-00,CE-000XZ-BQ,2026-08-29,,current,first recorded binding,2026-08-29
NHO-LSVGSH-00,CE-000Y0-P0,2026-08-29,,current,first recorded binding,2026-08-29
NHO-MAHUOH-00,CE-000Y1-WS,2026-08-29,,current,first recorded binding,2026-08-29
NHO-MAKUAG-00,CE-000Y2-2J,2026-08-29,,current,first recorded binding,2026-08-29
NHO-MALAM1-00,CE-000Y3-8B,2026-08-29,,current,first recorded binding,2026-08-29
NHO-MALAM2-00,CE-000Y4-E4,2026-08-29,,current,first recorded binding,2026-08-29
NHO-MALAMA-00,CE-000Y5-MX,2026-08-29,,current,first recorded binding,2026-08-29
NHO-MANAON-00,CE-000Y6-TP,2026-08-29,,current,first recorded binding,2026-08-29
NHO-MARAEH-00,CE-000Y7-0F,2026-08-29,,current,first recorded binding,2026-08-29
NHO-MCHDKN-00,CE-000Y8-68,2026-08-29,,current,first recorded binding,2026-08-29
NHO-MEJEXX-00,CE-000Y9-C1,2026-08-29,,current,first recorded binding,2026-08-29
NHO-MELEAN-00,CE-000YA-JT,2026-08-29,,current,first recorded binding,2026-08-29
NHO-MENEHU-00,CE-000YB-RK,2026-08-29,,current,first recorded binding,2026-08-29
NHO-MHMKHN-00,CE-000YC-YC,2026-08-29,,current,first recorded binding,2026-08-29
NHO-MKFRMR-00,CE-000YD-45,2026-08-29,,current,first recorded binding,2026-08-29
NHO-MKHCLT-00,CE-000YE-AY,2026-08-29,,current,first recorded binding,2026-08-29
NHO-MKHHWN-00,CE-000YF-GQ,2026-08-29,,current,first recorded binding,2026-08-29
NHO-MKKKHC-00,CE-000YG-PG,2026-08-29,,current,first recorded binding,2026-08-29
NHO-MLHRSD-00,CE-000YH-W9,2026-08-29,,current,first recorded binding,2026-08-29
NHO-MLMMLK-00,CE-000YJ-22,2026-08-29,,current,first recorded binding,2026-08-29
NHO-MLMNHL-00,CE-000YK-8V,2026-08-29,,current,first recorded binding,2026-08-29
NHO-MNHLTH-00,CE-000YM-EM,2026-08-29,,current,first recorded binding,2026-08-29
NHO-MNLNDH-00,CE-000YN-MD,2026-08-29,,current,first recorded binding,2026-08-29
NHO-MNWKPN-00,CE-000YP-T6,2026-08-29,,current,first recorded binding,2026-08-29
NHO-MRYKWN-00,CE-000YQ-0Z,2026-08-29,,current,first recorded binding,2026-08-29
NHO-NAAIKA-00,CE-000YR-6R,2026-08-29,,current,first recorded binding,2026-08-29
NHO-NAKUPUNA-00,CE-000YS-CH,2026-08-29,,current,first recorded binding,2026-08-29
NHO-NAMANU-00,CE-000YT-JA,2026-08-29,,current,first recorded binding,2026-08-29
NHO-NAOIWI-00,CE-000YV-R3,2026-08-29,,current,first recorded binding,2026-08-29
NHO-NAPUUW-00,CE-000YW-YW,2026-08-29,,current,first recorded binding,2026-08-29
NHO-NDPNDN-00,CE-000YX-4N,2026-08-29,,current,first recorded binding,2026-08-29
NHO-NHNHLT-00,CE-000YY-AE,2026-08-29,,current,first recorded binding,2026-08-29
NHO-NHNPMH-00,CE-000YZ-G7,2026-08-29,,current,first recorded binding,2026-08-29
NHO-NHPPHW-00,CE-000Z0-VG,2026-08-29,,current,first recorded binding,2026-08-29
NHO-NKFSHN-00,CE-000Z1-19,2026-08-29,,current,first recorded binding,2026-08-29
NHO-NKHKHW-00,CE-000Z2-72,2026-08-29,,current,first recorded binding,2026-08-29
NHO-NKKKKL-00,CE-000Z3-DV,2026-08-29,,current,first recorded binding,2026-08-29
NHO-NKLNKN-00,CE-000Z4-KM,2026-08-29,,current,first recorded binding,2026-08-29
NHO-NKPNMK-00,CE-000Z5-SD,2026-08-29,,current,first recorded binding,2026-08-29
NHO-NMKPNW-00,CE-000Z6-Z6,2026-08-29,,current,first recorded binding,2026-08-29
NHO-NNKLHS-00,CE-000Z7-5Z,2026-08-29,,current,first recorded binding,2026-08-29
NHO-NSTTTF-00,CE-000Z8-BR,2026-08-29,,current,first recorded binding,2026-08-29
NHO-OHANAL-00,CE-000Z9-HH,2026-08-29,,current,first recorded binding,2026-08-29
NHO-PAEPAE-00,CE-000ZA-QA,2026-08-29,,current,first recorded binding,2026-08-29
NHO-PAIXXX-00,CE-000ZB-X3,2026-08-29,,current,first recorded binding,2026-08-29
NHO-PCFCGR-00,CE-000ZC-3W,2026-08-29,,current,first recorded binding,2026-08-29
NHO-PCFCJS-00,CE-000ZD-9N,2026-08-29,,current,first recorded binding,2026-08-29
NHO-PEAHIO-00,CE-000ZE-FE,2026-08-29,,current,first recorded binding,2026-08-29
NHO-PHKPLM-00,CE-000ZF-N7,2026-08-29,,current,first recorded binding,2026-08-29
NHO-PHNHWN-00,CE-000ZG-V0,2026-08-29,,current,first recorded binding,2026-08-29
NHO-PHNWLP-00,CE-000ZH-1S,2026-08-29,,current,first recorded binding,2026-08-29
NHO-PKHWNN-00,CE-000ZJ-7J,2026-08-29,,current,first recorded binding,2026-08-29
NHO-PKKLHW-00,CE-000ZK-DB,2026-08-29,,current,first recorded binding,2026-08-29
NHO-PLDFNS-00,CE-000ZM-K4,2026-08-29,,current,first recorded binding,2026-08-29
NHO-PLTRNC-00,CE-000ZN-SX,2026-08-29,,current,first recorded binding,2026-08-29
NHO-PNWHWN-00,CE-000ZP-ZP,2026-08-29,,current,first recorded binding,2026-08-29
NHO-PPKLCM-00,CE-000ZQ-5F,2026-08-29,,current,first recorded binding,2026-08-29
NHO-PPLLKH-00,CE-000ZR-B8,2026-08-29,,current,first recorded binding,2026-08-29
NHO-PRTCT1-00,CE-000ZS-H1,2026-08-29,,current,first recorded binding,2026-08-29
NHO-PRTCTK-00,CE-000ZT-QT,2026-08-29,,current,first recorded binding,2026-08-29
NHO-PRTNR1-00,CE-000ZV-XK,2026-08-29,,current,first recorded binding,2026-08-29
NHO-PURPLE-00,CE-000ZW-3C,2026-08-29,,current,first recorded binding,2026-08-29
NHO-RDRKMH-00,CE-000ZX-95,2026-08-29,,current,first recorded binding,2026-08-29
NHO-RYLHWN-00,CE-000ZY-FY,2026-08-29,,current,first recorded binding,2026-08-29
NHO-SLNDMP-00,CE-000ZZ-NQ,2026-08-29,,current,first recorded binding,2026-08-29
NHO-SSTNHW-00,CE-00100-49,2026-08-29,,current,first recorded binding,2026-08-29
NHO-SVRGNH-00,CE-00101-A2,2026-08-29,,current,first recorded binding,2026-08-29
NHO-WAIKOA-00,CE-00102-GV,2026-08-29,,current,first recorded binding,2026-08-29
NHO-WHKPHS-00,CE-00103-PM,2026-08-29,,current,first recorded binding,2026-08-29
NHO-WHWHPL-00,CE-00104-WD,2026-08-29,,current,first recorded binding,2026-08-29
NHO-WMHWNH-00,CE-00105-26,2026-08-29,,current,first recorded binding,2026-08-29
NHO-WMNLCN-00,CE-00106-8Z,2026-08-29,,current,first recorded binding,2026-08-29
NHO-WMNLHL-00,CE-00107-ER,2026-08-29,,current,first recorded binding,2026-08-29
NHO-WMNLHW-00,CE-00108-MH,2026-08-29,,current,first recorded binding,2026-08-29
NHO-WNHWNC-00,CE-00109-TA,2026-08-29,,current,first recorded binding,2026-08-29
NHO-WTRRSG-00,CE-0010A-03,2026-08-29,,current,first recorded binding,2026-08-29
SGVF-ASVCPR-00,CE-0010B-6W,2026-08-29,,current,first recorded binding,2026-08-29
SGVF-BRBYAS-00,CE-0010C-CN,2026-08-29,,current,first recorded binding,2026-08-29
SGVF-BRSTLB-00,CE-0010D-JE,2026-08-29,,current,first recorded binding,2026-08-29
SGVF-CATHTG-00,CE-0010E-R7,2026-08-29,,current,first recorded binding,2026-08-29
SGVF-CHGCMT-00,CE-0010F-Y0,2026-08-29,,current,first recorded binding,2026-08-29
SGVF-CPPRRV-00,CE-0010G-4S,2026-08-29,,current,first recorded binding,2026-08-29
SGVF-KAWRAK-00,CE-0010H-AJ,2026-08-29,,current,first recorded binding,2026-08-29
SGVF-MANLLQ-00,CE-0010J-GB,2026-08-29,,current,first recorded binding,2026-08-29
SGVF-PRBLFA-00,CE-0010K-P4,2026-08-29,,current,first recorded binding,2026-08-29
SGVF-TNNACH-00,CE-0010M-WX,2026-08-29,,current,first recorded binding,2026-08-29
TCU-BLCKF1-00,CE-0010N-2P,2026-08-29,,current,first recorded binding,2026-08-29
TCU-BYMLL1-00,CE-0010P-8F,2026-08-29,,current,first recorded binding,2026-08-29
TCU-CHFDLL-00,CE-0010Q-E8,2026-08-29,,current,first recorded binding,2026-08-29
TCU-CLFRN1-00,CE-0010R-M1,2026-08-29,,current,first recorded binding,2026-08-29
TCU-CLFRNT-00,CE-0010S-TT,2026-08-29,,current,first recorded binding,2026-08-29
TCU-CLLGMN-00,CE-0010T-0K,2026-08-29,,current,first recorded binding,2026-08-29
TCU-CLLGMS-00,CE-0010V-6C,2026-08-29,,current,first recorded binding,2026-08-29
TCU-CNKDSK-00,CE-0010W-C5,2026-08-29,,current,first recorded binding,2026-08-29
TCU-DNCLLG-00,CE-0010X-JY,2026-08-29,,current,first recorded binding,2026-08-29
TCU-FRTPCK-00,CE-0010Y-RQ,2026-08-29,,current,first recorded binding,2026-08-29
TCU-GLLLKT-00,CE-0010Z-YG,2026-08-29,,current,first recorded binding,2026-08-29
TCU-HSKLLN-00,CE-00110-9S,2026-08-29,,current,first recorded binding,2026-08-29
TCU-KWNWB1-00,CE-00111-FJ,2026-08-29,,current,first recorded binding,2026-08-29
TCU-LCCRTR-00,CE-00112-NB,2026-08-29,,current,first recorded binding,2026-08-29
TCU-LCHLKT-00,CE-00113-V4,2026-08-29,,current,first recorded binding,2026-08-29
TCU-LSGVKC-00,CE-00114-1X,2026-08-29,,current,first recorded binding,2026-08-29
TCU-LTTLBG-00,CE-00115-7P,2026-08-29,,current,first recorded binding,2026-08-29
TCU-LTTLPR-00,CE-00116-DF,2026-08-29,,current,first recorded binding,2026-08-29
TCU-NBRSKN-00,CE-00117-K8,2026-08-29,,current,first recorded binding,2026-08-29
TCU-NHNKDC-00,CE-00118-S1,2026-08-29,,current,first recorded binding,2026-08-29
TCU-NRTHW3-00,CE-00119-ZT,2026-08-29,,current,first recorded binding,2026-08-29
TCU-NSTTTM-00,CE-0011A-5K,2026-08-29,,current,first recorded binding,2026-08-29
TCU-NTDTRB-00,CE-0011B-BC,2026-08-29,,current,first recorded binding,2026-08-29
TCU-NTHDTS-00,CE-0011C-H5,2026-08-29,,current,first recorded binding,2026-08-29
TCU-NVJTCH-00,CE-0011D-QY,2026-08-29,,current,first recorded binding,2026-08-29
TCU-RDLKNT-00,CE-0011E-XQ,2026-08-29,,current,first recorded binding,2026-08-29
TCU-SGNWCH-00,CE-0011F-3G,2026-08-29,,current,first recorded binding,2026-08-29
TCU-SLSHKT-00,CE-0011G-99,2026-08-29,,current,first recorded binding,2026-08-29
TCU-SNCRL1-00,CE-0011H-F2,2026-08-29,,current,first recorded binding,2026-08-29
TCU-SNTGLS-00,CE-0011J-NV,2026-08-29,,current,first recorded binding,2026-08-29
TCU-SSSTNW-00,CE-0011K-VM,2026-08-29,,current,first recorded binding,2026-08-29
TCU-STHWST-00,CE-0011M-1D,2026-08-29,,current,first recorded binding,2026-08-29
TCU-STNCHL-00,CE-0011N-76,2026-08-29,,current,first recorded binding,2026-08-29
TCU-STTNGB-00,CE-0011P-DZ,2026-08-29,,current,first recorded binding,2026-08-29
TCU-THNDHM-00,CE-0011Q-KR,2026-08-29,,current,first recorded binding,2026-08-29
TCU-TRTLMN-00,CE-0011R-SH,2026-08-29,,current,first recorded binding,2026-08-29
TCU-WHTRTH-00,CE-0011S-ZA,2026-08-29,,current,first recorded binding,2026-08-29
TRBF-ABSXFP-00,CE-0011T-53,2026-08-29,,current,first recorded binding,2026-08-29
TRBF-ACLNTE-00,CE-0011V-BW,2026-08-29,,current,first recorded binding,2026-08-29
TRBF-ACOMAP-00,CE-0011W-HN,2026-08-29,,current,first recorded binding,2026-08-29
TRBF-AGSTNE-00,CE-0011X-QE,2026-08-29,,current,first recorded binding,2026-08-29
TRBF-AKCHIN-00,CE-0011Y-X7,2026-08-29,,current,first recorded binding,2026-08-29
TRBF-ALCOUS-00,CE-0011Z-30,2026-08-29,,current,first recorded binding,2026-08-29
TRBF-ALQSRT-00,CE-00120-E9,2026-08-29,,current,first recorded binding,2026-08-29
TRBF-ALTURS-00,CE-00121-M2,2026-08-29,,current,first recorded binding,2026-08-29
TRBF-APCHOK-00,CE-00122-TV,2026-08-29,,current,first recorded binding,2026-08-29
TRBF-AQNNAH-00,CE-00123-0M,2026-08-29,,current,first recorded binding,2026-08-29
TRBF-ASHAWN-00,CE-00124-6D,2026-08-29,,current,first recorded binding,2026-08-29
TRBF-AUBURN-00,CE-00125-C6,2026-08-29,,current,first recorded binding,2026-08-29
TRBF-BADRVR-00,CE-00126-JZ,2026-08-29,,current,first recorded binding,2026-08-29
TRBF-BEARRV-00,CE-00127-RR,2026-08-29,,current,first recorded binding,2026-08-29
TRBF-BELKNP-00,CE-00128-YH,2026-08-29,,current,first recorded binding,2026-08-29
TRBF-BERRYC-00,CE-00129-4A,2026-08-29,,current,first recorded binding,2026-08-29
TRBF-BGLAGN-00,CE-0012A-A3,2026-08-29,,current,first recorded binding,2026-08-29
TRBF-BGPINE-00,CE-0012B-GW,2026-08-29,,current,first recorded binding,2026-08-29
TRBF-BGSNDY-00,CE-0012C-PN,2026-08-29,,current,first recorded binding,2026-08-29
TRBF-BGVALY-00,CE-0012D-WE,2026-08-29,,current,first recorded binding,2026-08-29
TRBF-BIDWLL-00,CE-0012E-27,2026-08-29,,current,first recorded binding,2026-08-29
TRBF-BISHOP-00,CE-0012F-80,2026-08-29,,current,first recorded binding,2026-08-29
TRBF-BLCKFT-00,CE-0012G-ES,2026-08-29,,current,first recorded binding,2026-08-29
TRBF-BLULKE-00,CE-0012H-MJ,2026-08-29,,current,first recorded binding,2026-08-29
TRBF-BNVSTA-00,CE-0012J-TB,2026-08-29,,current,first recorded binding,2026-08-29
TRBF-BRGPRT-00,CE-0012K-04,2026-08-29,,current,first recorded binding,2026-08-29
TRBF-BURNST-00,CE-0012M-6X,2026-08-29,,current,first recorded binding,2026-08-29
TRBF-BYMLLS-00,CE-0012N-CP,2026-08-29,,current,first recorded binding,2026-08-29
TRBF-CABAZN-00,CE-0012P-JF,2026-08-29,,current,first recorded binding,2026-08-29
TRBF-CACHLD-00,CE-0012Q-R8,2026-08-29,,current,first recorded binding,2026-08-29
TRBF-CADDON-00,CE-0012R-Y1,2026-08-29,,current,first recorded binding,2026-08-29
TRBF-CAHTOT-00,CE-0012S-4T,2026-08-29,,current,first recorded binding,2026-08-29
TRBF-CAMPOB-00,CE-0012T-AK,2026-08-29,,current,first recorded binding,2026-08-29
TRBF-CATWBA-00,CE-0012V-GC,2026-08-29,,current,first recorded binding,2026-08-29
TRBF-CAVLLY-00,CE-0012W-P5,2026-08-29,,current,first recorded binding,2026-08-29
TRBF-CAYUGA-00,CE-0012X-WY,2026-08-29,,current,first recorded binding,2026-08-29
TRBF-CEDARV-00,CE-0012Y-2Q,2026-08-29,,current,first recorded binding,2026-08-29
TRBF-CFTGSH-00,CE-0012Z-8G,2026-08-29,,current,first recorded binding,2026-08-29
TRBF-CHCKHE-00,CE-00130-KS,2026-08-29,,current,first recorded binding,2026-08-29
TRBF-CHCKHT-00,CE-00131-SJ,2026-08-29,,current,first recorded binding,2026-08-29
TRBF-CHCKNR-00,CE-00132-ZB,2026-08-29,,current,first recorded binding,2026-08-29
TRBF-CHEHLS-00,CE-00133-54,2026-08-29,,current,first recorded binding,2026-08-29
TRBF-CHKNAT-00,CE-00134-BX,2026-08-29,,current,first recorded binding,2026-08-29
TRBF-CHKSWN-00,CE-00135-HP,2026-08-29,,current,first recorded binding,2026-08-29
TRBF-CHLLAB-00,CE-00136-QF,2026-08-29,,current,first recorded binding,2026-08-29
TRBF-CHMHVI-00,CE-00137-X8,2026-08-29,,current,first recorded binding,2026-08-29
TRBF-CHRAEH-00,CE-00138-31,2026-08-29,,current,first recorded binding,2026-08-29
TRBF-CHTMCH-00,CE-00139-9T,2026-08-29,,current,first recorded binding,2026-08-29
TRBF-CHYARP-00,CE-0013A-FK,2026-08-29,,current,first recorded binding,2026-08-29
TRBF-CHYNRV-00,CE-0013B-NC,2026-08-29,,current,first recorded binding,2026-08-29
TRBF-CITIZN-00,CE-0013C-V5,2026-08-29,,current,first recorded binding,2026-08-29
TRBF-CLDSPR-00,CE-0013D-1Y,2026-08-29,,current,first recorded binding,2026-08-29
TRBF-CLUSLW-00,CE-0013E-7Q,2026-08-29,,current,first recorded binding,2026-08-29
TRBF-CLVRDL-00,CE-0013F-DG,2026-08-29,,current,first recorded binding,2026-08-29
TRBF-CMNCHE-00,CE-0013G-K9,2026-08-29,,current,first recorded binding,2026-08-29
TRBF-COCHTI-00,CE-0013H-S2,2026-08-29,,current,first recorded binding,2026-08-29
TRBF-COCOPH-00,CE-0013J-ZV,2026-08-29,,current,first recorded binding,2026-08-29
TRBF-COLVLL-00,CE-0013K-5M,2026-08-29,,current,first recorded binding,2026-08-29
TRBF-COQLLE-00,CE-0013M-BD,2026-08-29,,current,first recorded binding,2026-08-29
TRBF-CORIVR-00,CE-0013N-H6,2026-08-29,,current,first recorded binding,2026-08-29
TRBF-COUSLA-00,CE-0013P-QZ,2026-08-29,,current,first recorded binding,2026-08-29
TRBF-COWCRU-00,CE-0013Q-XR,2026-08-29,,current,first recorded binding,2026-08-29
TRBF-COWLTZ-00,CE-0013R-3H,2026-08-29,,current,first recorded binding,2026-08-29
TRBF-CPTNGR-00,CE-0013S-9A,2026-08-29,,current,first recorded binding,2026-08-29
TRBF-CRDALN-00,CE-0013T-F3,2026-08-29,,current,first recorded binding,2026-08-29
TRBF-CROWCR-00,CE-0013V-NW,2026-08-29,,current,first recorded binding,2026-08-29
TRBF-CROWMT-00,CE-0013W-VN,2026-08-29,,current,first recorded binding,2026-08-29
TRBF-CSKTFR-00,CE-0013X-1E,2026-08-29,,current,first recorded binding,2026-08-29
TRBF-CTWNAT-00,CE-0013Y-77,2026-08-29,,current,first recorded binding,2026-08-29
TRBF-CVERDE-00,CE-0013Z-D0,2026-08-29,,current,first recorded binding,2026-08-29
TRBF-CYOTEV-00,CE-00140-R9,2026-08-29,,current,first recorded binding,2026-08-29
TRBF-DELAWN-00,CE-00141-Y2,2026-08-29,,current,first recorded binding,2026-08-29
TRBF-DELAWT-00,CE-00142-4V,2026-08-29,,current,first recorded binding,2026-08-29
TRBF-DRYCRK-00,CE-00143-AM,2026-08-29,,current,first recorded binding,2026-08-29
TRBF-DUCKVY-00,CE-00144-GD,2026-08-29,,current,first recorded binding,2026-08-29
TRBF-DUCKWT-00,CE-00145-P6,2026-08-29,,current,first recorded binding,2026-08-29
TRBF-ELEMCL-00,CE-00146-WZ,2026-08-29,,current,first recorded binding,2026-08-29
TRBF-ELKVLY-00,CE-00147-2R,2026-08-29,,current,first recorded binding,2026-08-29
TRBF-ELYTNV-00,CE-00148-8H,2026-08-29,,current,first recorded binding,2026-08-29
TRBF-ENTPRS-00,CE-00149-EA,2026-08-29,,current,first recorded binding,2026-08-29
TRBF-ESHAWN-00,CE-0014A-M3,2026-08-29,,current,first recorded binding,2026-08-29
TRBF-ESTCHK-00,CE-0014B-TW,2026-08-29,,current,first recorded binding,2026-08-29
TRBF-ESWNDR-00,CE-0014C-0N,2026-08-29,,current,first recorded binding,2026-08-29
TRBF-FALLON-00,CE-0014D-6E,2026-08-29,,current,first recorded binding,2026-08-29
TRBF-FLANDR-00,CE-0014E-C7,2026-08-29,,current,first recorded binding,2026-08-29
TRBF-FMCDWL-00,CE-0014F-J0,2026-08-29,,current,first recorded binding,2026-08-29
TRBF-FSCWSA-00,CE-0014G-RS,2026-08-29,,current,first recorded binding,2026-08-29
TRBF-FSTCTY-00,CE-0014H-YJ,2026-08-29,,current,first recorded binding,2026-08-29
TRBF-FTHALL-00,CE-0014J-4B,2026-08-29,,current,first recorded binding,2026-08-29
TRBF-FTINDP-00,CE-0014K-A4,2026-08-29,,current,first recorded binding,2026-08-29
TRBF-FTMCDM-00,CE-0014M-GX,2026-08-29,,current,first recorded binding,2026-08-29
TRBF-GILARV-00,CE-0014N-PP,2026-08-29,,current,first recorded binding,2026-08-29
TRBF-GRATON-00,CE-0014P-WF,2026-08-29,,current,first recorded binding,2026-08-29
TRBF-GREENV-00,CE-0014Q-28,2026-08-29,,current,first recorded binding,2026-08-29
TRBF-GRNDST-00,CE-0014R-81,2026-08-29,,current,first recorded binding,2026-08-29
TRBF-GRNRND-00,CE-0014S-ET,2026-08-29,,current,first recorded binding,2026-08-29
TRBF-GRTRVS-00,CE-0014T-MK,2026-08-29,,current,first recorded binding,2026-08-29
TRBF-GUIDIV-00,CE-0014V-TC,2026-08-29,,current,first recorded binding,2026-08-29
TRBF-HANNHV-00,CE-0014W-05,2026-08-29,,current,first recorded binding,2026-08-29
TRBF-HAVASP-00,CE-0014X-6Y,2026-08-29,,current,first recorded binding,2026-08-29
TRBF-HBMTLL-00,CE-0014Y-CQ,2026-08-29,,current,first recorded binding,2026-08-29
TRBF-HLTNML-00,CE-0014Z-JG,2026-08-29,,current,first recorded binding,2026-08-29
TRBF-HOCHNK-00,CE-00150-XS,2026-08-29,,current,first recorded binding,2026-08-29
TRBF-HOHTRB-00,CE-00151-3J,2026-08-29,,current,first recorded binding,2026-08-29
TRBF-HOOPAV-00,CE-00152-9B,2026-08-29,,current,first recorded binding,2026-08-29
TRBF-HOPIAZ-00,CE-00153-F4,2026-08-29,,current,first recorded binding,2026-08-29
TRBF-HPLAND-00,CE-00154-NX,2026-08-29,,current,first recorded binding,2026-08-29
TRBF-HUALAP-00,CE-00155-VP,2026-08-29,,current,first recorded binding,2026-08-29
TRBF-IIPAYN-00,CE-00156-1F,2026-08-29,,current,first recorded binding,2026-08-29
TRBF-INAJAB-00,CE-00157-78,2026-08-29,,current,first recorded binding,2026-08-29
TRBF-IONEBD-00,CE-00158-D1,2026-08-29,,current,first recorded binding,2026-08-29
TRBF-IOWAKN-00,CE-00159-KT,2026-08-29,,current,first recorded binding,2026-08-29
TRBF-IOWAOK-00,CE-0015A-SK,2026-08-29,,current,first recorded binding,2026-08-29
TRBF-ISLETA-00,CE-0015B-ZC,2026-08-29,,current,first recorded binding,2026-08-29
TRBF-JAMULV-00,CE-0015C-55,2026-08-29,,current,first recorded binding,2026-08-29
TRBF-JCKMWK-00,CE-0015D-BY,2026-08-29,,current,first recorded binding,2026-08-29
TRBF-JCRLLA-00,CE-0015E-HQ,2026-08-29,,current,first recorded binding,2026-08-29
TRBF-JEMEZP-00,CE-0015F-QG,2026-08-29,,current,first recorded binding,2026-08-29
TRBF-JMSTSK-00,CE-0015G-X9,2026-08-29,,current,first recorded binding,2026-08-29
TRBF-JNACTW-00,CE-0015H-32,2026-08-29,,current,first recorded binding,2026-08-29
TRBF-KAIBAB-00,CE-0015J-9V,2026-08-29,,current,first recorded binding,2026-08-29
TRBF-KALSPL-00,CE-0015K-FM,2026-08-29,,current,first recorded binding,2026-08-29
TRBF-KARUKT-00,CE-0015M-ND,2026-08-29,,current,first recorded binding,2026-08-29
TRBF-KASHIA-00,CE-0015N-V6,2026-08-29,,current,first recorded binding,2026-08-29
TRBF-KAWNOK-00,CE-0015P-1Z,2026-08-29,,current,first recorded binding,2026-08-29
TRBF-KCKPKS-00,CE-0015Q-7R,2026-08-29,,current,first recorded binding,2026-08-29
TRBF-KCKPOK-00,CE-0015R-DH,2026-08-29,,current,first recorded binding,2026-08-29
TRBF-KCKPTX-00,CE-0015S-KA,2026-08-29,,current,first recorded binding,2026-08-29
TRBF-KILGEE-00,CE-0015T-S3,2026-08-29,,current,first recorded binding,2026-08-29
TRBF-KIOWAT-00,CE-0015V-ZW,2026-08-29,,current,first recorded binding,2026-08-29
TRBF-KLAMTH-00,CE-0015W-5N,2026-08-29,,current,first recorded binding,2026-08-29
TRBF-KLTSLD-00,CE-0015X-BE,2026-08-29,,current,first recorded binding,2026-08-29
TRBF-KOINCA-00,CE-0015Y-H7,2026-08-29,,current,first recorded binding,2026-08-29
TRBF-KTNIID-00,CE-0015Z-Q0,2026-08-29,,current,first recorded binding,2026-08-29
TRBF-KWNWBY-00,CE-00160-29,2026-08-29,,current,first recorded binding,2026-08-29
TRBF-LAGUNA-00,CE-00161-82,2026-08-29,,current,first recorded binding,2026-08-29
TRBF-LBRULE-00,CE-00162-EV,2026-08-29,,current,first recorded binding,2026-08-29
TRBF-LCORLS-00,CE-00163-MM,2026-08-29,,current,first recorded binding,2026-08-29
TRBF-LCYTES-00,CE-00164-TD,2026-08-29,,current,first recorded binding,2026-08-29
TRBF-LELWHA-00,CE-00165-06,2026-08-29,,current,first recorded binding,2026-08-29
TRBF-LFLAMB-00,CE-00166-6Z,2026-08-29,,current,first recorded binding,2026-08-29
TRBF-LJOLLA-00,CE-00167-CR,2026-08-29,,current,first recorded binding,2026-08-29
TRBF-LNPINE-00,CE-00168-JH,2026-08-29,,current,first recorded binding,2026-08-29
TRBF-LPOSTA-00,CE-00169-RA,2026-08-29,,current,first recorded binding,2026-08-29
TRBF-LRIVER-00,CE-0016A-Y3,2026-08-29,,current,first recorded binding,2026-08-29
TRBF-LSHELL-00,CE-0016B-4W,2026-08-29,,current,first recorded binding,2026-08-29
TRBF-LSVGAS-00,CE-0016C-AN,2026-08-29,,current,first recorded binding,2026-08-29
TRBF-LTRVRS-00,CE-0016D-GE,2026-08-29,,current,first recorded binding,2026-08-29
TRBF-LUMBEE-00,CE-0016E-P7,2026-08-29,,current,first recorded binding,2026-08-29
TRBF-LUMMIT-00,CE-0016F-W0,2026-08-29,,current,first recorded binding,2026-08-29
TRBF-LVDSRT-00,CE-0016G-2S,2026-08-29,,current,first recorded binding,2026-08-29
TRBF-LVLOCK-00,CE-0016H-8J,2026-08-29,,current,first recorded binding,2026-08-29
TRBF-LWSXMN-00,CE-0016J-EB,2026-08-29,,current,first recorded binding,2026-08-29
TRBF-LYTTON-00,CE-0016K-M4,2026-08-29,,current,first recorded binding,2026-08-29
TRBF-MAKAHN-00,CE-0016M-TX,2026-08-29,,current,first recorded binding,2026-08-29
TRBF-MCHPDA-00,CE-0016N-0P,2026-08-29,,current,first recorded binding,2026-08-29
TRBF-MCHSTR-00,CE-0016P-6F,2026-08-29,,current,first recorded binding,2026-08-29
TRBF-MCKLSH-00,CE-0016Q-C8,2026-08-29,,current,first recorded binding,2026-08-29
TRBF-MCSKEE-00,CE-0016R-J1,2026-08-29,,current,first recorded binding,2026-08-29
TRBF-MDDLTN-00,CE-0016S-RT,2026-08-29,,current,first recorded binding,2026-08-29
TRBF-MEBNSW-00,CE-0016T-YK,2026-08-29,,current,first recorded binding,2026-08-29
TRBF-MESAGR-00,CE-0016V-4C,2026-08-29,,current,first recorded binding,2026-08-29
TRBF-MHATAT-00,CE-0016W-A5,2026-08-29,,current,first recorded binding,2026-08-29
TRBF-MHEGAN-00,CE-0016X-GY,2026-08-29,,current,first recorded binding,2026-08-29
TRBF-MIAMIT-00,CE-0016Y-PQ,2026-08-29,,current,first recorded binding,2026-08-29
TRBF-MIKMAQ-00,CE-0016Z-WG,2026-08-29,,current,first recorded binding,2026-08-29
TRBF-MINNCH-00,CE-00170-7S,2026-08-29,,current,first recorded binding,2026-08-29
TRBF-MNACAN-00,CE-00171-DJ,2026-08-29,,current,first recorded binding,2026-08-29
TRBF-MNMNEE-00,CE-00172-KB,2026-08-29,,current,first recorded binding,2026-08-29
TRBF-MNZNTA-00,CE-00173-S4,2026-08-29,,current,first recorded binding,2026-08-29
TRBF-MOAPAT-00,CE-00174-ZX,2026-08-29,,current,first recorded binding,2026-08-29
TRBF-MODOCN-00,CE-00175-5P,2026-08-29,,current,first recorded binding,2026-08-29
TRBF-MOJAVE-00,CE-00176-BF,2026-08-29,,current,first recorded binding,2026-08-29
TRBF-MOORTN-00,CE-00177-H8,2026-08-29,,current,first recorded binding,2026-08-29
TRBF-MORNGO-00,CE-00178-Q1,2026-08-29,,current,first recorded binding,2026-08-29
TRBF-MSBCTW-00,CE-00179-XT,2026-08-29,,current,first recorded binding,2026-08-29
TRBF-MSCLRO-00,CE-0017A-3K,2026-08-29,,current,first recorded binding,2026-08-29
TRBF-MSENAT-00,CE-0017B-9C,2026-08-29,,current,first recorded binding,2026-08-29
TRBF-MSHNTK-00,CE-0017C-F5,2026-08-29,,current,first recorded binding,2026-08-29
TRBF-MSHPEE-00,CE-0017D-NY,2026-08-29,,current,first recorded binding,2026-08-29
TRBF-NAMBEP-00,CE-0017E-VQ,2026-08-29,,current,first recorded binding,2026-08-29
TRBF-NAVAJO-00,CE-0017F-1G,2026-08-29,,current,first recorded binding,2026-08-29
TRBF-NAWNDR-00,CE-0017G-79,2026-08-29,,current,first recorded binding,2026-08-29
TRBF-NEZPRC-00,CE-0017H-D2,2026-08-29,,current,first recorded binding,2026-08-29
TRBF-NISQLL-00,CE-0017J-KV,2026-08-29,,current,first recorded binding,2026-08-29
TRBF-NNSMND-00,CE-0017K-SM,2026-08-29,,current,first recorded binding,2026-08-29
TRBF-NOOKSK-00,CE-0017M-ZD,2026-08-29,,current,first recorded binding,2026-08-29
TRBF-NORCHY-00,CE-0017N-56,2026-08-29,,current,first recorded binding,2026-08-29
TRBF-NORFRK-00,CE-0017P-BZ,2026-08-29,,current,first recorded binding,2026-08-29
TRBF-NRGNST-00,CE-0017Q-HR,2026-08-29,,current,first recorded binding,2026-08-29
TRBF-NTWSPH-00,CE-0017R-QH,2026-08-29,,current,first recorded binding,2026-08-29
TRBF-NWSSHN-00,CE-0017S-XA,2026-08-29,,current,first recorded binding,2026-08-29
TRBF-OGLALA-00,CE-0017T-33,2026-08-29,,current,first recorded binding,2026-08-29
TRBF-OKYOWG-00,CE-0017V-9W,2026-08-29,,current,first recorded binding,2026-08-29
TRBF-OMAHAT-00,CE-0017W-FN,2026-08-29,,current,first recorded binding,2026-08-29
TRBF-ONDANY-00,CE-0017X-NE,2026-08-29,,current,first recorded binding,2026-08-29
TRBF-ONDAWI-00,CE-0017Y-V7,2026-08-29,,current,first recorded binding,2026-08-29
TRBF-ONNDGA-00,CE-0017Z-10,2026-08-29,,current,first recorded binding,2026-08-29
TRBF-OSAGEN-00,CE-00180-C9,2026-08-29,,current,first recorded binding,2026-08-29
TRBF-OTOMSA-00,CE-00181-J2,2026-08-29,,current,first recorded binding,2026-08-29
TRBF-OWATOK-00,CE-00182-RV,2026-08-29,,current,first recorded binding,2026-08-29
TRBF-PALABD-00,CE-00183-YM,2026-08-29,,current,first recorded binding,2026-08-29
TRBF-PAMNKY-00,CE-00184-4D,2026-08-29,,current,first recorded binding,2026-08-29
TRBF-PAUMAB-00,CE-00185-A6,2026-08-29,,current,first recorded binding,2026-08-29
TRBF-PAWNEE-00,CE-00186-GZ,2026-08-29,,current,first recorded binding,2026-08-29
TRBF-PCHNGA-00,CE-00187-PR,2026-08-29,,current,first recorded binding,2026-08-29
TRBF-PCURIS-00,CE-00188-WH,2026-08-29,,current,first recorded binding,2026-08-29
TRBF-PEORIA-00,CE-00189-2A,2026-08-29,,current,first recorded binding,2026-08-29
TRBF-PGMBSK-00,CE-0018A-83,2026-08-29,,current,first recorded binding,2026-08-29
TRBF-PITRVR-00,CE-0018B-EW,2026-08-29,,current,first recorded binding,2026-08-29
TRBF-PLKLYK-00,CE-0018C-MN,2026-08-29,,current,first recorded binding,2026-08-29
TRBF-PNBSCT-00,CE-0018D-TE,2026-08-29,,current,first recorded binding,2026-08-29
TRBF-PNCANE-00,CE-0018E-07,2026-08-29,,current,first recorded binding,2026-08-29
TRBF-PNCAOK-00,CE-0018F-60,2026-08-29,,current,first recorded binding,2026-08-29
TRBF-PNOLVL-00,CE-0018G-CS,2026-08-29,,current,first recorded binding,2026-08-29
TRBF-POARCH-00,CE-0018H-JJ,2026-08-29,,current,first recorded binding,2026-08-29
TRBF-POJOAQ-00,CE-0018J-RB,2026-08-29,,current,first recorded binding,2026-08-29
TRBF-POKAGN-00,CE-0018K-Y4,2026-08-29,,current,first recorded binding,2026-08-29
TRBF-PRAIRB-00,CE-0018M-4X,2026-08-29,,current,first recorded binding,2026-08-29
TRBF-PRAIRI-00,CE-0018N-AP,2026-08-29,,current,first recorded binding,2026-08-29
TRBF-PRSCTT-00,CE-0018P-GF,2026-08-29,,current,first recorded binding,2026-08-29
TRBF-PSKNML-00,CE-0018Q-P8,2026-08-29,,current,first recorded binding,2026-08-29
TRBF-PSMQDY-00,CE-0018R-W1,2026-08-29,,current,first recorded binding,2026-08-29
TRBF-PSQYQI-00,CE-0018S-2T,2026-08-29,,current,first recorded binding,2026-08-29
TRBF-PTTERV-00,CE-0018T-8K,2026-08-29,,current,first recorded binding,2026-08-29
TRBF-PTTRUT-00,CE-0018V-EC,2026-08-29,,current,first recorded binding,2026-08-29
TRBF-PUYLLP-00,CE-0018W-M5,2026-08-29,,current,first recorded binding,2026-08-29
TRBF-PYCKCH-00,CE-0018X-TY,2026-08-29,,current,first recorded binding,2026-08-29
TRBF-PYRMDL-00,CE-0018Y-0Q,2026-08-29,,current,first recorded binding,2026-08-29
TRBF-QUAPAW-00,CE-0018Z-6G,2026-08-29,,current,first recorded binding,2026-08-29
TRBF-QUARTZ-00,CE-00190-HS,2026-08-29,,current,first recorded binding,2026-08-29
TRBF-QUECHN-00,CE-00191-QJ,2026-08-29,,current,first recorded binding,2026-08-29
TRBF-QUILTE-00,CE-00192-XB,2026-08-29,,current,first recorded binding,2026-08-29
TRBF-QUINLT-00,CE-00193-34,2026-08-29,,current,first recorded binding,2026-08-29
TRBF-RAMONA-00,CE-00194-9X,2026-08-29,,current,first recorded binding,2026-08-29
TRBF-RDDING-00,CE-00195-FP,2026-08-29,,current,first recorded binding,2026-08-29
TRBF-REDCLF-00,CE-00196-NF,2026-08-29,,current,first recorded binding,2026-08-29
TRBF-REDLKE-00,CE-00197-V8,2026-08-29,,current,first recorded binding,2026-08-29
TRBF-REDWDV-00,CE-00198-11,2026-08-29,,current,first recorded binding,2026-08-29
TRBF-RINCON-00,CE-00199-7T,2026-08-29,,current,first recorded binding,2026-08-29
TRBF-RNDVLY-00,CE-0019A-DK,2026-08-29,,current,first recorded binding,2026-08-29
TRBF-RNOSPK-00,CE-0019B-KC,2026-08-29,,current,first recorded binding,2026-08-29
TRBF-ROBNSN-00,CE-0019C-S5,2026-08-29,,current,first recorded binding,2026-08-29
TRBF-ROCKYB-00,CE-0019D-ZY,2026-08-29,,current,first recorded binding,2026-08-29
TRBF-ROSEBD-00,CE-0019E-5Q,2026-08-29,,current,first recorded binding,2026-08-29
TRBF-RPHNCK-00,CE-0019F-BG,2026-08-29,,current,first recorded binding,2026-08-29
TRBF-SAMISH-00,CE-0019G-H9,2026-08-29,,current,first recorded binding,2026-08-29
TRBF-SANDIA-00,CE-0019H-Q2,2026-08-29,,current,first recorded binding,2026-08-29
TRBF-SANTSX-00,CE-0019J-XV,2026-08-29,,current,first recorded binding,2026-08-29
TRBF-SBRMNS-00,CE-0019K-3M,2026-08-29,,current,first recorded binding,2026-08-29
TRBF-SCFXMO-00,CE-0019M-9D,2026-08-29,,current,first recorded binding,2026-08-29
TRBF-SCFXMS-00,CE-0019N-F6,2026-08-29,,current,first recorded binding,2026-08-29
TRBF-SCFXOK-00,CE-0019P-NZ,2026-08-29,,current,first recorded binding,2026-08-29
TRBF-SCLARA-00,CE-0019Q-VR,2026-08-29,,current,first recorded binding,2026-08-29
TRBF-SCROIX-00,CE-0019R-1H,2026-08-29,,current,first recorded binding,2026-08-29
TRBF-SCTTSV-00,CE-0019S-7A,2026-08-29,,current,first recorded binding,2026-08-29
TRBF-SDMNGO-00,CE-0019T-D3,2026-08-29,,current,first recorded binding,2026-08-29
TRBF-SFLIPE-00,CE-0019V-KW,2026-08-29,,current,first recorded binding,2026-08-29
TRBF-SGINAW-00,CE-0019W-SN,2026-08-29,,current,first recorded binding,2026-08-29
TRBF-SHAWNT-00,CE-0019X-ZE,2026-08-29,,current,first recorded binding,2026-08-29
TRBF-SHLWBY-00,CE-0019Y-57,2026-08-29,,current,first recorded binding,2026-08-29
TRBF-SHNNCK-00,CE-0019Z-B0,2026-08-29,,current,first recorded binding,2026-08-29
TRBF-SHRWDV-00,CE-001A0-P9,2026-08-29,,current,first recorded binding,2026-08-29
TRBF-SHSMWK-00,CE-001A1-W2,2026-08-29,,current,first recorded binding,2026-08-29
TRBF-SILDFN-00,CE-001A2-2V,2026-08-29,,current,first recorded binding,2026-08-29
TRBF-SILETZ-00,CE-001A3-8M,2026-08-29,,current,first recorded binding,2026-08-29
TRBF-SKLLVY-00,CE-001A4-ED,2026-08-29,,current,first recorded binding,2026-08-29
TRBF-SKOKOM-00,CE-001A5-M6,2026-08-29,,current,first recorded binding,2026-08-29
TRBF-SKSTTL-00,CE-001A6-TZ,2026-08-29,,current,first recorded binding,2026-08-29
TRBF-SMARIE-00,CE-001A7-0R,2026-08-29,,current,first recorded binding,2026-08-29
TRBF-SMMTLK-00,CE-001A8-6H,2026-08-29,,current,first recorded binding,2026-08-29
TRBF-SMNLFL-00,CE-001A9-CA,2026-08-29,,current,first recorded binding,2026-08-29
TRBF-SMNLOK-00,CE-001AA-J3,2026-08-29,,current,first recorded binding,2026-08-29
TRBF-SNCCYG-00,CE-001AB-RW,2026-08-29,,current,first recorded binding,2026-08-29
TRBF-SNCNAT-00,CE-001AC-YN,2026-08-29,,current,first recorded binding,2026-08-29
TRBF-SNCRLS-00,CE-001AD-4E,2026-08-29,,current,first recorded binding,2026-08-29
TRBF-SNJUAN-00,CE-001AE-A7,2026-08-29,,current,first recorded binding,2026-08-29
TRBF-SNOQLM-00,CE-001AF-G0,2026-08-29,,current,first recorded binding,2026-08-29
TRBF-SNPSQL-00,CE-001AG-PS,2026-08-29,,current,first recorded binding,2026-08-29
TRBF-SOBOBA-00,CE-001AH-WJ,2026-08-29,,current,first recorded binding,2026-08-29
TRBF-SOKGON-00,CE-001AJ-2B,2026-08-29,,current,first recorded binding,2026-08-29
TRBF-SPKANE-00,CE-001AK-84,2026-08-29,,current,first recorded binding,2026-08-29
TRBF-SPMWKN-00,CE-001AM-EX,2026-08-29,,current,first recorded binding,2026-08-29
TRBF-SPRTLK-00,CE-001AN-MP,2026-08-29,,current,first recorded binding,2026-08-29
TRBF-SQUXIN-00,CE-001AP-TF,2026-08-29,,current,first recorded binding,2026-08-29
TRBF-SRMHWK-00,CE-001AQ-08,2026-08-29,,current,first recorded binding,2026-08-29
TRBF-SROSAB-00,CE-001AR-61,2026-08-29,,current,first recorded binding,2026-08-29
TRBF-SROSAR-00,CE-001AS-CT,2026-08-29,,current,first recorded binding,2026-08-29
TRBF-SRPMCP-00,CE-001AT-JK,2026-08-29,,current,first recorded binding,2026-08-29
TRBF-STAANA-00,CE-001AV-RC,2026-08-29,,current,first recorded binding,2026-08-29
TRBF-STAYNZ-00,CE-001AW-Y5,2026-08-29,,current,first recorded binding,2026-08-29
TRBF-STHUTE-00,CE-001AX-4Y,2026-08-29,,current,first recorded binding,2026-08-29
TRBF-STLMSH-00,CE-001AY-AQ,2026-08-29,,current,first recorded binding,2026-08-29
TRBF-STNDRK-00,CE-001AZ-GG,2026-08-29,,current,first recorded binding,2026-08-29
TRBF-SUQUAM-00,CE-001B0-VS,2026-08-29,,current,first recorded binding,2026-08-29
TRBF-SUSANV-00,CE-001B1-1J,2026-08-29,,current,first recorded binding,2026-08-29
TRBF-SWINOM-00,CE-001B2-7B,2026-08-29,,current,first recorded binding,2026-08-29
TRBF-SWOYTE-00,CE-001B3-D4,2026-08-29,,current,first recorded binding,2026-08-29
TRBF-SYCUAN-00,CE-001B4-KX,2026-08-29,,current,first recorded binding,2026-08-29
TRBF-TABLEM-00,CE-001B5-SP,2026-08-29,,current,first recorded binding,2026-08-29
TRBF-TAOSPB-00,CE-001B6-ZF,2026-08-29,,current,first recorded binding,2026-08-29
TRBF-TEJONT-00,CE-001B7-58,2026-08-29,,current,first recorded binding,2026-08-29
TRBF-TEMOAK-00,CE-001B8-B1,2026-08-29,,current,first recorded binding,2026-08-29
TRBF-THNODM-00,CE-001B9-HT,2026-08-29,,current,first recorded binding,2026-08-29
TRBF-TIMBSH-00,CE-001BA-QK,2026-08-29,,current,first recorded binding,2026-08-29
TRBF-TLPLCO-00,CE-001BB-XC,2026-08-29,,current,first recorded binding,2026-08-29
TRBF-TLWDNI-00,CE-001BC-35,2026-08-29,,current,first recorded binding,2026-08-29
TRBF-TNKAWA-00,CE-001BD-9Y,2026-08-29,,current,first recorded binding,2026-08-29
TRBF-TNWNDA-00,CE-001BE-FQ,2026-08-29,,current,first recorded binding,2026-08-29
TRBF-TONTOA-00,CE-001BF-NG,2026-08-29,,current,first recorded binding,2026-08-29
TRBF-TRSMTZ-00,CE-001BG-V9,2026-08-29,,current,first recorded binding,2026-08-29
TRBF-TSCARA-00,CE-001BH-12,2026-08-29,,current,first recorded binding,2026-08-29
TRBF-TSUQUE-00,CE-001BJ-7V,2026-08-29,,current,first recorded binding,2026-08-29
TRBF-TULALP-00,CE-001BK-DM,2026-08-29,,current,first recorded binding,2026-08-29
TRBF-TULERV-00,CE-001BM-KD,2026-08-29,,current,first recorded binding,2026-08-29
TRBF-TUNBIL-00,CE-001BN-S6,2026-08-29,,current,first recorded binding,2026-08-29
TRBF-TUOLMN-00,CE-001BP-ZZ,2026-08-29,,current,first recorded binding,2026-08-29
TRBF-TURTLM-00,CE-001BQ-5R,2026-08-29,,current,first recorded binding,2026-08-29
TRBF-TWNPLM-00,CE-001BR-BH,2026-08-29,,current,first recorded binding,2026-08-29
TRBF-UKEETW-00,CE-001BS-HA,2026-08-29,,current,first recorded binding,2026-08-29
TRBF-UMATLL-00,CE-001BT-Q3,2026-08-29,,current,first recorded binding,2026-08-29
TRBF-UMTPNI-00,CE-001BV-XW,2026-08-29,,current,first recorded binding,2026-08-29
TRBF-UNTHOR-00,CE-001BW-3N,2026-08-29,,current,first recorded binding,2026-08-29
TRBF-UPSXMN-00,CE-001BX-9E,2026-08-29,,current,first recorded binding,2026-08-29
TRBF-USKAGT-00,CE-001BY-F7,2026-08-29,,current,first recorded binding,2026-08-29
TRBF-UTEMTN-00,CE-001BZ-N0,2026-08-29,,current,first recorded binding,2026-08-29
TRBF-UUGWTU-00,CE-001C0-09,2026-08-29,,current,first recorded binding,2026-08-29
TRBF-WASHOE-00,CE-001C1-62,2026-08-29,,current,first recorded binding,2026-08-29
TRBF-WIAPYP-00,CE-001C2-CV,2026-08-29,,current,first recorded binding,2026-08-29
TRBF-WILTON-00,CE-001C3-JM,2026-08-29,,current,first recorded binding,2026-08-29
TRBF-WIYOTT-00,CE-001C4-RD,2026-08-29,,current,first recorded binding,2026-08-29
TRBF-WKWTOK-00,CE-001C5-Y6,2026-08-29,,current,first recorded binding,2026-08-29
TRBF-WLKRRV-00,CE-001C6-4Z,2026-08-29,,current,first recorded binding,2026-08-29
TRBF-WMTNAZ-00,CE-001C7-AR,2026-08-29,,current,first recorded binding,2026-08-29
TRBF-WNNBGO-00,CE-001C8-GH,2026-08-29,,current,first recorded binding,2026-08-29
TRBF-WNNMCA-00,CE-001C9-PA,2026-08-29,,current,first recorded binding,2026-08-29
TRBF-WRMSPR-00,CE-001CA-W3,2026-08-29,,current,first recorded binding,2026-08-29
TRBF-WYNDTT-00,CE-001CB-2W,2026-08-29,,current,first recorded binding,2026-08-29
TRBF-YAKAMA-00,CE-001CC-8N,2026-08-29,,current,first recorded binding,2026-08-29
TRBF-YANKTN-00,CE-001CD-EE,2026-08-29,,current,first recorded binding,2026-08-29
TRBF-YHVTSM-00,CE-001CE-M7,2026-08-29,,current,first recorded binding,2026-08-29
TRBF-YLSTSR-00,CE-001CF-T0,2026-08-29,,current,first recorded binding,2026-08-29
TRBF-YOCHAD-00,CE-001CG-0S,2026-08-29,,current,first recorded binding,2026-08-29
TRBF-YOMBAT-00,CE-001CH-6J,2026-08-29,,current,first recorded binding,2026-08-29
TRBF-YRNGTN-00,CE-001CJ-CB,2026-08-29,,current,first recorded binding,2026-08-29
TRBF-YUROKT-00,CE-001CK-J4,2026-08-29,,current,first recorded binding,2026-08-29
TRBF-ZIAPBL-00,CE-001CM-RX,2026-08-29,,current,first recorded binding,2026-08-29
TRBF-ZUNINM-00,CE-001CN-YP,2026-08-29,,current,first recorded binding,2026-08-29
TRBS-ACCHNK-00,CE-001CP-4F,2026-08-29,,current,first recorded binding,2026-08-29
TRBS-ADCDDO-00,CE-001CQ-A8,2026-08-29,,current,first recorded binding,2026-08-29
TRBS-ANYNWY-00,CE-001CR-G1,2026-08-29,,current,first recorded binding,2026-08-29
TRBS-BLFBCH-00,CE-001CS-PT,2026-08-29,,current,first recorded binding,2026-08-29
TRBS-BVRCRK-00,CE-001CT-WK,2026-08-29,,current,first recorded binding,2026-08-29
TRBS-CHBGMG-00,CE-001CV-2C,2026-08-29,,current,first recorded binding,2026-08-29
TRBS-CHEROC-00,CE-001CW-85,2026-08-29,,current,first recorded binding,2026-08-29
TRBS-CHKGAT-00,CE-001CX-EY,2026-08-29,,current,first recorded binding,2026-08-29
TRBS-CHKNAL-00,CE-001CY-MQ,2026-08-29,,current,first recorded binding,2026-08-29
TRBS-CHPQDK-00,CE-001CZ-TG,2026-08-29,,current,first recorded binding,2026-08-29
TRBS-CLIFTN-00,CE-001D0-5S,2026-08-29,,current,first recorded binding,2026-08-29
TRBS-COHRIE-00,CE-001D1-BJ,2026-08-29,,current,first recorded binding,2026-08-29
TRBS-CRNHKA-00,CE-001D2-HB,2026-08-29,,current,first recorded binding,2026-08-29
TRBS-ECHOTA-00,CE-001D3-Q4,2026-08-29,,current,first recorded binding,2026-08-29
TRBS-ECSIUT-00,CE-001D4-XX,2026-08-29,,current,first recorded binding,2026-08-29
TRBS-EDISTO-00,CE-001D5-3P,2026-08-29,,current,first recorded binding,2026-08-29
TRBS-ELNUAB-00,CE-001D6-9F,2026-08-29,,current,first recorded binding,2026-08-29
TRBS-EPQUOT-00,CE-001D7-F8,2026-08-29,,current,first recorded binding,2026-08-29
TRBS-FRWIND-00,CE-001D8-N1,2026-08-29,,current,first recorded binding,2026-08-29
TRBS-GAECHK-00,CE-001D9-VT,2026-08-29,,current,first recorded binding,2026-08-29
TRBS-GCDLAC-00,CE-001DA-1K,2026-08-29,,current,first recorded binding,2026-08-29
TRBS-GHPGST-00,CE-001DB-7C,2026-08-29,,current,first recorded binding,2026-08-29
TRBS-HLWSAP-00,CE-001DC-D5,2026-08-29,,current,first recorded binding,2026-08-29
TRBS-HRRNGP-00,CE-001DD-KY,2026-08-29,,current,first recorded binding,2026-08-29
TRBS-HSSNMS-00,CE-001DE-SQ,2026-08-29,,current,first recorded binding,2026-08-29
TRBS-JNCHLS-00,CE-001DF-ZG,2026-08-29,,current,first recorded binding,2026-08-29
TRBS-KOASEK-00,CE-001DG-59,2026-08-29,,current,first recorded binding,2026-08-29
TRBS-LABCTW-00,CE-001DH-B2,2026-08-29,,current,first recorded binding,2026-08-29
TRBS-LNPEDE-00,CE-001DJ-HV,2026-08-29,,current,first recorded binding,2026-08-29
TRBS-LWRMSE-00,CE-001DK-QM,2026-08-29,,current,first recorded binding,2026-08-29
TRBS-MACHIS-00,CE-001DM-XD,2026-08-29,,current,first recorded binding,2026-08-29
TRBS-MHRRIN-00,CE-001DN-36,2026-08-29,,current,first recorded binding,2026-08-29
TRBS-MSSISQ-00,CE-001DP-9Z,2026-08-29,,current,first recorded binding,2026-08-29
TRBS-MTPNIT-00,CE-001DQ-FR,2026-08-29,,current,first recorded binding,2026-08-29
TRBS-MWACTW-00,CE-001DR-NH,2026-08-29,,current,first recorded binding,2026-08-29
TRBS-NANTCK-00,CE-001DS-VA,2026-08-29,,current,first recorded binding,2026-08-29
TRBS-NCHTCH-00,CE-001DT-13,2026-08-29,,current,first recorded binding,2026-08-29
TRBS-NIPMCN-00,CE-001DV-7W,2026-08-29,,current,first recorded binding,2026-08-29
TRBS-NLHEGN-00,CE-001DW-DN,2026-08-29,,current,first recorded binding,2026-08-29
TRBS-NNTCKE-00,CE-001DX-KE,2026-08-29,,current,first recorded binding,2026-08-29
TRBS-NTWYVA-00,CE-001DY-S7,2026-08-29,,current,first recorded binding,2026-08-29
TRBS-OCCNCH-00,CE-001DZ-Z0,2026-08-29,,current,first recorded binding,2026-08-29
TRBS-PCWCNY-00,CE-001E0-A9,2026-08-29,,current,first recorded binding,2026-08-29
TRBS-PCWNAT-00,CE-001E1-G2,2026-08-29,,current,first recorded binding,2026-08-29
TRBS-PDMONT-00,CE-001E2-PV,2026-08-29,,current,first recorded binding,2026-08-29
TRBS-PDTRIB-00,CE-001E3-WM,2026-08-29,,current,first recorded binding,2026-08-29
TRBS-POCSST-00,CE-001E4-2D,2026-08-29,,current,first recorded binding,2026-08-29
TRBS-PSHAWN-00,CE-001E5-86,2026-08-29,,current,first recorded binding,2026-08-29
TRBS-PTAUCH-00,CE-001E6-EZ,2026-08-29,,current,first recorded binding,2026-08-29
TRBS-PTWMCK-00,CE-001E7-MR,2026-08-29,,current,first recorded binding,2026-08-29
TRBS-PWHTAN-00,CE-001E8-TH,2026-08-29,,current,first recorded binding,2026-08-29
TRBS-RMAPGH-00,CE-001E9-0A,2026-08-29,,current,first recorded binding,2026-08-29
TRBS-SANTSC-00,CE-001EA-63,2026-08-29,,current,first recorded binding,2026-08-29
TRBS-SAPPNY-00,CE-001EB-CW,2026-08-29,,current,first recorded binding,2026-08-29
TRBS-SEACNK-00,CE-001EC-JN,2026-08-29,,current,first recorded binding,2026-08-29
TRBS-SEMSEN-00,CE-001ED-RE,2026-08-29,,current,first recorded binding,2026-08-29
TRBS-STRCHW-00,CE-001EE-Y7,2026-08-29,,current,first recorded binding,2026-08-29
TRBS-TEBARB-00,CE-001EF-40,2026-08-29,,current,first recorded binding,2026-08-29
TRBS-UHOUMA-00,CE-001EG-AS,2026-08-29,,current,first recorded binding,2026-08-29
TRBS-UNKCHG-00,CE-001EH-GJ,2026-08-29,,current,first recorded binding,2026-08-29
TRBS-UPSCPD-00,CE-001EJ-PB,2026-08-29,,current,first recorded binding,2026-08-29
TRBS-WCCMWP-00,CE-001EK-W4,2026-08-29,,current,first recorded binding,2026-08-29
TRBS-WCCMWS-00,CE-001EM-2X,2026-08-29,,current,first recorded binding,2026-08-29
TRBS-WSSMSW-00,CE-001EN-8P,2026-08-29,,current,first recorded binding,2026-08-29
UIO-BKRSFL-00,CE-001EP-EF,2026-08-29,,current,first recorded binding,2026-08-29
UIO-BLLNGS-00,CE-001EQ-M8,2026-08-29,,current,first recorded binding,2026-08-29
UIO-BTTWLL-00,CE-001ER-T1,2026-08-29,,current,first recorded binding,2026-08-29
UIO-CLFRNC-00,CE-001ES-0T,2026-08-29,,current,first recorded binding,2026-08-29
UIO-DNVRHL-00,CE-001ET-6K,2026-08-29,,current,first recorded binding,2026-08-29
UIO-DRCTNS-00,CE-001EV-CC,2026-08-29,,current,first recorded binding,2026-08-29
UIO-FMLYHL-00,CE-001EW-J5,2026-08-29,,current,first recorded binding,2026-08-29
UIO-FRNDSH-00,CE-001EX-RY,2026-08-29,,current,first recorded binding,2026-08-29
UIO-FRSNMR-00,CE-001EY-YQ,2026-08-29,,current,first recorded binding,2026-08-29
UIO-FRSTNT-00,CE-001EZ-4G,2026-08-29,,current,first recorded binding,2026-08-29
UIO-GRLDLG-00,CE-001F0-FS,2026-08-29,,current,first recorded binding,2026-08-29
UIO-HEALTH-00,CE-001F1-NJ,2026-08-29,,current,first recorded binding,2026-08-29
UIO-HLNLLN-00,CE-001F2-VB,2026-08-29,,current,first recorded binding,2026-08-29
UIO-HLTHB1-00,CE-001F3-14,2026-08-29,,current,first recorded binding,2026-08-29
UIO-HLTHCR-00,CE-001F4-7X,2026-08-29,,current,first recorded binding,2026-08-29
UIO-HLTHSN-00,CE-001F5-DP,2026-08-29,,current,first recorded binding,2026-08-29
UIO-HNTRHL-00,CE-001F6-KF,2026-08-29,,current,first recorded binding,2026-08-29
UIO-JLFRBN-00,CE-001F7-S8,2026-08-29,,current,first recorded binding,2026-08-29
UIO-KLHMCT-00,CE-001F8-Z1,2026-08-29,,current,first recorded binding,2026-08-29
UIO-KNSSCT-00,CE-001F9-5T,2026-08-29,,current,first recorded binding,2026-08-29
UIO-LLNTN1-00,CE-001FA-BK,2026-08-29,,current,first recorded binding,2026-08-29
UIO-MNTNCN-00,CE-001FB-HC,2026-08-29,,current,first recorded binding,2026-08-29
UIO-MRCNC1-00,CE-001FC-Q5,2026-08-29,,current,first recorded binding,2026-08-29
UIO-MRCNCN-00,CE-001FD-XY,2026-08-29,,current,first recorded binding,2026-08-29
UIO-MRCNH1-00,CE-001FE-3Q,2026-08-29,,current,first recorded binding,2026-08-29
UIO-MRCNH2-00,CE-001FF-9G,2026-08-29,,current,first recorded binding,2026-08-29
UIO-MRCNH3-00,CE-001FG-F9,2026-08-29,,current,first recorded binding,2026-08-29
UIO-MRCNHL-00,CE-001FH-N2,2026-08-29,,current,first recorded binding,2026-08-29
UIO-MRCNLF-00,CE-001FJ-VV,2026-08-29,,current,first recorded binding,2026-08-29
UIO-MRCNRH-00,CE-001FK-1M,2026-08-29,,current,first recorded binding,2026-08-29
UIO-MRCNSF-00,CE-001FM-7D,2026-08-29,,current,first recorded binding,2026-08-29
UIO-NBRSKR-00,CE-001FN-D6,2026-08-29,,current,first recorded binding,2026-08-29
UIO-NVDRBN-00,CE-001FP-KZ,2026-08-29,,current,first recorded binding,2026-08-29
UIO-NWYRKC-00,CE-001FQ-SR,2026-08-29,,current,first recorded binding,2026-08-29
UIO-PROJEC-00,CE-001FR-ZH,2026-08-29,,current,first recorded binding,2026-08-29
UIO-RBNHL1-00,CE-001FS-5A,2026-08-29,,current,first recorded binding,2026-08-29
UIO-RBNNTR-00,CE-001FT-B3,2026-08-29,,current,first recorded binding,2026-08-29
UIO-RBNSLT-00,CE-001FV-HW,2026-08-29,,current,first recorded binding,2026-08-29
UIO-SCRMNT-00,CE-001FW-QN,2026-08-29,,current,first recorded binding,2026-08-29
UIO-SNDGMR-00,CE-001FX-XE,2026-08-29,,current,first recorded binding,2026-08-29
UIO-STHDKT-00,CE-001FY-37,2026-08-29,,current,first recorded binding,2026-08-29
UIO-STTLHL-00,CE-001FZ-90,2026-08-29,,current,first recorded binding,2026-08-29
UIO-TUCSON-00,CE-001G0-M9,2026-08-29,,current,first recorded binding,2026-08-29
