cedar_uid,name,entity_class,name_source,name_source_label,name_source_url,name_captured,name_match_route,prior_canonical_name,name_differs_from_prior
CE-00001-6S,Asa'carsarmiut Tribe,Federally recognized Alaska Native Village,bia_federal_register,"BIA, Indian Entities Recognized by and Eligible To Receive Services From the United States Bureau of Indian Affairs, 91 FR 4102",https://www.federalregister.gov/documents/2026/01/30/2026-01899/indian-entities-recognized-by-and-eligible-to-receive-services-from-the-united-states-bureau-of,2026-01-30,federal_register_legal_name [exact],Asa'carsarmiut,1
CE-00002-CJ,Native Village of Afognak,Federally recognized Alaska Native Village,bia_federal_register,"BIA, Indian Entities Recognized by and Eligible To Receive Services From the United States Bureau of Indian Affairs, 91 FR 4102",https://www.federalregister.gov/documents/2026/01/30/2026-01899/indian-entities-recognized-by-and-eligible-to-receive-services-from-the-united-states-bureau-of,2026-01-30,canonical_name [BIA name minus generic prefix],Afognak,1
CE-00003-JB,Agdaagux Tribe of King Cove,Federally recognized Alaska Native Village,bia_federal_register,"BIA, Indian Entities Recognized by and Eligible To Receive Services From the United States Bureau of Indian Affairs, 91 FR 4102",https://www.federalregister.gov/documents/2026/01/30/2026-01899/indian-entities-recognized-by-and-eligible-to-receive-services-from-the-united-states-bureau-of,2026-01-30,federal_register_legal_name [exact],Agdaagux,1
CE-00004-R4,Akiachak Native Community,Federally recognized Alaska Native Village,bia_federal_register,"BIA, Indian Entities Recognized by and Eligible To Receive Services From the United States Bureau of Indian Affairs, 91 FR 4102",https://www.federalregister.gov/documents/2026/01/30/2026-01899/indian-entities-recognized-by-and-eligible-to-receive-services-from-the-united-states-bureau-of,2026-01-30,federal_register_legal_name [exact],Akiachak,1
CE-00005-YX,Native Village of Akhiok,Federally recognized Alaska Native Village,bia_federal_register,"BIA, Indian Entities Recognized by and Eligible To Receive Services From the United States Bureau of Indian Affairs, 91 FR 4102",https://www.federalregister.gov/documents/2026/01/30/2026-01899/indian-entities-recognized-by-and-eligible-to-receive-services-from-the-united-states-bureau-of,2026-01-30,federal_register_legal_name [exact],Akhiok,1
CE-00006-4P,Akiak Native Community,Federally recognized Alaska Native Village,bia_federal_register,"BIA, Indian Entities Recognized by and Eligible To Receive Services From the United States Bureau of Indian Affairs, 91 FR 4102",https://www.federalregister.gov/documents/2026/01/30/2026-01899/indian-entities-recognized-by-and-eligible-to-receive-services-from-the-united-states-bureau-of,2026-01-30,federal_register_legal_name [exact],Akiak,1
CE-00007-AF,Native Village of Akutan,Federally recognized Alaska Native Village,bia_federal_register,"BIA, Indian Entities Recognized by and Eligible To Receive Services From the United States Bureau of Indian Affairs, 91 FR 4102",https://www.federalregister.gov/documents/2026/01/30/2026-01899/indian-entities-recognized-by-and-eligible-to-receive-services-from-the-united-states-bureau-of,2026-01-30,canonical_name [BIA name minus generic prefix],Akutan,1
CE-00008-G8,Allakaket Village,Federally recognized Alaska Native Village,bia_federal_register,"BIA, Indian Entities Recognized by and Eligible To Receive Services From the United States Bureau of Indian Affairs, 91 FR 4102",https://www.federalregister.gov/documents/2026/01/30/2026-01899/indian-entities-recognized-by-and-eligible-to-receive-services-from-the-united-states-bureau-of,2026-01-30,federal_register_legal_name [exact],Allakaket,1
CE-00009-P1,Village of Alakanuk,Federally recognized Alaska Native Village,bia_federal_register,"BIA, Indian Entities Recognized by and Eligible To Receive Services From the United States Bureau of Indian Affairs, 91 FR 4102",https://www.federalregister.gov/documents/2026/01/30/2026-01899/indian-entities-recognized-by-and-eligible-to-receive-services-from-the-united-states-bureau-of,2026-01-30,canonical_name [BIA name minus generic prefix],Alakanuk,1
CE-0000A-WT,Alatna Village,Federally recognized Alaska Native Village,bia_federal_register,"BIA, Indian Entities Recognized by and Eligible To Receive Services From the United States Bureau of Indian Affairs, 91 FR 4102",https://www.federalregister.gov/documents/2026/01/30/2026-01899/indian-entities-recognized-by-and-eligible-to-receive-services-from-the-united-states-bureau-of,2026-01-30,federal_register_legal_name [exact],Alatna,1
CE-0000B-2K,Algaaciq Native Village (St. Mary's),Federally recognized Alaska Native Village,bia_federal_register,"BIA, Indian Entities Recognized by and Eligible To Receive Services From the United States Bureau of Indian Affairs, 91 FR 4102",https://www.federalregister.gov/documents/2026/01/30/2026-01899/indian-entities-recognized-by-and-eligible-to-receive-services-from-the-united-states-bureau-of,2026-01-30,canonical_name [generic-word-stripped core name],Algaaciq,1
CE-0000C-8C,Native Village of Aleknagik,Federally recognized Alaska Native Village,bia_federal_register,"BIA, Indian Entities Recognized by and Eligible To Receive Services From the United States Bureau of Indian Affairs, 91 FR 4102",https://www.federalregister.gov/documents/2026/01/30/2026-01899/indian-entities-recognized-by-and-eligible-to-receive-services-from-the-united-states-bureau-of,2026-01-30,federal_register_legal_name [exact],Aleknagik,1
CE-0000D-E5,Alutiiq Tribe of Old Harbor,Federally recognized Alaska Native Village,bia_federal_register,"BIA, Indian Entities Recognized by and Eligible To Receive Services From the United States Bureau of Indian Affairs, 91 FR 4102",https://www.federalregister.gov/documents/2026/01/30/2026-01899/indian-entities-recognized-by-and-eligible-to-receive-services-from-the-united-states-bureau-of,2026-01-30,federal_register_legal_name [exact],Alutiiq,1
CE-0000E-MY,Native Village of Ambler,Federally recognized Alaska Native Village,bia_federal_register,"BIA, Indian Entities Recognized by and Eligible To Receive Services From the United States Bureau of Indian Affairs, 91 FR 4102",https://www.federalregister.gov/documents/2026/01/30/2026-01899/indian-entities-recognized-by-and-eligible-to-receive-services-from-the-united-states-bureau-of,2026-01-30,federal_register_legal_name [exact],Ambler,1
CE-0000F-TQ,Angoon Community Association,Federally recognized Alaska Native Village,bia_federal_register,"BIA, Indian Entities Recognized by and Eligible To Receive Services From the United States Bureau of Indian Affairs, 91 FR 4102",https://www.federalregister.gov/documents/2026/01/30/2026-01899/indian-entities-recognized-by-and-eligible-to-receive-services-from-the-united-states-bureau-of,2026-01-30,federal_register_legal_name [exact],Angoon,1
CE-0000G-0G,Village of Anaktuvuk Pass,Federally recognized Alaska Native Village,bia_federal_register,"BIA, Indian Entities Recognized by and Eligible To Receive Services From the United States Bureau of Indian Affairs, 91 FR 4102",https://www.federalregister.gov/documents/2026/01/30/2026-01899/indian-entities-recognized-by-and-eligible-to-receive-services-from-the-united-states-bureau-of,2026-01-30,federal_register_legal_name [exact],Anaktuvuk Pass,1
CE-0000H-69,Anvik Village,Federally recognized Alaska Native Village,bia_federal_register,"BIA, Indian Entities Recognized by and Eligible To Receive Services From the United States Bureau of Indian Affairs, 91 FR 4102",https://www.federalregister.gov/documents/2026/01/30/2026-01899/indian-entities-recognized-by-and-eligible-to-receive-services-from-the-united-states-bureau-of,2026-01-30,federal_register_legal_name [exact],Anvik,1
CE-0000J-C2,Arctic Village (See Native Village of Venetie Tribal Government),Federally recognized Alaska Native Village,bia_federal_register,"BIA, Indian Entities Recognized by and Eligible To Receive Services From the United States Bureau of Indian Affairs, 91 FR 4102",https://www.federalregister.gov/documents/2026/01/30/2026-01899/indian-entities-recognized-by-and-eligible-to-receive-services-from-the-united-states-bureau-of,2026-01-30,canonical_name [close],Arctic Village,1
CE-0000K-JV,Native Village of Atka,Federally recognized Alaska Native Village,bia_federal_register,"BIA, Indian Entities Recognized by and Eligible To Receive Services From the United States Bureau of Indian Affairs, 91 FR 4102",https://www.federalregister.gov/documents/2026/01/30/2026-01899/indian-entities-recognized-by-and-eligible-to-receive-services-from-the-united-states-bureau-of,2026-01-30,federal_register_legal_name [exact],Atka,1
CE-0000M-RM,Village of Atmautluak,Federally recognized Alaska Native Village,bia_federal_register,"BIA, Indian Entities Recognized by and Eligible To Receive Services From the United States Bureau of Indian Affairs, 91 FR 4102",https://www.federalregister.gov/documents/2026/01/30/2026-01899/indian-entities-recognized-by-and-eligible-to-receive-services-from-the-united-states-bureau-of,2026-01-30,canonical_name [BIA name minus generic prefix],Atmautluak,1
CE-0000N-YD,Native Village of Atqasuk,Federally recognized Alaska Native Village,bia_federal_register,"BIA, Indian Entities Recognized by and Eligible To Receive Services From the United States Bureau of Indian Affairs, 91 FR 4102",https://www.federalregister.gov/documents/2026/01/30/2026-01899/indian-entities-recognized-by-and-eligible-to-receive-services-from-the-united-states-bureau-of,2026-01-30,federal_register_legal_name [generic-word-stripped core name],Atqasuk,1
CE-0000P-46,Native Village of Buckland,Federally recognized Alaska Native Village,bia_federal_register,"BIA, Indian Entities Recognized by and Eligible To Receive Services From the United States Bureau of Indian Affairs, 91 FR 4102",https://www.federalregister.gov/documents/2026/01/30/2026-01899/indian-entities-recognized-by-and-eligible-to-receive-services-from-the-united-states-bureau-of,2026-01-30,federal_register_legal_name [exact],Buckland,1
CE-0000Q-AZ,Beaver Village,Federally recognized Alaska Native Village,bia_federal_register,"BIA, Indian Entities Recognized by and Eligible To Receive Services From the United States Bureau of Indian Affairs, 91 FR 4102",https://www.federalregister.gov/documents/2026/01/30/2026-01899/indian-entities-recognized-by-and-eligible-to-receive-services-from-the-united-states-bureau-of,2026-01-30,federal_register_legal_name [exact],Beaver,1
CE-0000R-GR,Birch Creek Tribe,Federally recognized Alaska Native Village,bia_federal_register,"BIA, Indian Entities Recognized by and Eligible To Receive Services From the United States Bureau of Indian Affairs, 91 FR 4102",https://www.federalregister.gov/documents/2026/01/30/2026-01899/indian-entities-recognized-by-and-eligible-to-receive-services-from-the-united-states-bureau-of,2026-01-30,federal_register_legal_name [exact],Birch Creek,1
CE-0000S-PH,Native Village of Belkofski,Federally recognized Alaska Native Village,bia_federal_register,"BIA, Indian Entities Recognized by and Eligible To Receive Services From the United States Bureau of Indian Affairs, 91 FR 4102",https://www.federalregister.gov/documents/2026/01/30/2026-01899/indian-entities-recognized-by-and-eligible-to-receive-services-from-the-united-states-bureau-of,2026-01-30,canonical_name [BIA name minus generic prefix],Belkofski,1
CE-0000T-WA,Village of Bill Moore's Slough,Federally recognized Alaska Native Village,bia_federal_register,"BIA, Indian Entities Recognized by and Eligible To Receive Services From the United States Bureau of Indian Affairs, 91 FR 4102",https://www.federalregister.gov/documents/2026/01/30/2026-01899/indian-entities-recognized-by-and-eligible-to-receive-services-from-the-united-states-bureau-of,2026-01-30,federal_register_legal_name [exact],Bill Moore's Slough,1
CE-0000V-23,Native Village of Brevig Mission,Federally recognized Alaska Native Village,bia_federal_register,"BIA, Indian Entities Recognized by and Eligible To Receive Services From the United States Bureau of Indian Affairs, 91 FR 4102",https://www.federalregister.gov/documents/2026/01/30/2026-01899/indian-entities-recognized-by-and-eligible-to-receive-services-from-the-united-states-bureau-of,2026-01-30,canonical_name [BIA name minus generic prefix],Brevig Mission,1
CE-0000W-8W,Chignik Bay Tribal Council,Federally recognized Alaska Native Village,bia_federal_register,"BIA, Indian Entities Recognized by and Eligible To Receive Services From the United States Bureau of Indian Affairs, 91 FR 4102",https://www.federalregister.gov/documents/2026/01/30/2026-01899/indian-entities-recognized-by-and-eligible-to-receive-services-from-the-united-states-bureau-of,2026-01-30,federal_register_legal_name [exact],Chignik Bay,1
CE-0000X-EN,Native Village of Chignik Lagoon,Federally recognized Alaska Native Village,bia_federal_register,"BIA, Indian Entities Recognized by and Eligible To Receive Services From the United States Bureau of Indian Affairs, 91 FR 4102",https://www.federalregister.gov/documents/2026/01/30/2026-01899/indian-entities-recognized-by-and-eligible-to-receive-services-from-the-united-states-bureau-of,2026-01-30,canonical_name [BIA name minus generic prefix],Chignik Lagoon,1
CE-0000Y-ME,Chignik Lake Village,Federally recognized Alaska Native Village,bia_federal_register,"BIA, Indian Entities Recognized by and Eligible To Receive Services From the United States Bureau of Indian Affairs, 91 FR 4102",https://www.federalregister.gov/documents/2026/01/30/2026-01899/indian-entities-recognized-by-and-eligible-to-receive-services-from-the-united-states-bureau-of,2026-01-30,federal_register_legal_name [exact],Chignik Lake,1
CE-0000Z-T7,Chickaloon Native Village,Federally recognized Alaska Native Village,bia_federal_register,"BIA, Indian Entities Recognized by and Eligible To Receive Services From the United States Bureau of Indian Affairs, 91 FR 4102",https://www.federalregister.gov/documents/2026/01/30/2026-01899/indian-entities-recognized-by-and-eligible-to-receive-services-from-the-united-states-bureau-of,2026-01-30,federal_register_legal_name [exact],Chickaloon,1
CE-00010-5G,Chevak Native Village,Federally recognized Alaska Native Village,bia_federal_register,"BIA, Indian Entities Recognized by and Eligible To Receive Services From the United States Bureau of Indian Affairs, 91 FR 4102",https://www.federalregister.gov/documents/2026/01/30/2026-01899/indian-entities-recognized-by-and-eligible-to-receive-services-from-the-united-states-bureau-of,2026-01-30,canonical_name [generic-word-stripped core name],Chevak,1
CE-00011-B9,Village of Chefornak,Federally recognized Alaska Native Village,bia_federal_register,"BIA, Indian Entities Recognized by and Eligible To Receive Services From the United States Bureau of Indian Affairs, 91 FR 4102",https://www.federalregister.gov/documents/2026/01/30/2026-01899/indian-entities-recognized-by-and-eligible-to-receive-services-from-the-united-states-bureau-of,2026-01-30,federal_register_legal_name [exact],Chefornak,1
CE-00012-H2,Chinik Eskimo Community (Golovin),Federally recognized Alaska Native Village,bia_federal_register,"BIA, Indian Entities Recognized by and Eligible To Receive Services From the United States Bureau of Indian Affairs, 91 FR 4102",https://www.federalregister.gov/documents/2026/01/30/2026-01899/indian-entities-recognized-by-and-eligible-to-receive-services-from-the-united-states-bureau-of,2026-01-30,federal_register_legal_name [exact],Chinik,1
CE-00013-QV,Chilkat Indian Village (Klukwan),Federally recognized Alaska Native Village,bia_federal_register,"BIA, Indian Entities Recognized by and Eligible To Receive Services From the United States Bureau of Indian Affairs, 91 FR 4102",https://www.federalregister.gov/documents/2026/01/30/2026-01899/indian-entities-recognized-by-and-eligible-to-receive-services-from-the-united-states-bureau-of,2026-01-30,federal_register_legal_name [exact],Chilkat,1
CE-00014-XM,Chalkyitsik Village,Federally recognized Alaska Native Village,bia_federal_register,"BIA, Indian Entities Recognized by and Eligible To Receive Services From the United States Bureau of Indian Affairs, 91 FR 4102",https://www.federalregister.gov/documents/2026/01/30/2026-01899/indian-entities-recognized-by-and-eligible-to-receive-services-from-the-united-states-bureau-of,2026-01-30,canonical_name [generic-word-stripped core name],Chalkyitsik,1
CE-00015-3D,Native Village of Chenega,Federally recognized Alaska Native Village,bia_federal_register,"BIA, Indian Entities Recognized by and Eligible To Receive Services From the United States Bureau of Indian Affairs, 91 FR 4102",https://www.federalregister.gov/documents/2026/01/30/2026-01899/indian-entities-recognized-by-and-eligible-to-receive-services-from-the-united-states-bureau-of,2026-01-30,canonical_name [BIA name minus generic prefix],Chenega,1
CE-00016-96,Cheesh-Na Tribe,Federally recognized Alaska Native Village,bia_federal_register,"BIA, Indian Entities Recognized by and Eligible To Receive Services From the United States Bureau of Indian Affairs, 91 FR 4102",https://www.federalregister.gov/documents/2026/01/30/2026-01899/indian-entities-recognized-by-and-eligible-to-receive-services-from-the-united-states-bureau-of,2026-01-30,federal_register_legal_name [exact],Cheesh-Na,1
CE-00017-FZ,"Native Village of Chuathbaluk (Russian Mission, Kuskokwim)",Federally recognized Alaska Native Village,bia_federal_register,"BIA, Indian Entities Recognized by and Eligible To Receive Services From the United States Bureau of Indian Affairs, 91 FR 4102",https://www.federalregister.gov/documents/2026/01/30/2026-01899/indian-entities-recognized-by-and-eligible-to-receive-services-from-the-united-states-bureau-of,2026-01-30,canonical_name [BIA name minus generic prefix],Chuathbaluk,1
CE-00018-NR,Native Village of Chitina,Federally recognized Alaska Native Village,bia_federal_register,"BIA, Indian Entities Recognized by and Eligible To Receive Services From the United States Bureau of Indian Affairs, 91 FR 4102",https://www.federalregister.gov/documents/2026/01/30/2026-01899/indian-entities-recognized-by-and-eligible-to-receive-services-from-the-united-states-bureau-of,2026-01-30,canonical_name [BIA name minus generic prefix],Chitina,1
CE-00019-VH,Circle Native Community,Federally recognized Alaska Native Village,bia_federal_register,"BIA, Indian Entities Recognized by and Eligible To Receive Services From the United States Bureau of Indian Affairs, 91 FR 4102",https://www.federalregister.gov/documents/2026/01/30/2026-01899/indian-entities-recognized-by-and-eligible-to-receive-services-from-the-united-states-bureau-of,2026-01-30,federal_register_legal_name [exact],Circle,1
CE-0001A-1A,Chilkoot Indian Association (Haines),Federally recognized Alaska Native Village,bia_federal_register,"BIA, Indian Entities Recognized by and Eligible To Receive Services From the United States Bureau of Indian Affairs, 91 FR 4102",https://www.federalregister.gov/documents/2026/01/30/2026-01899/indian-entities-recognized-by-and-eligible-to-receive-services-from-the-united-states-bureau-of,2026-01-30,federal_register_legal_name [exact],Chilkoot,1
CE-0001B-73,Chuloonawick Native Village,Federally recognized Alaska Native Village,bia_federal_register,"BIA, Indian Entities Recognized by and Eligible To Receive Services From the United States Bureau of Indian Affairs, 91 FR 4102",https://www.federalregister.gov/documents/2026/01/30/2026-01899/indian-entities-recognized-by-and-eligible-to-receive-services-from-the-united-states-bureau-of,2026-01-30,canonical_name [generic-word-stripped core name],Chuloonawick,1
CE-0001C-DW,Village of Clarks Point,Federally recognized Alaska Native Village,bia_federal_register,"BIA, Indian Entities Recognized by and Eligible To Receive Services From the United States Bureau of Indian Affairs, 91 FR 4102",https://www.federalregister.gov/documents/2026/01/30/2026-01899/indian-entities-recognized-by-and-eligible-to-receive-services-from-the-united-states-bureau-of,2026-01-30,federal_register_legal_name [exact],Clark's Point,1
CE-0001D-KN,Native Village of Cantwell,Federally recognized Alaska Native Village,bia_federal_register,"BIA, Indian Entities Recognized by and Eligible To Receive Services From the United States Bureau of Indian Affairs, 91 FR 4102",https://www.federalregister.gov/documents/2026/01/30/2026-01899/indian-entities-recognized-by-and-eligible-to-receive-services-from-the-united-states-bureau-of,2026-01-30,federal_register_legal_name [exact],Cantwell,1
CE-0001E-SE,Native Village of Council,Federally recognized Alaska Native Village,bia_federal_register,"BIA, Indian Entities Recognized by and Eligible To Receive Services From the United States Bureau of Indian Affairs, 91 FR 4102",https://www.federalregister.gov/documents/2026/01/30/2026-01899/indian-entities-recognized-by-and-eligible-to-receive-services-from-the-united-states-bureau-of,2026-01-30,canonical_name [BIA name minus generic prefix],Council,1
CE-0001F-Z7,Craig Tribal Association,Federally recognized Alaska Native Village,bia_federal_register,"BIA, Indian Entities Recognized by and Eligible To Receive Services From the United States Bureau of Indian Affairs, 91 FR 4102",https://www.federalregister.gov/documents/2026/01/30/2026-01899/indian-entities-recognized-by-and-eligible-to-receive-services-from-the-united-states-bureau-of,2026-01-30,federal_register_legal_name [exact],Craig,1
CE-0001G-50,Village of Crooked Creek,Federally recognized Alaska Native Village,bia_federal_register,"BIA, Indian Entities Recognized by and Eligible To Receive Services From the United States Bureau of Indian Affairs, 91 FR 4102",https://www.federalregister.gov/documents/2026/01/30/2026-01899/indian-entities-recognized-by-and-eligible-to-receive-services-from-the-united-states-bureau-of,2026-01-30,federal_register_legal_name [exact],Crooked Creek,1
CE-0001H-BS,Curyung Tribal Council,Federally recognized Alaska Native Village,bia_federal_register,"BIA, Indian Entities Recognized by and Eligible To Receive Services From the United States Bureau of Indian Affairs, 91 FR 4102",https://www.federalregister.gov/documents/2026/01/30/2026-01899/indian-entities-recognized-by-and-eligible-to-receive-services-from-the-united-states-bureau-of,2026-01-30,federal_register_legal_name [exact],Curyung,1
CE-0001J-HJ,Native Village of Deering,Federally recognized Alaska Native Village,bia_federal_register,"BIA, Indian Entities Recognized by and Eligible To Receive Services From the United States Bureau of Indian Affairs, 91 FR 4102",https://www.federalregister.gov/documents/2026/01/30/2026-01899/indian-entities-recognized-by-and-eligible-to-receive-services-from-the-united-states-bureau-of,2026-01-30,federal_register_legal_name [exact],Deering,1
CE-0001K-QB,Village of Dot Lake,Federally recognized Alaska Native Village,bia_federal_register,"BIA, Indian Entities Recognized by and Eligible To Receive Services From the United States Bureau of Indian Affairs, 91 FR 4102",https://www.federalregister.gov/documents/2026/01/30/2026-01899/indian-entities-recognized-by-and-eligible-to-receive-services-from-the-united-states-bureau-of,2026-01-30,canonical_name [BIA name minus generic prefix],Dot Lake,1
CE-0001M-X4,Douglas Indian Association,Federally recognized Alaska Native Village,bia_federal_register,"BIA, Indian Entities Recognized by and Eligible To Receive Services From the United States Bureau of Indian Affairs, 91 FR 4102",https://www.federalregister.gov/documents/2026/01/30/2026-01899/indian-entities-recognized-by-and-eligible-to-receive-services-from-the-united-states-bureau-of,2026-01-30,federal_register_legal_name [exact],Douglas,1
CE-0001N-3X,Egegik Village,Federally recognized Alaska Native Village,bia_federal_register,"BIA, Indian Entities Recognized by and Eligible To Receive Services From the United States Bureau of Indian Affairs, 91 FR 4102",https://www.federalregister.gov/documents/2026/01/30/2026-01899/indian-entities-recognized-by-and-eligible-to-receive-services-from-the-united-states-bureau-of,2026-01-30,federal_register_legal_name [exact],Egegik,1
CE-0001P-9P,Eklutna Native Village,Federally recognized Alaska Native Village,bia_federal_register,"BIA, Indian Entities Recognized by and Eligible To Receive Services From the United States Bureau of Indian Affairs, 91 FR 4102",https://www.federalregister.gov/documents/2026/01/30/2026-01899/indian-entities-recognized-by-and-eligible-to-receive-services-from-the-united-states-bureau-of,2026-01-30,canonical_name [generic-word-stripped core name],Eklutna,1
CE-0001Q-FF,Emmonak Village,Federally recognized Alaska Native Village,bia_federal_register,"BIA, Indian Entities Recognized by and Eligible To Receive Services From the United States Bureau of Indian Affairs, 91 FR 4102",https://www.federalregister.gov/documents/2026/01/30/2026-01899/indian-entities-recognized-by-and-eligible-to-receive-services-from-the-united-states-bureau-of,2026-01-30,canonical_name [generic-word-stripped core name],Emmonak,1
CE-0001R-N8,Evansville Village (aka Bettles Field),Federally recognized Alaska Native Village,bia_federal_register,"BIA, Indian Entities Recognized by and Eligible To Receive Services From the United States Bureau of Indian Affairs, 91 FR 4102",https://www.federalregister.gov/documents/2026/01/30/2026-01899/indian-entities-recognized-by-and-eligible-to-receive-services-from-the-united-states-bureau-of,2026-01-30,canonical_name [generic-word-stripped core name],Evansville,1
CE-0001S-V1,Native Village of False Pass,Federally recognized Alaska Native Village,bia_federal_register,"BIA, Indian Entities Recognized by and Eligible To Receive Services From the United States Bureau of Indian Affairs, 91 FR 4102",https://www.federalregister.gov/documents/2026/01/30/2026-01899/indian-entities-recognized-by-and-eligible-to-receive-services-from-the-united-states-bureau-of,2026-01-30,federal_register_legal_name [exact],False Pass,1
CE-0001T-1T,Native Village of Gakona,Federally recognized Alaska Native Village,bia_federal_register,"BIA, Indian Entities Recognized by and Eligible To Receive Services From the United States Bureau of Indian Affairs, 91 FR 4102",https://www.federalregister.gov/documents/2026/01/30/2026-01899/indian-entities-recognized-by-and-eligible-to-receive-services-from-the-united-states-bureau-of,2026-01-30,federal_register_legal_name [exact],Gakona,1
CE-0001V-7K,Native Village of Gambell,Federally recognized Alaska Native Village,bia_federal_register,"BIA, Indian Entities Recognized by and Eligible To Receive Services From the United States Bureau of Indian Affairs, 91 FR 4102",https://www.federalregister.gov/documents/2026/01/30/2026-01899/indian-entities-recognized-by-and-eligible-to-receive-services-from-the-united-states-bureau-of,2026-01-30,federal_register_legal_name [exact],Gambell,1
CE-0001W-DC,Native Village of Georgetown,Federally recognized Alaska Native Village,bia_federal_register,"BIA, Indian Entities Recognized by and Eligible To Receive Services From the United States Bureau of Indian Affairs, 91 FR 4102",https://www.federalregister.gov/documents/2026/01/30/2026-01899/indian-entities-recognized-by-and-eligible-to-receive-services-from-the-united-states-bureau-of,2026-01-30,federal_register_legal_name [exact],Georgetown,1
CE-0001X-K5,Gulkana Village Council,Federally recognized Alaska Native Village,bia_federal_register,"BIA, Indian Entities Recognized by and Eligible To Receive Services From the United States Bureau of Indian Affairs, 91 FR 4102",https://www.federalregister.gov/documents/2026/01/30/2026-01899/indian-entities-recognized-by-and-eligible-to-receive-services-from-the-united-states-bureau-of,2026-01-30,federal_register_legal_name [exact],Gulkana,1
CE-0001Y-SY,Native Village of Goodnews Bay,Federally recognized Alaska Native Village,bia_federal_register,"BIA, Indian Entities Recognized by and Eligible To Receive Services From the United States Bureau of Indian Affairs, 91 FR 4102",https://www.federalregister.gov/documents/2026/01/30/2026-01899/indian-entities-recognized-by-and-eligible-to-receive-services-from-the-united-states-bureau-of,2026-01-30,federal_register_legal_name [exact],Goodnews Bay,1
CE-0001Z-ZQ,Organized Village of Grayling (aka Holikachuk),Federally recognized Alaska Native Village,bia_federal_register,"BIA, Indian Entities Recognized by and Eligible To Receive Services From the United States Bureau of Indian Affairs, 91 FR 4102",https://www.federalregister.gov/documents/2026/01/30/2026-01899/indian-entities-recognized-by-and-eligible-to-receive-services-from-the-united-states-bureau-of,2026-01-30,federal_register_legal_name [normalised],Grayling,1
CE-00020-A0,Native Village of Fort Yukon,Federally recognized Alaska Native Village,bia_federal_register,"BIA, Indian Entities Recognized by and Eligible To Receive Services From the United States Bureau of Indian Affairs, 91 FR 4102",https://www.federalregister.gov/documents/2026/01/30/2026-01899/indian-entities-recognized-by-and-eligible-to-receive-services-from-the-united-states-bureau-of,2026-01-30,federal_register_legal_name [exact],Fort Yukon,1
CE-00021-GS,Native Village of Hamilton,Federally recognized Alaska Native Village,bia_federal_register,"BIA, Indian Entities Recognized by and Eligible To Receive Services From the United States Bureau of Indian Affairs, 91 FR 4102",https://www.federalregister.gov/documents/2026/01/30/2026-01899/indian-entities-recognized-by-and-eligible-to-receive-services-from-the-united-states-bureau-of,2026-01-30,federal_register_legal_name [exact],Hamilton,1
CE-00022-PJ,Holy Cross Tribe,Federally recognized Alaska Native Village,bia_federal_register,"BIA, Indian Entities Recognized by and Eligible To Receive Services From the United States Bureau of Indian Affairs, 91 FR 4102",https://www.federalregister.gov/documents/2026/01/30/2026-01899/indian-entities-recognized-by-and-eligible-to-receive-services-from-the-united-states-bureau-of,2026-01-30,federal_register_legal_name [exact],Holy Cross,1
CE-00023-WB,Hydaburg Cooperative Association,Federally recognized Alaska Native Village,bia_federal_register,"BIA, Indian Entities Recognized by and Eligible To Receive Services From the United States Bureau of Indian Affairs, 91 FR 4102",https://www.federalregister.gov/documents/2026/01/30/2026-01899/indian-entities-recognized-by-and-eligible-to-receive-services-from-the-united-states-bureau-of,2026-01-30,federal_register_legal_name [exact],Hydaburg,1
CE-00024-24,Healy Lake Village,Federally recognized Alaska Native Village,bia_federal_register,"BIA, Indian Entities Recognized by and Eligible To Receive Services From the United States Bureau of Indian Affairs, 91 FR 4102",https://www.federalregister.gov/documents/2026/01/30/2026-01899/indian-entities-recognized-by-and-eligible-to-receive-services-from-the-united-states-bureau-of,2026-01-30,federal_register_legal_name [exact],Healy Lake,1
CE-00025-8X,Hoonah Indian Association,Federally recognized Alaska Native Village,bia_federal_register,"BIA, Indian Entities Recognized by and Eligible To Receive Services From the United States Bureau of Indian Affairs, 91 FR 4102",https://www.federalregister.gov/documents/2026/01/30/2026-01899/indian-entities-recognized-by-and-eligible-to-receive-services-from-the-united-states-bureau-of,2026-01-30,federal_register_legal_name [exact],Hoonah,1
CE-00026-EP,Native Village of Hooper Bay,Federally recognized Alaska Native Village,bia_federal_register,"BIA, Indian Entities Recognized by and Eligible To Receive Services From the United States Bureau of Indian Affairs, 91 FR 4102",https://www.federalregister.gov/documents/2026/01/30/2026-01899/indian-entities-recognized-by-and-eligible-to-receive-services-from-the-united-states-bureau-of,2026-01-30,federal_register_legal_name [exact],Hooper Bay,1
CE-00027-MF,Hughes Village,Federally recognized Alaska Native Village,bia_federal_register,"BIA, Indian Entities Recognized by and Eligible To Receive Services From the United States Bureau of Indian Affairs, 91 FR 4102",https://www.federalregister.gov/documents/2026/01/30/2026-01899/indian-entities-recognized-by-and-eligible-to-receive-services-from-the-united-states-bureau-of,2026-01-30,federal_register_legal_name [exact],Hughes,1
CE-00028-T8,Huslia Village,Federally recognized Alaska Native Village,bia_federal_register,"BIA, Indian Entities Recognized by and Eligible To Receive Services From the United States Bureau of Indian Affairs, 91 FR 4102",https://www.federalregister.gov/documents/2026/01/30/2026-01899/indian-entities-recognized-by-and-eligible-to-receive-services-from-the-united-states-bureau-of,2026-01-30,federal_register_legal_name [exact],Huslia,1
CE-00029-01,Igiugig Village,Federally recognized Alaska Native Village,bia_federal_register,"BIA, Indian Entities Recognized by and Eligible To Receive Services From the United States Bureau of Indian Affairs, 91 FR 4102",https://www.federalregister.gov/documents/2026/01/30/2026-01899/indian-entities-recognized-by-and-eligible-to-receive-services-from-the-united-states-bureau-of,2026-01-30,canonical_name [generic-word-stripped core name],Igiugig,1
CE-0002A-6T,Native Village of Diomede (aka Inalik),Federally recognized Alaska Native Village,bia_federal_register,"BIA, Indian Entities Recognized by and Eligible To Receive Services From the United States Bureau of Indian Affairs, 91 FR 4102",https://www.federalregister.gov/documents/2026/01/30/2026-01899/indian-entities-recognized-by-and-eligible-to-receive-services-from-the-united-states-bureau-of,2026-01-30,federal_register_legal_name [normalised],Diomede,1
CE-0002B-CK,Inupiat Community of the Arctic Slope,Federally recognized Alaska Native Village,bia_federal_register,"BIA, Indian Entities Recognized by and Eligible To Receive Services From the United States Bureau of Indian Affairs, 91 FR 4102",https://www.federalregister.gov/documents/2026/01/30/2026-01899/indian-entities-recognized-by-and-eligible-to-receive-services-from-the-united-states-bureau-of,2026-01-30,federal_register_legal_name [exact],Inupiat,1
CE-0002C-JC,Native Village of Barrow Inupiat Traditional Government,Federally recognized Alaska Native Village,bia_federal_register,"BIA, Indian Entities Recognized by and Eligible To Receive Services From the United States Bureau of Indian Affairs, 91 FR 4102",https://www.federalregister.gov/documents/2026/01/30/2026-01899/indian-entities-recognized-by-and-eligible-to-receive-services-from-the-united-states-bureau-of,2026-01-30,federal_register_legal_name [exact],Barrow,1
CE-0002D-R5,Iqugmiut Traditional Council,Federally recognized Alaska Native Village,bia_federal_register,"BIA, Indian Entities Recognized by and Eligible To Receive Services From the United States Bureau of Indian Affairs, 91 FR 4102",https://www.federalregister.gov/documents/2026/01/30/2026-01899/indian-entities-recognized-by-and-eligible-to-receive-services-from-the-united-states-bureau-of,2026-01-30,federal_register_legal_name [exact],Iqugmiut,1
CE-0002E-YY,Ivanof Bay Tribe,Federally recognized Alaska Native Village,bia_federal_register,"BIA, Indian Entities Recognized by and Eligible To Receive Services From the United States Bureau of Indian Affairs, 91 FR 4102",https://www.federalregister.gov/documents/2026/01/30/2026-01899/indian-entities-recognized-by-and-eligible-to-receive-services-from-the-united-states-bureau-of,2026-01-30,federal_register_legal_name [exact],Ivanof Bay,1
CE-0002F-4Q,Kaguyak Village,Federally recognized Alaska Native Village,bia_federal_register,"BIA, Indian Entities Recognized by and Eligible To Receive Services From the United States Bureau of Indian Affairs, 91 FR 4102",https://www.federalregister.gov/documents/2026/01/30/2026-01899/indian-entities-recognized-by-and-eligible-to-receive-services-from-the-united-states-bureau-of,2026-01-30,federal_register_legal_name [exact],Kaguyuk,1
CE-0002G-AG,Village of Kaltag,Federally recognized Alaska Native Village,bia_federal_register,"BIA, Indian Entities Recognized by and Eligible To Receive Services From the United States Bureau of Indian Affairs, 91 FR 4102",https://www.federalregister.gov/documents/2026/01/30/2026-01899/indian-entities-recognized-by-and-eligible-to-receive-services-from-the-united-states-bureau-of,2026-01-30,federal_register_legal_name [exact],Kaltag,1
CE-0002H-G9,Native Village of Kanatak,Federally recognized Alaska Native Village,bia_federal_register,"BIA, Indian Entities Recognized by and Eligible To Receive Services From the United States Bureau of Indian Affairs, 91 FR 4102",https://www.federalregister.gov/documents/2026/01/30/2026-01899/indian-entities-recognized-by-and-eligible-to-receive-services-from-the-united-states-bureau-of,2026-01-30,federal_register_legal_name [exact],Kanatak,1
CE-0002J-P2,Native Village of Karluk,Federally recognized Alaska Native Village,bia_federal_register,"BIA, Indian Entities Recognized by and Eligible To Receive Services From the United States Bureau of Indian Affairs, 91 FR 4102",https://www.federalregister.gov/documents/2026/01/30/2026-01899/indian-entities-recognized-by-and-eligible-to-receive-services-from-the-united-states-bureau-of,2026-01-30,federal_register_legal_name [exact],Karluk,1
CE-0002K-WV,Organized Village of Kasaan,Federally recognized Alaska Native Village,bia_federal_register,"BIA, Indian Entities Recognized by and Eligible To Receive Services From the United States Bureau of Indian Affairs, 91 FR 4102",https://www.federalregister.gov/documents/2026/01/30/2026-01899/indian-entities-recognized-by-and-eligible-to-receive-services-from-the-united-states-bureau-of,2026-01-30,federal_register_legal_name [exact],Kasaan,1
CE-0002M-2M,Kenaitze Indian Tribe,Federally recognized Alaska Native Village,bia_federal_register,"BIA, Indian Entities Recognized by and Eligible To Receive Services From the United States Bureau of Indian Affairs, 91 FR 4102",https://www.federalregister.gov/documents/2026/01/30/2026-01899/indian-entities-recognized-by-and-eligible-to-receive-services-from-the-united-states-bureau-of,2026-01-30,federal_register_legal_name [exact],Kenaitze,1
CE-0002N-8D,Native Village of Kipnuk,Federally recognized Alaska Native Village,bia_federal_register,"BIA, Indian Entities Recognized by and Eligible To Receive Services From the United States Bureau of Indian Affairs, 91 FR 4102",https://www.federalregister.gov/documents/2026/01/30/2026-01899/indian-entities-recognized-by-and-eligible-to-receive-services-from-the-united-states-bureau-of,2026-01-30,federal_register_legal_name [exact],Kipnuk,1
CE-0002P-E6,Kaktovik Village (aka Barter Island),Federally recognized Alaska Native Village,bia_federal_register,"BIA, Indian Entities Recognized by and Eligible To Receive Services From the United States Bureau of Indian Affairs, 91 FR 4102",https://www.federalregister.gov/documents/2026/01/30/2026-01899/indian-entities-recognized-by-and-eligible-to-receive-services-from-the-united-states-bureau-of,2026-01-30,federal_register_legal_name [normalised],Kaktovik,1
CE-0002Q-MZ,Klawock Cooperative Association,Federally recognized Alaska Native Village,bia_federal_register,"BIA, Indian Entities Recognized by and Eligible To Receive Services From the United States Bureau of Indian Affairs, 91 FR 4102",https://www.federalregister.gov/documents/2026/01/30/2026-01899/indian-entities-recognized-by-and-eligible-to-receive-services-from-the-united-states-bureau-of,2026-01-30,federal_register_legal_name [exact],Klawock,1
CE-0002R-TR,Village of Kalskag,Federally recognized Alaska Native Village,bia_federal_register,"BIA, Indian Entities Recognized by and Eligible To Receive Services From the United States Bureau of Indian Affairs, 91 FR 4102",https://www.federalregister.gov/documents/2026/01/30/2026-01899/indian-entities-recognized-by-and-eligible-to-receive-services-from-the-united-states-bureau-of,2026-01-30,federal_register_legal_name [exact],Kalskag,1
CE-0002S-0H,Native Village of Kluti Kaah (aka Copper Center),Federally recognized Alaska Native Village,bia_federal_register,"BIA, Indian Entities Recognized by and Eligible To Receive Services From the United States Bureau of Indian Affairs, 91 FR 4102",https://www.federalregister.gov/documents/2026/01/30/2026-01899/indian-entities-recognized-by-and-eligible-to-receive-services-from-the-united-states-bureau-of,2026-01-30,federal_register_legal_name [normalised],Kluti Kaah,1
CE-0002T-6A,Native Village of Kongiganak,Federally recognized Alaska Native Village,bia_federal_register,"BIA, Indian Entities Recognized by and Eligible To Receive Services From the United States Bureau of Indian Affairs, 91 FR 4102",https://www.federalregister.gov/documents/2026/01/30/2026-01899/indian-entities-recognized-by-and-eligible-to-receive-services-from-the-united-states-bureau-of,2026-01-30,federal_register_legal_name [exact],Kongiganak,1
CE-0002V-C3,King Island Native Community,Federally recognized Alaska Native Village,bia_federal_register,"BIA, Indian Entities Recognized by and Eligible To Receive Services From the United States Bureau of Indian Affairs, 91 FR 4102",https://www.federalregister.gov/documents/2026/01/30/2026-01899/indian-entities-recognized-by-and-eligible-to-receive-services-from-the-united-states-bureau-of,2026-01-30,canonical_name [generic-word-stripped core name],King Island,1
CE-0002W-JW,King Salmon Tribe,Federally recognized Alaska Native Village,bia_federal_register,"BIA, Indian Entities Recognized by and Eligible To Receive Services From the United States Bureau of Indian Affairs, 91 FR 4102",https://www.federalregister.gov/documents/2026/01/30/2026-01899/indian-entities-recognized-by-and-eligible-to-receive-services-from-the-united-states-bureau-of,2026-01-30,federal_register_legal_name [exact],King Salmon,1
CE-0002X-RN,Knik Tribe,Federally recognized Alaska Native Village,bia_federal_register,"BIA, Indian Entities Recognized by and Eligible To Receive Services From the United States Bureau of Indian Affairs, 91 FR 4102",https://www.federalregister.gov/documents/2026/01/30/2026-01899/indian-entities-recognized-by-and-eligible-to-receive-services-from-the-united-states-bureau-of,2026-01-30,federal_register_legal_name [exact],Knik,1
CE-0002Y-YE,Native Village of Kobuk,Federally recognized Alaska Native Village,bia_federal_register,"BIA, Indian Entities Recognized by and Eligible To Receive Services From the United States Bureau of Indian Affairs, 91 FR 4102",https://www.federalregister.gov/documents/2026/01/30/2026-01899/indian-entities-recognized-by-and-eligible-to-receive-services-from-the-united-states-bureau-of,2026-01-30,federal_register_legal_name [exact],Kobuk,1
CE-0002Z-47,Kokhanok Village,Federally recognized Alaska Native Village,bia_federal_register,"BIA, Indian Entities Recognized by and Eligible To Receive Services From the United States Bureau of Indian Affairs, 91 FR 4102",https://www.federalregister.gov/documents/2026/01/30/2026-01899/indian-entities-recognized-by-and-eligible-to-receive-services-from-the-united-states-bureau-of,2026-01-30,federal_register_legal_name [exact],Kokhanok,1
CE-00030-FG,Village of Kotlik,Federally recognized Alaska Native Village,bia_federal_register,"BIA, Indian Entities Recognized by and Eligible To Receive Services From the United States Bureau of Indian Affairs, 91 FR 4102",https://www.federalregister.gov/documents/2026/01/30/2026-01899/indian-entities-recognized-by-and-eligible-to-receive-services-from-the-united-states-bureau-of,2026-01-30,federal_register_legal_name [exact],Kotlik,1
CE-00031-N9,Koyukuk Native Village,Federally recognized Alaska Native Village,bia_federal_register,"BIA, Indian Entities Recognized by and Eligible To Receive Services From the United States Bureau of Indian Affairs, 91 FR 4102",https://www.federalregister.gov/documents/2026/01/30/2026-01899/indian-entities-recognized-by-and-eligible-to-receive-services-from-the-united-states-bureau-of,2026-01-30,federal_register_legal_name [exact],Koyukuk,1
CE-00032-V2,Native Village of Koyuk,Federally recognized Alaska Native Village,bia_federal_register,"BIA, Indian Entities Recognized by and Eligible To Receive Services From the United States Bureau of Indian Affairs, 91 FR 4102",https://www.federalregister.gov/documents/2026/01/30/2026-01899/indian-entities-recognized-by-and-eligible-to-receive-services-from-the-united-states-bureau-of,2026-01-30,canonical_name [BIA name minus generic prefix],Koyuk,1
CE-00033-1V,Kasigluk Traditional Elders Council,Federally recognized Alaska Native Village,bia_federal_register,"BIA, Indian Entities Recognized by and Eligible To Receive Services From the United States Bureau of Indian Affairs, 91 FR 4102",https://www.federalregister.gov/documents/2026/01/30/2026-01899/indian-entities-recognized-by-and-eligible-to-receive-services-from-the-united-states-bureau-of,2026-01-30,federal_register_legal_name [exact],Kasigluk,1
CE-00034-7M,Ketchikan Indian Community,Federally recognized Alaska Native Village,bia_federal_register,"BIA, Indian Entities Recognized by and Eligible To Receive Services From the United States Bureau of Indian Affairs, 91 FR 4102",https://www.federalregister.gov/documents/2026/01/30/2026-01899/indian-entities-recognized-by-and-eligible-to-receive-services-from-the-united-states-bureau-of,2026-01-30,federal_register_legal_name [exact],Ketchikan,1
CE-00035-DD,Native Village of Kotzebue,Federally recognized Alaska Native Village,bia_federal_register,"BIA, Indian Entities Recognized by and Eligible To Receive Services From the United States Bureau of Indian Affairs, 91 FR 4102",https://www.federalregister.gov/documents/2026/01/30/2026-01899/indian-entities-recognized-by-and-eligible-to-receive-services-from-the-united-states-bureau-of,2026-01-30,federal_register_legal_name [exact],Kotzebue,1
CE-00036-K6,Native Village of Kivalina,Federally recognized Alaska Native Village,bia_federal_register,"BIA, Indian Entities Recognized by and Eligible To Receive Services From the United States Bureau of Indian Affairs, 91 FR 4102",https://www.federalregister.gov/documents/2026/01/30/2026-01899/indian-entities-recognized-by-and-eligible-to-receive-services-from-the-united-states-bureau-of,2026-01-30,federal_register_legal_name [exact],Kivalina,1
CE-00037-SZ,Native Village of Kwigillingok,Federally recognized Alaska Native Village,bia_federal_register,"BIA, Indian Entities Recognized by and Eligible To Receive Services From the United States Bureau of Indian Affairs, 91 FR 4102",https://www.federalregister.gov/documents/2026/01/30/2026-01899/indian-entities-recognized-by-and-eligible-to-receive-services-from-the-united-states-bureau-of,2026-01-30,federal_register_legal_name [exact],Kwigillingok,1
CE-00038-ZR,Organized Village of Kwethluk,Federally recognized Alaska Native Village,bia_federal_register,"BIA, Indian Entities Recognized by and Eligible To Receive Services From the United States Bureau of Indian Affairs, 91 FR 4102",https://www.federalregister.gov/documents/2026/01/30/2026-01899/indian-entities-recognized-by-and-eligible-to-receive-services-from-the-united-states-bureau-of,2026-01-30,federal_register_legal_name [exact],Kwethluk,1
CE-00039-5H,Native Village of Larsen Bay,Federally recognized Alaska Native Village,bia_federal_register,"BIA, Indian Entities Recognized by and Eligible To Receive Services From the United States Bureau of Indian Affairs, 91 FR 4102",https://www.federalregister.gov/documents/2026/01/30/2026-01899/indian-entities-recognized-by-and-eligible-to-receive-services-from-the-united-states-bureau-of,2026-01-30,federal_register_legal_name [exact],Larsen Bay,1
CE-0003A-BA,Levelock Village,Federally recognized Alaska Native Village,bia_federal_register,"BIA, Indian Entities Recognized by and Eligible To Receive Services From the United States Bureau of Indian Affairs, 91 FR 4102",https://www.federalregister.gov/documents/2026/01/30/2026-01899/indian-entities-recognized-by-and-eligible-to-receive-services-from-the-united-states-bureau-of,2026-01-30,federal_register_legal_name [exact],Levelock,1
CE-0003B-H3,Lime Village,Federally recognized Alaska Native Village,bia_federal_register,"BIA, Indian Entities Recognized by and Eligible To Receive Services From the United States Bureau of Indian Affairs, 91 FR 4102",https://www.federalregister.gov/documents/2026/01/30/2026-01899/indian-entities-recognized-by-and-eligible-to-receive-services-from-the-united-states-bureau-of,2026-01-30,canonical_name [generic-word-stripped core name],Lime,1
CE-0003C-QW,Village of Lower Kalskag,Federally recognized Alaska Native Village,bia_federal_register,"BIA, Indian Entities Recognized by and Eligible To Receive Services From the United States Bureau of Indian Affairs, 91 FR 4102",https://www.federalregister.gov/documents/2026/01/30/2026-01899/indian-entities-recognized-by-and-eligible-to-receive-services-from-the-united-states-bureau-of,2026-01-30,federal_register_legal_name [exact],Lower Kalskag,1
CE-0003D-XN,Louden Tribe (previously listed as Galena Village (aka Louden Village)),Federally recognized Alaska Native Village,bia_federal_register,"BIA, Indian Entities Recognized by and Eligible To Receive Services From the United States Bureau of Indian Affairs, 91 FR 4102",https://www.federalregister.gov/documents/2026/01/30/2026-01899/indian-entities-recognized-by-and-eligible-to-receive-services-from-the-united-states-bureau-of,2026-01-30,canonical_name [close],Louden Tribe,1
CE-0003E-3E,McGrath Native Village,Federally recognized Alaska Native Village,bia_federal_register,"BIA, Indian Entities Recognized by and Eligible To Receive Services From the United States Bureau of Indian Affairs, 91 FR 4102",https://www.federalregister.gov/documents/2026/01/30/2026-01899/indian-entities-recognized-by-and-eligible-to-receive-services-from-the-united-states-bureau-of,2026-01-30,federal_register_legal_name [exact],Mcgrath,1
CE-0003F-97,Native Village of Mekoryuk,Federally recognized Alaska Native Village,bia_federal_register,"BIA, Indian Entities Recognized by and Eligible To Receive Services From the United States Bureau of Indian Affairs, 91 FR 4102",https://www.federalregister.gov/documents/2026/01/30/2026-01899/indian-entities-recognized-by-and-eligible-to-receive-services-from-the-united-states-bureau-of,2026-01-30,federal_register_legal_name [exact],Mekoryuk,1
CE-0003G-F0,Native Village of Mary's Igloo,Federally recognized Alaska Native Village,bia_federal_register,"BIA, Indian Entities Recognized by and Eligible To Receive Services From the United States Bureau of Indian Affairs, 91 FR 4102",https://www.federalregister.gov/documents/2026/01/30/2026-01899/indian-entities-recognized-by-and-eligible-to-receive-services-from-the-united-states-bureau-of,2026-01-30,canonical_name [BIA name minus generic prefix],Mary's Igloo,1
CE-0003H-NS,Manley Hot Springs Village,Federally recognized Alaska Native Village,bia_federal_register,"BIA, Indian Entities Recognized by and Eligible To Receive Services From the United States Bureau of Indian Affairs, 91 FR 4102",https://www.federalregister.gov/documents/2026/01/30/2026-01899/indian-entities-recognized-by-and-eligible-to-receive-services-from-the-united-states-bureau-of,2026-01-30,federal_register_legal_name [exact],Manley Hot Springs,1
CE-0003J-VJ,Manokotak Village,Federally recognized Alaska Native Village,bia_federal_register,"BIA, Indian Entities Recognized by and Eligible To Receive Services From the United States Bureau of Indian Affairs, 91 FR 4102",https://www.federalregister.gov/documents/2026/01/30/2026-01899/indian-entities-recognized-by-and-eligible-to-receive-services-from-the-united-states-bureau-of,2026-01-30,federal_register_legal_name [exact],Manokotak,1
CE-0003K-1B,Mentasta Traditional Council,Federally recognized Alaska Native Village,bia_federal_register,"BIA, Indian Entities Recognized by and Eligible To Receive Services From the United States Bureau of Indian Affairs, 91 FR 4102",https://www.federalregister.gov/documents/2026/01/30/2026-01899/indian-entities-recognized-by-and-eligible-to-receive-services-from-the-united-states-bureau-of,2026-01-30,federal_register_legal_name [exact],Mentasta,1
CE-0003M-74,Native Village of Marshall (aka Fortuna Ledge),Federally recognized Alaska Native Village,bia_federal_register,"BIA, Indian Entities Recognized by and Eligible To Receive Services From the United States Bureau of Indian Affairs, 91 FR 4102",https://www.federalregister.gov/documents/2026/01/30/2026-01899/indian-entities-recognized-by-and-eligible-to-receive-services-from-the-united-states-bureau-of,2026-01-30,federal_register_legal_name [normalised],Marshall,1
CE-0003N-DX,"Metlakatla Indian Community, Annette Island Reserve",Federally recognized Alaska Native Village,bia_federal_register,"BIA, Indian Entities Recognized by and Eligible To Receive Services From the United States Bureau of Indian Affairs, 91 FR 4102",https://www.federalregister.gov/documents/2026/01/30/2026-01899/indian-entities-recognized-by-and-eligible-to-receive-services-from-the-united-states-bureau-of,2026-01-30,federal_register_legal_name [exact],Metlakatla,1
CE-0003P-KP,Naknek Native Village,Federally recognized Alaska Native Village,bia_federal_register,"BIA, Indian Entities Recognized by and Eligible To Receive Services From the United States Bureau of Indian Affairs, 91 FR 4102",https://www.federalregister.gov/documents/2026/01/30/2026-01899/indian-entities-recognized-by-and-eligible-to-receive-services-from-the-united-states-bureau-of,2026-01-30,federal_register_legal_name [exact],Naknek,1
CE-0003Q-SF,Native Village of Nanwalek (aka English Bay),Federally recognized Alaska Native Village,bia_federal_register,"BIA, Indian Entities Recognized by and Eligible To Receive Services From the United States Bureau of Indian Affairs, 91 FR 4102",https://www.federalregister.gov/documents/2026/01/30/2026-01899/indian-entities-recognized-by-and-eligible-to-receive-services-from-the-united-states-bureau-of,2026-01-30,federal_register_legal_name [normalised],Nanwalek,1
CE-0003R-Z8,Native Village of Napakiak,Federally recognized Alaska Native Village,bia_federal_register,"BIA, Indian Entities Recognized by and Eligible To Receive Services From the United States Bureau of Indian Affairs, 91 FR 4102",https://www.federalregister.gov/documents/2026/01/30/2026-01899/indian-entities-recognized-by-and-eligible-to-receive-services-from-the-united-states-bureau-of,2026-01-30,canonical_name [BIA name minus generic prefix],Napakiak,1
CE-0003S-51,Native Village of Napaskiak,Federally recognized Alaska Native Village,bia_federal_register,"BIA, Indian Entities Recognized by and Eligible To Receive Services From the United States Bureau of Indian Affairs, 91 FR 4102",https://www.federalregister.gov/documents/2026/01/30/2026-01899/indian-entities-recognized-by-and-eligible-to-receive-services-from-the-united-states-bureau-of,2026-01-30,federal_register_legal_name [exact],Napaskiak,1
CE-0003T-BT,Nenana Native Association,Federally recognized Alaska Native Village,bia_federal_register,"BIA, Indian Entities Recognized by and Eligible To Receive Services From the United States Bureau of Indian Affairs, 91 FR 4102",https://www.federalregister.gov/documents/2026/01/30/2026-01899/indian-entities-recognized-by-and-eligible-to-receive-services-from-the-united-states-bureau-of,2026-01-30,federal_register_legal_name [exact],Nenana,1
CE-0003V-HK,Newtok Village,Federally recognized Alaska Native Village,bia_federal_register,"BIA, Indian Entities Recognized by and Eligible To Receive Services From the United States Bureau of Indian Affairs, 91 FR 4102",https://www.federalregister.gov/documents/2026/01/30/2026-01899/indian-entities-recognized-by-and-eligible-to-receive-services-from-the-united-states-bureau-of,2026-01-30,canonical_name [generic-word-stripped core name],Newtok,1
CE-0003W-QC,Native Village of Nightmute,Federally recognized Alaska Native Village,bia_federal_register,"BIA, Indian Entities Recognized by and Eligible To Receive Services From the United States Bureau of Indian Affairs, 91 FR 4102",https://www.federalregister.gov/documents/2026/01/30/2026-01899/indian-entities-recognized-by-and-eligible-to-receive-services-from-the-united-states-bureau-of,2026-01-30,federal_register_legal_name [exact],Nightmute,1
CE-0003X-X5,Newhalen Village,Federally recognized Alaska Native Village,bia_federal_register,"BIA, Indian Entities Recognized by and Eligible To Receive Services From the United States Bureau of Indian Affairs, 91 FR 4102",https://www.federalregister.gov/documents/2026/01/30/2026-01899/indian-entities-recognized-by-and-eligible-to-receive-services-from-the-united-states-bureau-of,2026-01-30,federal_register_legal_name [exact],Newhalen,1
CE-0003Y-3Y,New Koliganek Village Council,Federally recognized Alaska Native Village,bia_federal_register,"BIA, Indian Entities Recognized by and Eligible To Receive Services From the United States Bureau of Indian Affairs, 91 FR 4102",https://www.federalregister.gov/documents/2026/01/30/2026-01899/indian-entities-recognized-by-and-eligible-to-receive-services-from-the-united-states-bureau-of,2026-01-30,federal_register_legal_name [exact],New Koliganek,1
CE-0003Z-9Q,Native Village of Nikolski,Federally recognized Alaska Native Village,bia_federal_register,"BIA, Indian Entities Recognized by and Eligible To Receive Services From the United States Bureau of Indian Affairs, 91 FR 4102",https://www.federalregister.gov/documents/2026/01/30/2026-01899/indian-entities-recognized-by-and-eligible-to-receive-services-from-the-united-states-bureau-of,2026-01-30,federal_register_legal_name [exact],Nikolski,1
CE-00040-M0,Nikolai Village,Federally recognized Alaska Native Village,bia_federal_register,"BIA, Indian Entities Recognized by and Eligible To Receive Services From the United States Bureau of Indian Affairs, 91 FR 4102",https://www.federalregister.gov/documents/2026/01/30/2026-01899/indian-entities-recognized-by-and-eligible-to-receive-services-from-the-united-states-bureau-of,2026-01-30,federal_register_legal_name [exact],Nikolai,1
CE-00041-TS,Nunakauyarmiut Tribe,Federally recognized Alaska Native Village,bia_federal_register,"BIA, Indian Entities Recognized by and Eligible To Receive Services From the United States Bureau of Indian Affairs, 91 FR 4102",https://www.federalregister.gov/documents/2026/01/30/2026-01899/indian-entities-recognized-by-and-eligible-to-receive-services-from-the-united-states-bureau-of,2026-01-30,federal_register_legal_name [exact],Nunakauyarmiut,1
CE-00042-0J,Native Village of Nelson Lagoon,Federally recognized Alaska Native Village,bia_federal_register,"BIA, Indian Entities Recognized by and Eligible To Receive Services From the United States Bureau of Indian Affairs, 91 FR 4102",https://www.federalregister.gov/documents/2026/01/30/2026-01899/indian-entities-recognized-by-and-eligible-to-receive-services-from-the-united-states-bureau-of,2026-01-30,canonical_name [BIA name minus generic prefix],Nelson Lagoon,1
CE-00043-6B,Nondalton Tribe (previously listed as Nondalton Village),Federally recognized Alaska Native Village,bia_federal_register,"BIA, Indian Entities Recognized by and Eligible To Receive Services From the United States Bureau of Indian Affairs, 91 FR 4102",https://www.federalregister.gov/documents/2026/01/30/2026-01899/indian-entities-recognized-by-and-eligible-to-receive-services-from-the-united-states-bureau-of,2026-01-30,federal_register_legal_name [BIA former name],Nondalton,1
CE-00044-C4,Ninilchik Village,Federally recognized Alaska Native Village,bia_federal_register,"BIA, Indian Entities Recognized by and Eligible To Receive Services From the United States Bureau of Indian Affairs, 91 FR 4102",https://www.federalregister.gov/documents/2026/01/30/2026-01899/indian-entities-recognized-by-and-eligible-to-receive-services-from-the-united-states-bureau-of,2026-01-30,federal_register_legal_name [exact],Ninilchik,1
CE-00045-JX,Native Village of Nunam Iqua,Federally recognized Alaska Native Village,bia_federal_register,"BIA, Indian Entities Recognized by and Eligible To Receive Services From the United States Bureau of Indian Affairs, 91 FR 4102",https://www.federalregister.gov/documents/2026/01/30/2026-01899/indian-entities-recognized-by-and-eligible-to-receive-services-from-the-united-states-bureau-of,2026-01-30,federal_register_legal_name [exact],Nunam Iqua,1
CE-00046-RP,Native Village of Nunapitchuk,Federally recognized Alaska Native Village,bia_federal_register,"BIA, Indian Entities Recognized by and Eligible To Receive Services From the United States Bureau of Indian Affairs, 91 FR 4102",https://www.federalregister.gov/documents/2026/01/30/2026-01899/indian-entities-recognized-by-and-eligible-to-receive-services-from-the-united-states-bureau-of,2026-01-30,canonical_name [BIA name minus generic prefix],Nunapitchuk,1
CE-00047-YF,Native Village of Noatak,Federally recognized Alaska Native Village,bia_federal_register,"BIA, Indian Entities Recognized by and Eligible To Receive Services From the United States Bureau of Indian Affairs, 91 FR 4102",https://www.federalregister.gov/documents/2026/01/30/2026-01899/indian-entities-recognized-by-and-eligible-to-receive-services-from-the-united-states-bureau-of,2026-01-30,federal_register_legal_name [exact],Noatak,1
CE-00048-48,Nome Eskimo Community,Federally recognized Alaska Native Village,bia_federal_register,"BIA, Indian Entities Recognized by and Eligible To Receive Services From the United States Bureau of Indian Affairs, 91 FR 4102",https://www.federalregister.gov/documents/2026/01/30/2026-01899/indian-entities-recognized-by-and-eligible-to-receive-services-from-the-united-states-bureau-of,2026-01-30,federal_register_legal_name [exact],Nome,1
CE-00049-A1,Noorvik Native Community,Federally recognized Alaska Native Village,bia_federal_register,"BIA, Indian Entities Recognized by and Eligible To Receive Services From the United States Bureau of Indian Affairs, 91 FR 4102",https://www.federalregister.gov/documents/2026/01/30/2026-01899/indian-entities-recognized-by-and-eligible-to-receive-services-from-the-united-states-bureau-of,2026-01-30,federal_register_legal_name [exact],Noorvik,1
CE-0004A-GT,Native Village of Napaimute,Federally recognized Alaska Native Village,bia_federal_register,"BIA, Indian Entities Recognized by and Eligible To Receive Services From the United States Bureau of Indian Affairs, 91 FR 4102",https://www.federalregister.gov/documents/2026/01/30/2026-01899/indian-entities-recognized-by-and-eligible-to-receive-services-from-the-united-states-bureau-of,2026-01-30,federal_register_legal_name [exact],Napaimute,1
CE-0004B-PK,Northway Village,Federally recognized Alaska Native Village,bia_federal_register,"BIA, Indian Entities Recognized by and Eligible To Receive Services From the United States Bureau of Indian Affairs, 91 FR 4102",https://www.federalregister.gov/documents/2026/01/30/2026-01899/indian-entities-recognized-by-and-eligible-to-receive-services-from-the-united-states-bureau-of,2026-01-30,federal_register_legal_name [exact],Northway,1
CE-0004C-WC,New Stuyahok Village,Federally recognized Alaska Native Village,bia_federal_register,"BIA, Indian Entities Recognized by and Eligible To Receive Services From the United States Bureau of Indian Affairs, 91 FR 4102",https://www.federalregister.gov/documents/2026/01/30/2026-01899/indian-entities-recognized-by-and-eligible-to-receive-services-from-the-united-states-bureau-of,2026-01-30,federal_register_legal_name [exact],New Stuyahok,1
CE-0004D-25,Native Village of Nuiqsut (aka Nooiksut),Federally recognized Alaska Native Village,bia_federal_register,"BIA, Indian Entities Recognized by and Eligible To Receive Services From the United States Bureau of Indian Affairs, 91 FR 4102",https://www.federalregister.gov/documents/2026/01/30/2026-01899/indian-entities-recognized-by-and-eligible-to-receive-services-from-the-united-states-bureau-of,2026-01-30,federal_register_legal_name [normalised],Nuiqsut,1
CE-0004E-8Y,Nulato Village,Federally recognized Alaska Native Village,bia_federal_register,"BIA, Indian Entities Recognized by and Eligible To Receive Services From the United States Bureau of Indian Affairs, 91 FR 4102",https://www.federalregister.gov/documents/2026/01/30/2026-01899/indian-entities-recognized-by-and-eligible-to-receive-services-from-the-united-states-bureau-of,2026-01-30,federal_register_legal_name [exact],Nulato,1
CE-0004F-EQ,Native Village of Ekuk,Federally recognized Alaska Native Village,bia_federal_register,"BIA, Indian Entities Recognized by and Eligible To Receive Services From the United States Bureau of Indian Affairs, 91 FR 4102",https://www.federalregister.gov/documents/2026/01/30/2026-01899/indian-entities-recognized-by-and-eligible-to-receive-services-from-the-united-states-bureau-of,2026-01-30,federal_register_legal_name [exact],Ekuk,1
CE-0004G-MG,Native Village of Elim,Federally recognized Alaska Native Village,bia_federal_register,"BIA, Indian Entities Recognized by and Eligible To Receive Services From the United States Bureau of Indian Affairs, 91 FR 4102",https://www.federalregister.gov/documents/2026/01/30/2026-01899/indian-entities-recognized-by-and-eligible-to-receive-services-from-the-united-states-bureau-of,2026-01-30,canonical_name [generic-word-stripped core name],Elim IRA,1
CE-0004H-T9,Native Village of Eyak (Cordova),Federally recognized Alaska Native Village,bia_federal_register,"BIA, Indian Entities Recognized by and Eligible To Receive Services From the United States Bureau of Indian Affairs, 91 FR 4102",https://www.federalregister.gov/documents/2026/01/30/2026-01899/indian-entities-recognized-by-and-eligible-to-receive-services-from-the-united-states-bureau-of,2026-01-30,canonical_name [BIA name minus generic prefix],Eyak,1
CE-0004J-02,Native Village of Eek,Federally recognized Alaska Native Village,bia_federal_register,"BIA, Indian Entities Recognized by and Eligible To Receive Services From the United States Bureau of Indian Affairs, 91 FR 4102",https://www.federalregister.gov/documents/2026/01/30/2026-01899/indian-entities-recognized-by-and-eligible-to-receive-services-from-the-united-states-bureau-of,2026-01-30,federal_register_legal_name [exact],Eek,1
CE-0004K-6V,Native Village of Ruby,Federally recognized Alaska Native Village,bia_federal_register,"BIA, Indian Entities Recognized by and Eligible To Receive Services From the United States Bureau of Indian Affairs, 91 FR 4102",https://www.federalregister.gov/documents/2026/01/30/2026-01899/indian-entities-recognized-by-and-eligible-to-receive-services-from-the-united-states-bureau-of,2026-01-30,federal_register_legal_name [exact],Ruby,1
CE-0004M-CM,Native Village of Tanana,Federally recognized Alaska Native Village,bia_federal_register,"BIA, Indian Entities Recognized by and Eligible To Receive Services From the United States Bureau of Indian Affairs, 91 FR 4102",https://www.federalregister.gov/documents/2026/01/30/2026-01899/indian-entities-recognized-by-and-eligible-to-receive-services-from-the-united-states-bureau-of,2026-01-30,federal_register_legal_name [exact],Tanana,1
CE-0004N-JD,Native Village of Unga,Federally recognized Alaska Native Village,bia_federal_register,"BIA, Indian Entities Recognized by and Eligible To Receive Services From the United States Bureau of Indian Affairs, 91 FR 4102",https://www.federalregister.gov/documents/2026/01/30/2026-01899/indian-entities-recognized-by-and-eligible-to-receive-services-from-the-united-states-bureau-of,2026-01-30,canonical_name [BIA name minus generic prefix],Unga,1
CE-0004P-R6,Native Village of White Mountain,Federally recognized Alaska Native Village,bia_federal_register,"BIA, Indian Entities Recognized by and Eligible To Receive Services From the United States Bureau of Indian Affairs, 91 FR 4102",https://www.federalregister.gov/documents/2026/01/30/2026-01899/indian-entities-recognized-by-and-eligible-to-receive-services-from-the-united-states-bureau-of,2026-01-30,canonical_name [generic-word-stripped core name],White Mountain AK,1
CE-0004Q-YZ,Portage Creek Village (aka Ohgsenakale),Federally recognized Alaska Native Village,bia_federal_register,"BIA, Indian Entities Recognized by and Eligible To Receive Services From the United States Bureau of Indian Affairs, 91 FR 4102",https://www.federalregister.gov/documents/2026/01/30/2026-01899/indian-entities-recognized-by-and-eligible-to-receive-services-from-the-united-states-bureau-of,2026-01-30,federal_register_legal_name [normalised],Portage Creek,1
CE-0004R-4R,Village of Ohogamiut,Federally recognized Alaska Native Village,bia_federal_register,"BIA, Indian Entities Recognized by and Eligible To Receive Services From the United States Bureau of Indian Affairs, 91 FR 4102",https://www.federalregister.gov/documents/2026/01/30/2026-01899/indian-entities-recognized-by-and-eligible-to-receive-services-from-the-united-states-bureau-of,2026-01-30,federal_register_legal_name [exact],Ohogamiut,1
CE-0004S-AH,Oscarville Traditional Village,Federally recognized Alaska Native Village,bia_federal_register,"BIA, Indian Entities Recognized by and Eligible To Receive Services From the United States Bureau of Indian Affairs, 91 FR 4102",https://www.federalregister.gov/documents/2026/01/30/2026-01899/indian-entities-recognized-by-and-eligible-to-receive-services-from-the-united-states-bureau-of,2026-01-30,federal_register_legal_name [exact],Oscarville,1
CE-0004T-GA,Orutsararmiut Traditional Native Council,Federally recognized Alaska Native Village,bia_federal_register,"BIA, Indian Entities Recognized by and Eligible To Receive Services From the United States Bureau of Indian Affairs, 91 FR 4102",https://www.federalregister.gov/documents/2026/01/30/2026-01899/indian-entities-recognized-by-and-eligible-to-receive-services-from-the-united-states-bureau-of,2026-01-30,federal_register_legal_name [exact],Orutsararmiut,1
CE-0004V-P3,Native Village of Ouzinkie,Federally recognized Alaska Native Village,bia_federal_register,"BIA, Indian Entities Recognized by and Eligible To Receive Services From the United States Bureau of Indian Affairs, 91 FR 4102",https://www.federalregister.gov/documents/2026/01/30/2026-01899/indian-entities-recognized-by-and-eligible-to-receive-services-from-the-united-states-bureau-of,2026-01-30,canonical_name [BIA name minus generic prefix],Ouzinkie,1
CE-0004W-WW,Pedro Bay Village,Federally recognized Alaska Native Village,bia_federal_register,"BIA, Indian Entities Recognized by and Eligible To Receive Services From the United States Bureau of Indian Affairs, 91 FR 4102",https://www.federalregister.gov/documents/2026/01/30/2026-01899/indian-entities-recognized-by-and-eligible-to-receive-services-from-the-united-states-bureau-of,2026-01-30,canonical_name [generic-word-stripped core name],Pedro Bay,1
CE-0004X-2N,Native Village of Pilot Point,Federally recognized Alaska Native Village,bia_federal_register,"BIA, Indian Entities Recognized by and Eligible To Receive Services From the United States Bureau of Indian Affairs, 91 FR 4102",https://www.federalregister.gov/documents/2026/01/30/2026-01899/indian-entities-recognized-by-and-eligible-to-receive-services-from-the-united-states-bureau-of,2026-01-30,canonical_name [BIA name minus generic prefix],Pilot Point,1
CE-0004Y-8E,Pilot Station Traditional Village,Federally recognized Alaska Native Village,bia_federal_register,"BIA, Indian Entities Recognized by and Eligible To Receive Services From the United States Bureau of Indian Affairs, 91 FR 4102",https://www.federalregister.gov/documents/2026/01/30/2026-01899/indian-entities-recognized-by-and-eligible-to-receive-services-from-the-united-states-bureau-of,2026-01-30,federal_register_legal_name [exact],Pilot Station,1
CE-0004Z-E7,Platinum Traditional Village,Federally recognized Alaska Native Village,bia_federal_register,"BIA, Indian Entities Recognized by and Eligible To Receive Services From the United States Bureau of Indian Affairs, 91 FR 4102",https://www.federalregister.gov/documents/2026/01/30/2026-01899/indian-entities-recognized-by-and-eligible-to-receive-services-from-the-united-states-bureau-of,2026-01-30,federal_register_legal_name [exact],Platinum,1
CE-00050-SG,Pauloff Harbor Village,Federally recognized Alaska Native Village,bia_federal_register,"BIA, Indian Entities Recognized by and Eligible To Receive Services From the United States Bureau of Indian Affairs, 91 FR 4102",https://www.federalregister.gov/documents/2026/01/30/2026-01899/indian-entities-recognized-by-and-eligible-to-receive-services-from-the-united-states-bureau-of,2026-01-30,federal_register_legal_name [exact],Pauloff Harbor,1
CE-00051-Z9,Native Village of Point Hope,Federally recognized Alaska Native Village,bia_federal_register,"BIA, Indian Entities Recognized by and Eligible To Receive Services From the United States Bureau of Indian Affairs, 91 FR 4102",https://www.federalregister.gov/documents/2026/01/30/2026-01899/indian-entities-recognized-by-and-eligible-to-receive-services-from-the-united-states-bureau-of,2026-01-30,federal_register_legal_name [exact],Point Hope IRA,1
CE-00052-52,Native Village of Point Lay,Federally recognized Alaska Native Village,bia_federal_register,"BIA, Indian Entities Recognized by and Eligible To Receive Services From the United States Bureau of Indian Affairs, 91 FR 4102",https://www.federalregister.gov/documents/2026/01/30/2026-01899/indian-entities-recognized-by-and-eligible-to-receive-services-from-the-united-states-bureau-of,2026-01-30,federal_register_legal_name [exact],Point Lay IRA,1
CE-00053-BV,Pribilof Islands Aleut Communities of St. Paul & St. George Islands (St. George Island and Saint Paul Island),Federally recognized Alaska Native Village,bia_federal_register,"BIA, Indian Entities Recognized by and Eligible To Receive Services From the United States Bureau of Indian Affairs, 91 FR 4102",https://www.federalregister.gov/documents/2026/01/30/2026-01899/indian-entities-recognized-by-and-eligible-to-receive-services-from-the-united-states-bureau-of,2026-01-30,federal_register_legal_name [normalised],Pribilof Islands,1
CE-00054-HM,Native Village of Perryville,Federally recognized Alaska Native Village,bia_federal_register,"BIA, Indian Entities Recognized by and Eligible To Receive Services From the United States Bureau of Indian Affairs, 91 FR 4102",https://www.federalregister.gov/documents/2026/01/30/2026-01899/indian-entities-recognized-by-and-eligible-to-receive-services-from-the-united-states-bureau-of,2026-01-30,federal_register_legal_name [exact],Perryville,1
CE-00055-QD,Native Village of Port Graham,Federally recognized Alaska Native Village,bia_federal_register,"BIA, Indian Entities Recognized by and Eligible To Receive Services From the United States Bureau of Indian Affairs, 91 FR 4102",https://www.federalregister.gov/documents/2026/01/30/2026-01899/indian-entities-recognized-by-and-eligible-to-receive-services-from-the-united-states-bureau-of,2026-01-30,canonical_name [BIA name minus generic prefix],Port Graham,1
CE-00056-X6,Native Village of Port Heiden,Federally recognized Alaska Native Village,bia_federal_register,"BIA, Indian Entities Recognized by and Eligible To Receive Services From the United States Bureau of Indian Affairs, 91 FR 4102",https://www.federalregister.gov/documents/2026/01/30/2026-01899/indian-entities-recognized-by-and-eligible-to-receive-services-from-the-united-states-bureau-of,2026-01-30,federal_register_legal_name [exact],Port Heiden,1
CE-00057-3Z,Native Village of Port Lions,Federally recognized Alaska Native Village,bia_federal_register,"BIA, Indian Entities Recognized by and Eligible To Receive Services From the United States Bureau of Indian Affairs, 91 FR 4102",https://www.federalregister.gov/documents/2026/01/30/2026-01899/indian-entities-recognized-by-and-eligible-to-receive-services-from-the-united-states-bureau-of,2026-01-30,federal_register_legal_name [exact],Port Lions,1
CE-00058-9R,Pitka's Point Traditional Council,Federally recognized Alaska Native Village,bia_federal_register,"BIA, Indian Entities Recognized by and Eligible To Receive Services From the United States Bureau of Indian Affairs, 91 FR 4102",https://www.federalregister.gov/documents/2026/01/30/2026-01899/indian-entities-recognized-by-and-eligible-to-receive-services-from-the-united-states-bureau-of,2026-01-30,federal_register_legal_name [exact],Pitka's Point,1
CE-00059-FH,Petersburg Indian Association,Federally recognized Alaska Native Village,bia_federal_register,"BIA, Indian Entities Recognized by and Eligible To Receive Services From the United States Bureau of Indian Affairs, 91 FR 4102",https://www.federalregister.gov/documents/2026/01/30/2026-01899/indian-entities-recognized-by-and-eligible-to-receive-services-from-the-united-states-bureau-of,2026-01-30,federal_register_legal_name [exact],Petersburg,1
CE-0005A-NA,Qagan Tayagungin Tribe of Sand Point,Federally recognized Alaska Native Village,bia_federal_register,"BIA, Indian Entities Recognized by and Eligible To Receive Services From the United States Bureau of Indian Affairs, 91 FR 4102",https://www.federalregister.gov/documents/2026/01/30/2026-01899/indian-entities-recognized-by-and-eligible-to-receive-services-from-the-united-states-bureau-of,2026-01-30,federal_register_legal_name [exact],Qagan Tayagungin,1
CE-0005B-V3,Native Village of Kwinhagak (aka Quinhagak),Federally recognized Alaska Native Village,bia_federal_register,"BIA, Indian Entities Recognized by and Eligible To Receive Services From the United States Bureau of Indian Affairs, 91 FR 4102",https://www.federalregister.gov/documents/2026/01/30/2026-01899/indian-entities-recognized-by-and-eligible-to-receive-services-from-the-united-states-bureau-of,2026-01-30,federal_register_legal_name [normalised],Kwinhagak,1
CE-0005C-1W,Qawalangin Tribe of Unalaska,Federally recognized Alaska Native Village,bia_federal_register,"BIA, Indian Entities Recognized by and Eligible To Receive Services From the United States Bureau of Indian Affairs, 91 FR 4102",https://www.federalregister.gov/documents/2026/01/30/2026-01899/indian-entities-recognized-by-and-eligible-to-receive-services-from-the-united-states-bureau-of,2026-01-30,federal_register_legal_name [exact],Qawalangin,1
CE-0005D-7N,Rampart Village,Federally recognized Alaska Native Village,bia_federal_register,"BIA, Indian Entities Recognized by and Eligible To Receive Services From the United States Bureau of Indian Affairs, 91 FR 4102",https://www.federalregister.gov/documents/2026/01/30/2026-01899/indian-entities-recognized-by-and-eligible-to-receive-services-from-the-united-states-bureau-of,2026-01-30,federal_register_legal_name [exact],Rampart,1
CE-0005E-DE,Village of Red Devil,Federally recognized Alaska Native Village,bia_federal_register,"BIA, Indian Entities Recognized by and Eligible To Receive Services From the United States Bureau of Indian Affairs, 91 FR 4102",https://www.federalregister.gov/documents/2026/01/30/2026-01899/indian-entities-recognized-by-and-eligible-to-receive-services-from-the-united-states-bureau-of,2026-01-30,federal_register_legal_name [exact],Red Devil,1
CE-0005F-K7,Native Village of Savoonga,Federally recognized Alaska Native Village,bia_federal_register,"BIA, Indian Entities Recognized by and Eligible To Receive Services From the United States Bureau of Indian Affairs, 91 FR 4102",https://www.federalregister.gov/documents/2026/01/30/2026-01899/indian-entities-recognized-by-and-eligible-to-receive-services-from-the-united-states-bureau-of,2026-01-30,canonical_name [BIA name minus generic prefix],Savoonga,1
CE-0005G-S0,Organized Village of Saxman,Federally recognized Alaska Native Village,bia_federal_register,"BIA, Indian Entities Recognized by and Eligible To Receive Services From the United States Bureau of Indian Affairs, 91 FR 4102",https://www.federalregister.gov/documents/2026/01/30/2026-01899/indian-entities-recognized-by-and-eligible-to-receive-services-from-the-united-states-bureau-of,2026-01-30,federal_register_legal_name [exact],Saxman,1
CE-0005H-ZS,Native Village of Scammon Bay,Federally recognized Alaska Native Village,bia_federal_register,"BIA, Indian Entities Recognized by and Eligible To Receive Services From the United States Bureau of Indian Affairs, 91 FR 4102",https://www.federalregister.gov/documents/2026/01/30/2026-01899/indian-entities-recognized-by-and-eligible-to-receive-services-from-the-united-states-bureau-of,2026-01-30,federal_register_legal_name [exact],Scammon Bay,1
CE-0005J-5J,Native Village of Selawik,Federally recognized Alaska Native Village,bia_federal_register,"BIA, Indian Entities Recognized by and Eligible To Receive Services From the United States Bureau of Indian Affairs, 91 FR 4102",https://www.federalregister.gov/documents/2026/01/30/2026-01899/indian-entities-recognized-by-and-eligible-to-receive-services-from-the-united-states-bureau-of,2026-01-30,federal_register_legal_name [exact],Selawik,1
CE-0005K-BB,Shageluk Native Village,Federally recognized Alaska Native Village,bia_federal_register,"BIA, Indian Entities Recognized by and Eligible To Receive Services From the United States Bureau of Indian Affairs, 91 FR 4102",https://www.federalregister.gov/documents/2026/01/30/2026-01899/indian-entities-recognized-by-and-eligible-to-receive-services-from-the-united-states-bureau-of,2026-01-30,federal_register_legal_name [exact],Shageluk,1
CE-0005M-H4,Native Village of Shaktoolik,Federally recognized Alaska Native Village,bia_federal_register,"BIA, Indian Entities Recognized by and Eligible To Receive Services From the United States Bureau of Indian Affairs, 91 FR 4102",https://www.federalregister.gov/documents/2026/01/30/2026-01899/indian-entities-recognized-by-and-eligible-to-receive-services-from-the-united-states-bureau-of,2026-01-30,canonical_name [BIA name minus generic prefix],Shaktoolik,1
CE-0005N-QX,Native Village of Shungnak,Federally recognized Alaska Native Village,bia_federal_register,"BIA, Indian Entities Recognized by and Eligible To Receive Services From the United States Bureau of Indian Affairs, 91 FR 4102",https://www.federalregister.gov/documents/2026/01/30/2026-01899/indian-entities-recognized-by-and-eligible-to-receive-services-from-the-united-states-bureau-of,2026-01-30,federal_register_legal_name [exact],Shungnak,1
CE-0005P-XP,Sitka Tribe of Alaska,Federally recognized Alaska Native Village,bia_federal_register,"BIA, Indian Entities Recognized by and Eligible To Receive Services From the United States Bureau of Indian Affairs, 91 FR 4102",https://www.federalregister.gov/documents/2026/01/30/2026-01899/indian-entities-recognized-by-and-eligible-to-receive-services-from-the-united-states-bureau-of,2026-01-30,federal_register_legal_name [exact],Sitka,1
CE-0005Q-3F,Skagway Village,Federally recognized Alaska Native Village,bia_federal_register,"BIA, Indian Entities Recognized by and Eligible To Receive Services From the United States Bureau of Indian Affairs, 91 FR 4102",https://www.federalregister.gov/documents/2026/01/30/2026-01899/indian-entities-recognized-by-and-eligible-to-receive-services-from-the-united-states-bureau-of,2026-01-30,federal_register_legal_name [exact],Skagway,1
CE-0005R-98,Seldovia Village Tribe,Federally recognized Alaska Native Village,bia_federal_register,"BIA, Indian Entities Recognized by and Eligible To Receive Services From the United States Bureau of Indian Affairs, 91 FR 4102",https://www.federalregister.gov/documents/2026/01/30/2026-01899/indian-entities-recognized-by-and-eligible-to-receive-services-from-the-united-states-bureau-of,2026-01-30,federal_register_legal_name [exact],Seldovia,1
CE-0005S-F1,Salamatof Tribe,Federally recognized Alaska Native Village,bia_federal_register,"BIA, Indian Entities Recognized by and Eligible To Receive Services From the United States Bureau of Indian Affairs, 91 FR 4102",https://www.federalregister.gov/documents/2026/01/30/2026-01899/indian-entities-recognized-by-and-eligible-to-receive-services-from-the-united-states-bureau-of,2026-01-30,federal_register_legal_name [exact],Salamatof,1
CE-0005T-NT,Village of Sleetmute,Federally recognized Alaska Native Village,bia_federal_register,"BIA, Indian Entities Recognized by and Eligible To Receive Services From the United States Bureau of Indian Affairs, 91 FR 4102",https://www.federalregister.gov/documents/2026/01/30/2026-01899/indian-entities-recognized-by-and-eligible-to-receive-services-from-the-united-states-bureau-of,2026-01-30,federal_register_legal_name [exact],Sleetmute,1
CE-0005V-VK,Native Village of South Naknek (previously listed as South Naknek Village),Federally recognized Alaska Native Village,bia_federal_register,"BIA, Indian Entities Recognized by and Eligible To Receive Services From the United States Bureau of Indian Affairs, 91 FR 4102",https://www.federalregister.gov/documents/2026/01/30/2026-01899/indian-entities-recognized-by-and-eligible-to-receive-services-from-the-united-states-bureau-of,2026-01-30,federal_register_legal_name [BIA former name],South Naknek,1
CE-0005W-1C,Village of Solomon,Federally recognized Alaska Native Village,bia_federal_register,"BIA, Indian Entities Recognized by and Eligible To Receive Services From the United States Bureau of Indian Affairs, 91 FR 4102",https://www.federalregister.gov/documents/2026/01/30/2026-01899/indian-entities-recognized-by-and-eligible-to-receive-services-from-the-united-states-bureau-of,2026-01-30,canonical_name [BIA name minus generic prefix],Solomon,1
CE-0005X-75,Native Village of Shishmaref,Federally recognized Alaska Native Village,bia_federal_register,"BIA, Indian Entities Recognized by and Eligible To Receive Services From the United States Bureau of Indian Affairs, 91 FR 4102",https://www.federalregister.gov/documents/2026/01/30/2026-01899/indian-entities-recognized-by-and-eligible-to-receive-services-from-the-united-states-bureau-of,2026-01-30,canonical_name [generic-word-stripped core name],Shishmaref IRA,1
CE-0005Y-DY,Stebbins Community Association,Federally recognized Alaska Native Village,bia_federal_register,"BIA, Indian Entities Recognized by and Eligible To Receive Services From the United States Bureau of Indian Affairs, 91 FR 4102",https://www.federalregister.gov/documents/2026/01/30/2026-01899/indian-entities-recognized-by-and-eligible-to-receive-services-from-the-united-states-bureau-of,2026-01-30,federal_register_legal_name [exact],Stebbins,1
CE-0005Z-KQ,Native Village of Stevens,Federally recognized Alaska Native Village,bia_federal_register,"BIA, Indian Entities Recognized by and Eligible To Receive Services From the United States Bureau of Indian Affairs, 91 FR 4102",https://www.federalregister.gov/documents/2026/01/30/2026-01899/indian-entities-recognized-by-and-eligible-to-receive-services-from-the-united-states-bureau-of,2026-01-30,federal_register_legal_name [exact],Stevens Village,1
CE-00060-Y0,St. George Island (See Pribilof Islands Aleut Communities of St. Paul & St. George Islands),Federally recognized Alaska Native Village,bia_federal_register,"BIA, Indian Entities Recognized by and Eligible To Receive Services From the United States Bureau of Indian Affairs, 91 FR 4102",https://www.federalregister.gov/documents/2026/01/30/2026-01899/indian-entities-recognized-by-and-eligible-to-receive-services-from-the-united-states-bureau-of,2026-01-30,federal_register_legal_name [normalised],St. George,1
CE-00061-4S,Native Village of Saint Michael,Federally recognized Alaska Native Village,bia_federal_register,"BIA, Indian Entities Recognized by and Eligible To Receive Services From the United States Bureau of Indian Affairs, 91 FR 4102",https://www.federalregister.gov/documents/2026/01/30/2026-01899/indian-entities-recognized-by-and-eligible-to-receive-services-from-the-united-states-bureau-of,2026-01-30,federal_register_legal_name [exact],St. Michael IRA,1
CE-00062-AJ,Village of Stony River,Federally recognized Alaska Native Village,bia_federal_register,"BIA, Indian Entities Recognized by and Eligible To Receive Services From the United States Bureau of Indian Affairs, 91 FR 4102",https://www.federalregister.gov/documents/2026/01/30/2026-01899/indian-entities-recognized-by-and-eligible-to-receive-services-from-the-united-states-bureau-of,2026-01-30,federal_register_legal_name [exact],Stony River,1
CE-00063-GB,Aleut Community of St. Paul Island (See Pribilof Islands Aleut Communities of St. Paul & St. George Islands) (previously listed as Saint Paul Island ( See Pribilof Islands Aleut Communities of St. Paul & St. George Islands)),Federally recognized Alaska Native Village,bia_federal_register,"BIA, Indian Entities Recognized by and Eligible To Receive Services From the United States Bureau of Indian Affairs, 91 FR 4102",https://www.federalregister.gov/documents/2026/01/30/2026-01899/indian-entities-recognized-by-and-eligible-to-receive-services-from-the-united-states-bureau-of,2026-01-30,federal_register_legal_name [normalised],Saint Paul,1
CE-00064-P4,Sun'aq Tribe of Kodiak,Federally recognized Alaska Native Village,bia_federal_register,"BIA, Indian Entities Recognized by and Eligible To Receive Services From the United States Bureau of Indian Affairs, 91 FR 4102",https://www.federalregister.gov/documents/2026/01/30/2026-01899/indian-entities-recognized-by-and-eligible-to-receive-services-from-the-united-states-bureau-of,2026-01-30,federal_register_legal_name [exact],Sun'aq,1
CE-00065-WX,Native Village of Tatitlek,Federally recognized Alaska Native Village,bia_federal_register,"BIA, Indian Entities Recognized by and Eligible To Receive Services From the United States Bureau of Indian Affairs, 91 FR 4102",https://www.federalregister.gov/documents/2026/01/30/2026-01899/indian-entities-recognized-by-and-eligible-to-receive-services-from-the-united-states-bureau-of,2026-01-30,canonical_name [BIA name minus generic prefix],Tatitlek,1
CE-00066-2P,Native Village of Tazlina,Federally recognized Alaska Native Village,bia_federal_register,"BIA, Indian Entities Recognized by and Eligible To Receive Services From the United States Bureau of Indian Affairs, 91 FR 4102",https://www.federalregister.gov/documents/2026/01/30/2026-01899/indian-entities-recognized-by-and-eligible-to-receive-services-from-the-united-states-bureau-of,2026-01-30,federal_register_legal_name [exact],Tazlina,1
CE-00067-8F,Telida Village,Federally recognized Alaska Native Village,bia_federal_register,"BIA, Indian Entities Recognized by and Eligible To Receive Services From the United States Bureau of Indian Affairs, 91 FR 4102",https://www.federalregister.gov/documents/2026/01/30/2026-01899/indian-entities-recognized-by-and-eligible-to-receive-services-from-the-united-states-bureau-of,2026-01-30,federal_register_legal_name [exact],Telida,1
CE-00068-E8,Native Village of Teller,Federally recognized Alaska Native Village,bia_federal_register,"BIA, Indian Entities Recognized by and Eligible To Receive Services From the United States Bureau of Indian Affairs, 91 FR 4102",https://www.federalregister.gov/documents/2026/01/30/2026-01899/indian-entities-recognized-by-and-eligible-to-receive-services-from-the-united-states-bureau-of,2026-01-30,canonical_name [BIA name minus generic prefix],Teller,1
CE-00069-M1,Native Village of Tetlin,Federally recognized Alaska Native Village,bia_federal_register,"BIA, Indian Entities Recognized by and Eligible To Receive Services From the United States Bureau of Indian Affairs, 91 FR 4102",https://www.federalregister.gov/documents/2026/01/30/2026-01899/indian-entities-recognized-by-and-eligible-to-receive-services-from-the-united-states-bureau-of,2026-01-30,canonical_name [BIA name minus generic prefix],Tetlin,1
CE-0006A-TT,Takotna Village,Federally recognized Alaska Native Village,bia_federal_register,"BIA, Indian Entities Recognized by and Eligible To Receive Services From the United States Bureau of Indian Affairs, 91 FR 4102",https://www.federalregister.gov/documents/2026/01/30/2026-01899/indian-entities-recognized-by-and-eligible-to-receive-services-from-the-united-states-bureau-of,2026-01-30,federal_register_legal_name [exact],Takotna,1
CE-0006B-0K,Central Council of the Tlingit & Haida Indian Tribes,Federally recognized tribe,bia_federal_register,"BIA, Indian Entities Recognized by and Eligible To Receive Services From the United States Bureau of Indian Affairs, 91 FR 4102",https://www.federalregister.gov/documents/2026/01/30/2026-01899/indian-entities-recognized-by-and-eligible-to-receive-services-from-the-united-states-bureau-of,2026-01-30,federal_register_legal_name [exact],Tlingit & Haida,1
CE-0006C-6C,Tuluksak Native Community,Federally recognized Alaska Native Village,bia_federal_register,"BIA, Indian Entities Recognized by and Eligible To Receive Services From the United States Bureau of Indian Affairs, 91 FR 4102",https://www.federalregister.gov/documents/2026/01/30/2026-01899/indian-entities-recognized-by-and-eligible-to-receive-services-from-the-united-states-bureau-of,2026-01-30,federal_register_legal_name [exact],Tuluksak,1
CE-0006D-C5,Native Village of Tanacross,Federally recognized Alaska Native Village,bia_federal_register,"BIA, Indian Entities Recognized by and Eligible To Receive Services From the United States Bureau of Indian Affairs, 91 FR 4102",https://www.federalregister.gov/documents/2026/01/30/2026-01899/indian-entities-recognized-by-and-eligible-to-receive-services-from-the-united-states-bureau-of,2026-01-30,canonical_name [BIA name minus generic prefix],Tanacross,1
CE-0006E-JY,Tangirnaq Native Village,Federally recognized Alaska Native Village,bia_federal_register,"BIA, Indian Entities Recognized by and Eligible To Receive Services From the United States Bureau of Indian Affairs, 91 FR 4102",https://www.federalregister.gov/documents/2026/01/30/2026-01899/indian-entities-recognized-by-and-eligible-to-receive-services-from-the-united-states-bureau-of,2026-01-30,federal_register_legal_name [exact],Tangirnaq,1
CE-0006F-RQ,Native Village of Tuntutuliak,Federally recognized Alaska Native Village,bia_federal_register,"BIA, Indian Entities Recognized by and Eligible To Receive Services From the United States Bureau of Indian Affairs, 91 FR 4102",https://www.federalregister.gov/documents/2026/01/30/2026-01899/indian-entities-recognized-by-and-eligible-to-receive-services-from-the-united-states-bureau-of,2026-01-30,federal_register_legal_name [exact],Tuntutuliak,1
CE-0006G-YG,Traditional Village of Togiak,Federally recognized Alaska Native Village,bia_federal_register,"BIA, Indian Entities Recognized by and Eligible To Receive Services From the United States Bureau of Indian Affairs, 91 FR 4102",https://www.federalregister.gov/documents/2026/01/30/2026-01899/indian-entities-recognized-by-and-eligible-to-receive-services-from-the-united-states-bureau-of,2026-01-30,federal_register_legal_name [exact],Togiak,1
CE-0006H-49,Native Village of Tununak,Federally recognized Alaska Native Village,bia_federal_register,"BIA, Indian Entities Recognized by and Eligible To Receive Services From the United States Bureau of Indian Affairs, 91 FR 4102",https://www.federalregister.gov/documents/2026/01/30/2026-01899/indian-entities-recognized-by-and-eligible-to-receive-services-from-the-united-states-bureau-of,2026-01-30,federal_register_legal_name [exact],Tununak,1
CE-0006J-A2,Twin Hills Village,Federally recognized Alaska Native Village,bia_federal_register,"BIA, Indian Entities Recognized by and Eligible To Receive Services From the United States Bureau of Indian Affairs, 91 FR 4102",https://www.federalregister.gov/documents/2026/01/30/2026-01899/indian-entities-recognized-by-and-eligible-to-receive-services-from-the-united-states-bureau-of,2026-01-30,canonical_name [generic-word-stripped core name],Twin Hills,1
CE-0006K-GV,Native Village of Tyonek,Federally recognized Alaska Native Village,bia_federal_register,"BIA, Indian Entities Recognized by and Eligible To Receive Services From the United States Bureau of Indian Affairs, 91 FR 4102",https://www.federalregister.gov/documents/2026/01/30/2026-01899/indian-entities-recognized-by-and-eligible-to-receive-services-from-the-united-states-bureau-of,2026-01-30,canonical_name [BIA name minus generic prefix],Tyonek,1
CE-0006M-PM,Ugashik Village,Federally recognized Alaska Native Village,bia_federal_register,"BIA, Indian Entities Recognized by and Eligible To Receive Services From the United States Bureau of Indian Affairs, 91 FR 4102",https://www.federalregister.gov/documents/2026/01/30/2026-01899/indian-entities-recognized-by-and-eligible-to-receive-services-from-the-united-states-bureau-of,2026-01-30,federal_register_legal_name [exact],Ugashik,1
CE-0006N-WD,Umkumiut Native Village,Federally recognized Alaska Native Village,bia_federal_register,"BIA, Indian Entities Recognized by and Eligible To Receive Services From the United States Bureau of Indian Affairs, 91 FR 4102",https://www.federalregister.gov/documents/2026/01/30/2026-01899/indian-entities-recognized-by-and-eligible-to-receive-services-from-the-united-states-bureau-of,2026-01-30,federal_register_legal_name [exact],Umkumiut,1
CE-0006P-26,Native Village of Unalakleet,Federally recognized Alaska Native Village,bia_federal_register,"BIA, Indian Entities Recognized by and Eligible To Receive Services From the United States Bureau of Indian Affairs, 91 FR 4102",https://www.federalregister.gov/documents/2026/01/30/2026-01899/indian-entities-recognized-by-and-eligible-to-receive-services-from-the-united-states-bureau-of,2026-01-30,canonical_name [BIA name minus generic prefix],Unalakleet,1
CE-0006Q-8Z,Village of Aniak,Federally recognized Alaska Native Village,bia_federal_register,"BIA, Indian Entities Recognized by and Eligible To Receive Services From the United States Bureau of Indian Affairs, 91 FR 4102",https://www.federalregister.gov/documents/2026/01/30/2026-01899/indian-entities-recognized-by-and-eligible-to-receive-services-from-the-united-states-bureau-of,2026-01-30,federal_register_legal_name [exact],Aniak,1
CE-0006R-ER,Native Village of Eagle,Federally recognized Alaska Native Village,bia_federal_register,"BIA, Indian Entities Recognized by and Eligible To Receive Services From the United States Bureau of Indian Affairs, 91 FR 4102",https://www.federalregister.gov/documents/2026/01/30/2026-01899/indian-entities-recognized-by-and-eligible-to-receive-services-from-the-united-states-bureau-of,2026-01-30,federal_register_legal_name [exact],Eagle,1
CE-0006S-MH,Native Village of Ekwok,Federally recognized Alaska Native Village,bia_federal_register,"BIA, Indian Entities Recognized by and Eligible To Receive Services From the United States Bureau of Indian Affairs, 91 FR 4102",https://www.federalregister.gov/documents/2026/01/30/2026-01899/indian-entities-recognized-by-and-eligible-to-receive-services-from-the-united-states-bureau-of,2026-01-30,federal_register_legal_name [exact],Ekwok,1
CE-0006T-TA,Native Village of Venetie Tribal Government (Arctic Village and Village of Venetie),Federally recognized Alaska Native Village,bia_federal_register,"BIA, Indian Entities Recognized by and Eligible To Receive Services From the United States Bureau of Indian Affairs, 91 FR 4102",https://www.federalregister.gov/documents/2026/01/30/2026-01899/indian-entities-recognized-by-and-eligible-to-receive-services-from-the-united-states-bureau-of,2026-01-30,federal_register_legal_name [normalised],Venetie IRA,1
CE-0006V-03,Village of Venetie (See Native Village of Venetie Tribal Government),Federally recognized Alaska Native Village,bia_federal_register,"BIA, Indian Entities Recognized by and Eligible To Receive Services From the United States Bureau of Indian Affairs, 91 FR 4102",https://www.federalregister.gov/documents/2026/01/30/2026-01899/indian-entities-recognized-by-and-eligible-to-receive-services-from-the-united-states-bureau-of,2026-01-30,federal_register_legal_name [normalised],Venetie,1
CE-0006W-6W,Village of Iliamna,Federally recognized Alaska Native Village,bia_federal_register,"BIA, Indian Entities Recognized by and Eligible To Receive Services From the United States Bureau of Indian Affairs, 91 FR 4102",https://www.federalregister.gov/documents/2026/01/30/2026-01899/indian-entities-recognized-by-and-eligible-to-receive-services-from-the-united-states-bureau-of,2026-01-30,federal_register_legal_name [exact],Iliamna,1
CE-0006X-CN,Native Village of Kiana,Federally recognized Alaska Native Village,bia_federal_register,"BIA, Indian Entities Recognized by and Eligible To Receive Services From the United States Bureau of Indian Affairs, 91 FR 4102",https://www.federalregister.gov/documents/2026/01/30/2026-01899/indian-entities-recognized-by-and-eligible-to-receive-services-from-the-united-states-bureau-of,2026-01-30,federal_register_legal_name [exact],Kiana,1
CE-0006Y-JE,Organized Village of Kake,Federally recognized Alaska Native Village,bia_federal_register,"BIA, Indian Entities Recognized by and Eligible To Receive Services From the United States Bureau of Indian Affairs, 91 FR 4102",https://www.federalregister.gov/documents/2026/01/30/2026-01899/indian-entities-recognized-by-and-eligible-to-receive-services-from-the-united-states-bureau-of,2026-01-30,federal_register_legal_name [exact],Kake,1
CE-0006Z-R7,Native Village of Minto,Federally recognized Alaska Native Village,bia_federal_register,"BIA, Indian Entities Recognized by and Eligible To Receive Services From the United States Bureau of Indian Affairs, 91 FR 4102",https://www.federalregister.gov/documents/2026/01/30/2026-01899/indian-entities-recognized-by-and-eligible-to-receive-services-from-the-united-states-bureau-of,2026-01-30,federal_register_legal_name [exact],Minto,1
CE-00070-3G,Native Village of Paimiut,Federally recognized Alaska Native Village,bia_federal_register,"BIA, Indian Entities Recognized by and Eligible To Receive Services From the United States Bureau of Indian Affairs, 91 FR 4102",https://www.federalregister.gov/documents/2026/01/30/2026-01899/indian-entities-recognized-by-and-eligible-to-receive-services-from-the-united-states-bureau-of,2026-01-30,federal_register_legal_name [exact],Paimiut,1
CE-00071-99,Native Village of Wales,Federally recognized Alaska Native Village,bia_federal_register,"BIA, Indian Entities Recognized by and Eligible To Receive Services From the United States Bureau of Indian Affairs, 91 FR 4102",https://www.federalregister.gov/documents/2026/01/30/2026-01899/indian-entities-recognized-by-and-eligible-to-receive-services-from-the-united-states-bureau-of,2026-01-30,canonical_name [BIA name minus generic prefix],Wales,1
CE-00072-F2,Village of Wainwright,Federally recognized Alaska Native Village,bia_federal_register,"BIA, Indian Entities Recognized by and Eligible To Receive Services From the United States Bureau of Indian Affairs, 91 FR 4102",https://www.federalregister.gov/documents/2026/01/30/2026-01899/indian-entities-recognized-by-and-eligible-to-receive-services-from-the-united-states-bureau-of,2026-01-30,federal_register_legal_name [exact],Wainwright,1
CE-00073-NV,Wrangell Cooperative Association,Federally recognized Alaska Native Village,bia_federal_register,"BIA, Indian Entities Recognized by and Eligible To Receive Services From the United States Bureau of Indian Affairs, 91 FR 4102",https://www.federalregister.gov/documents/2026/01/30/2026-01899/indian-entities-recognized-by-and-eligible-to-receive-services-from-the-united-states-bureau-of,2026-01-30,federal_register_legal_name [exact],Wrangell,1
CE-00074-VM,Yakutat Tlingit Tribe,Federally recognized Alaska Native Village,bia_federal_register,"BIA, Indian Entities Recognized by and Eligible To Receive Services From the United States Bureau of Indian Affairs, 91 FR 4102",https://www.federalregister.gov/documents/2026/01/30/2026-01899/indian-entities-recognized-by-and-eligible-to-receive-services-from-the-united-states-bureau-of,2026-01-30,federal_register_legal_name [exact],Yakutat,1
CE-00075-1D,Yupiit of Andreafski,Federally recognized Alaska Native Village,bia_federal_register,"BIA, Indian Entities Recognized by and Eligible To Receive Services From the United States Bureau of Indian Affairs, 91 FR 4102",https://www.federalregister.gov/documents/2026/01/30/2026-01899/indian-entities-recognized-by-and-eligible-to-receive-services-from-the-united-states-bureau-of,2026-01-30,federal_register_legal_name [exact],Andreafski,1
CE-00076-76,Ahtna Incorporated,Alaska Native Regional Corporation,ancsa_lbb,"Landye Bennett Blumstein LLP, ANCSA Regional and Village Corporations",https://ancsa.lbblawyers.com/native-corporations.htm,2026-09-04,canonical_name [close],"Ahtna, Incorporated",1
CE-00077-DZ,Aleut Corporation,Alaska Native Regional Corporation,ancsa_lbb,"Landye Bennett Blumstein LLP, ANCSA Regional and Village Corporations",https://ancsa.lbblawyers.com/native-corporations.htm,2026-09-04,canonical_name [exact],Aleut Corporation,0
CE-00078-KR,Arctic Slope Regional Corporation,Alaska Native Regional Corporation,ancsa_lbb,"Landye Bennett Blumstein LLP, ANCSA Regional and Village Corporations",https://ancsa.lbblawyers.com/native-corporations.htm,2026-09-04,canonical_name [exact],Arctic Slope Regional Corporation,0
CE-00079-SH,Bering Straits Native Corporation,Alaska Native Regional Corporation,ancsa_lbb,"Landye Bennett Blumstein LLP, ANCSA Regional and Village Corporations",https://ancsa.lbblawyers.com/native-corporations.htm,2026-09-04,canonical_name [exact],Bering Straits Native Corporation,0
CE-0007A-ZA,Bristol Bay Native Corporation,Alaska Native Regional Corporation,ancsa_lbb,"Landye Bennett Blumstein LLP, ANCSA Regional and Village Corporations",https://ancsa.lbblawyers.com/native-corporations.htm,2026-09-04,canonical_name [exact],Bristol Bay Native Corporation,0
CE-0007B-53,Calista Corporation,Alaska Native Regional Corporation,ancsa_lbb,"Landye Bennett Blumstein LLP, ANCSA Regional and Village Corporations",https://ancsa.lbblawyers.com/native-corporations.htm,2026-09-04,canonical_name [exact],Calista Corporation,0
CE-0007C-BW,Chugach Alaska Corporation,Alaska Native Regional Corporation,ancsa_lbb,"Landye Bennett Blumstein LLP, ANCSA Regional and Village Corporations",https://ancsa.lbblawyers.com/native-corporations.htm,2026-09-04,canonical_name [exact],Chugach Alaska Corporation,0
CE-0007D-HN,"Cook Inlet Region, Inc.",Alaska Native Regional Corporation,ancsa_lbb,"Landye Bennett Blumstein LLP, ANCSA Regional and Village Corporations",https://ancsa.lbblawyers.com/native-corporations.htm,2026-09-04,canonical_name [close],"Cook Inlet Region, Incorporated",1
CE-0007E-QE,"Doyon, Limited",Alaska Native Regional Corporation,ancsa_lbb,"Landye Bennett Blumstein LLP, ANCSA Regional and Village Corporations",https://ancsa.lbblawyers.com/native-corporations.htm,2026-09-04,canonical_name [exact],"Doyon, Limited",0
CE-0007F-X7,"Koniag, Incorporated",Alaska Native Regional Corporation,ancsa_lbb,"Landye Bennett Blumstein LLP, ANCSA Regional and Village Corporations",https://ancsa.lbblawyers.com/native-corporations.htm,2026-09-04,canonical_name [exact],"Koniag, Incorporated",0
CE-0007G-30,"NANA (NANA Regional Corporation, Inc.)",Alaska Native Regional Corporation,ancsa_lbb,"Landye Bennett Blumstein LLP, ANCSA Regional and Village Corporations",https://ancsa.lbblawyers.com/native-corporations.htm,2026-09-04,canonical_name [close],"NANA Regional Corporation, Incorporated",1
CE-0007H-9S,Sealaska Corporation,Alaska Native Regional Corporation,ancsa_lbb,"Landye Bennett Blumstein LLP, ANCSA Regional and Village Corporations",https://ancsa.lbblawyers.com/native-corporations.htm,2026-09-04,canonical_name [exact],Sealaska Corporation,0
CE-0007J-FJ,Afognak Native Corporation,Alaska Native Village Corporation,ancsa_lbb,"Landye Bennett Blumstein LLP, ANCSA Regional and Village Corporations",https://ancsa.lbblawyers.com/native-corporations.htm,2026-09-04,canonical_name [exact],Afognak Native Corporation,0
CE-0007K-NB,Akutan Corporation,Alaska Native Village Corporation,ancsa_lbb,"Landye Bennett Blumstein LLP, ANCSA Regional and Village Corporations",https://ancsa.lbblawyers.com/native-corporations.htm,2026-09-04,canonical_name [exact],Akutan Corporation,0
CE-0007M-V4,Alakanuk Native Corporation,Alaska Native Village Corporation,ancsa_lbb,"Landye Bennett Blumstein LLP, ANCSA Regional and Village Corporations",https://ancsa.lbblawyers.com/native-corporations.htm,2026-09-04,canonical_name [exact],Alakanuk Native Corporation,0
CE-0007N-1X,Askinuk Corporation,Alaska Native Village Corporation,ancsa_lbb,"Landye Bennett Blumstein LLP, ANCSA Regional and Village Corporations",https://ancsa.lbblawyers.com/native-corporations.htm,2026-09-04,canonical_name [exact],Askinuk Corporation,0
CE-0007P-7P,"Atmautluak, Ltd.",Alaska Native Village Corporation,ancsa_lbb,"Landye Bennett Blumstein LLP, ANCSA Regional and Village Corporations",https://ancsa.lbblawyers.com/native-corporations.htm,2026-09-04,canonical_name [exact],"Atmautluak, Ltd.",0
CE-0007Q-DF,Atqasuk Corporation,Alaska Native Village Corporation,ancsa_lbb,"Landye Bennett Blumstein LLP, ANCSA Regional and Village Corporations",https://ancsa.lbblawyers.com/native-corporations.htm,2026-09-04,canonical_name [exact],Atqasuk Corporation,0
CE-0007R-K8,Atxam Corporation,Alaska Native Village Corporation,ancsa_lbb,"Landye Bennett Blumstein LLP, ANCSA Regional and Village Corporations",https://ancsa.lbblawyers.com/native-corporations.htm,2026-09-04,canonical_name [exact],Atxam Corporation,0
CE-0007S-S1,"Azachorok, Inc.",Alaska Native Village Corporation,ancsa_lbb,"Landye Bennett Blumstein LLP, ANCSA Regional and Village Corporations",https://ancsa.lbblawyers.com/native-corporations.htm,2026-09-04,canonical_name [exact],"Azachorok, Inc.",0
CE-0007T-ZT,"Bay View, Inc.",Alaska Native Village Corporation,ancsa_lbb,"Landye Bennett Blumstein LLP, ANCSA Regional and Village Corporations",https://ancsa.lbblawyers.com/native-corporations.htm,2026-09-04,canonical_name [exact],"Bay View, Inc.",0
CE-0007V-5K,Bean Ridge Corporation,Alaska Native Village Corporation,ancsa_lbb,"Landye Bennett Blumstein LLP, ANCSA Regional and Village Corporations",https://ancsa.lbblawyers.com/native-corporations.htm,2026-09-04,canonical_name [exact],Bean Ridge Corporation,0
CE-0007W-BC,Becharof Corporation,Alaska Native Village Corporation,ancsa_lbb,"Landye Bennett Blumstein LLP, ANCSA Regional and Village Corporations",https://ancsa.lbblawyers.com/native-corporations.htm,2026-09-04,canonical_name [exact],Becharof Corporation,0
CE-0007X-H5,Bethel Native Corporation,Alaska Native Village Corporation,ancsa_lbb,"Landye Bennett Blumstein LLP, ANCSA Regional and Village Corporations",https://ancsa.lbblawyers.com/native-corporations.htm,2026-09-04,canonical_name [exact],Bethel Native Corporation,0
CE-0007Y-QY,Belkofski Corporation,Alaska Native Village Corporation,ancsa_lbb,"Landye Bennett Blumstein LLP, ANCSA Regional and Village Corporations",https://ancsa.lbblawyers.com/native-corporations.htm,2026-09-04,canonical_name [exact],Belkofski Corporation,0
CE-0007Z-XQ,Baan O Yeel Kon Corporation,Alaska Native Village Corporation,ancsa_lbb,"Landye Bennett Blumstein LLP, ANCSA Regional and Village Corporations",https://ancsa.lbblawyers.com/native-corporations.htm,2026-09-04,canonical_name [exact],Baan O Yeel Kon Corporation,0
CE-00080-80,Brevig Mission Native Corporation,Alaska Native Village Corporation,ancsa_lbb,"Landye Bennett Blumstein LLP, ANCSA Regional and Village Corporations",https://ancsa.lbblawyers.com/native-corporations.htm,2026-09-04,canonical_name [exact],Brevig Mission Native Corporation,0
CE-00081-ES,Beaver Kwit’chin Corporation,Alaska Native Village Corporation,ancsa_lbb,"Landye Bennett Blumstein LLP, ANCSA Regional and Village Corporations",https://ancsa.lbblawyers.com/native-corporations.htm,2026-09-04,canonical_name [close],Beaver Kwit'chin Corporation,1
CE-00082-MJ,Cape Fox Corporation,Alaska Native Village Corporation,ancsa_lbb,"Landye Bennett Blumstein LLP, ANCSA Regional and Village Corporations",https://ancsa.lbblawyers.com/native-corporations.htm,2026-09-04,canonical_name [exact],Cape Fox Corporation,0
CE-00083-TB,Chaluka Corporation,Alaska Native Village Corporation,ancsa_lbb,"Landye Bennett Blumstein LLP, ANCSA Regional and Village Corporations",https://ancsa.lbblawyers.com/native-corporations.htm,2026-09-04,canonical_name [exact],Chaluka Corporation,0
CE-00084-04,"Chickaloon Moose Creek Native Association, Inc.",Alaska Native Village Corporation,ancsa_lbb,"Landye Bennett Blumstein LLP, ANCSA Regional and Village Corporations",https://ancsa.lbblawyers.com/native-corporations.htm,2026-09-04,canonical_name [exact],"Chickaloon Moose Creek Native Association, Inc.",0
CE-00085-6X,Chenega Corporation,Alaska Native Village Corporation,ancsa_lbb,"Landye Bennett Blumstein LLP, ANCSA Regional and Village Corporations",https://ancsa.lbblawyers.com/native-corporations.htm,2026-09-04,canonical_name [exact],Chenega Corporation,0
CE-00086-CP,Chevak Company,Alaska Native Village Corporation,ancsa_lbb,"Landye Bennett Blumstein LLP, ANCSA Regional and Village Corporations",https://ancsa.lbblawyers.com/native-corporations.htm,2026-09-04,canonical_name [exact],Chevak Company,0
CE-00087-JF,"Chefarnrmute, Inc.",Alaska Native Village Corporation,ancsa_lbb,"Landye Bennett Blumstein LLP, ANCSA Regional and Village Corporations",https://ancsa.lbblawyers.com/native-corporations.htm,2026-09-04,canonical_name [exact],"Chefarnrmute, Inc.",0
CE-00088-R8,"Choggiung, Ltd.",Alaska Native Village Corporation,ancsa_lbb,"Landye Bennett Blumstein LLP, ANCSA Regional and Village Corporations",https://ancsa.lbblawyers.com/native-corporations.htm,2026-09-04,canonical_name [exact],"Choggiung, Ltd.",0
CE-00089-Y1,Chignik Lagoon Native Corporation,Alaska Native Village Corporation,ancsa_lbb,"Landye Bennett Blumstein LLP, ANCSA Regional and Village Corporations",https://ancsa.lbblawyers.com/native-corporations.htm,2026-09-04,canonical_name [exact],Chignik Lagoon Native Corporation,0
CE-0008A-4T,"Chignik River, Ltd.",Alaska Native Village Corporation,ancsa_lbb,"Landye Bennett Blumstein LLP, ANCSA Regional and Village Corporations",https://ancsa.lbblawyers.com/native-corporations.htm,2026-09-04,canonical_name [exact],"Chignik River, Ltd.",0
CE-0008B-AK,"Chinuruk, Inc.",Alaska Native Village Corporation,ancsa_lbb,"Landye Bennett Blumstein LLP, ANCSA Regional and Village Corporations",https://ancsa.lbblawyers.com/native-corporations.htm,2026-09-04,canonical_name [exact],"Chinuruk, Inc.",0
CE-0008C-GC,Chitina Native Corporation,Alaska Native Village Corporation,ancsa_lbb,"Landye Bennett Blumstein LLP, ANCSA Regional and Village Corporations",https://ancsa.lbblawyers.com/native-corporations.htm,2026-09-04,canonical_name [exact],Chitina Native Corporation,0
CE-0008D-P5,Chalkyitsik Native Corporation,Alaska Native Village Corporation,ancsa_lbb,"Landye Bennett Blumstein LLP, ANCSA Regional and Village Corporations",https://ancsa.lbblawyers.com/native-corporations.htm,2026-09-04,canonical_name [exact],Chalkyitsik Native Corporation,0
CE-0008E-WY,Chuloonawick Corporation,Alaska Native Village Corporation,ancsa_lbb,"Landye Bennett Blumstein LLP, ANCSA Regional and Village Corporations",https://ancsa.lbblawyers.com/native-corporations.htm,2026-09-04,canonical_name [exact],Chuloonawick Corporation,0
CE-0008F-2Q,Council Native Corporation,Alaska Native Village Corporation,ancsa_lbb,"Landye Bennett Blumstein LLP, ANCSA Regional and Village Corporations",https://ancsa.lbblawyers.com/native-corporations.htm,2026-09-04,canonical_name [exact],Council Native Corporation,0
CE-0008G-8G,"Caswell Native Association, Inc.",ANCSA Group Corporation,ancsa_lbb,"Landye Bennett Blumstein LLP, ANCSA Regional and Village Corporations",https://ancsa.lbblawyers.com/native-corporations.htm,2026-09-04,canonical_name [exact],"Caswell Native Association, Inc.",0
CE-0008H-E9,"Cully Corporation, Inc.",Alaska Native Village Corporation,ancsa_lbb,"Landye Bennett Blumstein LLP, ANCSA Regional and Village Corporations",https://ancsa.lbblawyers.com/native-corporations.htm,2026-09-04,canonical_name [exact],"Cully Corporation, Inc.",0
CE-0008J-M2,"Deloy Ges, Inc.",Alaska Native Village Corporation,ancsa_lbb,"Landye Bennett Blumstein LLP, ANCSA Regional and Village Corporations",https://ancsa.lbblawyers.com/native-corporations.htm,2026-09-04,canonical_name [exact],"Deloy Ges, Inc.",0
CE-0008K-TV,Dineega Corporation,Alaska Native Village Corporation,ancsa_lbb,"Landye Bennett Blumstein LLP, ANCSA Regional and Village Corporations",https://ancsa.lbblawyers.com/native-corporations.htm,2026-09-04,canonical_name [exact],Dineega Corporation,0
CE-0008M-0M,Dinyea Corporation,Alaska Native Village Corporation,ancsa_lbb,"Landye Bennett Blumstein LLP, ANCSA Regional and Village Corporations",https://ancsa.lbblawyers.com/native-corporations.htm,2026-09-04,canonical_name [exact],Dinyea Corporation,0
CE-0008N-6D,"Deloycheet, Inc.",Alaska Native Village Corporation,ancsa_lbb,"Landye Bennett Blumstein LLP, ANCSA Regional and Village Corporations",https://ancsa.lbblawyers.com/native-corporations.htm,2026-09-04,canonical_name [exact],"Deloycheet, Inc.",0
CE-0008P-C6,Danzhit Hanlaii Corporation,Alaska Native Village Corporation,ancsa_lbb,"Landye Bennett Blumstein LLP, ANCSA Regional and Village Corporations",https://ancsa.lbblawyers.com/native-corporations.htm,2026-09-04,canonical_name [exact],Danzhit Hanlaii Corporation,0
CE-0008Q-JZ,Dot Lake Native Corporation,Alaska Native Village Corporation,ancsa_lbb,"Landye Bennett Blumstein LLP, ANCSA Regional and Village Corporations",https://ancsa.lbblawyers.com/native-corporations.htm,2026-09-04,canonical_name [exact],Dot Lake Native Corporation,0
CE-0008R-RR,"Eklutna, Inc.",Alaska Native Village Corporation,ancsa_lbb,"Landye Bennett Blumstein LLP, ANCSA Regional and Village Corporations",https://ancsa.lbblawyers.com/native-corporations.htm,2026-09-04,canonical_name [exact],"Eklutna, Inc.",0
CE-0008S-YH,Elim Native Corporation,Alaska Native Village Corporation,ancsa_lbb,"Landye Bennett Blumstein LLP, ANCSA Regional and Village Corporations",https://ancsa.lbblawyers.com/native-corporations.htm,2026-09-04,canonical_name [exact],Elim Native Corporation,0
CE-0008T-4A,Emmonak Corporation,Alaska Native Village Corporation,ancsa_lbb,"Landye Bennett Blumstein LLP, ANCSA Regional and Village Corporations",https://ancsa.lbblawyers.com/native-corporations.htm,2026-09-04,canonical_name [exact],Emmonak Corporation,0
CE-0008V-A3,Eyak Corporation,Alaska Native Village Corporation,ancsa_lbb,"Landye Bennett Blumstein LLP, ANCSA Regional and Village Corporations",https://ancsa.lbblawyers.com/native-corporations.htm,2026-09-04,canonical_name [exact],Eyak Corporation,0
CE-0008W-GW,"Far West, Inc.",Alaska Native Village Corporation,ancsa_lbb,"Landye Bennett Blumstein LLP, ANCSA Regional and Village Corporations",https://ancsa.lbblawyers.com/native-corporations.htm,2026-09-04,canonical_name [exact],"Far West, Inc.",0
CE-0008X-PN,"Gana-A’Yoo, Ltd.",Alaska Native Village Corporation,ancsa_lbb,"Landye Bennett Blumstein LLP, ANCSA Regional and Village Corporations",https://ancsa.lbblawyers.com/native-corporations.htm,2026-09-04,canonical_name [close],"Gana-A'Yoo, Ltd.",1
CE-0008Y-WE,"Goldbelt, Inc.",Alaska Native Village Corporation,ancsa_lbb,"Landye Bennett Blumstein LLP, ANCSA Regional and Village Corporations",https://ancsa.lbblawyers.com/native-corporations.htm,2026-09-04,canonical_name [close],"Goldbelt, Incorporated",1
CE-0008Z-27,"Gold Creek–Susitna Native Association, Inc.",Alaska Native Village Corporation,ancsa_lbb,"Landye Bennett Blumstein LLP, ANCSA Regional and Village Corporations",https://ancsa.lbblawyers.com/native-corporations.htm,2026-09-04,canonical_name [close],"Gold Creek-Susitna Native Association, Inc.",1
CE-00090-DG,"Uganik Natives, Inc.",Alaska Native Village Corporation,ancsa_lbb,"Landye Bennett Blumstein LLP, ANCSA Regional and Village Corporations",https://ancsa.lbblawyers.com/native-corporations.htm,2026-09-04,canonical_name [exact],"Uganik Natives, Inc.",0
CE-00091-K9,Golovin Native Corporation,Alaska Native Village Corporation,ancsa_lbb,"Landye Bennett Blumstein LLP, ANCSA Regional and Village Corporations",https://ancsa.lbblawyers.com/native-corporations.htm,2026-09-04,canonical_name [exact],Golovin Native Corporation,0
CE-00092-S2,Gwitchyaa Zhee Corporation,Alaska Native Village Corporation,ancsa_lbb,"Landye Bennett Blumstein LLP, ANCSA Regional and Village Corporations",https://ancsa.lbblawyers.com/native-corporations.htm,2026-09-04,canonical_name [exact],Gwitchyaa Zhee Corporation,0
CE-00093-ZV,Haida Corporation,Alaska Native Village Corporation,ancsa_lbb,"Landye Bennett Blumstein LLP, ANCSA Regional and Village Corporations",https://ancsa.lbblawyers.com/native-corporations.htm,2026-09-04,canonical_name [exact],Haida Corporation,0
CE-00094-5M,Hungwitchin Corporation,Alaska Native Village Corporation,ancsa_lbb,"Landye Bennett Blumstein LLP, ANCSA Regional and Village Corporations",https://ancsa.lbblawyers.com/native-corporations.htm,2026-09-04,canonical_name [exact],Hungwitchin Corporation,0
CE-00095-BD,Huna Totem Corporation,Alaska Native Village Corporation,ancsa_lbb,"Landye Bennett Blumstein LLP, ANCSA Regional and Village Corporations",https://ancsa.lbblawyers.com/native-corporations.htm,2026-09-04,canonical_name [exact],Huna Totem Corporation,0
CE-00096-H6,Hee-Yea-Lingde Corporation,Alaska Native Village Corporation,ancsa_lbb,"Landye Bennett Blumstein LLP, ANCSA Regional and Village Corporations",https://ancsa.lbblawyers.com/native-corporations.htm,2026-09-04,canonical_name [exact],Hee-Yea-Lingde Corporation,0
CE-00097-QZ,Igiugig Native Corporation,Alaska Native Village Corporation,ancsa_lbb,"Landye Bennett Blumstein LLP, ANCSA Regional and Village Corporations",https://ancsa.lbblawyers.com/native-corporations.htm,2026-09-04,canonical_name [exact],Igiugig Native Corporation,0
CE-00098-XR,Inalik Native Corporation,Alaska Native Village Corporation,ancsa_lbb,"Landye Bennett Blumstein LLP, ANCSA Regional and Village Corporations",https://ancsa.lbblawyers.com/native-corporations.htm,2026-09-04,canonical_name [exact],Inalik Native Corporation,0
CE-00099-3H,Iqfijouaq Company,Alaska Native Village Corporation,ancsa_lbb,"Landye Bennett Blumstein LLP, ANCSA Regional and Village Corporations",https://ancsa.lbblawyers.com/native-corporations.htm,2026-09-04,canonical_name [exact],Iqfijouaq Company,0
CE-0009A-9A,Isanotski Corporation,Alaska Native Village Corporation,ancsa_lbb,"Landye Bennett Blumstein LLP, ANCSA Regional and Village Corporations",https://ancsa.lbblawyers.com/native-corporations.htm,2026-09-04,canonical_name [exact],Isanotski Corporation,0
CE-0009B-F3,"Kasigluk, Inc.",Alaska Native Village Corporation,ancsa_lbb,"Landye Bennett Blumstein LLP, ANCSA Regional and Village Corporations",https://ancsa.lbblawyers.com/native-corporations.htm,2026-09-04,canonical_name [exact],"Kasigluk, Inc.",0
CE-0009C-NW,Kavilco Incorporated,Alaska Native Village Corporation,ancsa_lbb,"Landye Bennett Blumstein LLP, ANCSA Regional and Village Corporations",https://ancsa.lbblawyers.com/native-corporations.htm,2026-09-04,canonical_name [exact],Kavilco Incorporated,0
CE-0009D-VN,"Kugkaktlik, Ltd.",Alaska Native Village Corporation,ancsa_lbb,"Landye Bennett Blumstein LLP, ANCSA Regional and Village Corporations",https://ancsa.lbblawyers.com/native-corporations.htm,2026-09-04,canonical_name [exact],"Kugkaktlik, Ltd.",0
CE-0009E-1E,"Akhiok-Kaguyak, Inc.",Alaska Native Village Corporation,ancsa_lbb,"Landye Bennett Blumstein LLP, ANCSA Regional and Village Corporations",https://ancsa.lbblawyers.com/native-corporations.htm,2026-09-04,canonical_name [exact],"Akhiok-Kaguyak, Inc.",0
CE-0009F-77,Kian Tr’ee Corporation,Alaska Native Village Corporation,ancsa_lbb,"Landye Bennett Blumstein LLP, ANCSA Regional and Village Corporations",https://ancsa.lbblawyers.com/native-corporations.htm,2026-09-04,canonical_name [close],Kian Tr'ee Corporation,1
CE-0009G-D0,Kijik Corporation,Alaska Native Village Corporation,ancsa_lbb,"Landye Bennett Blumstein LLP, ANCSA Regional and Village Corporations",https://ancsa.lbblawyers.com/native-corporations.htm,2026-09-04,canonical_name [exact],Kijik Corporation,0
CE-0009H-KS,Kikiktagruk Inupiat Corporation,Alaska Native Village Corporation,ancsa_lbb,"Landye Bennett Blumstein LLP, ANCSA Regional and Village Corporations",https://ancsa.lbblawyers.com/native-corporations.htm,2026-09-04,canonical_name [exact],Kikiktagruk Inupiat Corporation,0
CE-0009J-SJ,Kake Tribal Corporation,Alaska Native Village Corporation,ancsa_lbb,"Landye Bennett Blumstein LLP, ANCSA Regional and Village Corporations",https://ancsa.lbblawyers.com/native-corporations.htm,2026-09-04,canonical_name [exact],Kake Tribal Corporation,0
CE-0009K-ZB,Kaktovik Inupiat Corporation,Alaska Native Village Corporation,ancsa_lbb,"Landye Bennett Blumstein LLP, ANCSA Regional and Village Corporations",https://ancsa.lbblawyers.com/native-corporations.htm,2026-09-04,canonical_name [exact],Kaktovik Inupiat Corporation,0
CE-0009M-54,"Koliganek Natives, Ltd.",Alaska Native Village Corporation,ancsa_lbb,"Landye Bennett Blumstein LLP, ANCSA Regional and Village Corporations",https://ancsa.lbblawyers.com/native-corporations.htm,2026-09-04,canonical_name [exact],"Koliganek Natives, Ltd.",0
CE-0009N-BX,"Klukwan, Inc.",Alaska Native Village Corporation,ancsa_lbb,"Landye Bennett Blumstein LLP, ANCSA Regional and Village Corporations",https://ancsa.lbblawyers.com/native-corporations.htm,2026-09-04,canonical_name [exact],"Klukwan, Inc.",0
CE-0009P-HP,Klawock Heenya Corporation,Alaska Native Village Corporation,ancsa_lbb,"Landye Bennett Blumstein LLP, ANCSA Regional and Village Corporations",https://ancsa.lbblawyers.com/native-corporations.htm,2026-09-04,canonical_name [exact],Klawock Heenya Corporation,0
CE-0009Q-QF,"King Cove Holdings, LLC",Alaska Native Village Corporation,ancsa_lbb,"Landye Bennett Blumstein LLP, ANCSA Regional and Village Corporations",https://ancsa.lbblawyers.com/native-corporations.htm,2026-09-04,canonical_name [exact],"King Cove Holdings, LLC",0
CE-0009R-X8,Kongnikilnomuit Yuita Corporation,Alaska Native Village Corporation,ancsa_lbb,"Landye Bennett Blumstein LLP, ANCSA Regional and Village Corporations",https://ancsa.lbblawyers.com/native-corporations.htm,2026-09-04,canonical_name [exact],Kongnikilnomuit Yuita Corporation,0
CE-0009S-31,King Island Native Corporation,Alaska Native Village Corporation,ancsa_lbb,"Landye Bennett Blumstein LLP, ANCSA Regional and Village Corporations",https://ancsa.lbblawyers.com/native-corporations.htm,2026-09-04,canonical_name [exact],King Island Native Corporation,0
CE-0009T-9T,"Knikatnu, Inc.",Alaska Native Village Corporation,ancsa_lbb,"Landye Bennett Blumstein LLP, ANCSA Regional and Village Corporations",https://ancsa.lbblawyers.com/native-corporations.htm,2026-09-04,canonical_name [exact],"Knikatnu, Inc.",0
CE-0009V-FK,"Kenai Natives Association, Inc.",Alaska Native Village Corporation,ancsa_lbb,"Landye Bennett Blumstein LLP, ANCSA Regional and Village Corporations",https://ancsa.lbblawyers.com/native-corporations.htm,2026-09-04,canonical_name [exact],"Kenai Natives Association, Inc.",0
CE-0009W-NC,Kokarmuit Corporation,Alaska Native Village Corporation,ancsa_lbb,"Landye Bennett Blumstein LLP, ANCSA Regional and Village Corporations",https://ancsa.lbblawyers.com/native-corporations.htm,2026-09-04,canonical_name [exact],Kokarmuit Corporation,0
CE-0009X-V5,"Kootznoowoo, Inc.",Alaska Native Village Corporation,ancsa_lbb,"Landye Bennett Blumstein LLP, ANCSA Regional and Village Corporations",https://ancsa.lbblawyers.com/native-corporations.htm,2026-09-04,canonical_name [exact],"Kootznoowoo, Inc.",0
CE-0009Y-1Y,Koyuk Native Corporation,Alaska Native Village Corporation,ancsa_lbb,"Landye Bennett Blumstein LLP, ANCSA Regional and Village Corporations",https://ancsa.lbblawyers.com/native-corporations.htm,2026-09-04,canonical_name [exact],Koyuk Native Corporation,0
CE-0009Z-7Q,Ukpeagvik Iñupiat Corporation,Alaska Native Village Corporation,ancsa_lbb,"Landye Bennett Blumstein LLP, ANCSA Regional and Village Corporations",https://ancsa.lbblawyers.com/native-corporations.htm,2026-09-04,canonical_name [close],Ukpeaġvik Iñupiat Corporation,1
CE-000A0-J0,The Kuskokwim Corporation,Alaska Native Village Corporation,ancsa_lbb,"Landye Bennett Blumstein LLP, ANCSA Regional and Village Corporations",https://ancsa.lbblawyers.com/native-corporations.htm,2026-09-04,canonical_name [exact],The Kuskokwim Corporation,0
CE-000A1-RS,Kotlik Yupik Corporation,Alaska Native Village Corporation,ancsa_lbb,"Landye Bennett Blumstein LLP, ANCSA Regional and Village Corporations",https://ancsa.lbblawyers.com/native-corporations.htm,2026-09-04,canonical_name [exact],Kotlik Yupik Corporation,0
CE-000A2-YJ,"Kuitsarak, Inc.",Alaska Native Village Corporation,ancsa_lbb,"Landye Bennett Blumstein LLP, ANCSA Regional and Village Corporations",https://ancsa.lbblawyers.com/native-corporations.htm,2026-09-04,canonical_name [exact],"Kuitsarak, Inc.",0
CE-000A3-4B,"Kukulget, Inc.",Alaska Native Village Corporation,ancsa_lbb,"Landye Bennett Blumstein LLP, ANCSA Regional and Village Corporations",https://ancsa.lbblawyers.com/native-corporations.htm,2026-09-04,canonical_name [exact],"Kukulget, Inc.",0
CE-000A4-A4,Kuukpik Corporation,Alaska Native Village Corporation,ancsa_lbb,"Landye Bennett Blumstein LLP, ANCSA Regional and Village Corporations",https://ancsa.lbblawyers.com/native-corporations.htm,2026-09-04,canonical_name [exact],Kuukpik Corporation,0
CE-000A5-GX,"Kwik, Inc.",Alaska Native Village Corporation,ancsa_lbb,"Landye Bennett Blumstein LLP, ANCSA Regional and Village Corporations",https://ancsa.lbblawyers.com/native-corporations.htm,2026-09-04,canonical_name [exact],"Kwik, Inc.",0
CE-000A6-PP,"Ekwok Natives, Ltd.",Alaska Native Village Corporation,ancsa_lbb,"Landye Bennett Blumstein LLP, ANCSA Regional and Village Corporations",https://ancsa.lbblawyers.com/native-corporations.htm,2026-09-04,canonical_name [exact],"Ekwok Natives, Ltd.",0
CE-000A7-WF,"Kwethluk, Inc.",Alaska Native Village Corporation,ancsa_lbb,"Landye Bennett Blumstein LLP, ANCSA Regional and Village Corporations",https://ancsa.lbblawyers.com/native-corporations.htm,2026-09-04,canonical_name [exact],"Kwethluk, Inc.",0
CE-000A8-28,"K’oyitl’ots’ina, Ltd. (K Corp)",Alaska Native Village Corporation,ancsa_lbb,"Landye Bennett Blumstein LLP, ANCSA Regional and Village Corporations",https://ancsa.lbblawyers.com/native-corporations.htm,2026-09-04,canonical_name [close],"K'oyitl'ots'ina, Ltd.",1
CE-000A9-81,Old Harbor Native Corporation,Alaska Native Village Corporation,ancsa_lbb,"Landye Bennett Blumstein LLP, ANCSA Regional and Village Corporations",https://ancsa.lbblawyers.com/native-corporations.htm,2026-09-04,canonical_name [exact],Old Harbor Native Corporation,0
CE-000AA-ET,"Leisnoi, Inc.",Alaska Native Village Corporation,ancsa_lbb,"Landye Bennett Blumstein LLP, ANCSA Regional and Village Corporations",https://ancsa.lbblawyers.com/native-corporations.htm,2026-09-04,canonical_name [exact],"Leisnoi, Inc.",0
CE-000AB-MK,"Litnik, Inc.",Alaska Native Village Corporation,ancsa_lbb,"Landye Bennett Blumstein LLP, ANCSA Regional and Village Corporations",https://ancsa.lbblawyers.com/native-corporations.htm,2026-09-04,canonical_name [exact],"Litnik, Inc.",0
CE-000AC-TC,"Aleknagik Natives, Ltd.",Alaska Native Village Corporation,ancsa_lbb,"Landye Bennett Blumstein LLP, ANCSA Regional and Village Corporations",https://ancsa.lbblawyers.com/native-corporations.htm,2026-09-04,canonical_name [exact],"Aleknagik Natives, Ltd.",0
CE-000AD-05,"Iliamna Natives, Ltd.",Alaska Native Village Corporation,ancsa_lbb,"Landye Bennett Blumstein LLP, ANCSA Regional and Village Corporations",https://ancsa.lbblawyers.com/native-corporations.htm,2026-09-04,canonical_name [exact],"Iliamna Natives, Ltd.",0
CE-000AE-6Y,Lime Village Company,Alaska Native Village Corporation,ancsa_lbb,"Landye Bennett Blumstein LLP, ANCSA Regional and Village Corporations",https://ancsa.lbblawyers.com/native-corporations.htm,2026-09-04,canonical_name [exact],Lime Village Company,0
CE-000AF-CQ,"Olsonville, Inc.",ANCSA Group Corporation,ancsa_lbb,"Landye Bennett Blumstein LLP, ANCSA Regional and Village Corporations",https://ancsa.lbblawyers.com/native-corporations.htm,2026-09-04,canonical_name [exact],"Olsonville, Inc.",0
CE-000AG-JG,"Levelock Natives, Ltd.",Alaska Native Village Corporation,ancsa_lbb,"Landye Bennett Blumstein LLP, ANCSA Regional and Village Corporations",https://ancsa.lbblawyers.com/native-corporations.htm,2026-09-04,canonical_name [exact],"Levelock Natives, Ltd.",0
CE-000AH-R9,"Alexander Creek, Inc.",ANCSA Group Corporation,ancsa_lbb,"Landye Bennett Blumstein LLP, ANCSA Regional and Village Corporations",https://ancsa.lbblawyers.com/native-corporations.htm,2026-09-04,canonical_name [exact],"Alexander Creek, Inc.",0
CE-000AJ-Y2,"Minchumina Natives, Inc.",Alaska Native Village Corporation,ancsa_lbb,"Landye Bennett Blumstein LLP, ANCSA Regional and Village Corporations",https://ancsa.lbblawyers.com/native-corporations.htm,2026-09-04,canonical_name [exact],"Minchumina Natives, Inc.",0
CE-000AK-4V,Mendas Cha-ag Native Corporation,Alaska Native Village Corporation,ancsa_lbb,"Landye Bennett Blumstein LLP, ANCSA Regional and Village Corporations",https://ancsa.lbblawyers.com/native-corporations.htm,2026-09-04,canonical_name [exact],Mendas Cha-ag Native Corporation,0
CE-000AM-AM,"Manokotak Natives, Ltd.",Alaska Native Village Corporation,ancsa_lbb,"Landye Bennett Blumstein LLP, ANCSA Regional and Village Corporations",https://ancsa.lbblawyers.com/native-corporations.htm,2026-09-04,canonical_name [exact],"Manokotak Natives, Ltd.",0
CE-000AN-GD,Minto Development Corporation,Alaska Native Village Corporation,ancsa_lbb,"Landye Bennett Blumstein LLP, ANCSA Regional and Village Corporations",https://ancsa.lbblawyers.com/native-corporations.htm,2026-09-04,canonical_name [exact],Minto Development Corporation,0
CE-000AP-P6,"Montana Creek Native Association, Inc.",ANCSA Group Corporation,ancsa_lbb,"Landye Bennett Blumstein LLP, ANCSA Regional and Village Corporations",https://ancsa.lbblawyers.com/native-corporations.htm,2026-09-04,canonical_name [exact],"Montana Creek Native Association, Inc.",0
CE-000AQ-WZ,Mary’s Igloo Native Corporation,Alaska Native Village Corporation,ancsa_lbb,"Landye Bennett Blumstein LLP, ANCSA Regional and Village Corporations",https://ancsa.lbblawyers.com/native-corporations.htm,2026-09-04,canonical_name [close],Mary's Igloo Native Corporation,1
CE-000AR-2R,"Maserculiq, Inc.",Alaska Native Village Corporation,ancsa_lbb,"Landye Bennett Blumstein LLP, ANCSA Regional and Village Corporations",https://ancsa.lbblawyers.com/native-corporations.htm,2026-09-04,canonical_name [exact],"Maserculiq, Inc.",0
CE-000AS-8H,"MTNT, Ltd.",Alaska Native Village Corporation,ancsa_lbb,"Landye Bennett Blumstein LLP, ANCSA Regional and Village Corporations",https://ancsa.lbblawyers.com/native-corporations.htm,2026-09-04,canonical_name [exact],"MTNT, Ltd.",0
CE-000AT-EA,Napakiak Corporation,Alaska Native Village Corporation,ancsa_lbb,"Landye Bennett Blumstein LLP, ANCSA Regional and Village Corporations",https://ancsa.lbblawyers.com/native-corporations.htm,2026-09-04,canonical_name [exact],Napakiak Corporation,0
CE-000AV-M3,Newtok Native Corporation,Alaska Native Village Corporation,ancsa_lbb,"Landye Bennett Blumstein LLP, ANCSA Regional and Village Corporations",https://ancsa.lbblawyers.com/native-corporations.htm,2026-09-04,canonical_name [exact],Newtok Native Corporation,0
CE-000AW-TW,The English Bay Corporation,Alaska Native Village Corporation,ancsa_lbb,"Landye Bennett Blumstein LLP, ANCSA Regional and Village Corporations",https://ancsa.lbblawyers.com/native-corporations.htm,2026-09-04,canonical_name [exact],The English Bay Corporation,0
CE-000AX-0N,Nima Corporation,Alaska Native Village Corporation,ancsa_lbb,"Landye Bennett Blumstein LLP, ANCSA Regional and Village Corporations",https://ancsa.lbblawyers.com/native-corporations.htm,2026-09-04,canonical_name [exact],Nima Corporation,0
CE-000AY-6E,Nelson Lagoon Corporation,Alaska Native Village Corporation,ancsa_lbb,"Landye Bennett Blumstein LLP, ANCSA Regional and Village Corporations",https://ancsa.lbblawyers.com/native-corporations.htm,2026-09-04,canonical_name [exact],Nelson Lagoon Corporation,0
CE-000AZ-C7,Nunakauiak Yupik Corporation,Alaska Native Village Corporation,ancsa_lbb,"Landye Bennett Blumstein LLP, ANCSA Regional and Village Corporations",https://ancsa.lbblawyers.com/native-corporations.htm,2026-09-04,canonical_name [exact],Nunakauiak Yupik Corporation,0
CE-000B0-QG,"Ninilchik Natives Association, Inc.",Alaska Native Village Corporation,ancsa_lbb,"Landye Bennett Blumstein LLP, ANCSA Regional and Village Corporations",https://ancsa.lbblawyers.com/native-corporations.htm,2026-09-04,canonical_name [exact],"Ninilchik Natives Association, Inc.",0
CE-000B1-X9,Nunapiglluraq Corporation,Alaska Native Village Corporation,ancsa_lbb,"Landye Bennett Blumstein LLP, ANCSA Regional and Village Corporations",https://ancsa.lbblawyers.com/native-corporations.htm,2026-09-04,canonical_name [exact],Nunapiglluraq Corporation,0
CE-000B2-32,"Nunapitchuk, Ltd.",Alaska Native Village Corporation,ancsa_lbb,"Landye Bennett Blumstein LLP, ANCSA Regional and Village Corporations",https://ancsa.lbblawyers.com/native-corporations.htm,2026-09-04,canonical_name [exact],"Nunapitchuk, Ltd.",0
CE-000B3-9V,Nerklikmute Native Corporation,Alaska Native Village Corporation,ancsa_lbb,"Landye Bennett Blumstein LLP, ANCSA Regional and Village Corporations",https://ancsa.lbblawyers.com/native-corporations.htm,2026-09-04,canonical_name [exact],Nerklikmute Native Corporation,0
CE-000B4-FM,"Northway Natives, Inc.",Alaska Native Village Corporation,ancsa_lbb,"Landye Bennett Blumstein LLP, ANCSA Regional and Village Corporations",https://ancsa.lbblawyers.com/native-corporations.htm,2026-09-04,canonical_name [exact],"Northway Natives, Inc.",0
CE-000B5-ND,"Natives of Kodiak, Inc.",Alaska Native Village Corporation,ancsa_lbb,"Landye Bennett Blumstein LLP, ANCSA Regional and Village Corporations",https://ancsa.lbblawyers.com/native-corporations.htm,2026-09-04,canonical_name [exact],"Natives of Kodiak, Inc.",0
CE-000B6-V6,Nunamiut Corporation,Alaska Native Village Corporation,ancsa_lbb,"Landye Bennett Blumstein LLP, ANCSA Regional and Village Corporations",https://ancsa.lbblawyers.com/native-corporations.htm,2026-09-04,canonical_name [exact],Nunamiut Corporation,0
CE-000B7-1Z,Oceanside Corporation,Alaska Native Village Corporation,ancsa_lbb,"Landye Bennett Blumstein LLP, ANCSA Regional and Village Corporations",https://ancsa.lbblawyers.com/native-corporations.htm,2026-09-04,canonical_name [exact],Oceanside Corporation,0
CE-000B8-7R,Olgoonik Corporation,Alaska Native Village Corporation,ancsa_lbb,"Landye Bennett Blumstein LLP, ANCSA Regional and Village Corporations",https://ancsa.lbblawyers.com/native-corporations.htm,2026-09-04,canonical_name [exact],Olgoonik Corporation,0
CE-000B9-DH,Ounalashka Corporation,Alaska Native Village Corporation,ancsa_lbb,"Landye Bennett Blumstein LLP, ANCSA Regional and Village Corporations",https://ancsa.lbblawyers.com/native-corporations.htm,2026-09-04,canonical_name [exact],Ounalashka Corporation,0
CE-000BA-KA,Ouzinkie Native Corporation,Alaska Native Village Corporation,ancsa_lbb,"Landye Bennett Blumstein LLP, ANCSA Regional and Village Corporations",https://ancsa.lbblawyers.com/native-corporations.htm,2026-09-04,canonical_name [exact],Ouzinkie Native Corporation,0
CE-000BB-S3,"Paug-Vik Incorporated, Ltd.",Alaska Native Village Corporation,ancsa_lbb,"Landye Bennett Blumstein LLP, ANCSA Regional and Village Corporations",https://ancsa.lbblawyers.com/native-corporations.htm,2026-09-04,canonical_name [exact],"Paug-Vik Incorporated, Ltd.",0
CE-000BC-ZW,Pedro Bay Corporation,Alaska Native Village Corporation,ancsa_lbb,"Landye Bennett Blumstein LLP, ANCSA Regional and Village Corporations",https://ancsa.lbblawyers.com/native-corporations.htm,2026-09-04,canonical_name [exact],Pedro Bay Corporation,0
CE-000BD-5N,Alaska Peninsula Corporation,Alaska Native Village Corporation,ancsa_lbb,"Landye Bennett Blumstein LLP, ANCSA Regional and Village Corporations",https://ancsa.lbblawyers.com/native-corporations.htm,2026-09-04,canonical_name [exact],Alaska Peninsula Corporation,0
CE-000BE-BE,Pilot Point Native Corporation,Alaska Native Village Corporation,ancsa_lbb,"Landye Bennett Blumstein LLP, ANCSA Regional and Village Corporations",https://ancsa.lbblawyers.com/native-corporations.htm,2026-09-04,canonical_name [exact],Pilot Point Native Corporation,0
CE-000BF-H7,"Pilot Station, Inc.",Alaska Native Village Corporation,ancsa_lbb,"Landye Bennett Blumstein LLP, ANCSA Regional and Village Corporations",https://ancsa.lbblawyers.com/native-corporations.htm,2026-09-04,canonical_name [exact],"Pilot Station, Inc.",0
CE-000BG-Q0,"Point Possession, Inc.",ANCSA Group Corporation,ancsa_lbb,"Landye Bennett Blumstein LLP, ANCSA Regional and Village Corporations",https://ancsa.lbblawyers.com/native-corporations.htm,2026-09-04,canonical_name [exact],"Point Possession, Inc.",0
CE-000BH-XS,The Port Graham Corporation,Alaska Native Village Corporation,ancsa_lbb,"Landye Bennett Blumstein LLP, ANCSA Regional and Village Corporations",https://ancsa.lbblawyers.com/native-corporations.htm,2026-09-04,canonical_name [exact],The Port Graham Corporation,0
CE-000BJ-3J,Pitka’s Point Native Corporation,Alaska Native Village Corporation,ancsa_lbb,"Landye Bennett Blumstein LLP, ANCSA Regional and Village Corporations",https://ancsa.lbblawyers.com/native-corporations.htm,2026-09-04,canonical_name [close],Pitka's Point Native Corporation,1
CE-000BK-9B,"Qanirtuuq, Inc.",Alaska Native Village Corporation,ancsa_lbb,"Landye Bennett Blumstein LLP, ANCSA Regional and Village Corporations",https://ancsa.lbblawyers.com/native-corporations.htm,2026-09-04,canonical_name [exact],"Qanirtuuq, Inc.",0
CE-000BM-F4,Qinarmiut Corporation,Alaska Native Village Corporation,ancsa_lbb,"Landye Bennett Blumstein LLP, ANCSA Regional and Village Corporations",https://ancsa.lbblawyers.com/native-corporations.htm,2026-09-04,canonical_name [exact],Qinarmiut Corporation,0
CE-000BN-NX,Qemirtalek Coast Corporation,Alaska Native Village Corporation,ancsa_lbb,"Landye Bennett Blumstein LLP, ANCSA Regional and Village Corporations",https://ancsa.lbblawyers.com/native-corporations.htm,2026-09-04,canonical_name [exact],Qemirtalek Coast Corporation,0
CE-000BP-VP,Russian Mission Native Corporation,Alaska Native Village Corporation,ancsa_lbb,"Landye Bennett Blumstein LLP, ANCSA Regional and Village Corporations",https://ancsa.lbblawyers.com/native-corporations.htm,2026-09-04,canonical_name [exact],Russian Mission Native Corporation,0
CE-000BQ-1F,"Saguyak, Inc.",Alaska Native Village Corporation,ancsa_lbb,"Landye Bennett Blumstein LLP, ANCSA Regional and Village Corporations",https://ancsa.lbblawyers.com/native-corporations.htm,2026-09-04,canonical_name [exact],"Saguyak, Inc.",0
CE-000BR-78,Sanak Corporation,Alaska Native Village Corporation,ancsa_lbb,"Landye Bennett Blumstein LLP, ANCSA Regional and Village Corporations",https://ancsa.lbblawyers.com/native-corporations.htm,2026-09-04,canonical_name [exact],Sanak Corporation,0
CE-000BS-D1,Savoonga Native Corporation,Alaska Native Village Corporation,ancsa_lbb,"Landye Bennett Blumstein LLP, ANCSA Regional and Village Corporations",https://ancsa.lbblawyers.com/native-corporations.htm,2026-09-04,canonical_name [exact],Savoonga Native Corporation,0
CE-000BT-KT,Oscarville Native Corporation,Alaska Native Village Corporation,ancsa_lbb,"Landye Bennett Blumstein LLP, ANCSA Regional and Village Corporations",https://ancsa.lbblawyers.com/native-corporations.htm,2026-09-04,canonical_name [exact],Oscarville Native Corporation,0
CE-000BV-SK,Sea Lion Corporation,Alaska Native Village Corporation,ancsa_lbb,"Landye Bennett Blumstein LLP, ANCSA Regional and Village Corporations",https://ancsa.lbblawyers.com/native-corporations.htm,2026-09-04,canonical_name [exact],Sea Lion Corporation,0
CE-000BW-ZC,"Shaan Seet, Inc.",Alaska Native Village Corporation,ancsa_lbb,"Landye Bennett Blumstein LLP, ANCSA Regional and Village Corporations",https://ancsa.lbblawyers.com/native-corporations.htm,2026-09-04,canonical_name [exact],"Shaan Seet, Inc.",0
CE-000BX-55,"Shee Atiká, Incorporated",Alaska Native Village Corporation,ancsa_lbb,"Landye Bennett Blumstein LLP, ANCSA Regional and Village Corporations",https://ancsa.lbblawyers.com/native-corporations.htm,2026-09-04,canonical_name [close],"Shee Atika, Incorporated",1
CE-000BY-BY,Shaktoolik Native Corporation,Alaska Native Village Corporation,ancsa_lbb,"Landye Bennett Blumstein LLP, ANCSA Regional and Village Corporations",https://ancsa.lbblawyers.com/native-corporations.htm,2026-09-04,canonical_name [exact],Shaktoolik Native Corporation,0
CE-000BZ-HQ,Shishmaref Native Corporation,Alaska Native Village Corporation,ancsa_lbb,"Landye Bennett Blumstein LLP, ANCSA Regional and Village Corporations",https://ancsa.lbblawyers.com/native-corporations.htm,2026-09-04,canonical_name [exact],Shishmaref Native Corporation,0
CE-000C0-W0,"Shumagin Corporation, Inc.",Alaska Native Village Corporation,ancsa_lbb,"Landye Bennett Blumstein LLP, ANCSA Regional and Village Corporations",https://ancsa.lbblawyers.com/native-corporations.htm,2026-09-04,canonical_name [exact],"Shumagin Corporation, Inc.",0
CE-000C1-2S,"Shuyak, Inc.",Alaska Native Village Corporation,ancsa_lbb,"Landye Bennett Blumstein LLP, ANCSA Regional and Village Corporations",https://ancsa.lbblawyers.com/native-corporations.htm,2026-09-04,canonical_name [exact],"Shuyak, Inc.",0
CE-000C2-8J,Sitnasuak Native Corporation,Alaska Native Village Corporation,ancsa_lbb,"Landye Bennett Blumstein LLP, ANCSA Regional and Village Corporations",https://ancsa.lbblawyers.com/native-corporations.htm,2026-09-04,canonical_name [exact],Sitnasuak Native Corporation,0
CE-000C3-EB,"Sivuqaq, Inc.",Alaska Native Village Corporation,ancsa_lbb,"Landye Bennett Blumstein LLP, ANCSA Regional and Village Corporations",https://ancsa.lbblawyers.com/native-corporations.htm,2026-09-04,canonical_name [exact],"Sivuqaq, Inc.",0
CE-000C4-M4,"Seldovia Native Association, Inc.",Alaska Native Village Corporation,ancsa_lbb,"Landye Bennett Blumstein LLP, ANCSA Regional and Village Corporations",https://ancsa.lbblawyers.com/native-corporations.htm,2026-09-04,canonical_name [exact],"Seldovia Native Association, Inc.",0
CE-000C5-TX,"Salamatof Native Association, Inc.",Alaska Native Village Corporation,ancsa_lbb,"Landye Bennett Blumstein LLP, ANCSA Regional and Village Corporations",https://ancsa.lbblawyers.com/native-corporations.htm,2026-09-04,canonical_name [exact],"Salamatof Native Association, Inc.",0
CE-000C6-0P,Solomon Native Corporation,Alaska Native Village Corporation,ancsa_lbb,"Landye Bennett Blumstein LLP, ANCSA Regional and Village Corporations",https://ancsa.lbblawyers.com/native-corporations.htm,2026-09-04,canonical_name [exact],Solomon Native Corporation,0
CE-000C7-6F,Stebbins Native Corporation,Alaska Native Village Corporation,ancsa_lbb,"Landye Bennett Blumstein LLP, ANCSA Regional and Village Corporations",https://ancsa.lbblawyers.com/native-corporations.htm,2026-09-04,canonical_name [exact],Stebbins Native Corporation,0
CE-000C8-C8,St. George Tanaq Corporation,Alaska Native Village Corporation,ancsa_lbb,"Landye Bennett Blumstein LLP, ANCSA Regional and Village Corporations",https://ancsa.lbblawyers.com/native-corporations.htm,2026-09-04,canonical_name [exact],St. George Tanaq Corporation,0
CE-000C9-J1,Seth-De-Ya-Ah Corporation,Alaska Native Village Corporation,ancsa_lbb,"Landye Bennett Blumstein LLP, ANCSA Regional and Village Corporations",https://ancsa.lbblawyers.com/native-corporations.htm,2026-09-04,canonical_name [exact],Seth-De-Ya-Ah Corporation,0
CE-000CA-RT,St. Michael Native Corporation,Alaska Native Village Corporation,ancsa_lbb,"Landye Bennett Blumstein LLP, ANCSA Regional and Village Corporations",https://ancsa.lbblawyers.com/native-corporations.htm,2026-09-04,canonical_name [exact],St. Michael Native Corporation,0
CE-000CB-YK,St. Mary’s Native Corporation,Alaska Native Village Corporation,ancsa_lbb,"Landye Bennett Blumstein LLP, ANCSA Regional and Village Corporations",https://ancsa.lbblawyers.com/native-corporations.htm,2026-09-04,canonical_name [close],St. Mary's Native Corporation,1
CE-000CC-4C,"Stuyahok, Ltd.",Alaska Native Village Corporation,ancsa_lbb,"Landye Bennett Blumstein LLP, ANCSA Regional and Village Corporations",https://ancsa.lbblawyers.com/native-corporations.htm,2026-09-04,canonical_name [exact],"Stuyahok, Ltd.",0
CE-000CD-A5,Swan Lake Corporation,Alaska Native Village Corporation,ancsa_lbb,"Landye Bennett Blumstein LLP, ANCSA Regional and Village Corporations",https://ancsa.lbblawyers.com/native-corporations.htm,2026-09-04,canonical_name [exact],Swan Lake Corporation,0
CE-000CE-GY,"Tanalian, Inc.",ANCSA Group Corporation,ancsa_lbb,"Landye Bennett Blumstein LLP, ANCSA Regional and Village Corporations",https://ancsa.lbblawyers.com/native-corporations.htm,2026-09-04,canonical_name [exact],"Tanalian, Inc.",0
CE-000CF-PQ,The Tatitlek Corporation,Alaska Native Village Corporation,ancsa_lbb,"Landye Bennett Blumstein LLP, ANCSA Regional and Village Corporations",https://ancsa.lbblawyers.com/native-corporations.htm,2026-09-04,canonical_name [exact],The Tatitlek Corporation,0
CE-000CG-WG,Teller Native Corporation,Alaska Native Village Corporation,ancsa_lbb,"Landye Bennett Blumstein LLP, ANCSA Regional and Village Corporations",https://ancsa.lbblawyers.com/native-corporations.htm,2026-09-04,canonical_name [exact],Teller Native Corporation,0
CE-000CH-29,Tetlin Native Corporation,Alaska Native Village Corporation,ancsa_lbb,"Landye Bennett Blumstein LLP, ANCSA Regional and Village Corporations",https://ancsa.lbblawyers.com/native-corporations.htm,2026-09-04,canonical_name [exact],Tetlin Native Corporation,0
CE-000CJ-82,Toghotthele Corporation,Alaska Native Village Corporation,ancsa_lbb,"Landye Bennett Blumstein LLP, ANCSA Regional and Village Corporations",https://ancsa.lbblawyers.com/native-corporations.htm,2026-09-04,canonical_name [exact],Toghotthele Corporation,0
CE-000CK-EV,"Togiak Natives, Ltd.",Alaska Native Village Corporation,ancsa_lbb,"Landye Bennett Blumstein LLP, ANCSA Regional and Village Corporations",https://ancsa.lbblawyers.com/native-corporations.htm,2026-09-04,canonical_name [exact],"Togiak Natives, Ltd.",0
CE-000CM-MM,"Tihteet’ Aii, Inc.",Alaska Native Village Corporation,ancsa_lbb,"Landye Bennett Blumstein LLP, ANCSA Regional and Village Corporations",https://ancsa.lbblawyers.com/native-corporations.htm,2026-09-04,canonical_name [close],"Tihteet' Aii, Inc.",1
CE-000CN-TD,Tikigaq Corporation,Alaska Native Village Corporation,ancsa_lbb,"Landye Bennett Blumstein LLP, ANCSA Regional and Village Corporations",https://ancsa.lbblawyers.com/native-corporations.htm,2026-09-04,canonical_name [exact],Tikigaq Corporation,0
CE-000CP-06,"Tulkisarmute, Inc.",Alaska Native Village Corporation,ancsa_lbb,"Landye Bennett Blumstein LLP, ANCSA Regional and Village Corporations",https://ancsa.lbblawyers.com/native-corporations.htm,2026-09-04,canonical_name [exact],"Tulkisarmute, Inc.",0
CE-000CQ-6Z,"Tanacross, Inc.",Alaska Native Village Corporation,ancsa_lbb,"Landye Bennett Blumstein LLP, ANCSA Regional and Village Corporations",https://ancsa.lbblawyers.com/native-corporations.htm,2026-09-04,canonical_name [exact],"Tanacross, Inc.",0
CE-000CR-CR,Tanadgusix Corporation (TDX),Alaska Native Village Corporation,ancsa_lbb,"Landye Bennett Blumstein LLP, ANCSA Regional and Village Corporations",https://ancsa.lbblawyers.com/native-corporations.htm,2026-09-04,canonical_name [exact],Tanadgusix Corporation (TDX),0
CE-000CS-JH,Tununrmiut Rinit Corporation (TRC),Alaska Native Village Corporation,ancsa_lbb,"Landye Bennett Blumstein LLP, ANCSA Regional and Village Corporations",https://ancsa.lbblawyers.com/native-corporations.htm,2026-09-04,canonical_name [close],Tununrmiut Rinit Corporation,1
CE-000CT-RA,"Tozitna, Ltd.",Alaska Native Village Corporation,ancsa_lbb,"Landye Bennett Blumstein LLP, ANCSA Regional and Village Corporations",https://ancsa.lbblawyers.com/native-corporations.htm,2026-09-04,canonical_name [exact],"Tozitna, Ltd.",0
CE-000CV-Y3,Twin Hills Native Corporation,Alaska Native Village Corporation,ancsa_lbb,"Landye Bennett Blumstein LLP, ANCSA Regional and Village Corporations",https://ancsa.lbblawyers.com/native-corporations.htm,2026-09-04,canonical_name [exact],Twin Hills Native Corporation,0
CE-000CW-4W,The Tyonek Native Corporation,Alaska Native Village Corporation,ancsa_lbb,"Landye Bennett Blumstein LLP, ANCSA Regional and Village Corporations",https://ancsa.lbblawyers.com/native-corporations.htm,2026-09-04,canonical_name [exact],The Tyonek Native Corporation,0
CE-000CX-AN,Unalakleet Native Corporation,Alaska Native Village Corporation,ancsa_lbb,"Landye Bennett Blumstein LLP, ANCSA Regional and Village Corporations",https://ancsa.lbblawyers.com/native-corporations.htm,2026-09-04,canonical_name [exact],Unalakleet Native Corporation,0
CE-000CY-GE,Unga Corporation,Alaska Native Village Corporation,ancsa_lbb,"Landye Bennett Blumstein LLP, ANCSA Regional and Village Corporations",https://ancsa.lbblawyers.com/native-corporations.htm,2026-09-04,canonical_name [exact],Unga Corporation,0
CE-000CZ-P7,"Evansville, Inc.",Alaska Native Village Corporation,ancsa_lbb,"Landye Bennett Blumstein LLP, ANCSA Regional and Village Corporations",https://ancsa.lbblawyers.com/native-corporations.htm,2026-09-04,canonical_name [exact],"Evansville, Inc.",0
CE-000D0-1G,Wales Native Corporation,Alaska Native Village Corporation,ancsa_lbb,"Landye Bennett Blumstein LLP, ANCSA Regional and Village Corporations",https://ancsa.lbblawyers.com/native-corporations.htm,2026-09-04,canonical_name [exact],Wales Native Corporation,0
CE-000D1-79,White Mountain Native Corporation,Alaska Native Village Corporation,ancsa_lbb,"Landye Bennett Blumstein LLP, ANCSA Regional and Village Corporations",https://ancsa.lbblawyers.com/native-corporations.htm,2026-09-04,canonical_name [exact],White Mountain Native Corporation,0
CE-000D2-D2,"Uyak Natives, Inc.",Alaska Native Village Corporation,ancsa_lbb,"Landye Bennett Blumstein LLP, ANCSA Regional and Village Corporations",https://ancsa.lbblawyers.com/native-corporations.htm,2026-09-04,canonical_name [exact],"Uyak Natives, Inc.",0
CE-000D3-KV,"Yak-Tat Kwaan, Inc.",Alaska Native Village Corporation,ancsa_lbb,"Landye Bennett Blumstein LLP, ANCSA Regional and Village Corporations",https://ancsa.lbblawyers.com/native-corporations.htm,2026-09-04,canonical_name [exact],"Yak-Tat Kwaan, Inc.",0
CE-000D4-SM,"Zho-Tse, Inc.",Alaska Native Village Corporation,ancsa_lbb,"Landye Bennett Blumstein LLP, ANCSA Regional and Village Corporations",https://ancsa.lbblawyers.com/native-corporations.htm,2026-09-04,canonical_name [exact],"Zho-Tse, Inc.",0
CE-000D5-ZD,Ahfachkee School,BIE School,cedar_internal,Cedar Press - no authoritative external register publishes a name for this entity class,,,no external register for this class,Ahfachkee School,0
CE-000D6-56,Alamo Navajo Community School,BIE School,cedar_internal,Cedar Press - no authoritative external register publishes a name for this entity class,,,no external register for this class,Alamo Navajo Community School,0
CE-000D7-BZ,Aneth Community School,BIE School,cedar_internal,Cedar Press - no authoritative external register publishes a name for this entity class,,,no external register for this class,Aneth Community School,0
CE-000D8-HR,Baca /Dlo'Ay Azhi Community School,BIE School,cedar_internal,Cedar Press - no authoritative external register publishes a name for this entity class,,,no external register for this class,Baca /Dlo'Ay Azhi Community School,0
CE-000D9-QH,Beclabito Day School,BIE School,cedar_internal,Cedar Press - no authoritative external register publishes a name for this entity class,,,no external register for this class,Beclabito Day School,0
CE-000DA-XA,Bogue Chitto Elementary,BIE School,cedar_internal,Cedar Press - no authoritative external register publishes a name for this entity class,,,no external register for this class,Bogue Chitto Elementary,0
CE-000DB-33,Bug-O-Nay-Ge-Shig School,BIE School,cedar_internal,Cedar Press - no authoritative external register publishes a name for this entity class,,,no external register for this class,Bug-O-Nay-Ge-Shig School,0
CE-000DC-9W,Blackfeet Dormitory,BIE School,cedar_internal,Cedar Press - no authoritative external register publishes a name for this entity class,,,no external register for this class,Blackfeet Dormitory,0
CE-000DD-FN,Black Mesa Community School,BIE School,cedar_internal,Cedar Press - no authoritative external register publishes a name for this entity class,,,no external register for this class,Black Mesa Community School,0
CE-000DE-NE,Blackwater Community School,BIE School,cedar_internal,Cedar Press - no authoritative external register publishes a name for this entity class,,,no external register for this class,Blackwater Community School,0
CE-000DF-V7,Bread Springs Day School,BIE School,cedar_internal,Cedar Press - no authoritative external register publishes a name for this entity class,,,no external register for this class,Bread Springs Day School,0
CE-000DG-10,Chi Chil'tah Community School,BIE School,cedar_internal,Cedar Press - no authoritative external register publishes a name for this entity class,,,no external register for this class,Chi Chil'tah Community School,0
CE-000DH-7S,Chickasaw Children's Village,BIE School,cedar_internal,Cedar Press - no authoritative external register publishes a name for this entity class,,,no external register for this class,Chickasaw Children's Village,0
CE-000DJ-DJ,Choctaw Central Middle School,BIE School,cedar_internal,Cedar Press - no authoritative external register publishes a name for this entity class,,,no external register for this class,Choctaw Central Middle School,0
CE-000DK-KB,Choctaw Central High School,BIE School,cedar_internal,Cedar Press - no authoritative external register publishes a name for this entity class,,,no external register for this class,Choctaw Central High School,0
CE-000DM-S4,Chemawa Indian School,BIE School,cedar_internal,Cedar Press - no authoritative external register publishes a name for this entity class,,,no external register for this class,Chemawa Indian School,0
CE-000DN-ZX,Chief Leschi Schools,BIE School,cedar_internal,Cedar Press - no authoritative external register publishes a name for this entity class,,,no external register for this class,Chief Leschi Schools,0
CE-000DP-5P,Chilchinbeto Community School,BIE School,cedar_internal,Cedar Press - no authoritative external register publishes a name for this entity class,,,no external register for this class,Chilchinbeto Community School,0
CE-000DQ-BF,Ch'ooshgai Community School,BIE School,cedar_internal,Cedar Press - no authoritative external register publishes a name for this entity class,,,no external register for this class,Ch'ooshgai Community School,0
CE-000DR-H8,Cherokee Central High School,BIE School,cedar_internal,Cedar Press - no authoritative external register publishes a name for this entity class,,,no external register for this class,Cherokee Central High School,0
CE-000DS-Q1,Cherokee Central Middle School,BIE School,cedar_internal,Cedar Press - no authoritative external register publishes a name for this entity class,,,no external register for this class,Cherokee Central Middle School,0
CE-000DT-XT,Cherokee Central Elementary School,BIE School,cedar_internal,Cedar Press - no authoritative external register publishes a name for this entity class,,,no external register for this class,Cherokee Central Elementary School,0
CE-000DV-3K,Chitimacha Tribal School,BIE School,cedar_internal,Cedar Press - no authoritative external register publishes a name for this entity class,,,no external register for this class,Chitimacha Tribal School,0
CE-000DW-9C,Cheyenne-Eagle Butte High School,BIE School,cedar_internal,Cedar Press - no authoritative external register publishes a name for this entity class,,,no external register for this class,Cheyenne-Eagle Butte High School,0
CE-000DX-F5,Conehatta Elemenatary School,BIE School,cedar_internal,Cedar Press - no authoritative external register publishes a name for this entity class,,,no external register for this class,Conehatta Elemenatary School,0
CE-000DY-NY,Cove Day School,BIE School,cedar_internal,Cedar Press - no authoritative external register publishes a name for this entity class,,,no external register for this class,Cove Day School,0
CE-000DZ-VQ,Circle of Life Academy,BIE School,cedar_internal,Cedar Press - no authoritative external register publishes a name for this entity class,,,no external register for this class,Circle of Life Academy,0
CE-000E0-60,Circle of Nations Wahpeton Indian School,BIE School,cedar_internal,Cedar Press - no authoritative external register publishes a name for this entity class,,,no external register for this class,Circle of Nations Wahpeton Indian School,0
CE-000E1-CS,Coeur d'Alene Tribal School,BIE School,cedar_internal,Cedar Press - no authoritative external register publishes a name for this entity class,,,no external register for this class,Coeur d'Alene Tribal School,0
CE-000E2-JJ,Crow Creek Tribal Elementary School,BIE School,cedar_internal,Cedar Press - no authoritative external register publishes a name for this entity class,,,no external register for this class,Crow Creek Tribal Elementary School,0
CE-000E3-RB,Crow Creek Reservation High School,BIE School,cedar_internal,Cedar Press - no authoritative external register publishes a name for this entity class,,,no external register for this class,Crow Creek Reservation High School,0
CE-000E4-Y4,Crystal Boarding School,BIE School,cedar_internal,Cedar Press - no authoritative external register publishes a name for this entity class,,,no external register for this class,Crystal Boarding School,0
CE-000E5-4X,Crazy Horse School,BIE School,cedar_internal,Cedar Press - no authoritative external register publishes a name for this entity class,,,no external register for this class,Crazy Horse School,0
CE-000E6-AP,Casa Blanca Community School,BIE School,cedar_internal,Cedar Press - no authoritative external register publishes a name for this entity class,,,no external register for this class,Casa Blanca Community School,0
CE-000E7-GF,Cottonwood Day School,BIE School,cedar_internal,Cedar Press - no authoritative external register publishes a name for this entity class,,,no external register for this class,Cottonwood Day School,0
CE-000E8-P8,"Dibe Yazhi Habitiin Olta', Inc.",BIE School,cedar_internal,Cedar Press - no authoritative external register publishes a name for this entity class,,,no external register for this class,"Dibe Yazhi Habitiin Olta', Inc.",0
CE-000E9-W1,Duckwater Shoshone Elementary School,BIE School,cedar_internal,Cedar Press - no authoritative external register publishes a name for this entity class,,,no external register for this class,Duckwater Shoshone Elementary School,0
CE-000EA-2T,Dilcon Community School,BIE School,cedar_internal,Cedar Press - no authoritative external register publishes a name for this entity class,,,no external register for this class,Dilcon Community School,0
CE-000EB-8K,Dennehotso Boarding School,BIE School,cedar_internal,Cedar Press - no authoritative external register publishes a name for this entity class,,,no external register for this class,Dennehotso Boarding School,0
CE-000EC-EC,Dunseith Indian Day School,BIE School,cedar_internal,Cedar Press - no authoritative external register publishes a name for this entity class,,,no external register for this class,Dunseith Indian Day School,0
CE-000ED-M5,Dishchii'bikoh Community School,BIE School,cedar_internal,Cedar Press - no authoritative external register publishes a name for this entity class,,,no external register for this class,Dishchii'bikoh Community School,0
CE-000EE-TY,Dzilth-Na-O-Dith-Hle Community School,BIE School,cedar_internal,Cedar Press - no authoritative external register publishes a name for this entity class,,,no external register for this class,Dzilth-Na-O-Dith-Hle Community School,0
CE-000EF-0Q,Flandreau Indian School,BIE School,cedar_internal,Cedar Press - no authoritative external register publishes a name for this entity class,,,no external register for this class,Flandreau Indian School,0
CE-000EG-6G,Eufaula Dormitory,BIE School,cedar_internal,Cedar Press - no authoritative external register publishes a name for this entity class,,,no external register for this class,Eufaula Dormitory,0
CE-000EH-C9,Flagstaff Bordertown Dormitory,BIE School,cedar_internal,Cedar Press - no authoritative external register publishes a name for this entity class,,,no external register for this class,Flagstaff Bordertown Dormitory,0
CE-000EJ-J2,Fond du Lac Ojibwe School,BIE School,cedar_internal,Cedar Press - no authoritative external register publishes a name for this entity class,,,no external register for this class,Fond du Lac Ojibwe School,0
CE-000EK-RV,First Mesa Elementary School,BIE School,cedar_internal,Cedar Press - no authoritative external register publishes a name for this entity class,,,no external register for this class,First Mesa Elementary School,0
CE-000EM-YM,Gila Crossing Community School,BIE School,cedar_internal,Cedar Press - no authoritative external register publishes a name for this entity class,,,no external register for this class,Gila Crossing Community School,0
CE-000EN-4D,Greasewood Springs Community School,BIE School,cedar_internal,Cedar Press - no authoritative external register publishes a name for this entity class,,,no external register for this class,Greasewood Springs Community School,0
CE-000EP-A6,Greyhills Academy High School,BIE School,cedar_internal,Cedar Press - no authoritative external register publishes a name for this entity class,,,no external register for this class,Greyhills Academy High School,0
CE-000EQ-GZ,Haak’u Community Academy,BIE School,cedar_internal,Cedar Press - no authoritative external register publishes a name for this entity class,,,no external register for this class,Haak’u Community Academy,0
CE-000ER-PR,Ohkay Owingeh Community School,BIE School,cedar_internal,Cedar Press - no authoritative external register publishes a name for this entity class,,,no external register for this class,Ohkay Owingeh Community School,0
CE-000ES-WH,Hanáádli Community School/Dormitory Inc.,BIE School,cedar_internal,Cedar Press - no authoritative external register publishes a name for this entity class,,,no external register for this class,Hanáádli Community School/Dormitory Inc.,0
CE-000ET-2A,Hannahville Indian School,BIE School,cedar_internal,Cedar Press - no authoritative external register publishes a name for this entity class,,,no external register for this class,Hannahville Indian School,0
CE-000EV-83,Hunters Point Boarding School,BIE School,cedar_internal,Cedar Press - no authoritative external register publishes a name for this entity class,,,no external register for this class,Hunters Point Boarding School,0
CE-000EW-EW,Hopi Day School,BIE School,cedar_internal,Cedar Press - no authoritative external register publishes a name for this entity class,,,no external register for this class,Hopi Day School,0
CE-000EX-MN,Hopi Junior Senior High School,BIE School,cedar_internal,Cedar Press - no authoritative external register publishes a name for this entity class,,,no external register for this class,Hopi Junior Senior High School,0
CE-000EY-TE,Hotevilla Bacavi Community School,BIE School,cedar_internal,Cedar Press - no authoritative external register publishes a name for this entity class,,,no external register for this class,Hotevilla Bacavi Community School,0
CE-000EZ-07,Havasupai Elementary School,BIE School,cedar_internal,Cedar Press - no authoritative external register publishes a name for this entity class,,,no external register for this class,Havasupai Elementary School,0
CE-000F0-BG,Indian Island School,BIE School,cedar_internal,Cedar Press - no authoritative external register publishes a name for this entity class,,,no external register for this class,Indian Island School,0
CE-000F1-H9,Jicarilla Dormitory,BIE School,cedar_internal,Cedar Press - no authoritative external register publishes a name for this entity class,,,no external register for this class,Jicarilla Dormitory,0
CE-000F2-Q2,Jemez Day School,BIE School,cedar_internal,Cedar Press - no authoritative external register publishes a name for this entity class,,,no external register for this class,Jemez Day School,0
CE-000F3-XV,Jeehdeezá Elementary School,BIE School,cedar_internal,Cedar Press - no authoritative external register publishes a name for this entity class,,,no external register for this class,Jeehdeezá Elementary School,0
CE-000F4-3M,John F. Kennedy Day School,BIE School,cedar_internal,Cedar Press - no authoritative external register publishes a name for this entity class,,,no external register for this class,John F. Kennedy Day School,0
CE-000F5-9D,Ojo Encino Day School,BIE School,cedar_internal,Cedar Press - no authoritative external register publishes a name for this entity class,,,no external register for this class,Ojo Encino Day School,0
CE-000F6-F6,Jones Academy,BIE School,cedar_internal,Cedar Press - no authoritative external register publishes a name for this entity class,,,no external register for this class,Jones Academy,0
CE-000F7-NZ,Joseph K. Lumsden Bahweting Anishnabe PSA,BIE School,cedar_internal,Cedar Press - no authoritative external register publishes a name for this entity class,,,no external register for this class,Joseph K. Lumsden Bahweting Anishnabe PSA,0
CE-000F8-VR,Kayenta Community School,BIE School,cedar_internal,Cedar Press - no authoritative external register publishes a name for this entity class,,,no external register for this class,Kayenta Community School,0
CE-000F9-1H,Kaibeto Boarding School,BIE School,cedar_internal,Cedar Press - no authoritative external register publishes a name for this entity class,,,no external register for this class,Kaibeto Boarding School,0
CE-000FA-7A,Kickapoo Nation School,BIE School,cedar_internal,Cedar Press - no authoritative external register publishes a name for this entity class,,,no external register for this class,Kickapoo Nation School,0
CE-000FB-D3,Kha'p'o Community School,BIE School,cedar_internal,Cedar Press - no authoritative external register publishes a name for this entity class,,,no external register for this class,Kha'p'o Community School,0
CE-000FC-KW,Keams Canyon Elementary School,BIE School,cedar_internal,Cedar Press - no authoritative external register publishes a name for this entity class,,,no external register for this class,Keams Canyon Elementary School,0
CE-000FD-SN,Kin Dah Lichi'i Olta',BIE School,cedar_internal,Cedar Press - no authoritative external register publishes a name for this entity class,,,no external register for this class,Kin Dah Lichi'i Olta',0
CE-000FE-ZE,"Kinteel Residential Campus, Inc.",BIE School,cedar_internal,Cedar Press - no authoritative external register publishes a name for this entity class,,,no external register for this class,"Kinteel Residential Campus, Inc.",0
CE-000FF-57,Lac Courte Oreilles Ojibwe School,BIE School,cedar_internal,Cedar Press - no authoritative external register publishes a name for this entity class,,,no external register for this class,Lac Courte Oreilles Ojibwe School,0
CE-000FG-B0,"Leupp Schools, Inc",BIE School,cedar_internal,Cedar Press - no authoritative external register publishes a name for this entity class,,,no external register for this class,"Leupp Schools, Inc",0
CE-000FH-HS,Laguna Elementary School,BIE School,cedar_internal,Cedar Press - no authoritative external register publishes a name for this entity class,,,no external register for this class,Laguna Elementary School,0
CE-000FJ-QJ,Laguna Middle School,BIE School,cedar_internal,Cedar Press - no authoritative external register publishes a name for this entity class,,,no external register for this class,Laguna Middle School,0
CE-000FK-XB,Lake Valley Navajo School,BIE School,cedar_internal,Cedar Press - no authoritative external register publishes a name for this entity class,,,no external register for this class,Lake Valley Navajo School,0
CE-000FM-34,Lummi Nation School,BIE School,cedar_internal,Cedar Press - no authoritative external register publishes a name for this entity class,,,no external register for this class,Lummi Nation School,0
CE-000FN-9X,Little Eagle School,BIE School,cedar_internal,Cedar Press - no authoritative external register publishes a name for this entity class,,,no external register for this class,Little Eagle School,0
CE-000FP-FP,Little Singer Community School,BIE School,cedar_internal,Cedar Press - no authoritative external register publishes a name for this entity class,,,no external register for this class,Little Singer Community School,0
CE-000FQ-NF,Little Wound School,BIE School,cedar_internal,Cedar Press - no authoritative external register publishes a name for this entity class,,,no external register for this class,Little Wound School,0
CE-000FR-V8,Lukachukai Community School,BIE School,cedar_internal,Cedar Press - no authoritative external register publishes a name for this entity class,,,no external register for this class,Lukachukai Community School,0
CE-000FS-11,Lower Brule Schools,BIE School,cedar_internal,Cedar Press - no authoritative external register publishes a name for this entity class,,,no external register for this class,Lower Brule Schools,0
CE-000FT-7T,Mariano Lake Community School,BIE School,cedar_internal,Cedar Press - no authoritative external register publishes a name for this entity class,,,no external register for this class,Mariano Lake Community School,0
CE-000FV-DK,Marty Indian School,BIE School,cedar_internal,Cedar Press - no authoritative external register publishes a name for this entity class,,,no external register for this class,Marty Indian School,0
CE-000FW-KC,Muckleshoot Tribal School,BIE School,cedar_internal,Cedar Press - no authoritative external register publishes a name for this entity class,,,no external register for this class,Muckleshoot Tribal School,0
CE-000FX-S5,Miccosukee Indian School,BIE School,cedar_internal,Cedar Press - no authoritative external register publishes a name for this entity class,,,no external register for this class,Miccosukee Indian School,0
CE-000FY-ZY,Moencopi Day School,BIE School,cedar_internal,Cedar Press - no authoritative external register publishes a name for this entity class,,,no external register for this class,Moencopi Day School,0
CE-000FZ-5Q,Mandaree School District,BIE School,cedar_internal,Cedar Press - no authoritative external register publishes a name for this entity class,,,no external register for this class,Mandaree School District,0
CE-000G0-G0,Menominee Tribal School,BIE School,cedar_internal,Cedar Press - no authoritative external register publishes a name for this entity class,,,no external register for this class,Menominee Tribal School,0
CE-000G1-PS,Many Farms Community School,BIE School,cedar_internal,Cedar Press - no authoritative external register publishes a name for this entity class,,,no external register for this class,Many Farms Community School,0
CE-000G2-WJ,Many Farms High School,BIE School,cedar_internal,Cedar Press - no authoritative external register publishes a name for this entity class,,,no external register for this class,Many Farms High School,0
CE-000G3-2B,American Horse School,BIE School,cedar_internal,Cedar Press - no authoritative external register publishes a name for this entity class,,,no external register for this class,American Horse School,0
CE-000G4-84,Mescalero Apache School,BIE School,cedar_internal,Cedar Press - no authoritative external register publishes a name for this entity class,,,no external register for this class,Mescalero Apache School,0
CE-000G5-EX,Meskwaki Settlement School,BIE School,cedar_internal,Cedar Press - no authoritative external register publishes a name for this entity class,,,no external register for this class,Meskwaki Settlement School,0
CE-000G6-MP,Naatsis'Aan Community School,BIE School,cedar_internal,Cedar Press - no authoritative external register publishes a name for this entity class,,,no external register for this class,Naatsis'Aan Community School,0
CE-000G7-TF,Nazlini Community School,BIE School,cedar_internal,Cedar Press - no authoritative external register publishes a name for this entity class,,,no external register for this class,Nazlini Community School,0
CE-000G8-08,Enemy Swim Day School,BIE School,cedar_internal,Cedar Press - no authoritative external register publishes a name for this entity class,,,no external register for this class,Enemy Swim Day School,0
CE-000G9-61,Nenahnezad Community School,BIE School,cedar_internal,Cedar Press - no authoritative external register publishes a name for this entity class,,,no external register for this class,Nenahnezad Community School,0
CE-000GA-CT,Na' Neelzhiin Ji Olta' School,BIE School,cedar_internal,Cedar Press - no authoritative external register publishes a name for this entity class,,,no external register for this class,Na' Neelzhiin Ji Olta' School,0
CE-000GB-JK,Noli Indian School,BIE School,cedar_internal,Cedar Press - no authoritative external register publishes a name for this entity class,,,no external register for this class,Noli Indian School,0
CE-000GC-RC,Northern Cheyenne Tribal School,BIE School,cedar_internal,Cedar Press - no authoritative external register publishes a name for this entity class,,,no external register for this class,Northern Cheyenne Tribal School,0
CE-000GD-Y5,Navajo Preparatory School,BIE School,cedar_internal,Cedar Press - no authoritative external register publishes a name for this entity class,,,no external register for this class,Navajo Preparatory School,0
CE-000GE-4Y,Nay Ah Shing / Pine Grove Schools,BIE School,cedar_internal,Cedar Press - no authoritative external register publishes a name for this entity class,,,no external register for this class,Nay Ah Shing / Pine Grove Schools,0
CE-000GF-AQ,Ojibwa Indian School,BIE School,cedar_internal,Cedar Press - no authoritative external register publishes a name for this entity class,,,no external register for this class,Ojibwa Indian School,0
CE-000GG-GG,Oneida Nation School,BIE School,cedar_internal,Cedar Press - no authoritative external register publishes a name for this entity class,,,no external register for this class,Oneida Nation School,0
CE-000GH-P9,Pueblo Pintado Community School,BIE School,cedar_internal,Cedar Press - no authoritative external register publishes a name for this entity class,,,no external register for this class,Pueblo Pintado Community School,0
CE-000GJ-W2,Pahin Sinte Owayawa School (Porcupine School),BIE School,cedar_internal,Cedar Press - no authoritative external register publishes a name for this entity class,,,no external register for this class,Pahin Sinte Owayawa School (Porcupine School),0
CE-000GK-2V,Pine Hill Schools,BIE School,cedar_internal,Cedar Press - no authoritative external register publishes a name for this entity class,,,no external register for this class,Pine Hill Schools,0
CE-000GM-8M,Pine Ridge School,BIE School,cedar_internal,Cedar Press - no authoritative external register publishes a name for this entity class,,,no external register for this class,Pine Ridge School,0
CE-000GN-ED,Pinon Community School,BIE School,cedar_internal,Cedar Press - no authoritative external register publishes a name for this entity class,,,no external register for this class,Pinon Community School,0
CE-000GP-M6,Pine Springs Day School,BIE School,cedar_internal,Cedar Press - no authoritative external register publishes a name for this entity class,,,no external register for this class,Pine Springs Day School,0
CE-000GQ-TZ,Pearl River Elementary School,BIE School,cedar_internal,Cedar Press - no authoritative external register publishes a name for this entity class,,,no external register for this class,Pearl River Elementary School,0
CE-000GR-0R,Pierre Indian School Learning Center,BIE School,cedar_internal,Cedar Press - no authoritative external register publishes a name for this entity class,,,no external register for this class,Pierre Indian School Learning Center,0
CE-000GS-6H,Paschal Sherman Indian School,BIE School,cedar_internal,Cedar Press - no authoritative external register publishes a name for this entity class,,,no external register for this class,Paschal Sherman Indian School,0
CE-000GT-CA,Pyramid Lake Schools,BIE School,cedar_internal,Cedar Press - no authoritative external register publishes a name for this entity class,,,no external register for this class,Pyramid Lake Schools,0
CE-000GV-J3,Quileute Tribal School,BIE School,cedar_internal,Cedar Press - no authoritative external register publishes a name for this entity class,,,no external register for this class,Quileute Tribal School,0
CE-000GW-RW,Richfield Residential Hall,BIE School,cedar_internal,Cedar Press - no authoritative external register publishes a name for this entity class,,,no external register for this class,Richfield Residential Hall,0
CE-000GX-YN,Rock Creek Grant School,BIE School,cedar_internal,Cedar Press - no authoritative external register publishes a name for this entity class,,,no external register for this class,Rock Creek Grant School,0
CE-000GY-4E,Rock Point Community School,BIE School,cedar_internal,Cedar Press - no authoritative external register publishes a name for this entity class,,,no external register for this class,Rock Point Community School,0
CE-000GZ-A7,Rocky Ridge Boarding School,BIE School,cedar_internal,Cedar Press - no authoritative external register publishes a name for this entity class,,,no external register for this class,Rocky Ridge Boarding School,0
CE-000H0-NG,Red Rock Day School,BIE School,cedar_internal,Cedar Press - no authoritative external register publishes a name for this entity class,,,no external register for this class,Red Rock Day School,0
CE-000H1-V9,Red Water Elementary School,BIE School,cedar_internal,Cedar Press - no authoritative external register publishes a name for this entity class,,,no external register for this class,Red Water Elementary School,0
CE-000H2-12,Rough Rock Community School,BIE School,cedar_internal,Cedar Press - no authoritative external register publishes a name for this entity class,,,no external register for this class,Rough Rock Community School,0
CE-000H3-7V,Riverside Indian School,BIE School,cedar_internal,Cedar Press - no authoritative external register publishes a name for this entity class,,,no external register for this class,Riverside Indian School,0
CE-000H4-DM,Santa Fe Indian School,BIE School,cedar_internal,Cedar Press - no authoritative external register publishes a name for this entity class,,,no external register for this class,Santa Fe Indian School,0
CE-000H5-KD,Seba Dalkai Boarding School,BIE School,cedar_internal,Cedar Press - no authoritative external register publishes a name for this entity class,,,no external register for this class,Seba Dalkai Boarding School,0
CE-000H6-S6,Second Mesa Day School,BIE School,cedar_internal,Cedar Press - no authoritative external register publishes a name for this entity class,,,no external register for this class,Second Mesa Day School,0
CE-000H7-ZZ,Sicangu Owayawa Oti (Rosebud Dormitory),BIE School,cedar_internal,Cedar Press - no authoritative external register publishes a name for this entity class,,,no external register for this class,Sicangu Owayawa Oti (Rosebud Dormitory),0
CE-000H8-5R,Shonto Preparatory School,BIE School,cedar_internal,Cedar Press - no authoritative external register publishes a name for this entity class,,,no external register for this class,Shonto Preparatory School,0
CE-000H9-BH,Shiprock Reservation Dormitory,BIE School,cedar_internal,Cedar Press - no authoritative external register publishes a name for this entity class,,,no external register for this class,Shiprock Reservation Dormitory,0
CE-000HA-HA,Shiprock Northwest Middle/High School,BIE School,cedar_internal,Cedar Press - no authoritative external register publishes a name for this entity class,,,no external register for this class,Shiprock Northwest Middle/High School,0
CE-000HB-Q3,Sherman Indian High School,BIE School,cedar_internal,Cedar Press - no authoritative external register publishes a name for this entity class,,,no external register for this class,Sherman Indian High School,0
CE-000HC-XW,Shoshone-Bannock Jr/Sr High School,BIE School,cedar_internal,Cedar Press - no authoritative external register publishes a name for this entity class,,,no external register for this class,Shoshone-Bannock Jr/Sr High School,0
CE-000HD-3N,Isleta Elementary School,BIE School,cedar_internal,Cedar Press - no authoritative external register publishes a name for this entity class,,,no external register for this class,Isleta Elementary School,0
CE-000HE-9E,Salt River Elementary School,BIE School,cedar_internal,Cedar Press - no authoritative external register publishes a name for this entity class,,,no external register for this class,Salt River Elementary School,0
CE-000HF-F7,San Felipe Pueblo Elementary School,BIE School,cedar_internal,Cedar Press - no authoritative external register publishes a name for this entity class,,,no external register for this class,San Felipe Pueblo Elementary School,0
CE-000HG-N0,San Ildefonso Day School,BIE School,cedar_internal,Cedar Press - no authoritative external register publishes a name for this entity class,,,no external register for this class,San Ildefonso Day School,0
CE-000HH-VS,San Simon School (Tohono O'odham),BIE School,cedar_internal,Cedar Press - no authoritative external register publishes a name for this entity class,,,no external register for this class,San Simon School (Tohono O'odham),0
CE-000HJ-1J,Sanostee Day School,BIE School,cedar_internal,Cedar Press - no authoritative external register publishes a name for this entity class,,,no external register for this class,Sanostee Day School,0
CE-000HK-7B,Santa Rosa Day School,BIE School,cedar_internal,Cedar Press - no authoritative external register publishes a name for this entity class,,,no external register for this class,Santa Rosa Day School,0
CE-000HM-D4,Santa Rosa Ranch School,BIE School,cedar_internal,Cedar Press - no authoritative external register publishes a name for this entity class,,,no external register for this class,Santa Rosa Ranch School,0
CE-000HN-KX,Isna Wica Owayawa (Loneman School),BIE School,cedar_internal,Cedar Press - no authoritative external register publishes a name for this entity class,,,no external register for this class,Isna Wica Owayawa (Loneman School),0
CE-000HP-SP,Sipayik Elementary School,BIE School,cedar_internal,Cedar Press - no authoritative external register publishes a name for this entity class,,,no external register for this class,Sipayik Elementary School,0
CE-000HQ-ZF,Sequoyah High School,BIE School,cedar_internal,Cedar Press - no authoritative external register publishes a name for this entity class,,,no external register for this class,Sequoyah High School,0
CE-000HR-58,St. Francis Indian School,BIE School,cedar_internal,Cedar Press - no authoritative external register publishes a name for this entity class,,,no external register for this class,St. Francis Indian School,0
CE-000HS-B1,Standing Rock Community School,BIE School,cedar_internal,Cedar Press - no authoritative external register publishes a name for this entity class,,,no external register for this class,Standing Rock Community School,0
CE-000HT-HT,Standing Pine Elementary School,BIE School,cedar_internal,Cedar Press - no authoritative external register publishes a name for this entity class,,,no external register for this class,Standing Pine Elementary School,0
CE-000HV-QK,St. Stephens Indian School,BIE School,cedar_internal,Cedar Press - no authoritative external register publishes a name for this entity class,,,no external register for this class,St. Stephens Indian School,0
CE-000HW-XC,Takini School,BIE School,cedar_internal,Cedar Press - no authoritative external register publishes a name for this entity class,,,no external register for this class,Takini School,0
CE-000HX-35,Taos Day School,BIE School,cedar_internal,Cedar Press - no authoritative external register publishes a name for this entity class,,,no external register for this class,Taos Day School,0
CE-000HY-9Y,Tuba City Boarding School,BIE School,cedar_internal,Cedar Press - no authoritative external register publishes a name for this entity class,,,no external register for this class,Tuba City Boarding School,0
CE-000HZ-FQ,Tucker Elementary School,BIE School,cedar_internal,Cedar Press - no authoritative external register publishes a name for this entity class,,,no external register for this class,Tucker Elementary School,0
CE-000J0-T0,Theodore Jamerson Elementary,BIE School,cedar_internal,Cedar Press - no authoritative external register publishes a name for this entity class,,,no external register for this class,Theodore Jamerson Elementary,0
CE-000J1-0S,Theodore Roosevelt School,BIE School,cedar_internal,Cedar Press - no authoritative external register publishes a name for this entity class,,,no external register for this class,Theodore Roosevelt School,0
CE-000J2-6J,Tohono O'odham High School,BIE School,cedar_internal,Cedar Press - no authoritative external register publishes a name for this entity class,,,no external register for this class,Tohono O'odham High School,0
CE-000J3-CB,Tohaali' Community School,BIE School,cedar_internal,Cedar Press - no authoritative external register publishes a name for this entity class,,,no external register for this class,Tohaali' Community School,0
CE-000J4-J4,TóHajiilee Community School,BIE School,cedar_internal,Cedar Press - no authoritative external register publishes a name for this entity class,,,no external register for this class,TóHajiilee Community School,0
CE-000J5-RX,Tonalea Day School,BIE School,cedar_internal,Cedar Press - no authoritative external register publishes a name for this entity class,,,no external register for this class,Tonalea Day School,0
CE-000J6-YP,Turtle Mountain Community Middle School,BIE School,cedar_internal,Cedar Press - no authoritative external register publishes a name for this entity class,,,no external register for this class,Turtle Mountain Community Middle School,0
CE-000J7-4F,Turtle Mountain Elementary School,BIE School,cedar_internal,Cedar Press - no authoritative external register publishes a name for this entity class,,,no external register for this class,Turtle Mountain Elementary School,0
CE-000J8-A8,Turtle Mountain Community High School,BIE School,cedar_internal,Cedar Press - no authoritative external register publishes a name for this entity class,,,no external register for this class,Turtle Mountain Community High School,0
CE-000J9-G1,Atsá Biyáázh Community School,BIE School,cedar_internal,Cedar Press - no authoritative external register publishes a name for this entity class,,,no external register for this class,Atsá Biyáázh Community School,0
CE-000JA-PT,Tse'ii'ahi' Community School,BIE School,cedar_internal,Cedar Press - no authoritative external register publishes a name for this entity class,,,no external register for this class,Tse'ii'ahi' Community School,0
CE-000JB-WK,T'siya Day School,BIE School,cedar_internal,Cedar Press - no authoritative external register publishes a name for this entity class,,,no external register for this class,T'siya Day School,0
CE-000JC-2C,T'iis Nazbas Community School,BIE School,cedar_internal,Cedar Press - no authoritative external register publishes a name for this entity class,,,no external register for this class,T'iis Nazbas Community School,0
CE-000JD-85,Tiospaye Topa School,BIE School,cedar_internal,Cedar Press - no authoritative external register publishes a name for this entity class,,,no external register for this class,Tiospaye Topa School,0
CE-000JE-EY,Tiospa Zina Tribal School,BIE School,cedar_internal,Cedar Press - no authoritative external register publishes a name for this entity class,,,no external register for this class,Tiospa Zina Tribal School,0
CE-000JF-MQ,T'iis Ts'ozi Bi'Olta' Community School,BIE School,cedar_internal,Cedar Press - no authoritative external register publishes a name for this entity class,,,no external register for this class,T'iis Ts'ozi Bi'Olta' Community School,0
CE-000JG-TG,T'iisyaakin Residential Hall,BIE School,cedar_internal,Cedar Press - no authoritative external register publishes a name for this entity class,,,no external register for this class,T'iisyaakin Residential Hall,0
CE-000JH-09,Te Tsu Geh Oweenge Day School,BIE School,cedar_internal,Cedar Press - no authoritative external register publishes a name for this entity class,,,no external register for this class,Te Tsu Geh Oweenge Day School,0
CE-000JJ-62,Tate Topa Tribal School (Four Winds),BIE School,cedar_internal,Cedar Press - no authoritative external register publishes a name for this entity class,,,no external register for this class,Tate Topa Tribal School (Four Winds),0
CE-000JK-CV,Two Eagle River School,BIE School,cedar_internal,Cedar Press - no authoritative external register publishes a name for this entity class,,,no external register for this class,Two Eagle River School,0
CE-000JM-JM,Twin Buttes Elementary School,BIE School,cedar_internal,Cedar Press - no authoritative external register publishes a name for this entity class,,,no external register for this class,Twin Buttes Elementary School,0
CE-000JN-RD,Indian Township School,BIE School,cedar_internal,Cedar Press - no authoritative external register publishes a name for this entity class,,,no external register for this class,Indian Township School,0
CE-000JP-Y6,Wa He Lut Indian School,BIE School,cedar_internal,Cedar Press - no authoritative external register publishes a name for this entity class,,,no external register for this class,Wa He Lut Indian School,0
CE-000JQ-4Z,White Shield School District,BIE School,cedar_internal,Cedar Press - no authoritative external register publishes a name for this entity class,,,no external register for this class,White Shield School District,0
CE-000JR-AR,Wide Ruins Community School,BIE School,cedar_internal,Cedar Press - no authoritative external register publishes a name for this entity class,,,no external register for this class,Wide Ruins Community School,0
CE-000JS-GH,Wounded Knee District School,BIE School,cedar_internal,Cedar Press - no authoritative external register publishes a name for this entity class,,,no external register for this class,Wounded Knee District School,0
CE-000JT-PA,Wingate High School,BIE School,cedar_internal,Cedar Press - no authoritative external register publishes a name for this entity class,,,no external register for this class,Wingate High School,0
CE-000JV-W3,Wingate Elementary School,BIE School,cedar_internal,Cedar Press - no authoritative external register publishes a name for this entity class,,,no external register for this class,Wingate Elementary School,0
CE-000JW-2W,Winslow Residential Hall,BIE School,cedar_internal,Cedar Press - no authoritative external register publishes a name for this entity class,,,no external register for this class,Winslow Residential Hall,0
CE-000JX-8N,Yakama Nation Tribal School,BIE School,cedar_internal,Cedar Press - no authoritative external register publishes a name for this entity class,,,no external register for this class,Yakama Nation Tribal School,0
CE-000JY-EE,"Akiptan, Inc.",Native Community Development Financial Institution,cedar_internal,Cedar Press - no authoritative external register publishes a name for this entity class,,,no external register for this class,"Akiptan, Inc.",0
CE-000JZ-M7,Bay Bank,Native Community Development Financial Institution,cedar_internal,Cedar Press - no authoritative external register publishes a name for this entity class,,,no external register for this class,Bay Bank,0
CE-000K0-ZG,Black Hills Community Loan Fund,Native Financial Institution,cedar_internal,Cedar Press - no authoritative external register publishes a name for this entity class,,,no external register for this class,Black Hills Community Loan Fund,0
CE-000K1-59,Bay Bancorporation,Native Community Development Financial Institution,cedar_internal,Cedar Press - no authoritative external register publishes a name for this entity class,,,no external register for this class,Bay Bancorporation,0
CE-000K2-B2,Native CDFI Network,Native Financial Institution,cedar_internal,Cedar Press - no authoritative external register publishes a name for this entity class,,,no external register for this class,Native CDFI Network,0
CE-000K3-HV,Cedar Growth Corporation,Native Community Development Financial Institution,cedar_internal,Cedar Press - no authoritative external register publishes a name for this entity class,,,no external register for this class,Cedar Growth Corporation,0
CE-000K4-QM,Chickasaw Community Bank,Native Community Development Financial Institution,cedar_internal,Cedar Press - no authoritative external register publishes a name for this entity class,,,no external register for this class,Chickasaw Community Bank,0
CE-000K5-XD,Chickasaw Banc Holding Company,Native Community Development Financial Institution,cedar_internal,Cedar Press - no authoritative external register publishes a name for this entity class,,,no external register for this class,Chickasaw Banc Holding Company,0
CE-000K6-36,Choctaw Federal Credit Union,Native Community Development Financial Institution,cedar_internal,Cedar Press - no authoritative external register publishes a name for this entity class,,,no external register for this class,Choctaw Federal Credit Union,0
CE-000K7-9Z,Choctaw Home Finance Corporation,Native Community Development Financial Institution,cedar_internal,Cedar Press - no authoritative external register publishes a name for this entity class,,,no external register for this class,Choctaw Home Finance Corporation,0
CE-000K8-FR,Chehalis Tribal Loan Fund,Native Community Development Financial Institution,cedar_internal,Cedar Press - no authoritative external register publishes a name for this entity class,,,no external register for this class,Chehalis Tribal Loan Fund,0
CE-000K9-NH,"The Cherokee Nation d/b/a Cherokee Nation Economic Development Trust Authority, Inc",Native Community Development Financial Institution,cedar_internal,Cedar Press - no authoritative external register publishes a name for this entity class,,,no external register for this class,"The Cherokee Nation d/b/a Cherokee Nation Economic Development Trust Authority, Inc",0
CE-000KA-VA,"Chi Ishobak, Inc.",Native Community Development Financial Institution,cedar_internal,Cedar Press - no authoritative external register publishes a name for this entity class,,,no external register for this class,"Chi Ishobak, Inc.",0
CE-000KB-13,"Cook Inlet Lending Center, Inc.",Native Community Development Financial Institution,cedar_internal,Cedar Press - no authoritative external register publishes a name for this entity class,,,no external register for this class,"Cook Inlet Lending Center, Inc.",0
CE-000KC-7W,Native Community Capital,Native Community Development Financial Institution,cedar_internal,Cedar Press - no authoritative external register publishes a name for this entity class,,,no external register for this class,Native Community Capital,0
CE-000KD-DN,Carson Community Bank,Native Financial Institution,cedar_internal,Cedar Press - no authoritative external register publishes a name for this entity class,,,no external register for this class,Carson Community Bank,0
CE-000KE-KE,Citizen Potawatomi Community Development Corporation,Native Community Development Financial Institution,cedar_internal,Cedar Press - no authoritative external register publishes a name for this entity class,,,no external register for this class,Citizen Potawatomi Community Development Corporation,0
CE-000KF-S7,Eagle Bank,Native Financial Institution,cedar_internal,Cedar Press - no authoritative external register publishes a name for this entity class,,,no external register for this class,Eagle Bank,0
CE-000KG-Z0,F&M Bank,Native Financial Institution,cedar_internal,Cedar Press - no authoritative external register publishes a name for this entity class,,,no external register for this class,F&M Bank,0
CE-000KH-5S,"Four Bands Community Fund, Incorporated",Native Community Development Financial Institution,cedar_internal,Cedar Press - no authoritative external register publishes a name for this entity class,,,no external register for this class,"Four Bands Community Fund, Incorporated",0
CE-000KJ-BJ,Four Corners Federal Credit Union,Native Financial Institution,cedar_internal,Cedar Press - no authoritative external register publishes a name for this entity class,,,no external register for this class,Four Corners Federal Credit Union,0
CE-000KK-HB,Four Directions Development Corporation,Native Community Development Financial Institution,cedar_internal,Cedar Press - no authoritative external register publishes a name for this entity class,,,no external register for this class,Four Directions Development Corporation,0
CE-000KM-Q4,FirstBank,Native Financial Institution,cedar_internal,Cedar Press - no authoritative external register publishes a name for this entity class,,,no external register for this class,FirstBank,0
CE-000KN-XX,"First American Capital Corporation, Inc.",Native Community Development Financial Institution,cedar_internal,Cedar Press - no authoritative external register publishes a name for this entity class,,,no external register for this class,"First American Capital Corporation, Inc.",0
CE-000KP-3P,First State Bank,Native Financial Institution,cedar_internal,Cedar Press - no authoritative external register publishes a name for this entity class,,,no external register for this class,First State Bank,0
CE-000KQ-9F,"FIVE RIVERS LOAN FUND, INC",Native Community Development Financial Institution,cedar_internal,Cedar Press - no authoritative external register publishes a name for this entity class,,,no external register for this class,"FIVE RIVERS LOAN FUND, INC",0
CE-000KR-F8,Gateway First Bank,Native Financial Institution,cedar_internal,Cedar Press - no authoritative external register publishes a name for this entity class,,,no external register for this class,Gateway First Bank,0
CE-000KS-N1,Ho-Chunk Community Capital Inc.,Native Community Development Financial Institution,cedar_internal,Cedar Press - no authoritative external register publishes a name for this entity class,,,no external register for this class,Ho-Chunk Community Capital Inc.,0
CE-000KT-VT,Hopi Credit Association,Native Community Development Financial Institution,cedar_internal,Cedar Press - no authoritative external register publishes a name for this entity class,,,no external register for this class,Hopi Credit Association,0
CE-000KV-1K,Hawaii Central Federal Credit Union,Native Community Development Financial Institution,cedar_internal,Cedar Press - no authoritative external register publishes a name for this entity class,,,no external register for this class,Hawaii Central Federal Credit Union,0
CE-000KW-7C,HAWAII FIRST FCU,Native Community Development Financial Institution,cedar_internal,Cedar Press - no authoritative external register publishes a name for this entity class,,,no external register for this class,HAWAII FIRST FCU,0
CE-000KX-D5,Hawaiian Lending & Investments,Native Community Development Financial Institution,cedar_internal,Cedar Press - no authoritative external register publishes a name for this entity class,,,no external register for this class,Hawaiian Lending & Investments,0
CE-000KY-KY,Haa Yakaawu Financial Corporation,Native Community Development Financial Institution,cedar_internal,Cedar Press - no authoritative external register publishes a name for this entity class,,,no external register for this class,Haa Yakaawu Financial Corporation,0
CE-000KZ-SQ,"Jamestown S'Klallam Tribal Capital, Incorporated",Native Community Development Financial Institution,cedar_internal,Cedar Press - no authoritative external register publishes a name for this entity class,,,no external register for this class,"Jamestown S'Klallam Tribal Capital, Incorporated",0
CE-000M0-40,Kauai Federal Credit Union,Native Financial Institution,cedar_internal,Cedar Press - no authoritative external register publishes a name for this entity class,,,no external register for this class,Kauai Federal Credit Union,0
CE-000M1-AS,Kahuku Federal Credit Union,Native Financial Institution,cedar_internal,Cedar Press - no authoritative external register publishes a name for this entity class,,,no external register for this class,Kahuku Federal Credit Union,0
CE-000M2-GJ,Lac Courte Oreilles Federal Credit Union,Native Financial Institution,cedar_internal,Cedar Press - no authoritative external register publishes a name for this entity class,,,no external register for this class,Lac Courte Oreilles Federal Credit Union,0
CE-000M3-PB,"Leech Lake Financial Services, Inc.",Native Financial Institution,cedar_internal,Cedar Press - no authoritative external register publishes a name for this entity class,,,no external register for this class,"Leech Lake Financial Services, Inc.",0
CE-000M4-W4,Local Bank,Native Community Development Financial Institution,cedar_internal,Cedar Press - no authoritative external register publishes a name for this entity class,,,no external register for this class,Local Bank,0
CE-000M5-2X,Lei Ho‘olaha,Native Financial Institution,cedar_internal,Cedar Press - no authoritative external register publishes a name for this entity class,,,no external register for this class,Lei Ho‘olaha,0
CE-000M6-8P,Legacy Bank,Native Financial Institution,cedar_internal,Cedar Press - no authoritative external register publishes a name for this entity class,,,no external register for this class,Legacy Bank,0
CE-000M7-EF,Lake Superior Community Development Corp.,Native Community Development Financial Institution,cedar_internal,Cedar Press - no authoritative external register publishes a name for this entity class,,,no external register for this class,Lake Superior Community Development Corp.,0
CE-000M8-M8,Lakota Federal Credit Union,Native Community Development Financial Institution,cedar_internal,Cedar Press - no authoritative external register publishes a name for this entity class,,,no external register for this class,Lakota Federal Credit Union,0
CE-000M9-T1,"Lakota Fund, Inc., The",Native Community Development Financial Institution,cedar_internal,Cedar Press - no authoritative external register publishes a name for this entity class,,,no external register for this class,"Lakota Fund, Inc., The",0
CE-000MA-0T,AllNations Bank,Native Financial Institution,cedar_internal,Cedar Press - no authoritative external register publishes a name for this entity class,,,no external register for this class,AllNations Bank,0
CE-000MB-6K,Lumbee Guaranty Bank,Native Financial Institution,cedar_internal,Cedar Press - no authoritative external register publishes a name for this entity class,,,no external register for this class,Lumbee Guaranty Bank,0
CE-000MC-CC,"Alaska Growth Capital BIDCO, Inc.",Native Community Development Financial Institution,cedar_internal,Cedar Press - no authoritative external register publishes a name for this entity class,,,no external register for this class,"Alaska Growth Capital BIDCO, Inc.",0
CE-000MD-J5,"Lower Brule Community Development Enterprise, LLC",Native Community Development Financial Institution,cedar_internal,Cedar Press - no authoritative external register publishes a name for this entity class,,,no external register for this class,"Lower Brule Community Development Enterprise, LLC",0
CE-000ME-RY,Molokai Community Federal Credit Union,Native Community Development Financial Institution,cedar_internal,Cedar Press - no authoritative external register publishes a name for this entity class,,,no external register for this class,Molokai Community Federal Credit Union,0
CE-000MF-YQ,Mni Sota Fund,Native Community Development Financial Institution,cedar_internal,Cedar Press - no authoritative external register publishes a name for this entity class,,,no external register for this class,Mni Sota Fund,0
CE-000MG-4G,"Montana Homeownership Network, Inc. The",Native Community Development Financial Institution,cedar_internal,Cedar Press - no authoritative external register publishes a name for this entity class,,,no external register for this class,"Montana Homeownership Network, Inc. The",0
CE-000MH-A9,"Native American Bank, N.A.",Native Community Development Financial Institution,cedar_internal,Cedar Press - no authoritative external register publishes a name for this entity class,,,no external register for this class,"Native American Bank, N.A.",0
CE-000MJ-G2,"Native American Bancorporation, Co.",Native Community Development Financial Institution,cedar_internal,Cedar Press - no authoritative external register publishes a name for this entity class,,,no external register for this class,"Native American Bancorporation, Co.",0
CE-000MK-PV,Morning Star Federal Credit Union,Native Financial Institution,cedar_internal,Cedar Press - no authoritative external register publishes a name for this entity class,,,no external register for this class,Morning Star Federal Credit Union,0
CE-000MM-WM,Mvskoke Loan Fund,Native Community Development Financial Institution,cedar_internal,Cedar Press - no authoritative external register publishes a name for this entity class,,,no external register for this class,Mvskoke Loan Fund,0
CE-000MN-2D,"Mazaska Owecaso Otipi Financial, Inc",Native Community Development Financial Institution,cedar_internal,Cedar Press - no authoritative external register publishes a name for this entity class,,,no external register for this class,"Mazaska Owecaso Otipi Financial, Inc",0
CE-000MP-86,NACDC Financial Services Inc.,Native Community Development Financial Institution,cedar_internal,Cedar Press - no authoritative external register publishes a name for this entity class,,,no external register for this class,NACDC Financial Services Inc.,0
CE-000MQ-EZ,Indian Land Capital Company LLC,Native Community Development Financial Institution,cedar_internal,Cedar Press - no authoritative external register publishes a name for this entity class,,,no external register for this class,Indian Land Capital Company LLC,0
CE-000MR-MR,Nimiipuu Community Development Fund,Native Community Development Financial Institution,cedar_internal,Cedar Press - no authoritative external register publishes a name for this entity class,,,no external register for this class,Nimiipuu Community Development Fund,0
CE-000MS-TH,"Northern Shores Community Development, Inc.",Native Community Development Financial Institution,cedar_internal,Cedar Press - no authoritative external register publishes a name for this entity class,,,no external register for this class,"Northern Shores Community Development, Inc.",0
CE-000MT-0A,Northwest Native Development Fund,Native Community Development Financial Institution,cedar_internal,Cedar Press - no authoritative external register publishes a name for this entity class,,,no external register for this class,Northwest Native Development Fund,0
CE-000MV-63,"Native360 Loan Fund, Inc.",Native Community Development Financial Institution,cedar_internal,Cedar Press - no authoritative external register publishes a name for this entity class,,,no external register for this class,"Native360 Loan Fund, Inc.",0
CE-000MW-CW,Navajo community Development Financial Institution Inc Non Profit,Native Community Development Financial Institution,cedar_internal,Cedar Press - no authoritative external register publishes a name for this entity class,,,no external register for this class,Navajo community Development Financial Institution Inc Non Profit,0
CE-000MX-JN,Nixyaawii Community Financial Services,Native Community Development Financial Institution,cedar_internal,Cedar Press - no authoritative external register publishes a name for this entity class,,,no external register for this class,Nixyaawii Community Financial Services,0
CE-000MY-RE,Oweesta Corporation,Native Community Development Financial Institution,cedar_internal,Cedar Press - no authoritative external register publishes a name for this entity class,,,no external register for this class,Oweesta Corporation,0
CE-000MZ-Y7,"Pacific Northwest Tribal Lending, a Community Development Financial Institution",Native Community Development Financial Institution,cedar_internal,Cedar Press - no authoritative external register publishes a name for this entity class,,,no external register for this class,"Pacific Northwest Tribal Lending, a Community Development Financial Institution",0
CE-000N0-9G,Plenty Doors Community Development Corporation,Native Financial Institution,cedar_internal,Cedar Press - no authoritative external register publishes a name for this entity class,,,no external register for this class,Plenty Doors Community Development Corporation,0
CE-000N1-F9,Pauls Valley National Bank,Native Financial Institution,cedar_internal,Cedar Press - no authoritative external register publishes a name for this entity class,,,no external register for this class,Pauls Valley National Bank,0
CE-000N2-N2,Pinnacle Bank,Native Financial Institution,cedar_internal,Cedar Press - no authoritative external register publishes a name for this entity class,,,no external register for this class,Pinnacle Bank,0
CE-000N3-VV,People's Bank of Seneca,Native Financial Institution,cedar_internal,Cedar Press - no authoritative external register publishes a name for this entity class,,,no external register for this class,People's Bank of Seneca,0
CE-000N4-1M,Peoples Partners for Community Development,Native Community Development Financial Institution,cedar_internal,Cedar Press - no authoritative external register publishes a name for this entity class,,,no external register for this class,Peoples Partners for Community Development,0
CE-000N5-7D,"Native Partnership for Housing, Inc.",Native Community Development Financial Institution,cedar_internal,Cedar Press - no authoritative external register publishes a name for this entity class,,,no external register for this class,"Native Partnership for Housing, Inc.",0
CE-000N6-D6,Security State Bank of Oklahoma,Native Financial Institution,cedar_internal,Cedar Press - no authoritative external register publishes a name for this entity class,,,no external register for this class,Security State Bank of Oklahoma,0
CE-000N7-KZ,"Island Mountain Community Development Financial Institution, Inc.",Native Financial Institution,cedar_internal,Cedar Press - no authoritative external register publishes a name for this entity class,,,no external register for this class,"Island Mountain Community Development Financial Institution, Inc.",0
CE-000N8-SR,Seneca Nation of Indians Federal Credit Union,Native Financial Institution,cedar_internal,Cedar Press - no authoritative external register publishes a name for this entity class,,,no external register for this class,Seneca Nation of Indians Federal Credit Union,0
CE-000N9-ZH,Seneca Nation of Indians Economic Development Company,Native Community Development Financial Institution,cedar_internal,Cedar Press - no authoritative external register publishes a name for this entity class,,,no external register for this class,Seneca Nation of Indians Economic Development Company,0
CE-000NA-5A,San Carlos Apache Tribe Relending Enterprise,Native Community Development Financial Institution,cedar_internal,Cedar Press - no authoritative external register publishes a name for this entity class,,,no external register for this class,San Carlos Apache Tribe Relending Enterprise,0
CE-000NB-B3,"Spruce Root, Inc.",Native Community Development Financial Institution,cedar_internal,Cedar Press - no authoritative external register publishes a name for this entity class,,,no external register for this class,"Spruce Root, Inc.",0
CE-000NC-HW,"Sequoyah Fund Inc., The",Native Community Development Financial Institution,cedar_internal,Cedar Press - no authoritative external register publishes a name for this entity class,,,no external register for this class,"Sequoyah Fund Inc., The",0
CE-000ND-QN,Sisseton Wahpeton Federal Credit Union,Native Community Development Financial Institution,cedar_internal,Cedar Press - no authoritative external register publishes a name for this entity class,,,no external register for this class,Sisseton Wahpeton Federal Credit Union,0
CE-000NE-XE,Southwest Native Asset Coalition Corporation (Arizona Native Asset Coalition Corporation),Native Financial Institution,cedar_internal,Cedar Press - no authoritative external register publishes a name for this entity class,,,no external register for this class,Southwest Native Asset Coalition Corporation (Arizona Native Asset Coalition Corporation),0
CE-000NF-37,Sovereign Bank (formerly First National Bank and Trust Co.),Native Financial Institution,cedar_internal,Cedar Press - no authoritative external register publishes a name for this entity class,,,no external register for this class,Sovereign Bank (formerly First National Bank and Trust Co.),0
CE-000NG-90,Taala Fund,Native Community Development Financial Institution,cedar_internal,Cedar Press - no authoritative external register publishes a name for this entity class,,,no external register for this class,Taala Fund,0
CE-000NH-FS,Tigua Community Development Corporation,Native Community Development Financial Institution,cedar_internal,Cedar Press - no authoritative external register publishes a name for this entity class,,,no external register for this class,Tigua Community Development Corporation,0
CE-000NJ-NJ,Turtle Mountain State Bank,Native Financial Institution,cedar_internal,Cedar Press - no authoritative external register publishes a name for this entity class,,,no external register for this class,Turtle Mountain State Bank,0
CE-000NK-VB,Tiwa Lending Services,Native Community Development Financial Institution,cedar_internal,Cedar Press - no authoritative external register publishes a name for this entity class,,,no external register for this class,Tiwa Lending Services,0
CE-000NM-14,Woodland Financial Partners Inc,Native Community Development Financial Institution,cedar_internal,Cedar Press - no authoritative external register publishes a name for this entity class,,,no external register for this class,Woodland Financial Partners Inc,0
CE-000NN-7X,Woodlands National Bank,Native Financial Institution,cedar_internal,Cedar Press - no authoritative external register publishes a name for this entity class,,,no external register for this class,Woodlands National Bank,0
CE-000NP-DP,White Earth Investment Initiative,Native Community Development Financial Institution,cedar_internal,Cedar Press - no authoritative external register publishes a name for this entity class,,,no external register for this class,White Earth Investment Initiative,0
CE-000NQ-KF,Wind River Development Fund,Native Community Development Financial Institution,cedar_internal,Cedar Press - no authoritative external register publishes a name for this entity class,,,no external register for this class,Wind River Development Fund,0
CE-000NR-S8,"Wisconsin Native Loan Fund, Inc.",Native Community Development Financial Institution,cedar_internal,Cedar Press - no authoritative external register publishes a name for this entity class,,,no external register for this class,"Wisconsin Native Loan Fund, Inc.",0
CE-000NS-Z1,"Westwater Financial, Inc.",Native Community Development Financial Institution,cedar_internal,Cedar Press - no authoritative external register publishes a name for this entity class,,,no external register for this class,"Westwater Financial, Inc.",0
CE-000NT-5T,Yurok Alliance for Northern California Housing,Native Community Development Financial Institution,cedar_internal,Cedar Press - no authoritative external register publishes a name for this entity class,,,no external register for this class,Yurok Alliance for Northern California Housing,0
CE-000NV-BK,Bank Of Cherokee County,Individually Native-owned business,cedar_internal,Cedar Press - no authoritative external register publishes a name for this entity class,,,no external register for this class,Bank Of Cherokee County,0
CE-000NW-HC,"Cherokee Unlimited, Inc",Individually Native-owned business,cedar_internal,Cedar Press - no authoritative external register publishes a name for this entity class,,,no external register for this class,"Cherokee Unlimited, Inc",0
CE-000NX-Q5,Cherokee Termite And Pest Control,Individually Native-owned business,cedar_internal,Cedar Press - no authoritative external register publishes a name for this entity class,,,no external register for this class,Cherokee Termite And Pest Control,0
CE-000NY-XY,"Cherokee Components, Llc",Individually Native-owned business,cedar_internal,Cedar Press - no authoritative external register publishes a name for this entity class,,,no external register for this class,"Cherokee Components, Llc",0
CE-000NZ-3Q,Cherokee - Technical Specialis,Individually Native-owned business,cedar_internal,Cedar Press - no authoritative external register publishes a name for this entity class,,,no external register for this class,Cherokee - Technical Specialis,0
CE-000P0-E0,"Cherokee Advanced Systems, Inc",Individually Native-owned business,cedar_internal,Cedar Press - no authoritative external register publishes a name for this entity class,,,no external register for this class,"Cherokee Advanced Systems, Inc",0
CE-000P1-MS,Cherokee Chainlink And Construction Incorporated,Individually Native-owned business,cedar_internal,Cedar Press - no authoritative external register publishes a name for this entity class,,,no external register for this class,Cherokee Chainlink And Construction Incorporated,0
CE-000P2-TJ,The Cherokee 8A Group Incorporated,Individually Native-owned business,cedar_internal,Cedar Press - no authoritative external register publishes a name for this entity class,,,no external register for this class,The Cherokee 8A Group Incorporated,0
CE-000P3-0B,"Cherokee Construction, Inc.",Individually Native-owned business,cedar_internal,Cedar Press - no authoritative external register publishes a name for this entity class,,,no external register for this class,"Cherokee Construction, Inc.",0
CE-000P4-64,Cherokee Asphalt Solutions Llc,Individually Native-owned business,cedar_internal,Cedar Press - no authoritative external register publishes a name for this entity class,,,no external register for this class,Cherokee Asphalt Solutions Llc,0
CE-000P5-CX,Cherokee Hardware,Individually Native-owned business,cedar_internal,Cedar Press - no authoritative external register publishes a name for this entity class,,,no external register for this class,Cherokee Hardware,0
CE-000P6-JP,Cherokee Joint Venture Limited Liability Company,Individually Native-owned business,cedar_internal,Cedar Press - no authoritative external register publishes a name for this entity class,,,no external register for this class,Cherokee Joint Venture Limited Liability Company,0
CE-000P7-RF,Cherokee Energy Management & Construction Inc,Individually Native-owned business,cedar_internal,Cedar Press - no authoritative external register publishes a name for this entity class,,,no external register for this class,Cherokee Energy Management & Construction Inc,0
CE-000P8-Y8,Cherokee Enterprises Inc,Individually Native-owned business,cedar_internal,Cedar Press - no authoritative external register publishes a name for this entity class,,,no external register for this class,Cherokee Enterprises Inc,0
CE-000P9-41,"Cherokee Construction Services, Llc",Individually Native-owned business,cedar_internal,Cedar Press - no authoritative external register publishes a name for this entity class,,,no external register for this class,"Cherokee Construction Services, Llc",0
CE-000PA-AT,Cherokee Holdings Llc,Individually Native-owned business,cedar_internal,Cedar Press - no authoritative external register publishes a name for this entity class,,,no external register for this class,Cherokee Holdings Llc,0
CE-000PB-GK,Cherokee Veterans Construction,Individually Native-owned business,cedar_internal,Cedar Press - no authoritative external register publishes a name for this entity class,,,no external register for this class,Cherokee Veterans Construction,0
CE-000PC-PC,"Cherokee Enterprises, Inc.",Individually Native-owned business,cedar_internal,Cedar Press - no authoritative external register publishes a name for this entity class,,,no external register for this class,"Cherokee Enterprises, Inc.",0
CE-000PD-W5,Cherokee Midwest Exterminating Company,Individually Native-owned business,cedar_internal,Cedar Press - no authoritative external register publishes a name for this entity class,,,no external register for this class,Cherokee Midwest Exterminating Company,0
CE-000PE-2Y,Cherokee Products Incorporated,Individually Native-owned business,cedar_internal,Cedar Press - no authoritative external register publishes a name for this entity class,,,no external register for this class,Cherokee Products Incorporated,0
CE-000PF-8Q,Cherokee Construction Inc,Individually Native-owned business,cedar_internal,Cedar Press - no authoritative external register publishes a name for this entity class,,,no external register for this class,Cherokee Construction Inc,0
CE-000PG-EG,"C.I.S. Contracting, Llc",Individually Native-owned business,cedar_internal,Cedar Press - no authoritative external register publishes a name for this entity class,,,no external register for this class,"C.I.S. Contracting, Llc",0
CE-000PH-M9,"Cherokee Controls, Inc",Individually Native-owned business,cedar_internal,Cedar Press - no authoritative external register publishes a name for this entity class,,,no external register for this class,"Cherokee Controls, Inc",0
CE-000PJ-T2,"Cherokee Fire Protection, Llc",Individually Native-owned business,cedar_internal,Cedar Press - no authoritative external register publishes a name for this entity class,,,no external register for this class,"Cherokee Fire Protection, Llc",0
CE-000PK-0V,Cherokee Integrated Technologi,Individually Native-owned business,cedar_internal,Cedar Press - no authoritative external register publishes a name for this entity class,,,no external register for this class,Cherokee Integrated Technologi,0
CE-000PM-6M,Cherokee Information Systems Limited Liability Company,Individually Native-owned business,cedar_internal,Cedar Press - no authoritative external register publishes a name for this entity class,,,no external register for this class,Cherokee Information Systems Limited Liability Company,0
CE-000PN-CD,Cherokee Mechanical Inc,Individually Native-owned business,cedar_internal,Cedar Press - no authoritative external register publishes a name for this entity class,,,no external register for this class,Cherokee Mechanical Inc,0
CE-000PP-J6,Cherokee Government Applications Llc,Individually Native-owned business,cedar_internal,Cedar Press - no authoritative external register publishes a name for this entity class,,,no external register for this class,Cherokee Government Applications Llc,0
CE-000PQ-RZ,"Cherokee Information Services,",Individually Native-owned business,cedar_internal,Cedar Press - no authoritative external register publishes a name for this entity class,,,no external register for this class,"Cherokee Information Services,",0
CE-000PR-YR,Cherokee Construction And Excavating Llc,Individually Native-owned business,cedar_internal,Cedar Press - no authoritative external register publishes a name for this entity class,,,no external register for this class,Cherokee Construction And Excavating Llc,0
CE-000PS-4H,Cherokee Construction Enterprises,Individually Native-owned business,cedar_internal,Cedar Press - no authoritative external register publishes a name for this entity class,,,no external register for this class,Cherokee Construction Enterprises,0
CE-000PT-AA,Hidden Water Inc,Individually Native-owned business,cedar_internal,Cedar Press - no authoritative external register publishes a name for this entity class,,,no external register for this class,Hidden Water Inc,0
CE-000PV-G3,Mitchell Consulting Services Group Inc,Individually Native-owned business,cedar_internal,Cedar Press - no authoritative external register publishes a name for this entity class,,,no external register for this class,Mitchell Consulting Services Group Inc,0
CE-000PW-PW,"Northcon, Inc.",Individually Native-owned business,cedar_internal,Cedar Press - no authoritative external register publishes a name for this entity class,,,no external register for this class,"Northcon, Inc.",0
CE-000PX-WN,"Diversified Service Contracting, Inc.",Individually Native-owned business,cedar_internal,Cedar Press - no authoritative external register publishes a name for this entity class,,,no external register for this class,"Diversified Service Contracting, Inc.",0
CE-000PY-2E,Frontier Electronic Systems Corp.,Individually Native-owned business,cedar_internal,Cedar Press - no authoritative external register publishes a name for this entity class,,,no external register for this class,Frontier Electronic Systems Corp.,0
CE-000PZ-87,"Hal Hays Construction, Inc.",Individually Native-owned business,cedar_internal,Cedar Press - no authoritative external register publishes a name for this entity class,,,no external register for this class,"Hal Hays Construction, Inc.",0
CE-000Q0-KG,"Polu Kai Services, Llc",Individually Native-owned business,cedar_internal,Cedar Press - no authoritative external register publishes a name for this entity class,,,no external register for this class,"Polu Kai Services, Llc",0
CE-000Q1-S9,"Bmi Defense Systems, Inc.",Individually Native-owned business,cedar_internal,Cedar Press - no authoritative external register publishes a name for this entity class,,,no external register for this class,"Bmi Defense Systems, Inc.",0
CE-000Q2-Z2,"Northwind Engineering, Llc",Individually Native-owned business,cedar_internal,Cedar Press - no authoritative external register publishes a name for this entity class,,,no external register for this class,"Northwind Engineering, Llc",0
CE-000Q3-5V,Tallsalt Advisors / Mette Associates,Individually Native-owned business,cedar_internal,Cedar Press - no authoritative external register publishes a name for this entity class,,,no external register for this class,Tallsalt Advisors / Mette Associates,0
CE-000Q4-BM,Tribal Energy Alternatives,Individually Native-owned business,cedar_internal,Cedar Press - no authoritative external register publishes a name for this entity class,,,no external register for this class,Tribal Energy Alternatives,0
CE-000Q5-HD,SAN JUAN SERVICES LLC,Individually Native-owned business,cedar_internal,Cedar Press - no authoritative external register publishes a name for this entity class,,,no external register for this class,SAN JUAN SERVICES LLC,0
CE-000Q6-Q6,FOUR CORNER PEST CONTROL LLC,Individually Native-owned business,cedar_internal,Cedar Press - no authoritative external register publishes a name for this entity class,,,no external register for this class,FOUR CORNER PEST CONTROL LLC,0
CE-000Q7-XZ,Laguna Creek LLC,Individually Native-owned business,cedar_internal,Cedar Press - no authoritative external register publishes a name for this entity class,,,no external register for this class,Laguna Creek LLC,0
CE-000Q8-3R,Capitan Grande,Federal-level constituency entity,cedar_internal,Cedar Press - no authoritative external register publishes a name for this entity class,,,no external register for this class,Capitan Grande,0
CE-000Q9-9H,Viejas,Federal-level constituency entity,cedar_internal,Cedar Press - no authoritative external register publishes a name for this entity class,,,no external register for this class,Viejas,0
CE-000QA-FA,Shoshone-Bannock Tribes of the Fort Hall Reservation – Fort Hall Bannock Band,Federal-level constituency entity,cedar_internal,Cedar Press - no authoritative external register publishes a name for this entity class,,,no external register for this class,Shoshone-Bannock Tribes of the Fort Hall Reservation – Fort Hall Bannock Band,0
CE-000QB-N3,Shoshone-Bannock Tribes of the Fort Hall Reservation – Fort Hall Shoshone Band,Federal-level constituency entity,cedar_internal,Cedar Press - no authoritative external register publishes a name for this entity class,,,no external register for this class,Shoshone-Bannock Tribes of the Fort Hall Reservation – Fort Hall Shoshone Band,0
CE-000QC-VW,Bois Forte,Federal-level constituency entity,cedar_internal,Cedar Press - no authoritative external register publishes a name for this entity class,,,no external register for this class,Bois Forte,0
CE-000QD-1N,Fond du Lac,Federal-level constituency entity,cedar_internal,Cedar Press - no authoritative external register publishes a name for this entity class,,,no external register for this class,Fond du Lac,0
CE-000QE-7E,Grand Portage,Federal-level constituency entity,cedar_internal,Cedar Press - no authoritative external register publishes a name for this entity class,,,no external register for this class,Grand Portage,0
CE-000QF-D7,Leech Lake,Federal-level constituency entity,cedar_internal,Cedar Press - no authoritative external register publishes a name for this entity class,,,no external register for this class,Leech Lake,0
CE-000QG-K0,Mille Lacs,Federal-level constituency entity,cedar_internal,Cedar Press - no authoritative external register publishes a name for this entity class,,,no external register for this class,Mille Lacs,0
CE-000QH-SS,White Earth Land Recovery Project,Federal-level constituency entity,givenative,"GiveNative, Native nonprofit directory",https://www.givenative.org/search?orgScope=on,2026-09-04,,White Earth,1
CE-000QJ-ZJ,Ramah Navajo Chapter,Federal-level constituency entity,cedar_internal,Cedar Press - no authoritative external register publishes a name for this entity class,,,no external register for this class,Ramah Navajo Chapter,0
CE-000QK-5B,Passamaquoddy Indian Township,Federal-level constituency entity,cedar_internal,Cedar Press - no authoritative external register publishes a name for this entity class,,,no external register for this class,Passamaquoddy Indian Township,0
CE-000QM-B4,Passamaquoddy Pleasant Point,Federal-level constituency entity,cedar_internal,Cedar Press - no authoritative external register publishes a name for this entity class,,,no external register for this class,Passamaquoddy Pleasant Point,0
CE-000QN-HX,Paiute Indian Tribe of Utah – Cedar Band of Paiutes,Federal-level constituency entity,cedar_internal,Cedar Press - no authoritative external register publishes a name for this entity class,,,no external register for this class,Paiute Indian Tribe of Utah – Cedar Band of Paiutes,0
CE-000QP-QP,Paiute Indian Tribe of Utah – Indian Peaks Band of Paiutes,Federal-level constituency entity,cedar_internal,Cedar Press - no authoritative external register publishes a name for this entity class,,,no external register for this class,Paiute Indian Tribe of Utah – Indian Peaks Band of Paiutes,0
CE-000QQ-XF,Paiute Indian Tribe of Utah – Kanosh Band of Paiutes,Federal-level constituency entity,cedar_internal,Cedar Press - no authoritative external register publishes a name for this entity class,,,no external register for this class,Paiute Indian Tribe of Utah – Kanosh Band of Paiutes,0
CE-000QR-38,Paiute Indian Tribe of Utah – Koosharem Band of Paiutes,Federal-level constituency entity,cedar_internal,Cedar Press - no authoritative external register publishes a name for this entity class,,,no external register for this class,Paiute Indian Tribe of Utah – Koosharem Band of Paiutes,0
CE-000QS-91,Paiute Indian Tribe of Utah – Shivwits Band of Paiutes,Federal-level constituency entity,cedar_internal,Cedar Press - no authoritative external register publishes a name for this entity class,,,no external register for this class,Paiute Indian Tribe of Utah – Shivwits Band of Paiutes,0
CE-000QT-FT,Te-Moak Tribe of Western Shoshone Indians of Nevada – Battle Mountain Band,Federal-level constituency entity,cedar_internal,Cedar Press - no authoritative external register publishes a name for this entity class,,,no external register for this class,Te-Moak Tribe of Western Shoshone Indians of Nevada – Battle Mountain Band,0
CE-000QV-NK,Te-Moak Tribe of Western Shoshone Indians of Nevada – Elko Band,Federal-level constituency entity,cedar_internal,Cedar Press - no authoritative external register publishes a name for this entity class,,,no external register for this class,Te-Moak Tribe of Western Shoshone Indians of Nevada – Elko Band,0
CE-000QW-VC,Te-Moak Tribe of Western Shoshone Indians of Nevada – South Fork Band,Federal-level constituency entity,cedar_internal,Cedar Press - no authoritative external register publishes a name for this entity class,,,no external register for this class,Te-Moak Tribe of Western Shoshone Indians of Nevada – South Fork Band,0
CE-000QX-15,Te-Moak Tribe of Western Shoshone Indians of Nevada – Wells Band,Federal-level constituency entity,cedar_internal,Cedar Press - no authoritative external register publishes a name for this entity class,,,no external register for this class,Te-Moak Tribe of Western Shoshone Indians of Nevada – Wells Band,0
CE-000QY-7Y,Schaghticoke Tribal Nation,State-level constituency entity,cedar_internal,Cedar Press - no authoritative external register publishes a name for this entity class,,,no external register for this class,Schaghticoke Tribal Nation,0
CE-000QZ-DQ,Schaghticoke Indian Tribe,State-level constituency entity,cedar_internal,Cedar Press - no authoritative external register publishes a name for this entity class,,,no external register for this class,Schaghticoke Indian Tribe,0
CE-000R0-R0,Trenton Indian Service Area,State-level constituency entity,cedar_internal,Cedar Press - no authoritative external register publishes a name for this entity class,,,no external register for this class,Trenton Indian Service Area,0
CE-000R1-YS,"Inter Tribal Council of Arizona, Inc.",Intertribal Organization,cedar_internal,Cedar Press - no authoritative external register publishes a name for this entity class,,,no external register for this class,"Inter Tribal Council of Arizona, Inc.",0
CE-000R2-4J,Bristol Bay Housing Authority,Intertribal Organization,cedar_internal,Cedar Press - no authoritative external register publishes a name for this entity class,,,no external register for this class,Bristol Bay Housing Authority,0
CE-000R3-AB,"Inter-Tribal Council of California, Inc.",Intertribal Organization,cedar_internal,Cedar Press - no authoritative external register publishes a name for this entity class,,,no external register for this class,"Inter-Tribal Council of California, Inc.",0
CE-000R4-G4,California Nations Indian Gaming Association,Intertribal Organization,cedar_internal,Cedar Press - no authoritative external register publishes a name for this entity class,,,no external register for this class,California Nations Indian Gaming Association,0
CE-000R5-PX,"California Rural Indian Health Board, Inc.",Intertribal Organization,cedar_internal,Cedar Press - no authoritative external register publishes a name for this entity class,,,no external register for this class,"California Rural Indian Health Board, Inc.",0
CE-000R6-WP,Columbia River Inter-Tribal Fish Commission,Intertribal Organization,cedar_internal,Cedar Press - no authoritative external register publishes a name for this entity class,,,no external register for this class,Columbia River Inter-Tribal Fish Commission,0
CE-000R7-2F,Coalition of Large Tribes,Intertribal Organization,cedar_internal,Cedar Press - no authoritative external register publishes a name for this entity class,,,no external register for this class,Coalition of Large Tribes,0
CE-000R8-88,National Congress of American Indians,Intertribal Organization,cedar_internal,Cedar Press - no authoritative external register publishes a name for this entity class,,,no external register for this class,National Congress of American Indians,0
CE-000R9-E1,Native American Contractors Association,Intertribal Organization,cedar_internal,Cedar Press - no authoritative external register publishes a name for this entity class,,,no external register for this class,Native American Contractors Association,0
CE-000RA-MT,Native American Development Center,Intertribal Organization,givenative,"GiveNative, Native nonprofit directory",https://www.givenative.org/search?orgScope=on,2026-09-04,,National Center for American Indian Enterprise Development,1
CE-000RB-TK,National Indian Education Association,Intertribal Organization,givenative,"GiveNative, Native nonprofit directory",https://www.givenative.org/search?orgScope=on,2026-09-04,,National Indian Education Association,0
CE-000RC-0C,"National Inter-Tribal Energy Council, Inc.",Intertribal Organization,cedar_internal,Cedar Press - no authoritative external register publishes a name for this entity class,,,no external register for this class,"National Inter-Tribal Energy Council, Inc.",0
CE-000RD-65,Affiliated Tribes of Northwest Indians,Intertribal Organization,cedar_internal,Cedar Press - no authoritative external register publishes a name for this entity class,,,no external register for this class,Affiliated Tribes of Northwest Indians,0
CE-000RE-CY,Council for Native Hawaiian Advancement,Intertribal Organization,cedar_internal,Cedar Press - no authoritative external register publishes a name for this entity class,,,no external register for this class,Council for Native Hawaiian Advancement,0
CE-000RF-JQ,Indian Gaming Association,Intertribal Organization,cedar_internal,Cedar Press - no authoritative external register publishes a name for this entity class,,,no external register for this class,Indian Gaming Association,0
CE-000RG-RG,Intertribal Agriculture Council Inc,Intertribal Organization,givenative,"GiveNative, Native nonprofit directory",https://www.givenative.org/search?orgScope=on,2026-09-04,,Intertribal Agriculture Council,1
CE-000RH-Y9,"Great Lakes Inter-Tribal Council, Inc.",Intertribal Organization,cedar_internal,Cedar Press - no authoritative external register publishes a name for this entity class,,,no external register for this class,"Great Lakes Inter-Tribal Council, Inc.",0
CE-000RJ-42,"Great Lakes Area Tribal Health Board, Inc.",Intertribal Organization,cedar_internal,Cedar Press - no authoritative external register publishes a name for this entity class,,,no external register for this class,"Great Lakes Area Tribal Health Board, Inc.",0
CE-000RK-AV,Great Lakes Indian Fish & Wildlife Commission,Intertribal Organization,cedar_internal,Cedar Press - no authoritative external register publishes a name for this entity class,,,no external register for this class,Great Lakes Indian Fish & Wildlife Commission,0
CE-000RM-GM,Great Plains Tribal Leaders Health Board,Intertribal Organization,cedar_internal,Cedar Press - no authoritative external register publishes a name for this entity class,,,no external register for this class,Great Plains Tribal Leaders Health Board,0
CE-000RN-PD,Great Plains Tribal Chairmen's Association,Intertribal Organization,cedar_internal,Cedar Press - no authoritative external register publishes a name for this entity class,,,no external register for this class,Great Plains Tribal Chairmen's Association,0
CE-000RP-W6,American Indian Higher Education Consortium,Intertribal Organization,cedar_internal,Cedar Press - no authoritative external register publishes a name for this entity class,,,no external register for this class,American Indian Higher Education Consortium,0
CE-000RQ-2Z,National Indian Health Board,Intertribal Organization,givenative,"GiveNative, Native nonprofit directory",https://www.givenative.org/search?orgScope=on,2026-09-04,,National Indian Health Board,0
CE-000RR-8R,National American Indian Housing Council,Intertribal Organization,cedar_internal,Cedar Press - no authoritative external register publishes a name for this entity class,,,no external register for this class,National American Indian Housing Council,0
CE-000RS-EH,National Association of Tribal Historic Preservation Officers,Intertribal Organization,cedar_internal,Cedar Press - no authoritative external register publishes a name for this entity class,,,no external register for this class,National Association of Tribal Historic Preservation Officers,0
CE-000RT-MA,Native Hawaiian Organizations Association,Intertribal Organization,cedar_internal,Cedar Press - no authoritative external register publishes a name for this entity class,,,no external register for this class,Native Hawaiian Organizations Association,0
CE-000RV-T3,Oklahoma Indian Gaming Association,Intertribal Organization,cedar_internal,Cedar Press - no authoritative external register publishes a name for this entity class,,,no external register for this class,Oklahoma Indian Gaming Association,0
CE-000RW-0W,"Albuquerque Area Indian Health Board, Inc.",Intertribal Organization,cedar_internal,Cedar Press - no authoritative external register publishes a name for this entity class,,,no external register for this class,"Albuquerque Area Indian Health Board, Inc.",0
CE-000RX-6N,All Pueblo Council of Governors,Intertribal Organization,cedar_internal,Cedar Press - no authoritative external register publishes a name for this entity class,,,no external register for this class,All Pueblo Council of Governors,0
CE-000RY-CE,Alaska Federation of Natives,Intertribal Organization,cedar_internal,Cedar Press - no authoritative external register publishes a name for this entity class,,,no external register for this class,Alaska Federation of Natives,0
CE-000RZ-J7,Alaska Native Tribal Health Consortium,Intertribal Organization,cedar_internal,Cedar Press - no authoritative external register publishes a name for this entity class,,,no external register for this class,Alaska Native Tribal Health Consortium,0
CE-000S0-XG,American Indigenous Tourism Association,Intertribal Organization,givenative,"GiveNative, Native nonprofit directory",https://www.givenative.org/search?orgScope=on,2026-09-04,,Alaska Native Village Corporation Association,1
CE-000S1-39,Midwest Alliance of Sovereign Tribes,Intertribal Organization,cedar_internal,Cedar Press - no authoritative external register publishes a name for this entity class,,,no external register for this class,Midwest Alliance of Sovereign Tribes,0
CE-000S2-92,"Midwest Tribal Energy Resources Association, Inc.",Intertribal Organization,cedar_internal,Cedar Press - no authoritative external register publishes a name for this entity class,,,no external register for this class,"Midwest Tribal Energy Resources Association, Inc.",0
CE-000S3-FV,"Inter-Tribal Council of Michigan, Inc.",Intertribal Organization,cedar_internal,Cedar Press - no authoritative external register publishes a name for this entity class,,,no external register for this class,"Inter-Tribal Council of Michigan, Inc.",0
CE-000S4-NM,Minnesota Indian Gaming Association,Intertribal Organization,cedar_internal,Cedar Press - no authoritative external register publishes a name for this entity class,,,no external register for this class,Minnesota Indian Gaming Association,0
CE-000S5-VD,Native Americans in Philanthropy,Intertribal Organization,cedar_internal,Cedar Press - no authoritative external register publishes a name for this entity class,,,no external register for this class,Native Americans in Philanthropy,0
CE-000S6-16,Native American Finance Officers Association Inc,Intertribal Organization,givenative,"GiveNative, Native nonprofit directory",https://www.givenative.org/search?orgScope=on,2026-09-04,,NAFOA,1
CE-000S7-7Z,ANCSA Regional Association,Intertribal Organization,cedar_internal,Cedar Press - no authoritative external register publishes a name for this entity class,,,no external register for this class,ANCSA Regional Association,0
CE-000S8-DR,"Inter-Tribal Council of Nevada, Incorporated",Intertribal Organization,cedar_internal,Cedar Press - no authoritative external register publishes a name for this entity class,,,no external register for this class,"Inter-Tribal Council of Nevada, Incorporated",0
CE-000S9-KH,Council of Energy Resource Tribes,Intertribal Organization,cedar_internal,Cedar Press - no authoritative external register publishes a name for this entity class,,,no external register for this class,Council of Energy Resource Tribes,0
CE-000SA-SA,Northwest Portland Area Indian Health Board,Intertribal Organization,cedar_internal,Cedar Press - no authoritative external register publishes a name for this entity class,,,no external register for this class,Northwest Portland Area Indian Health Board,0
CE-000SB-Z3,Northwest Indian Fisheries Commission,Intertribal Organization,cedar_internal,Cedar Press - no authoritative external register publishes a name for this entity class,,,no external register for this class,Northwest Indian Fisheries Commission,0
CE-000SC-5W,United Tribes of Michigan,Intertribal Organization,cedar_internal,Cedar Press - no authoritative external register publishes a name for this entity class,,,no external register for this class,United Tribes of Michigan,0
CE-000SD-BN,"United South and Eastern Tribes, Inc.",Intertribal Organization,cedar_internal,Cedar Press - no authoritative external register publishes a name for this entity class,,,no external register for this class,"United South and Eastern Tribes, Inc.",0
CE-000SE-HE,National Tribal Environmental Council,Intertribal Organization,cedar_internal,Cedar Press - no authoritative external register publishes a name for this entity class,,,no external register for this class,National Tribal Environmental Council,0
CE-000SF-Q7,National Council of Urban Indian Health,Intertribal Organization,givenative,"GiveNative, Native nonprofit directory",https://www.givenative.org/search?orgScope=on,2026-09-04,,National Council of Urban Indian Health,0
CE-000SG-X0,Rocky Mountain Tribal Leaders Council,Intertribal Organization,cedar_internal,Cedar Press - no authoritative external register publishes a name for this entity class,,,no external register for this class,Rocky Mountain Tribal Leaders Council,0
CE-000SH-3S,Native American Rights Fund,Intertribal Organization,givenative,"GiveNative, Native nonprofit directory",https://www.givenative.org/search?orgScope=on,2026-09-04,,Native American Rights Fund,0
CE-000SJ-9J,Arizona Indian Gaming Association,Intertribal Organization,cedar_internal,Cedar Press - no authoritative external register publishes a name for this entity class,,,no external register for this class,Arizona Indian Gaming Association,0
CE-000SK-FB,Self-Governance Communication and Educational Tribal Consortium,Intertribal Organization,cedar_internal,Cedar Press - no authoritative external register publishes a name for this entity class,,,no external register for this class,Self-Governance Communication and Educational Tribal Consortium,0
CE-000SM-N4,Southern California Tribal Chairmen's Association,Intertribal Organization,cedar_internal,Cedar Press - no authoritative external register publishes a name for this entity class,,,no external register for this class,Southern California Tribal Chairmen's Association,0
CE-000SN-VX,Southern Plains Tribal Health Board,Intertribal Organization,cedar_internal,Cedar Press - no authoritative external register publishes a name for this entity class,,,no external register for this class,Southern Plains Tribal Health Board,0
CE-000SP-1P,Intertribal Timber Council,Intertribal Organization,cedar_internal,Cedar Press - no authoritative external register publishes a name for this entity class,,,no external register for this class,Intertribal Timber Council,0
CE-000SQ-7F,National Tribal Telecommunications Association,Intertribal Organization,cedar_internal,Cedar Press - no authoritative external register publishes a name for this entity class,,,no external register for this class,National Tribal Telecommunications Association,0
CE-000SR-D8,Washington Indian Gaming Association,Intertribal Organization,cedar_internal,Cedar Press - no authoritative external register publishes a name for this entity class,,,no external register for this class,Washington Indian Gaming Association,0
CE-000SS-K1,‘Aha Kāne,Native Hawaiian Organization,doi_nho_list,"U.S. Department of the Interior, Native Hawaiian Organization List",https://www.doi.gov/sites/default/files/documents/2025-04/nhol-complete-list-final-web.pdf,2025-04-02,canonical_name [exact],‘Aha Kāne,0
CE-000ST-ST,"‘Aha Mālama, Corp.",Native Hawaiian Organization,doi_nho_list,"U.S. Department of the Interior, Native Hawaiian Organization List",https://www.doi.gov/sites/default/files/documents/2025-04/nhol-complete-list-final-web.pdf,2025-04-02,canonical_name [close],"‘Aha Mālama, Corp",1
CE-000SV-ZK,Aha Moku o Maui Inc.,Native Hawaiian Organization,doi_nho_list,"U.S. Department of the Interior, Native Hawaiian Organization List",https://www.doi.gov/sites/default/files/documents/2025-04/nhol-complete-list-final-web.pdf,2025-04-02,canonical_name [close],Aha Moku o Maui Inc,1
CE-000SW-5C,ʻAha Pūnana Leo,Native Hawaiian Organization,doi_nho_list,"U.S. Department of the Interior, Native Hawaiian Organization List",https://www.doi.gov/sites/default/files/documents/2025-04/nhol-complete-list-final-web.pdf,2025-04-02,canonical_name [exact],ʻAha Pūnana Leo,0
CE-000SX-B5,Aha Wahine,Native Hawaiian Organization,doi_nho_list,"U.S. Department of the Interior, Native Hawaiian Organization List",https://www.doi.gov/sites/default/files/documents/2025-04/nhol-complete-list-final-web.pdf,2025-04-02,canonical_name [exact],Aha Wahine,0
CE-000SY-HY,Ahupua‘a o Moloka‘i,Native Hawaiian Organization,doi_nho_list,"U.S. Department of the Interior, Native Hawaiian Organization List",https://www.doi.gov/sites/default/files/documents/2025-04/nhol-complete-list-final-web.pdf,2025-04-02,canonical_name [exact],Ahupua‘a o Moloka‘i,0
CE-000SZ-QQ,‘Āina Momona,Native Hawaiian Organization,doi_nho_list,"U.S. Department of the Interior, Native Hawaiian Organization List",https://www.doi.gov/sites/default/files/documents/2025-04/nhol-complete-list-final-web.pdf,2025-04-02,canonical_name [exact],‘Āina Momona,0
CE-000T0-20,ʻAi Noa Foundation,Native Hawaiian Organization,doi_nho_list,"U.S. Department of the Interior, Native Hawaiian Organization List",https://www.doi.gov/sites/default/files/documents/2025-04/nhol-complete-list-final-web.pdf,2025-04-02,canonical_name [exact],ʻAi Noa Foundation,0
CE-000T1-8S,Alakaʻi Foundation Inc.,Native Hawaiian Organization,doi_nho_list,"U.S. Department of the Interior, Native Hawaiian Organization List",https://www.doi.gov/sites/default/files/documents/2025-04/nhol-complete-list-final-web.pdf,2025-04-02,canonical_name [close],"Alaka`i Foundation, Inc.",1
CE-000T2-EJ,Alaka'ina Foundation,Native Hawaiian Organization,cedar_internal,Cedar Press - no authoritative external register publishes a name for this entity class,,,no external register for this class,Alaka'ina Foundation,0
CE-000T3-MB,Alepa Hou Foundation,Native Hawaiian Organization,doi_nho_list,"U.S. Department of the Interior, Native Hawaiian Organization List",https://www.doi.gov/sites/default/files/documents/2025-04/nhol-complete-list-final-web.pdf,2025-04-02,canonical_name [exact],Alepa Hou Foundation,0
CE-000T4-T4,The Ali`i Group,Native Hawaiian Organization,cedar_internal,Cedar Press - no authoritative external register publishes a name for this entity class,,,no external register for this class,The Ali`i Group,0
CE-000T5-0X,"Aloha ʻĀina o Hawaiʻi, Inc.",Native Hawaiian Organization,doi_nho_list,"U.S. Department of the Interior, Native Hawaiian Organization List",https://www.doi.gov/sites/default/files/documents/2025-04/nhol-complete-list-final-web.pdf,2025-04-02,canonical_name [close],"Aloha ʻĀina o Hawaiʻi, Inc",1
CE-000T6-6P,ʻAoʻao O Nā Loko Iʻa O Maui,Native Hawaiian Organization,doi_nho_list,"U.S. Department of the Interior, Native Hawaiian Organization List",https://www.doi.gov/sites/default/files/documents/2025-04/nhol-complete-list-final-web.pdf,2025-04-02,canonical_name [exact],ʻAoʻao O Nā Loko Iʻa O Maui,0
CE-000T7-CF,Au Puni O Hawaiʻi,Native Hawaiian Organization,doi_nho_list,"U.S. Department of the Interior, Native Hawaiian Organization List",https://www.doi.gov/sites/default/files/documents/2025-04/nhol-complete-list-final-web.pdf,2025-04-02,canonical_name [exact],Au Puni O Hawaiʻi,0
CE-000T8-J8,Charles Pelenui Mahi Ohana,Native Hawaiian Organization,doi_nho_list,"U.S. Department of the Interior, Native Hawaiian Organization List",https://www.doi.gov/sites/default/files/documents/2025-04/nhol-complete-list-final-web.pdf,2025-04-02,canonical_name [exact],Charles Pelenui Mahi Ohana,0
CE-000T9-R1,Captain Kimo's Hawaiian Adventures,Native Hawaiian Organization,doi_nho_list,"U.S. Department of the Interior, Native Hawaiian Organization List",https://www.doi.gov/sites/default/files/documents/2025-04/nhol-complete-list-final-web.pdf,2025-04-02,canonical_name [exact],Captain Kimo's Hawaiian Adventures,0
CE-000TA-YT,EAO Hawaii Inc.,Native Hawaiian Organization,doi_nho_list,"U.S. Department of the Interior, Native Hawaiian Organization List",https://www.doi.gov/sites/default/files/documents/2025-04/nhol-complete-list-final-web.pdf,2025-04-02,canonical_name [close],EAO Hawaii Inc,1
CE-000TB-4K,E Ola Kākou Hawaiʻi,Native Hawaiian Organization,doi_nho_list,"U.S. Department of the Interior, Native Hawaiian Organization List",https://www.doi.gov/sites/default/files/documents/2025-04/nhol-complete-list-final-web.pdf,2025-04-02,canonical_name [exact],E Ola Kākou Hawaiʻi,0
CE-000TC-AC,Office of Hawaiian Affairs,Native Hawaiian Organization,doi_nho_list,"U.S. Department of the Interior, Native Hawaiian Organization List",https://www.doi.gov/sites/default/files/documents/2025-04/nhol-complete-list-final-web.pdf,2025-04-02,canonical_name [exact],Office of Hawaiian Affairs,0
CE-000TD-G5,Flores-Case ʻOhana,Native Hawaiian Organization,doi_nho_list,"U.S. Department of the Interior, Native Hawaiian Organization List",https://www.doi.gov/sites/default/files/documents/2025-04/nhol-complete-list-final-web.pdf,2025-04-02,canonical_name [exact],Flores-Case ʻOhana,0
CE-000TE-PY,The Friends of Hokule‘a and Hawai‘iloa,Native Hawaiian Organization,doi_nho_list,"U.S. Department of the Interior, Native Hawaiian Organization List",https://www.doi.gov/sites/default/files/documents/2025-04/nhol-complete-list-final-web.pdf,2025-04-02,canonical_name [exact],The Friends of Hokule‘a and Hawai‘iloa,0
CE-000TF-WQ,Friends of ‘Iolani Palace,Native Hawaiian Organization,doi_nho_list,"U.S. Department of the Interior, Native Hawaiian Organization List",https://www.doi.gov/sites/default/files/documents/2025-04/nhol-complete-list-final-web.pdf,2025-04-02,canonical_name [exact],Friends of ‘Iolani Palace,0
CE-000TG-2G,God's Country Waimanalo,Native Hawaiian Organization,doi_nho_list,"U.S. Department of the Interior, Native Hawaiian Organization List",https://www.doi.gov/sites/default/files/documents/2025-04/nhol-complete-list-final-web.pdf,2025-04-02,canonical_name [exact],God's Country Waimanalo,0
CE-000TH-89,George K. Cypher ‘Ohana,Native Hawaiian Organization,doi_nho_list,"U.S. Department of the Interior, Native Hawaiian Organization List",https://www.doi.gov/sites/default/files/documents/2025-04/nhol-complete-list-final-web.pdf,2025-04-02,canonical_name [exact],George K. Cypher ‘Ohana,0
CE-000TJ-E2,Hanona,Native Hawaiian Organization,doi_nho_list,"U.S. Department of the Interior, Native Hawaiian Organization List",https://www.doi.gov/sites/default/files/documents/2025-04/nhol-complete-list-final-web.pdf,2025-04-02,canonical_name [exact],Hanona,0
CE-000TK-MV,Hawaiian Native Corporation,Native Hawaiian Organization,cedar_internal,Cedar Press - no authoritative external register publishes a name for this entity class,,,no external register for this class,Hawaiian Native Corporation,0
CE-000TM-TM,Oʻahu Canoe Racing Association,Native Hawaiian Organization,doi_nho_list,"U.S. Department of the Interior, Native Hawaiian Organization List",https://www.doi.gov/sites/default/files/documents/2025-04/nhol-complete-list-final-web.pdf,2025-04-02,canonical_name [exact],Oʻahu Canoe Racing Association,0
CE-000TN-0D,Hui ʻOhana O Hōnaunau,Native Hawaiian Organization,doi_nho_list,"U.S. Department of the Interior, Native Hawaiian Organization List",https://www.doi.gov/sites/default/files/documents/2025-04/nhol-complete-list-final-web.pdf,2025-04-02,canonical_name [exact],Hui ʻOhana O Hōnaunau,0
CE-000TP-66,Hui Hana Paʻakai o Hanapēpē,Native Hawaiian Organization,doi_nho_list,"U.S. Department of the Interior, Native Hawaiian Organization List",https://www.doi.gov/sites/default/files/documents/2025-04/nhol-complete-list-final-web.pdf,2025-04-02,canonical_name [exact],Hui Hana Paʻakai o Hanapēpē,0
CE-000TQ-CZ,‘Ahahui Siwila Hawai‘i O Kapōlei,Native Hawaiian Organization,doi_nho_list,"U.S. Department of the Interior, Native Hawaiian Organization List",https://www.doi.gov/sites/default/files/documents/2025-04/nhol-complete-list-final-web.pdf,2025-04-02,canonical_name [exact],‘Ahahui Siwila Hawai‘i O Kapōlei,0
CE-000TR-JR,Aha Kukaniloko Koa Mana mea ola kanaka mauli,Native Hawaiian Organization,doi_nho_list,"U.S. Department of the Interior, Native Hawaiian Organization List",https://www.doi.gov/sites/default/files/documents/2025-04/nhol-complete-list-final-web.pdf,2025-04-02,canonical_name [exact],Aha Kukaniloko Koa Mana mea ola kanaka mauli,0
CE-000TS-RH,Hui Kaleleiki Ohana,Native Hawaiian Organization,doi_nho_list,"U.S. Department of the Interior, Native Hawaiian Organization List",https://www.doi.gov/sites/default/files/documents/2025-04/nhol-complete-list-final-web.pdf,2025-04-02,canonical_name [exact],Hui Kaleleiki Ohana,0
CE-000TT-YA,Ho‘okano Family Land Trust,Native Hawaiian Organization,doi_nho_list,"U.S. Department of the Interior, Native Hawaiian Organization List",https://www.doi.gov/sites/default/files/documents/2025-04/nhol-complete-list-final-web.pdf,2025-04-02,canonical_name [exact],Ho‘okano Family Land Trust,0
CE-000TV-43,Hui Aloha Kīholo,Native Hawaiian Organization,doi_nho_list,"U.S. Department of the Interior, Native Hawaiian Organization List",https://www.doi.gov/sites/default/files/documents/2025-04/nhol-complete-list-final-web.pdf,2025-04-02,canonical_name [exact],Hui Aloha Kīholo,0
CE-000TW-AW,Hale Halawai ʻOhana O Hanalei,Native Hawaiian Organization,doi_nho_list,"U.S. Department of the Interior, Native Hawaiian Organization List",https://www.doi.gov/sites/default/files/documents/2025-04/nhol-complete-list-final-web.pdf,2025-04-02,canonical_name [exact],Hale Halawai ʻOhana O Hanalei,0
CE-000TX-GN,Hoʻōla Lāhui Hawaiʻi,Native Hawaiian Organization,doi_nho_list,"U.S. Department of the Interior, Native Hawaiian Organization List",https://www.doi.gov/sites/default/files/documents/2025-04/nhol-complete-list-final-web.pdf,2025-04-02,canonical_name [exact],Hoʻōla Lāhui Hawaiʻi,0
CE-000TY-PE,Hale Mua Cultural Group,Native Hawaiian Organization,doi_nho_list,"U.S. Department of the Interior, Native Hawaiian Organization List",https://www.doi.gov/sites/default/files/documents/2025-04/nhol-complete-list-final-web.pdf,2025-04-02,canonical_name [exact],Hale Mua Cultural Group,0
CE-000TZ-W7,Aha Moku O Kahikinui,Native Hawaiian Organization,doi_nho_list,"U.S. Department of the Interior, Native Hawaiian Organization List",https://www.doi.gov/sites/default/files/documents/2025-04/nhol-complete-list-final-web.pdf,2025-04-02,canonical_name [exact],Aha Moku O Kahikinui,0
CE-000V0-7G,Hui Makaʻāinana o Makana,Native Hawaiian Organization,doi_nho_list,"U.S. Department of the Interior, Native Hawaiian Organization List",https://www.doi.gov/sites/default/files/documents/2025-04/nhol-complete-list-final-web.pdf,2025-04-02,canonical_name [exact],Hui Makaʻāinana o Makana,0
CE-000V1-D9,Hui Mālama O Kāneiolouma,Native Hawaiian Organization,doi_nho_list,"U.S. Department of the Interior, Native Hawaiian Organization List",https://www.doi.gov/sites/default/files/documents/2025-04/nhol-complete-list-final-web.pdf,2025-04-02,canonical_name [exact],Hui Mālama O Kāneiolouma,0
CE-000V2-K2,Hui Mālama Ola Nā ‘Ōiwi,Native Hawaiian Organization,doi_nho_list,"U.S. Department of the Interior, Native Hawaiian Organization List",https://www.doi.gov/sites/default/files/documents/2025-04/nhol-complete-list-final-web.pdf,2025-04-02,canonical_name [exact],Hui Mālama Ola Nā ‘Ōiwi,0
CE-000V3-SV,"Honua Consulting, LLC",Native Hawaiian Organization,doi_nho_list,"U.S. Department of the Interior, Native Hawaiian Organization List",https://www.doi.gov/sites/default/files/documents/2025-04/nhol-complete-list-final-web.pdf,2025-04-02,canonical_name [exact],"Honua Consulting, LLC",0
CE-000V4-ZM,Ahonui Homestead Association,Native Hawaiian Organization,doi_nho_list,"U.S. Department of the Interior, Native Hawaiian Organization List",https://www.doi.gov/sites/default/files/documents/2025-04/nhol-complete-list-final-web.pdf,2025-04-02,canonical_name [exact],Ahonui Homestead Association,0
CE-000V5-5D,‘Ohana Keohokālole,Native Hawaiian Organization,doi_nho_list,"U.S. Department of the Interior, Native Hawaiian Organization List",https://www.doi.gov/sites/default/files/documents/2025-04/nhol-complete-list-final-web.pdf,2025-04-02,canonical_name [exact],‘Ohana Keohokālole,0
CE-000V6-B6,‘Ohana Keaweamahi,Native Hawaiian Organization,doi_nho_list,"U.S. Department of the Interior, Native Hawaiian Organization List",https://www.doi.gov/sites/default/files/documents/2025-04/nhol-complete-list-final-web.pdf,2025-04-02,canonical_name [exact],‘Ohana Keaweamahi,0
CE-000V7-HZ,Hanalei River Heritage Foundation,Native Hawaiian Organization,doi_nho_list,"U.S. Department of the Interior, Native Hawaiian Organization List",https://www.doi.gov/sites/default/files/documents/2025-04/nhol-complete-list-final-web.pdf,2025-04-02,canonical_name [exact],Hanalei River Heritage Foundation,0
CE-000V8-QR,Hua Nani Impact,Native Hawaiian Organization,doi_nho_list,"U.S. Department of the Interior, Native Hawaiian Organization List",https://www.doi.gov/sites/default/files/documents/2025-04/nhol-complete-list-final-web.pdf,2025-04-02,canonical_name [exact],Hua Nani Impact,0
CE-000V9-XH,Ho Ohana,Native Hawaiian Organization,doi_nho_list,"U.S. Department of the Interior, Native Hawaiian Organization List",https://www.doi.gov/sites/default/files/documents/2025-04/nhol-complete-list-final-web.pdf,2025-04-02,canonical_name [exact],Ho Ohana,0
CE-000VA-3A,Ho'omaka Foundation,Native Hawaiian Organization,cedar_internal,Cedar Press - no authoritative external register publishes a name for this entity class,,,no external register for this class,Ho'omaka Foundation,0
CE-000VB-93,Ahupuaʻa O Nānākuli Homestead,Native Hawaiian Organization,doi_nho_list,"U.S. Department of the Interior, Native Hawaiian Organization List",https://www.doi.gov/sites/default/files/documents/2025-04/nhol-complete-list-final-web.pdf,2025-04-02,canonical_name [exact],Ahupuaʻa O Nānākuli Homestead,0
CE-000VC-FW,Historic Hawaiʻi Foundation,Native Hawaiian Organization,doi_nho_list,"U.S. Department of the Interior, Native Hawaiian Organization List",https://www.doi.gov/sites/default/files/documents/2025-04/nhol-complete-list-final-web.pdf,2025-04-02,canonical_name [exact],Historic Hawaiʻi Foundation,0
CE-000VD-NN,Hui Hoʻoleimaluō,Native Hawaiian Organization,doi_nho_list,"U.S. Department of the Interior, Native Hawaiian Organization List",https://www.doi.gov/sites/default/files/documents/2025-04/nhol-complete-list-final-web.pdf,2025-04-02,canonical_name [exact],Hui Hoʻoleimaluō,0
CE-000VE-VE,Hui Huliau Inc.,Native Hawaiian Organization,doi_nho_list,"U.S. Department of the Interior, Native Hawaiian Organization List",https://www.doi.gov/sites/default/files/documents/2025-04/nhol-complete-list-final-web.pdf,2025-04-02,canonical_name [close],Hui Huliau,1
CE-000VF-17,Hui Iwi Kuamoʻo,Native Hawaiian Organization,doi_nho_list,"U.S. Department of the Interior, Native Hawaiian Organization List",https://www.doi.gov/sites/default/files/documents/2025-04/nhol-complete-list-final-web.pdf,2025-04-02,canonical_name [exact],Hui Iwi Kuamoʻo,0
CE-000VG-70,Hui O Hana Pono,Native Hawaiian Organization,cedar_internal,Cedar Press - no authoritative external register publishes a name for this entity class,,,no external register for this class,Hui O Hana Pono,0
CE-000VH-DS,Hui o Kuapā,Native Hawaiian Organization,doi_nho_list,"U.S. Department of the Interior, Native Hawaiian Organization List",https://www.doi.gov/sites/default/files/documents/2025-04/nhol-complete-list-final-web.pdf,2025-04-02,canonical_name [exact],Hui o Kuapā,0
CE-000VJ-KJ,Hui O Wa‘a Kaulua,Native Hawaiian Organization,doi_nho_list,"U.S. Department of the Interior, Native Hawaiian Organization List",https://www.doi.gov/sites/default/files/documents/2025-04/nhol-complete-list-final-web.pdf,2025-04-02,canonical_name [exact],Hui O Wa‘a Kaulua,0
CE-000VK-SB,Hau‘ouiwi Homestead Association on Lāna‘i,Native Hawaiian Organization,doi_nho_list,"U.S. Department of the Interior, Native Hawaiian Organization List",https://www.doi.gov/sites/default/files/documents/2025-04/nhol-complete-list-final-web.pdf,2025-04-02,canonical_name [exact],Hau‘ouiwi Homestead Association on Lāna‘i,0
CE-000VM-Z4,The Hawaiian Church of Hawaiʻi Nei,Native Hawaiian Organization,doi_nho_list,"U.S. Department of the Interior, Native Hawaiian Organization List",https://www.doi.gov/sites/default/files/documents/2025-04/nhol-complete-list-final-web.pdf,2025-04-02,canonical_name [exact],The Hawaiian Church of Hawaiʻi Nei,0
CE-000VN-5X,Native Hawaiian Chamber of Commerce,Native Hawaiian Organization,doi_nho_list,"U.S. Department of the Interior, Native Hawaiian Organization List",https://www.doi.gov/sites/default/files/documents/2025-04/nhol-complete-list-final-web.pdf,2025-04-02,canonical_name [exact],Native Hawaiian Chamber of Commerce,0
CE-000VP-BP,Native Hawaiian Church,Native Hawaiian Organization,doi_nho_list,"U.S. Department of the Interior, Native Hawaiian Organization List",https://www.doi.gov/sites/default/files/documents/2025-04/nhol-complete-list-final-web.pdf,2025-04-02,canonical_name [exact],Native Hawaiian Church,0
CE-000VQ-HF,"Hawaiian Community Assets, Inc.",Native Hawaiian Organization,doi_nho_list,"U.S. Department of the Interior, Native Hawaiian Organization List",https://www.doi.gov/sites/default/files/documents/2025-04/nhol-complete-list-final-web.pdf,2025-04-02,canonical_name [close],"Hawaiian Community Assets, Inc",1
CE-000VR-Q8,Native Hawaiian Community Development Corporation,Native Hawaiian Organization,doi_nho_list,"U.S. Department of the Interior, Native Hawaiian Organization List",https://www.doi.gov/sites/default/files/documents/2025-04/nhol-complete-list-final-web.pdf,2025-04-02,canonical_name [exact],Native Hawaiian Community Development Corporation,0
CE-000VS-X1,Hawaiian Civic Club of Wahiawa,Native Hawaiian Organization,doi_nho_list,"U.S. Department of the Interior, Native Hawaiian Organization List",https://www.doi.gov/sites/default/files/documents/2025-04/nhol-complete-list-final-web.pdf,2025-04-02,canonical_name [exact],Hawaiian Civic Club of Wahiawa,0
CE-000VT-3T,Association of Hawaiian Civic Clubs,Native Hawaiian Organization,doi_nho_list,"U.S. Department of the Interior, Native Hawaiian Organization List",https://www.doi.gov/sites/default/files/documents/2025-04/nhol-complete-list-final-web.pdf,2025-04-02,canonical_name [exact],Association of Hawaiian Civic Clubs,0
CE-000VV-9K,Native Hawaiian Education Council,Native Hawaiian Organization,doi_nho_list,"U.S. Department of the Interior, Native Hawaiian Organization List",https://www.doi.gov/sites/default/files/documents/2025-04/nhol-complete-list-final-web.pdf,2025-04-02,canonical_name [exact],Native Hawaiian Education Council,0
CE-000VW-FC,Native Hawaiian Hospitality Association,Native Hawaiian Organization,doi_nho_list,"U.S. Department of the Interior, Native Hawaiian Organization List",https://www.doi.gov/sites/default/files/documents/2025-04/nhol-complete-list-final-web.pdf,2025-04-02,canonical_name [exact],Native Hawaiian Hospitality Association,0
CE-000VX-N5,Hawaiian Kingdom Task Force,Native Hawaiian Organization,doi_nho_list,"U.S. Department of the Interior, Native Hawaiian Organization List",https://www.doi.gov/sites/default/files/documents/2025-04/nhol-complete-list-final-web.pdf,2025-04-02,canonical_name [exact],Hawaiian Kingdom Task Force,0
CE-000VY-VY,Native Hawaiian Legal Corporation,Native Hawaiian Organization,doi_nho_list,"U.S. Department of the Interior, Native Hawaiian Organization List",https://www.doi.gov/sites/default/files/documents/2025-04/nhol-complete-list-final-web.pdf,2025-04-02,canonical_name [exact],Native Hawaiian Legal Corporation,0
CE-000VZ-1Q,Native Hawaiian Institute for Technology and Business,Native Hawaiian Organization,cedar_internal,Cedar Press - no authoritative external register publishes a name for this entity class,,,no external register for this class,Native Hawaiian Institute for Technology and Business,0
CE-000W0-C0,Native Hawaiian Philanthropy,Native Hawaiian Organization,doi_nho_list,"U.S. Department of the Interior, Native Hawaiian Organization List",https://www.doi.gov/sites/default/files/documents/2025-04/nhol-complete-list-final-web.pdf,2025-04-02,canonical_name [exact],Native Hawaiian Philanthropy,0
CE-000W1-JS,Native Hawaiian Organization Charity,Native Hawaiian Organization,cedar_internal,Cedar Press - no authoritative external register publishes a name for this entity class,,,no external register for this class,Native Hawaiian Organization Charity,0
CE-000W2-RJ,Association of Hawaiians for Homestead Lands,Native Hawaiian Organization,doi_nho_list,"U.S. Department of the Interior, Native Hawaiian Organization List",https://www.doi.gov/sites/default/files/documents/2025-04/nhol-complete-list-final-web.pdf,2025-04-02,canonical_name [exact],Association of Hawaiians for Homestead Lands,0
CE-000W3-YB,Hawaiian Islands Land Trust,Native Hawaiian Organization,doi_nho_list,"U.S. Department of the Interior, Native Hawaiian Organization List",https://www.doi.gov/sites/default/files/documents/2025-04/nhol-complete-list-final-web.pdf,2025-04-02,canonical_name [exact],Hawaiian Islands Land Trust,0
CE-000W4-44,"The Hawai'i Pacific Foundation, Inc.",Native Hawaiian Organization,cedar_internal,Cedar Press - no authoritative external register publishes a name for this entity class,,,no external register for this class,"The Hawai'i Pacific Foundation, Inc.",0
CE-000W5-AX,ʻIke Lawaiʻa,Native Hawaiian Organization,doi_nho_list,"U.S. Department of the Interior, Native Hawaiian Organization List",https://www.doi.gov/sites/default/files/documents/2025-04/nhol-complete-list-final-web.pdf,2025-04-02,canonical_name [exact],ʻIke Lawaiʻa,0
CE-000W6-GP,The I Mua Group,Native Hawaiian Organization,doi_nho_list,"U.S. Department of the Interior, Native Hawaiian Organization List",https://www.doi.gov/sites/default/files/documents/2025-04/nhol-complete-list-final-web.pdf,2025-04-02,canonical_name [exact],The I Mua Group,0
CE-000W7-PF,Imua Hawaii,Native Hawaiian Organization,doi_nho_list,"U.S. Department of the Interior, Native Hawaiian Organization List",https://www.doi.gov/sites/default/files/documents/2025-04/nhol-complete-list-final-web.pdf,2025-04-02,canonical_name [exact],Imua Hawaii,0
CE-000W8-W8,KAʻEHU,Native Hawaiian Organization,doi_nho_list,"U.S. Department of the Interior, Native Hawaiian Organization List",https://www.doi.gov/sites/default/files/documents/2025-04/nhol-complete-list-final-web.pdf,2025-04-02,canonical_name [exact],KAʻEHU,0
CE-000W9-21,Kāhuli Leo Leʻa,Native Hawaiian Organization,doi_nho_list,"U.S. Department of the Interior, Native Hawaiian Organization List",https://www.doi.gov/sites/default/files/documents/2025-04/nhol-complete-list-final-web.pdf,2025-04-02,canonical_name [exact],Kāhuli Leo Leʻa,0
CE-000WA-8T,Kāko‘o ‘Ōiwi,Native Hawaiian Organization,doi_nho_list,"U.S. Department of the Interior, Native Hawaiian Organization List",https://www.doi.gov/sites/default/files/documents/2025-04/nhol-complete-list-final-web.pdf,2025-04-02,canonical_name [exact],Kāko‘o ‘Ōiwi,0
CE-000WB-EK,Kalino Foundation,Native Hawaiian Organization,cedar_internal,Cedar Press - no authoritative external register publishes a name for this entity class,,,no external register for this class,Kalino Foundation,0
CE-000WC-MC,Kamealoha,Native Hawaiian Organization,doi_nho_list,"U.S. Department of the Interior, Native Hawaiian Organization List",https://www.doi.gov/sites/default/files/documents/2025-04/nhol-complete-list-final-web.pdf,2025-04-02,canonical_name [exact],Kamealoha,0
CE-000WD-T5,Kanaka Kauila,Native Hawaiian Organization,doi_nho_list,"U.S. Department of the Interior, Native Hawaiian Organization List",https://www.doi.gov/sites/default/files/documents/2025-04/nhol-complete-list-final-web.pdf,2025-04-02,canonical_name [exact],Kanaka Kauila,0
CE-000WE-0Y,Kapono Foundation,Native Hawaiian Organization,cedar_internal,Cedar Press - no authoritative external register publishes a name for this entity class,,,no external register for this class,Kapono Foundation,0
CE-000WF-6Q,Kauaʻi Sea Farm,Native Hawaiian Organization,doi_nho_list,"U.S. Department of the Interior, Native Hawaiian Organization List",https://www.doi.gov/sites/default/files/documents/2025-04/nhol-complete-list-final-web.pdf,2025-04-02,canonical_name [exact],Kauaʻi Sea Farm,0
CE-000WG-CG,Kauhakō Ohana Association,Native Hawaiian Organization,doi_nho_list,"U.S. Department of the Interior, Native Hawaiian Organization List",https://www.doi.gov/sites/default/files/documents/2025-04/nhol-complete-list-final-web.pdf,2025-04-02,canonical_name [exact],Kauhakō Ohana Association,0
CE-000WH-J9,Kaʻuikiokapō,Native Hawaiian Organization,doi_nho_list,"U.S. Department of the Interior, Native Hawaiian Organization List",https://www.doi.gov/sites/default/files/documents/2025-04/nhol-complete-list-final-web.pdf,2025-04-02,canonical_name [exact],Kaʻuikiokapō,0
CE-000WJ-R2,Kauluakalana,Native Hawaiian Organization,doi_nho_list,"U.S. Department of the Interior, Native Hawaiian Organization List",https://www.doi.gov/sites/default/files/documents/2025-04/nhol-complete-list-final-web.pdf,2025-04-02,canonical_name [exact],Kauluakalana,0
CE-000WK-YV,Kekoa Foundation,Native Hawaiian Organization,cedar_internal,Cedar Press - no authoritative external register publishes a name for this entity class,,,no external register for this class,Kekoa Foundation,0
CE-000WM-4M,Ke Kumu 'Ulu,Native Hawaiian Organization,cedar_internal,Cedar Press - no authoritative external register publishes a name for this entity class,,,no external register for this class,Ke Kumu 'Ulu,0
CE-000WN-AD,Kaha I Ka Panoa Kaleponi Hawaiian Civic Club,Native Hawaiian Organization,doi_nho_list,"U.S. Department of the Interior, Native Hawaiian Organization List",https://www.doi.gov/sites/default/files/documents/2025-04/nhol-complete-list-final-web.pdf,2025-04-02,canonical_name [exact],Kaha I Ka Panoa Kaleponi Hawaiian Civic Club,0
CE-000WP-G6,Kohe Malamalama O Kanaloa Protect Kahoʻolawe Fund,Native Hawaiian Organization,doi_nho_list,"U.S. Department of the Interior, Native Hawaiian Organization List",https://www.doi.gov/sites/default/files/documents/2025-04/nhol-complete-list-final-web.pdf,2025-04-02,canonical_name [exact],Kohe Malamalama O Kanaloa Protect Kahoʻolawe Fund,0
CE-000WQ-PZ,Kiaʻi Kanaloa,Native Hawaiian Organization,doi_nho_list,"U.S. Department of the Interior, Native Hawaiian Organization List",https://www.doi.gov/sites/default/files/documents/2025-04/nhol-complete-list-final-web.pdf,2025-04-02,canonical_name [exact],Kiaʻi Kanaloa,0
CE-000WR-WR,Kimokeo Foundation,Native Hawaiian Organization,doi_nho_list,"U.S. Department of the Interior, Native Hawaiian Organization List",https://www.doi.gov/sites/default/files/documents/2025-04/nhol-complete-list-final-web.pdf,2025-04-02,canonical_name [exact],Kimokeo Foundation,0
CE-000WS-2H,Kinai `Eha,Native Hawaiian Organization,cedar_internal,Cedar Press - no authoritative external register publishes a name for this entity class,,,no external register for this class,Kinai `Eha,0
CE-000WT-8A,Kina`ole Foundation,Native Hawaiian Organization,cedar_internal,Cedar Press - no authoritative external register publishes a name for this entity class,,,no external register for this class,Kina`ole Foundation,0
CE-000WV-E3,Keaukaha Community Association,Native Hawaiian Organization,doi_nho_list,"U.S. Department of the Interior, Native Hawaiian Organization List",https://www.doi.gov/sites/default/files/documents/2025-04/nhol-complete-list-final-web.pdf,2025-04-02,canonical_name [exact],Keaukaha Community Association,0
CE-000WW-MW,Ke Kula Nui O Waimānalo,Native Hawaiian Organization,doi_nho_list,"U.S. Department of the Interior, Native Hawaiian Organization List",https://www.doi.gov/sites/default/files/documents/2025-04/nhol-complete-list-final-web.pdf,2025-04-02,canonical_name [exact],Ke Kula Nui O Waimānalo,0
CE-000WX-TN,Kalihi Palama Hawaiian Civic Club,Native Hawaiian Organization,doi_nho_list,"U.S. Department of the Interior, Native Hawaiian Organization List",https://www.doi.gov/sites/default/files/documents/2025-04/nhol-complete-list-final-web.pdf,2025-04-02,canonical_name [exact],Kalihi Palama Hawaiian Civic Club,0
CE-000WY-0E,Kalihi Palama Culture & Arts Society,Native Hawaiian Organization,doi_nho_list,"U.S. Department of the Interior, Native Hawaiian Organization List",https://www.doi.gov/sites/default/files/documents/2025-04/nhol-complete-list-final-web.pdf,2025-04-02,canonical_name [exact],Kalihi Palama Culture & Arts Society,0
CE-000WZ-67,Kalaeloa Heritage and Legacy Foundation,Native Hawaiian Organization,doi_nho_list,"U.S. Department of the Interior, Native Hawaiian Organization List",https://www.doi.gov/sites/default/files/documents/2025-04/nhol-complete-list-final-web.pdf,2025-04-02,canonical_name [exact],Kalaeloa Heritage and Legacy Foundation,0
CE-000X0-HG,Kuloloi‘a Lineage - I ke Kai ‘o Kuloloi‘a,Native Hawaiian Organization,doi_nho_list,"U.S. Department of the Interior, Native Hawaiian Organization List",https://www.doi.gov/sites/default/files/documents/2025-04/nhol-complete-list-final-web.pdf,2025-04-02,canonical_name [exact],Kuloloi‘a Lineage - I ke Kai ‘o Kuloloi‘a,0
CE-000X1-Q9,Ka Lama Kuhikuhi Foundation,Native Hawaiian Organization,cedar_internal,Cedar Press - no authoritative external register publishes a name for this entity class,,,no external register for this class,Ka Lama Kuhikuhi Foundation,0
CE-000X2-X2,Kalama‘ula Homesteaders Association,Native Hawaiian Organization,doi_nho_list,"U.S. Department of the Interior, Native Hawaiian Organization List",https://www.doi.gov/sites/default/files/documents/2025-04/nhol-complete-list-final-web.pdf,2025-04-02,canonical_name [exact],Kalama‘ula Homesteaders Association,0
CE-000X3-3V,Kula no na Po‘e Hawaii,Native Hawaiian Organization,doi_nho_list,"U.S. Department of the Interior, Native Hawaiian Organization List",https://www.doi.gov/sites/default/files/documents/2025-04/nhol-complete-list-final-web.pdf,2025-04-02,canonical_name [exact],Kula no na Po‘e Hawaii,0
CE-000X4-9M,Ko‘olaupoko Hawaiian Civic Club,Native Hawaiian Organization,doi_nho_list,"U.S. Department of the Interior, Native Hawaiian Organization List",https://www.doi.gov/sites/default/files/documents/2025-04/nhol-complete-list-final-web.pdf,2025-04-02,canonical_name [exact],Ko‘olaupoko Hawaiian Civic Club,0
CE-000X5-FD,Kamehameha Schools,Native Hawaiian Organization,doi_nho_list,"U.S. Department of the Interior, Native Hawaiian Organization List",https://www.doi.gov/sites/default/files/documents/2025-04/nhol-complete-list-final-web.pdf,2025-04-02,canonical_name [exact],Kamehameha Schools,0
CE-000X6-N6,Kamiloloa One Ali‘i Homestead Association,Native Hawaiian Organization,doi_nho_list,"U.S. Department of the Interior, Native Hawaiian Organization List",https://www.doi.gov/sites/default/files/documents/2025-04/nhol-complete-list-final-web.pdf,2025-04-02,canonical_name [exact],Kamiloloa One Ali‘i Homestead Association,0
CE-000X7-VZ,Kingdom of Hawai‘i,Native Hawaiian Organization,doi_nho_list,"U.S. Department of the Interior, Native Hawaiian Organization List",https://www.doi.gov/sites/default/files/documents/2025-04/nhol-complete-list-final-web.pdf,2025-04-02,canonical_name [exact],Kingdom of Hawai‘i,0
CE-000X8-1R,Kānehūnāmoku Voyaging Academy,Native Hawaiian Organization,doi_nho_list,"U.S. Department of the Interior, Native Hawaiian Organization List",https://www.doi.gov/sites/default/files/documents/2025-04/nhol-complete-list-final-web.pdf,2025-04-02,canonical_name [exact],Kānehūnāmoku Voyaging Academy,0
CE-000X9-7H,Kanaka Economic Development Alliance,Native Hawaiian Organization,doi_nho_list,"U.S. Department of the Interior, Native Hawaiian Organization List",https://www.doi.gov/sites/default/files/documents/2025-04/nhol-complete-list-final-web.pdf,2025-04-02,canonical_name [exact],Kanaka Economic Development Alliance,0
CE-000XA-DA,Ke One O Kākuhihewa,Native Hawaiian Organization,doi_nho_list,"U.S. Department of the Interior, Native Hawaiian Organization List",https://www.doi.gov/sites/default/files/documents/2025-04/nhol-complete-list-final-web.pdf,2025-04-02,canonical_name [exact],Ke One O Kākuhihewa,0
CE-000XB-K3,Kanu o ka ‘Āina Learning ‘Ohana,Native Hawaiian Organization,doi_nho_list,"U.S. Department of the Interior, Native Hawaiian Organization List",https://www.doi.gov/sites/default/files/documents/2025-04/nhol-complete-list-final-web.pdf,2025-04-02,canonical_name [exact],Kanu o ka ‘Āina Learning ‘Ohana,0
CE-000XC-SW,Koa Ike,Native Hawaiian Organization,doi_nho_list,"U.S. Department of the Interior, Native Hawaiian Organization List",https://www.doi.gov/sites/default/files/documents/2025-04/nhol-complete-list-final-web.pdf,2025-04-02,canonical_name [exact],Koa Ike,0
CE-000XD-ZN,Koʻiʻula,Native Hawaiian Organization,doi_nho_list,"U.S. Department of the Interior, Native Hawaiian Organization List",https://www.doi.gov/sites/default/files/documents/2025-04/nhol-complete-list-final-web.pdf,2025-04-02,canonical_name [exact],Koʻiʻula,0
CE-000XE-5E,Ko‘olau Foundation,Native Hawaiian Organization,doi_nho_list,"U.S. Department of the Interior, Native Hawaiian Organization List",https://www.doi.gov/sites/default/files/documents/2025-04/nhol-complete-list-final-web.pdf,2025-04-02,canonical_name [exact],Ko‘olau Foundation,0
CE-000XF-B7,Kipuka Olowalu,Native Hawaiian Organization,doi_nho_list,"U.S. Department of the Interior, Native Hawaiian Organization List",https://www.doi.gov/sites/default/files/documents/2025-04/nhol-complete-list-final-web.pdf,2025-04-02,canonical_name [exact],Kipuka Olowalu,0
CE-000XG-H0,Kapolei Community Development Corporation,Native Hawaiian Organization,doi_nho_list,"U.S. Department of the Interior, Native Hawaiian Organization List",https://www.doi.gov/sites/default/files/documents/2025-04/nhol-complete-list-final-web.pdf,2025-04-02,canonical_name [exact],Kapolei Community Development Corporation,0
CE-000XH-QS,Kapule Organization,Native Hawaiian Organization,doi_nho_list,"U.S. Department of the Interior, Native Hawaiian Organization List",https://www.doi.gov/sites/default/files/documents/2025-04/nhol-complete-list-final-web.pdf,2025-04-02,canonical_name [exact],Kapule Organization,0
CE-000XJ-XJ,Krilla Kaleiwahea Foundation,Native Hawaiian Organization,cedar_internal,Cedar Press - no authoritative external register publishes a name for this entity class,,,no external register for this class,Krilla Kaleiwahea Foundation,0
CE-000XK-3B,Kuaʻāina Ulu ʻAuamo,Native Hawaiian Organization,doi_nho_list,"U.S. Department of the Interior, Native Hawaiian Organization List",https://www.doi.gov/sites/default/files/documents/2025-04/nhol-complete-list-final-web.pdf,2025-04-02,canonical_name [exact],Kuaʻāina Ulu ʻAuamo,0
CE-000XM-94,Ku Kanaka Foundation,Native Hawaiian Organization,cedar_internal,Cedar Press - no authoritative external register publishes a name for this entity class,,,no external register for this class,Ku Kanaka Foundation,0
CE-000XN-FX,Kulia Foundation,Native Hawaiian Organization,cedar_internal,Cedar Press - no authoritative external register publishes a name for this entity class,,,no external register for this class,Kulia Foundation,0
CE-000XP-NP,Kupa O Waiheʻe,Native Hawaiian Organization,doi_nho_list,"U.S. Department of the Interior, Native Hawaiian Organization List",https://www.doi.gov/sites/default/files/documents/2025-04/nhol-complete-list-final-web.pdf,2025-04-02,canonical_name [exact],Kupa O Waiheʻe,0
CE-000XQ-VF,Kupeke Ahupua‘a,Native Hawaiian Organization,doi_nho_list,"U.S. Department of the Interior, Native Hawaiian Organization List",https://www.doi.gov/sites/default/files/documents/2025-04/nhol-complete-list-final-web.pdf,2025-04-02,canonical_name [exact],Kupeke Ahupua‘a,0
CE-000XR-18,Kauwahi ‘Anaina Hawai‘i Hawaiian Civic Club,Native Hawaiian Organization,doi_nho_list,"U.S. Department of the Interior, Native Hawaiian Organization List",https://www.doi.gov/sites/default/files/documents/2025-04/nhol-complete-list-final-web.pdf,2025-04-02,canonical_name [exact],Kauwahi ‘Anaina Hawai‘i Hawaiian Civic Club,0
CE-000XS-71,Kawaihapai Ohana,Native Hawaiian Organization,doi_nho_list,"U.S. Department of the Interior, Native Hawaiian Organization List",https://www.doi.gov/sites/default/files/documents/2025-04/nhol-complete-list-final-web.pdf,2025-04-02,canonical_name [exact],Kawaihapai Ohana,0
CE-000XT-DT,Kawaileo Law A Limited Liability Law Company,Native Hawaiian Organization,doi_nho_list,"U.S. Department of the Interior, Native Hawaiian Organization List",https://www.doi.gov/sites/default/files/documents/2025-04/nhol-complete-list-final-web.pdf,2025-04-02,canonical_name [exact],Kawaileo Law A Limited Liability Law Company,0
CE-000XV-KK,Aloha First,Native Hawaiian Organization,doi_nho_list,"U.S. Department of the Interior, Native Hawaiian Organization List",https://www.doi.gov/sites/default/files/documents/2025-04/nhol-complete-list-final-web.pdf,2025-04-02,canonical_name [exact],Aloha First,0
CE-000XW-SC,Lahui Kaka‘ikahi,Native Hawaiian Organization,doi_nho_list,"U.S. Department of the Interior, Native Hawaiian Organization List",https://www.doi.gov/sites/default/files/documents/2025-04/nhol-complete-list-final-web.pdf,2025-04-02,canonical_name [exact],Lahui Kaka‘ikahi,0
CE-000XX-Z5,Ala Kahakai Trail Association,Native Hawaiian Organization,doi_nho_list,"U.S. Department of the Interior, Native Hawaiian Organization List",https://www.doi.gov/sites/default/files/documents/2025-04/nhol-complete-list-final-web.pdf,2025-04-02,canonical_name [exact],Ala Kahakai Trail Association,0
CE-000XY-5Y,La‘i‘Ōpua 2020,Native Hawaiian Organization,doi_nho_list,"U.S. Department of the Interior, Native Hawaiian Organization List",https://www.doi.gov/sites/default/files/documents/2025-04/nhol-complete-list-final-web.pdf,2025-04-02,canonical_name [exact],La‘i‘Ōpua 2020,0
CE-000XZ-BQ,Laʻiʻōpua Community Development Corporation,Native Hawaiian Organization,doi_nho_list,"U.S. Department of the Interior, Native Hawaiian Organization List",https://www.doi.gov/sites/default/files/documents/2025-04/nhol-complete-list-final-web.pdf,2025-04-02,canonical_name [exact],Laʻiʻōpua Community Development Corporation,0
CE-000Y0-P0,Las Vegas Hawaiian Civic Club,Native Hawaiian Organization,doi_nho_list,"U.S. Department of the Interior, Native Hawaiian Organization List",https://www.doi.gov/sites/default/files/documents/2025-04/nhol-complete-list-final-web.pdf,2025-04-02,canonical_name [exact],Las Vegas Hawaiian Civic Club,0
CE-000Y1-WS,Mahu Ohana,Native Hawaiian Organization,doi_nho_list,"U.S. Department of the Interior, Native Hawaiian Organization List",https://www.doi.gov/sites/default/files/documents/2025-04/nhol-complete-list-final-web.pdf,2025-04-02,canonical_name [exact],Mahu Ohana,0
CE-000Y2-2J,The Makua Group,Native Hawaiian Organization,doi_nho_list,"U.S. Department of the Interior, Native Hawaiian Organization List",https://www.doi.gov/sites/default/files/documents/2025-04/nhol-complete-list-final-web.pdf,2025-04-02,canonical_name [exact],The Makua Group,0
CE-000Y3-8B,Mālama Hulēʻia,Native Hawaiian Organization,doi_nho_list,"U.S. Department of the Interior, Native Hawaiian Organization List",https://www.doi.gov/sites/default/files/documents/2025-04/nhol-complete-list-final-web.pdf,2025-04-02,canonical_name [exact],Mālama Hulēʻia,0
CE-000Y4-E4,Mālama Loko Ea Foundation,Native Hawaiian Organization,doi_nho_list,"U.S. Department of the Interior, Native Hawaiian Organization List",https://www.doi.gov/sites/default/files/documents/2025-04/nhol-complete-list-final-web.pdf,2025-04-02,canonical_name [exact],Mālama Loko Ea Foundation,0
CE-000Y5-MX,Malama Kaʻu Foundation,Native Hawaiian Organization,doi_nho_list,"U.S. Department of the Interior, Native Hawaiian Organization List",https://www.doi.gov/sites/default/files/documents/2025-04/nhol-complete-list-final-web.pdf,2025-04-02,canonical_name [exact],Malama Kaʻu Foundation,0
CE-000Y6-TP,Mana'o Nui Inc.,Native Hawaiian Organization,cedar_internal,Cedar Press - no authoritative external register publishes a name for this entity class,,,no external register for this class,Mana'o Nui Inc.,0
CE-000Y7-0F,Marae Ha‘a Koa,Native Hawaiian Organization,doi_nho_list,"U.S. Department of the Interior, Native Hawaiian Organization List",https://www.doi.gov/sites/default/files/documents/2025-04/nhol-complete-list-final-web.pdf,2025-04-02,canonical_name [exact],Marae Ha‘a Koa,0
CE-000Y8-68,Machado-Akana-Aona-Namakaeha Ohana,Native Hawaiian Organization,doi_nho_list,"U.S. Department of the Interior, Native Hawaiian Organization List",https://www.doi.gov/sites/default/files/documents/2025-04/nhol-complete-list-final-web.pdf,2025-04-02,canonical_name [exact],Machado-Akana-Aona-Namakaeha Ohana,0
CE-000Y9-C1,"Meje, Inc.",Native Hawaiian Organization,doi_nho_list,"U.S. Department of the Interior, Native Hawaiian Organization List",https://www.doi.gov/sites/default/files/documents/2025-04/nhol-complete-list-final-web.pdf,2025-04-02,canonical_name [close],"Meje, Inc",1
CE-000YA-JT,"Meleana Kawaiaea, LLC",Native Hawaiian Organization,doi_nho_list,"U.S. Department of the Interior, Native Hawaiian Organization List",https://www.doi.gov/sites/default/files/documents/2025-04/nhol-complete-list-final-web.pdf,2025-04-02,canonical_name [exact],"Meleana Kawaiaea, LLC",0
CE-000YB-RK,Menehune Foundation,Native Hawaiian Organization,doi_nho_list,"U.S. Department of the Interior, Native Hawaiian Organization List",https://www.doi.gov/sites/default/files/documents/2025-04/nhol-complete-list-final-web.pdf,2025-04-02,canonical_name [exact],Menehune Foundation,0
CE-000YC-YC,Mahamoku Ohana Council,Native Hawaiian Organization,doi_nho_list,"U.S. Department of the Interior, Native Hawaiian Organization List",https://www.doi.gov/sites/default/files/documents/2025-04/nhol-complete-list-final-web.pdf,2025-04-02,canonical_name [exact],Mahamoku Ohana Council,0
CE-000YD-45,Maku‘u Farmers Association,Native Hawaiian Organization,doi_nho_list,"U.S. Department of the Interior, Native Hawaiian Organization List",https://www.doi.gov/sites/default/files/documents/2025-04/nhol-complete-list-final-web.pdf,2025-04-02,canonical_name [exact],Maku‘u Farmers Association,0
CE-000YE-AY,Makaha Cultural Learning Center,Native Hawaiian Organization,cedar_internal,Cedar Press - no authoritative external register publishes a name for this entity class,,,no external register for this class,Makaha Cultural Learning Center,0
CE-000YF-GQ,Makaha Hawaiian Civic Club,Native Hawaiian Organization,doi_nho_list,"U.S. Department of the Interior, Native Hawaiian Organization List",https://www.doi.gov/sites/default/files/documents/2025-04/nhol-complete-list-final-web.pdf,2025-04-02,canonical_name [exact],Makaha Hawaiian Civic Club,0
CE-000YG-PG,ʻO Makuʻu Ke Kahua Community Center,Native Hawaiian Organization,doi_nho_list,"U.S. Department of the Interior, Native Hawaiian Organization List",https://www.doi.gov/sites/default/files/documents/2025-04/nhol-complete-list-final-web.pdf,2025-04-02,canonical_name [exact],ʻO Makuʻu Ke Kahua Community Center,0
CE-000YH-W9,Malu‘ōhai Residents Association,Native Hawaiian Organization,doi_nho_list,"U.S. Department of the Interior, Native Hawaiian Organization List",https://www.doi.gov/sites/default/files/documents/2025-04/nhol-complete-list-final-web.pdf,2025-04-02,canonical_name [exact],Malu‘ōhai Residents Association,0
CE-000YJ-22,Malama Moloka`i Foundation,Native Hawaiian Organization,cedar_internal,Cedar Press - no authoritative external register publishes a name for this entity class,,,no external register for this class,Malama Moloka`i Foundation,0
CE-000YK-8V,Malama Anahola,Native Hawaiian Organization,doi_nho_list,"U.S. Department of the Interior, Native Hawaiian Organization List",https://www.doi.gov/sites/default/files/documents/2025-04/nhol-complete-list-final-web.pdf,2025-04-02,canonical_name [exact],Malama Anahola,0
CE-000YM-EM,"Mana Health Services, Inc.",Native Hawaiian Organization,doi_nho_list,"U.S. Department of the Interior, Native Hawaiian Organization List",https://www.doi.gov/sites/default/files/documents/2025-04/nhol-complete-list-final-web.pdf,2025-04-02,canonical_name [close],"Mana Health Services, Inc",1
CE-000YN-MD,Mainland Council Association of Hawaiian Civic Clubs,Native Hawaiian Organization,doi_nho_list,"U.S. Department of the Interior, Native Hawaiian Organization List",https://www.doi.gov/sites/default/files/documents/2025-04/nhol-complete-list-final-web.pdf,2025-04-02,canonical_name [exact],Mainland Council Association of Hawaiian Civic Clubs,0
CE-000YP-T6,Manawa Kūpono,Native Hawaiian Organization,cedar_internal,Cedar Press - no authoritative external register publishes a name for this entity class,,,no external register for this class,Manawa Kūpono,0
CE-000YQ-0Z,The Mary Kawena Pūku‘i Cultural Preservation Society,Native Hawaiian Organization,doi_nho_list,"U.S. Department of the Interior, Native Hawaiian Organization List",https://www.doi.gov/sites/default/files/documents/2025-04/nhol-complete-list-final-web.pdf,2025-04-02,canonical_name [exact],The Mary Kawena Pūku‘i Cultural Preservation Society,0
CE-000YR-6R,Na Aikane O Maui,Native Hawaiian Organization,doi_nho_list,"U.S. Department of the Interior, Native Hawaiian Organization List",https://www.doi.gov/sites/default/files/documents/2025-04/nhol-complete-list-final-web.pdf,2025-04-02,canonical_name [exact],Na Aikane O Maui,0
CE-000YS-CH,Nakupuna Foundation,Native Hawaiian Organization,doi_nho_list,"U.S. Department of the Interior, Native Hawaiian Organization List",https://www.doi.gov/sites/default/files/documents/2025-04/nhol-complete-list-final-web.pdf,2025-04-02,canonical_name [exact],Nakupuna Foundation,0
CE-000YT-JA,Nā Manu o Kaiona,Native Hawaiian Organization,doi_nho_list,"U.S. Department of the Interior, Native Hawaiian Organization List",https://www.doi.gov/sites/default/files/documents/2025-04/nhol-complete-list-final-web.pdf,2025-04-02,canonical_name [exact],Nā Manu o Kaiona,0
CE-000YV-R3,Na 'Oiwi Kane,Native Hawaiian Organization,cedar_internal,Cedar Press - no authoritative external register publishes a name for this entity class,,,no external register for this class,Na 'Oiwi Kane,0
CE-000YW-YW,Nā Puʻuwai,Native Hawaiian Organization,doi_nho_list,"U.S. Department of the Interior, Native Hawaiian Organization List",https://www.doi.gov/sites/default/files/documents/2025-04/nhol-complete-list-final-web.pdf,2025-04-02,canonical_name [exact],Nā Puʻuwai,0
CE-000YX-4N,Independent District of Puna,Native Hawaiian Organization,doi_nho_list,"U.S. Department of the Interior, Native Hawaiian Organization List",https://www.doi.gov/sites/default/files/documents/2025-04/nhol-complete-list-final-web.pdf,2025-04-02,canonical_name [exact],Independent District of Puna,0
CE-000YY-AE,"Nohona Health, Inc.",Native Hawaiian Organization,doi_nho_list,"U.S. Department of the Interior, Native Hawaiian Organization List",https://www.doi.gov/sites/default/files/documents/2025-04/nhol-complete-list-final-web.pdf,2025-04-02,canonical_name [close],"Nohona Health, Inc",1
CE-000YZ-G7,Na Ohana o Puaoi a me Hanawahine,Native Hawaiian Organization,doi_nho_list,"U.S. Department of the Interior, Native Hawaiian Organization List",https://www.doi.gov/sites/default/files/documents/2025-04/nhol-complete-list-final-web.pdf,2025-04-02,canonical_name [exact],Na Ohana o Puaoi a me Hanawahine,0
CE-000Z0-VG,"Nohopapa Hawaiʻi, LLC",Native Hawaiian Organization,doi_nho_list,"U.S. Department of the Interior, Native Hawaiian Organization List",https://www.doi.gov/sites/default/files/documents/2025-04/nhol-complete-list-final-web.pdf,2025-04-02,canonical_name [exact],"Nohopapa Hawaiʻi, LLC",0
CE-000Z1-19,Nekaifes Ohana,Native Hawaiian Organization,doi_nho_list,"U.S. Department of the Interior, Native Hawaiian Organization List",https://www.doi.gov/sites/default/files/documents/2025-04/nhol-complete-list-final-web.pdf,2025-04-02,canonical_name [exact],Nekaifes Ohana,0
CE-000Z2-72,Na Ku‘auhau ‘o Kahiwakaneikopolei,Native Hawaiian Organization,doi_nho_list,"U.S. Department of the Interior, Native Hawaiian Organization List",https://www.doi.gov/sites/default/files/documents/2025-04/nhol-complete-list-final-web.pdf,2025-04-02,canonical_name [exact],Na Ku‘auhau ‘o Kahiwakaneikopolei,0
CE-000Z3-DV,Na Koa Ikaika Ka Lahui Hawaii,Native Hawaiian Organization,doi_nho_list,"U.S. Department of the Interior, Native Hawaiian Organization List",https://www.doi.gov/sites/default/files/documents/2025-04/nhol-complete-list-final-web.pdf,2025-04-02,canonical_name [exact],Na Koa Ikaika Ka Lahui Hawaii,0
CE-000Z4-KM,Nā Kuleana o Kānaka ‘Ōiwi,Native Hawaiian Organization,doi_nho_list,"U.S. Department of the Interior, Native Hawaiian Organization List",https://www.doi.gov/sites/default/files/documents/2025-04/nhol-complete-list-final-web.pdf,2025-04-02,canonical_name [exact],Nā Kuleana o Kānaka ‘Ōiwi,0
CE-000Z5-SD,Na Kupuna Moku O Keawe,Native Hawaiian Organization,doi_nho_list,"U.S. Department of the Interior, Native Hawaiian Organization List",https://www.doi.gov/sites/default/files/documents/2025-04/nhol-complete-list-final-web.pdf,2025-04-02,canonical_name [exact],Na Kupuna Moku O Keawe,0
CE-000Z6-Z6,Na Mookupuna O Wailua,Native Hawaiian Organization,doi_nho_list,"U.S. Department of the Interior, Native Hawaiian Organization List",https://www.doi.gov/sites/default/files/documents/2025-04/nhol-complete-list-final-web.pdf,2025-04-02,canonical_name [exact],Na Mookupuna O Wailua,0
CE-000Z7-5Z,Nanakuli Housing Corporation,Native Hawaiian Organization,doi_nho_list,"U.S. Department of the Interior, Native Hawaiian Organization List",https://www.doi.gov/sites/default/files/documents/2025-04/nhol-complete-list-final-web.pdf,2025-04-02,canonical_name [exact],Nanakuli Housing Corporation,0
CE-000Z8-BR,Institute for Native Pacific Education and Culture,Native Hawaiian Organization,doi_nho_list,"U.S. Department of the Interior, Native Hawaiian Organization List",https://www.doi.gov/sites/default/files/documents/2025-04/nhol-complete-list-final-web.pdf,2025-04-02,canonical_name [exact],Institute for Native Pacific Education and Culture,0
CE-000Z9-HH,ʻOhana Lo,Native Hawaiian Organization,doi_nho_list,"U.S. Department of the Interior, Native Hawaiian Organization List",https://www.doi.gov/sites/default/files/documents/2025-04/nhol-complete-list-final-web.pdf,2025-04-02,canonical_name [exact],ʻOhana Lo,0
CE-000ZA-QA,Paepae o Heʻeia,Native Hawaiian Organization,doi_nho_list,"U.S. Department of the Interior, Native Hawaiian Organization List",https://www.doi.gov/sites/default/files/documents/2025-04/nhol-complete-list-final-web.pdf,2025-04-02,canonical_name [exact],Paepae o Heʻeia,0
CE-000ZB-X3,PA‘I Foundation,Native Hawaiian Organization,doi_nho_list,"U.S. Department of the Interior, Native Hawaiian Organization List",https://www.doi.gov/sites/default/files/documents/2025-04/nhol-complete-list-final-web.pdf,2025-04-02,canonical_name [exact],PA‘I Foundation,0
CE-000ZC-3W,Pacific Agricultural Land Management Systems,Native Hawaiian Organization,doi_nho_list,"U.S. Department of the Interior, Native Hawaiian Organization List",https://www.doi.gov/sites/default/files/documents/2025-04/nhol-complete-list-final-web.pdf,2025-04-02,canonical_name [exact],Pacific Agricultural Land Management Systems,0
CE-000ZD-9N,Pacific Justice & Reconciliation Center,Native Hawaiian Organization,doi_nho_list,"U.S. Department of the Interior, Native Hawaiian Organization List",https://www.doi.gov/sites/default/files/documents/2025-04/nhol-complete-list-final-web.pdf,2025-04-02,canonical_name [exact],Pacific Justice & Reconciliation Center,0
CE-000ZE-FE,Peahi Ohana,Native Hawaiian Organization,doi_nho_list,"U.S. Department of the Interior, Native Hawaiian Organization List",https://www.doi.gov/sites/default/files/documents/2025-04/nhol-complete-list-final-web.pdf,2025-04-02,canonical_name [exact],Peahi Ohana,0
CE-000ZF-N7,Pōhaku Pelemaka,Native Hawaiian Organization,doi_nho_list,"U.S. Department of the Interior, Native Hawaiian Organization List",https://www.doi.gov/sites/default/files/documents/2025-04/nhol-complete-list-final-web.pdf,2025-04-02,canonical_name [exact],Pōhaku Pelemaka,0
CE-000ZG-V0,Piihonua Hawaiian Homestead Community Association,Native Hawaiian Organization,doi_nho_list,"U.S. Department of the Interior, Native Hawaiian Organization List",https://www.doi.gov/sites/default/files/documents/2025-04/nhol-complete-list-final-web.pdf,2025-04-02,canonical_name [exact],Piihonua Hawaiian Homestead Community Association,0
CE-000ZH-1S,Puʻuhonua o Wailupe,Native Hawaiian Organization,doi_nho_list,"U.S. Department of the Interior, Native Hawaiian Organization List",https://www.doi.gov/sites/default/files/documents/2025-04/nhol-complete-list-final-web.pdf,2025-04-02,canonical_name [exact],Puʻuhonua o Wailupe,0
CE-000ZJ-7J,ʻApoākea Native Hawaiian Innovation Institute,Native Hawaiian Organization,doi_nho_list,"U.S. Department of the Interior, Native Hawaiian Organization List",https://www.doi.gov/sites/default/files/documents/2025-04/nhol-complete-list-final-web.pdf,2025-04-02,canonical_name [exact],ʻApoākea Native Hawaiian Innovation Institute,0
CE-000ZK-DB,Paukukalo Hawaiian Homes Community Association,Native Hawaiian Organization,doi_nho_list,"U.S. Department of the Interior, Native Hawaiian Organization List",https://www.doi.gov/sites/default/files/documents/2025-04/nhol-complete-list-final-web.pdf,2025-04-02,canonical_name [exact],Paukukalo Hawaiian Homes Community Association,0
CE-000ZM-K4,Pele Defense Fund,Native Hawaiian Organization,doi_nho_list,"U.S. Department of the Interior, Native Hawaiian Organization List",https://www.doi.gov/sites/default/files/documents/2025-04/nhol-complete-list-final-web.pdf,2025-04-02,canonical_name [exact],Pele Defense Fund,0
CE-000ZN-SX,Pelatron Center for Economic Development,Native Hawaiian Organization,cedar_internal,Cedar Press - no authoritative external register publishes a name for this entity class,,,no external register for this class,Pelatron Center for Economic Development,0
CE-000ZP-ZP,Panaewa Hawaiian Home Lands Community Association,Native Hawaiian Organization,doi_nho_list,"U.S. Department of the Interior, Native Hawaiian Organization List",https://www.doi.gov/sites/default/files/documents/2025-04/nhol-complete-list-final-web.pdf,2025-04-02,canonical_name [exact],Panaewa Hawaiian Home Lands Community Association,0
CE-000ZQ-5F,Papakōlea Community Development Corporation,Native Hawaiian Organization,doi_nho_list,"U.S. Department of the Interior, Native Hawaiian Organization List",https://www.doi.gov/sites/default/files/documents/2025-04/nhol-complete-list-final-web.pdf,2025-04-02,canonical_name [exact],Papakōlea Community Development Corporation,0
CE-000ZR-B8,Papa Ola Lokahi,Native Hawaiian Organization,doi_nho_list,"U.S. Department of the Interior, Native Hawaiian Organization List",https://www.doi.gov/sites/default/files/documents/2025-04/nhol-complete-list-final-web.pdf,2025-04-02,canonical_name [exact],Papa Ola Lokahi,0
CE-000ZS-H1,Protect Keopuka Ohana,Native Hawaiian Organization,doi_nho_list,"U.S. Department of the Interior, Native Hawaiian Organization List",https://www.doi.gov/sites/default/files/documents/2025-04/nhol-complete-list-final-web.pdf,2025-04-02,canonical_name [exact],Protect Keopuka Ohana,0
CE-000ZT-QT,Protect Kahoʻolawe ʻOhana,Native Hawaiian Organization,doi_nho_list,"U.S. Department of the Interior, Native Hawaiian Organization List",https://www.doi.gov/sites/default/files/documents/2025-04/nhol-complete-list-final-web.pdf,2025-04-02,canonical_name [exact],Protect Kahoʻolawe ʻOhana,0
CE-000ZV-XK,Partners in Development Foundation,Native Hawaiian Organization,doi_nho_list,"U.S. Department of the Interior, Native Hawaiian Organization List",https://www.doi.gov/sites/default/files/documents/2025-04/nhol-complete-list-final-web.pdf,2025-04-02,canonical_name [exact],Partners in Development Foundation,0
CE-000ZW-3C,Purple Maiʻa Foundation,Native Hawaiian Organization,doi_nho_list,"U.S. Department of the Interior, Native Hawaiian Organization List",https://www.doi.gov/sites/default/files/documents/2025-04/nhol-complete-list-final-web.pdf,2025-04-02,canonical_name [exact],Purple Maiʻa Foundation,0
CE-000ZX-95,Order of Kamehameha I,Native Hawaiian Organization,doi_nho_list,"U.S. Department of the Interior, Native Hawaiian Organization List",https://www.doi.gov/sites/default/files/documents/2025-04/nhol-complete-list-final-web.pdf,2025-04-02,canonical_name [exact],Order of Kamehameha I,0
CE-000ZY-FY,Royal Hawaiian Academy of Traditional Arts,Native Hawaiian Organization,doi_nho_list,"U.S. Department of the Interior, Native Hawaiian Organization List",https://www.doi.gov/sites/default/files/documents/2025-04/nhol-complete-list-final-web.pdf,2025-04-02,canonical_name [exact],Royal Hawaiian Academy of Traditional Arts,0
CE-000ZZ-NQ,Island Empire Community Development,Native Hawaiian Organization,cedar_internal,Cedar Press - no authoritative external register publishes a name for this entity class,,,no external register for this class,Island Empire Community Development,0
CE-00100-49,Sustain Hawaiʻi,Native Hawaiian Organization,doi_nho_list,"U.S. Department of the Interior, Native Hawaiian Organization List",https://www.doi.gov/sites/default/files/documents/2025-04/nhol-complete-list-final-web.pdf,2025-04-02,canonical_name [exact],Sustain Hawaiʻi,0
CE-00101-A2,Sovereign Council of Hawaiian Homestead Associations,Native Hawaiian Organization,doi_nho_list,"U.S. Department of the Interior, Native Hawaiian Organization List",https://www.doi.gov/sites/default/files/documents/2025-04/nhol-complete-list-final-web.pdf,2025-04-02,canonical_name [exact],Sovereign Council of Hawaiian Homestead Associations,0
CE-00102-GV,Wai Koa Kauaʻi,Native Hawaiian Organization,doi_nho_list,"U.S. Department of the Interior, Native Hawaiian Organization List",https://www.doi.gov/sites/default/files/documents/2025-04/nhol-complete-list-final-web.pdf,2025-04-02,canonical_name [exact],Wai Koa Kauaʻi,0
CE-00103-PM,Waiehu Kou Phase 3 Association,Native Hawaiian Organization,doi_nho_list,"U.S. Department of the Interior, Native Hawaiian Organization List",https://www.doi.gov/sites/default/files/documents/2025-04/nhol-complete-list-final-web.pdf,2025-04-02,canonical_name [exact],Waiehu Kou Phase 3 Association,0
CE-00104-WD,Wahiawa Ahupuaa LCA 7714B Apana 6 RP 7813,Native Hawaiian Organization,doi_nho_list,"U.S. Department of the Interior, Native Hawaiian Organization List",https://www.doi.gov/sites/default/files/documents/2025-04/nhol-complete-list-final-web.pdf,2025-04-02,canonical_name [exact],Wahiawa Ahupuaa LCA 7714B Apana 6 RP 7813,0
CE-00105-26,"Waimea Hawaiian Homesteaders’ Association, Inc.",Native Hawaiian Organization,doi_nho_list,"U.S. Department of the Interior, Native Hawaiian Organization List",https://www.doi.gov/sites/default/files/documents/2025-04/nhol-complete-list-final-web.pdf,2025-04-02,canonical_name [close],"Waimea Hawaiian Homesteaders’ Association, Inc",1
CE-00106-8Z,Waimānalo Canoe Club,Native Hawaiian Organization,doi_nho_list,"U.S. Department of the Interior, Native Hawaiian Organization List",https://www.doi.gov/sites/default/files/documents/2025-04/nhol-complete-list-final-web.pdf,2025-04-02,canonical_name [exact],Waimānalo Canoe Club,0
CE-00107-ER,Waimānalo Health Center,Native Hawaiian Organization,doi_nho_list,"U.S. Department of the Interior, Native Hawaiian Organization List",https://www.doi.gov/sites/default/files/documents/2025-04/nhol-complete-list-final-web.pdf,2025-04-02,canonical_name [exact],Waimānalo Health Center,0
CE-00108-MH,Waimānalo Hawaiian Homes Association,Native Hawaiian Organization,doi_nho_list,"U.S. Department of the Interior, Native Hawaiian Organization List",https://www.doi.gov/sites/default/files/documents/2025-04/nhol-complete-list-final-web.pdf,2025-04-02,canonical_name [exact],Waimānalo Hawaiian Homes Association,0
CE-00109-TA,Wai‘anae Hawaiian Civic Club,Native Hawaiian Organization,doi_nho_list,"U.S. Department of the Interior, Native Hawaiian Organization List",https://www.doi.gov/sites/default/files/documents/2025-04/nhol-complete-list-final-web.pdf,2025-04-02,canonical_name [exact],Wai‘anae Hawaiian Civic Club,0
CE-0010A-03,WATRRS GROUP,Native Hawaiian Organization,doi_nho_list,"U.S. Department of the Interior, Native Hawaiian Organization List",https://www.doi.gov/sites/default/files/documents/2025-04/nhol-complete-list-final-web.pdf,2025-04-02,canonical_name [exact],WATRRS GROUP,0
CE-0010B-6W,Association of Village Council Presidents,Federal-level self-governance consortium,cedar_internal,Cedar Press - no authoritative external register publishes a name for this entity class,,,no external register for this class,Association of Village Council Presidents,0
CE-0010C-CN,Bristol Bay Native Association,Federal-level self-governance consortium,cedar_internal,Cedar Press - no authoritative external register publishes a name for this entity class,,,no external register for this class,Bristol Bay Native Association,0
CE-0010D-JE,Bristol Bay Area Health Corporation,Federal-level self-governance consortium,cedar_internal,Cedar Press - no authoritative external register publishes a name for this entity class,,,no external register for this class,Bristol Bay Area Health Corporation,0
CE-0010E-R7,Council of Athabascan Tribal Governments,Federal-level self-governance consortium,cedar_internal,Cedar Press - no authoritative external register publishes a name for this entity class,,,no external register for this class,Council of Athabascan Tribal Governments,0
CE-001G1-T2,"Chapa-De Indian Health Program, Inc.",Federal-level self-governance consortium,cedar_internal,Cedar Press - no authoritative external register publishes a name for this entity class,,,no external register for this class,"Chapa-De Indian Health Program, Inc.",0
CE-0010F-Y0,Chugachmiut self-governance consortium,Federal-level self-governance consortium,cedar_internal,Cedar Press - no authoritative external register publishes a name for this entity class,,,no external register for this class,Chugachmiut self-governance consortium,0
CE-001G2-0V,"Consolidated Tribal Health Project, Inc.",Federal-level self-governance consortium,cedar_internal,Cedar Press - no authoritative external register publishes a name for this entity class,,,no external register for this class,"Consolidated Tribal Health Project, Inc.",0
CE-0010G-4S,Copper River Native Association,Federal-level self-governance consortium,cedar_internal,Cedar Press - no authoritative external register publishes a name for this entity class,,,no external register for this class,Copper River Native Association,0
CE-001G3-6M,"Feather River Tribal Health, Inc.",Federal-level self-governance consortium,cedar_internal,Cedar Press - no authoritative external register publishes a name for this entity class,,,no external register for this class,"Feather River Tribal Health, Inc.",0
CE-0010H-AJ,Kawerak Incorporated,Federal-level self-governance consortium,cedar_internal,Cedar Press - no authoritative external register publishes a name for this entity class,,,no external register for this class,Kawerak Incorporated,0
CE-001G4-CD,Kodiak Area Native Association,Federal-level self-governance consortium,cedar_internal,Cedar Press - no authoritative external register publishes a name for this entity class,,,no external register for this class,Kodiak Area Native Association,0
CE-001G5-J6,"Lake County Tribal Health Consortium, Inc.",Federal-level self-governance consortium,cedar_internal,Cedar Press - no authoritative external register publishes a name for this entity class,,,no external register for this class,"Lake County Tribal Health Consortium, Inc.",0
CE-0010J-GB,Maniilaq Association,Federal-level self-governance consortium,cedar_internal,Cedar Press - no authoritative external register publishes a name for this entity class,,,no external register for this class,Maniilaq Association,0
CE-001G6-RZ,Mount Sanford Tribal Consortium,Federal-level self-governance consortium,cedar_internal,Cedar Press - no authoritative external register publishes a name for this entity class,,,no external register for this class,Mount Sanford Tribal Consortium,0
CE-001G7-YR,"Indian Health Council, Inc.",Federal-level self-governance consortium,cedar_internal,Cedar Press - no authoritative external register publishes a name for this entity class,,,no external register for this class,"Indian Health Council, Inc.",0
CE-001G8-4H,"Northern Valley Indian Health, Inc.",Federal-level self-governance consortium,cedar_internal,Cedar Press - no authoritative external register publishes a name for this entity class,,,no external register for this class,"Northern Valley Indian Health, Inc.",0
CE-001G9-AA,Northeastern Tribal Health System,Federal-level self-governance consortium,cedar_internal,Cedar Press - no authoritative external register publishes a name for this entity class,,,no external register for this class,Northeastern Tribal Health System,0
CE-001GA-G3,Norton Sound Health Corporation,Federal-level self-governance consortium,cedar_internal,Cedar Press - no authoritative external register publishes a name for this entity class,,,no external register for this class,Norton Sound Health Corporation,0
CE-0010K-P4,Aleutian Pribilof Islands Association,Federal-level self-governance consortium,cedar_internal,Cedar Press - no authoritative external register publishes a name for this entity class,,,no external register for this class,Aleutian Pribilof Islands Association,0
CE-001GB-PW,"Riverside-San Bernardino County Indian Health, Inc.",Federal-level self-governance consortium,cedar_internal,Cedar Press - no authoritative external register publishes a name for this entity class,,,no external register for this class,"Riverside-San Bernardino County Indian Health, Inc.",0
CE-001GC-WN,"Sonoma County Indian Health Project, Inc.",Federal-level self-governance consortium,cedar_internal,Cedar Press - no authoritative external register publishes a name for this entity class,,,no external register for this class,"Sonoma County Indian Health Project, Inc.",0
CE-001GD-2E,"Southern Indian Health Council, Inc.",Federal-level self-governance consortium,cedar_internal,Cedar Press - no authoritative external register publishes a name for this entity class,,,no external register for this class,"Southern Indian Health Council, Inc.",0
CE-001GE-87,Southcentral Foundation,Federal-level self-governance consortium,cedar_internal,Cedar Press - no authoritative external register publishes a name for this entity class,,,no external register for this class,Southcentral Foundation,0
CE-001GF-E0,Southeast Alaska Regional Health Consortium,Federal-level self-governance consortium,cedar_internal,Cedar Press - no authoritative external register publishes a name for this entity class,,,no external register for this class,Southeast Alaska Regional Health Consortium,0
CE-001GG-MS,Eastern Aleutian Tribes,Federal-level self-governance consortium,cedar_internal,Cedar Press - no authoritative external register publishes a name for this entity class,,,no external register for this class,Eastern Aleutian Tribes,0
CE-0010M-WX,"Tanana Chiefs Conference, Incorporated",Federal-level self-governance consortium,cedar_internal,Cedar Press - no authoritative external register publishes a name for this entity class,,,no external register for this class,"Tanana Chiefs Conference, Incorporated",0
CE-001GH-TJ,"Utah Navaho Health System, Inc.",Federal-level self-governance consortium,cedar_internal,Cedar Press - no authoritative external register publishes a name for this entity class,,,no external register for this class,"Utah Navaho Health System, Inc.",0
CE-001GJ-0B,"Winslow Indian Health Care Center, Inc.",Federal-level self-governance consortium,cedar_internal,Cedar Press - no authoritative external register publishes a name for this entity class,,,no external register for this class,"Winslow Indian Health Care Center, Inc.",0
CE-001GK-64,Yukon-Kuskokwim Health Corporation,Federal-level self-governance consortium,cedar_internal,Cedar Press - no authoritative external register publishes a name for this entity class,,,no external register for this class,Yukon-Kuskokwim Health Corporation,0
CE-0010N-2P,Blackfeet Community College,Tribal College or University,cedar_internal,Cedar Press - no authoritative external register publishes a name for this entity class,,,no external register for this class,Blackfeet Community College,0
CE-0010P-8F,Bay Mills Community College,Tribal College or University,cedar_internal,Cedar Press - no authoritative external register publishes a name for this entity class,,,no external register for this class,Bay Mills Community College,0
CE-0010Q-E8,Chief Dull Knife College,Tribal College or University,cedar_internal,Cedar Press - no authoritative external register publishes a name for this entity class,,,no external register for this class,Chief Dull Knife College,0
CE-0010R-M1,California Indian Nations College,Tribal College or University,cedar_internal,Cedar Press - no authoritative external register publishes a name for this entity class,,,no external register for this class,California Indian Nations College,0
CE-0010S-TT,California Tribal College,Tribal College or University,cedar_internal,Cedar Press - no authoritative external register publishes a name for this entity class,,,no external register for this class,California Tribal College,0
CE-0010T-0K,College of Menominee Nation,Tribal College or University,cedar_internal,Cedar Press - no authoritative external register publishes a name for this entity class,,,no external register for this class,College of Menominee Nation,0
CE-0010V-6C,College of the Muscogee Nation,Tribal College or University,cedar_internal,Cedar Press - no authoritative external register publishes a name for this entity class,,,no external register for this class,College of the Muscogee Nation,0
CE-0010W-C5,Cankdeska Cikana Community College,Tribal College or University,cedar_internal,Cedar Press - no authoritative external register publishes a name for this entity class,,,no external register for this class,Cankdeska Cikana Community College,0
CE-0010X-JY,Diné College,Tribal College or University,cedar_internal,Cedar Press - no authoritative external register publishes a name for this entity class,,,no external register for this class,Diné College,0
CE-0010Y-RQ,Fort Peck Community College,Tribal College or University,cedar_internal,Cedar Press - no authoritative external register publishes a name for this entity class,,,no external register for this class,Fort Peck Community College,0
CE-0010Z-YG,Oglala Lakota College,Tribal College or University,cedar_internal,Cedar Press - no authoritative external register publishes a name for this entity class,,,no external register for this class,Oglala Lakota College,0
CE-00110-9S,Haskell Indian Nations University,Tribal College or University,cedar_internal,Cedar Press - no authoritative external register publishes a name for this entity class,,,no external register for this class,Haskell Indian Nations University,0
CE-00111-FJ,Keweenaw Bay Ojibwa Community College,Tribal College or University,cedar_internal,Cedar Press - no authoritative external register publishes a name for this entity class,,,no external register for this class,Keweenaw Bay Ojibwa Community College,0
CE-00112-NB,Lac Courte Oreilles Ojibwe University,Tribal College or University,cedar_internal,Cedar Press - no authoritative external register publishes a name for this entity class,,,no external register for this class,Lac Courte Oreilles Ojibwe University,0
CE-00113-V4,Leech Lake Tribal College,Tribal College or University,cedar_internal,Cedar Press - no authoritative external register publishes a name for this entity class,,,no external register for this class,Leech Lake Tribal College,0
CE-00114-1X,Iḷisaġvik College,Tribal College or University,cedar_internal,Cedar Press - no authoritative external register publishes a name for this entity class,,,no external register for this class,Iḷisaġvik College,0
CE-00115-7P,Little Big Horn College,Tribal College or University,cedar_internal,Cedar Press - no authoritative external register publishes a name for this entity class,,,no external register for this class,Little Big Horn College,0
CE-00116-DF,Little Priest Tribal College,Tribal College or University,cedar_internal,Cedar Press - no authoritative external register publishes a name for this entity class,,,no external register for this class,Little Priest Tribal College,0
CE-00117-K8,Nebraska Indian Community College,Tribal College or University,cedar_internal,Cedar Press - no authoritative external register publishes a name for this entity class,,,no external register for this class,Nebraska Indian Community College,0
CE-00118-S1,Aaniiih Nakoda College,Tribal College or University,cedar_internal,Cedar Press - no authoritative external register publishes a name for this entity class,,,no external register for this class,Aaniiih Nakoda College,0
CE-00119-ZT,Northwest Indian College,Tribal College or University,cedar_internal,Cedar Press - no authoritative external register publishes a name for this entity class,,,no external register for this class,Northwest Indian College,0
CE-0011A-5K,Institute of American Indian Arts,Tribal College or University,cedar_internal,Cedar Press - no authoritative external register publishes a name for this entity class,,,no external register for this class,Institute of American Indian Arts,0
CE-0011B-BC,United Tribes Technical College,Tribal College or University,cedar_internal,Cedar Press - no authoritative external register publishes a name for this entity class,,,no external register for this class,United Tribes Technical College,0
CE-0011C-H5,Nueta Hidatsa Sahnish College,Tribal College or University,cedar_internal,Cedar Press - no authoritative external register publishes a name for this entity class,,,no external register for this class,Nueta Hidatsa Sahnish College,0
CE-0011D-QY,Navajo Technical University,Tribal College or University,cedar_internal,Cedar Press - no authoritative external register publishes a name for this entity class,,,no external register for this class,Navajo Technical University,0
CE-0011E-XQ,Red Lake Nation College,Tribal College or University,cedar_internal,Cedar Press - no authoritative external register publishes a name for this entity class,,,no external register for this class,Red Lake Nation College,0
CE-0011F-3G,Saginaw Chippewa Tribal College,Tribal College or University,cedar_internal,Cedar Press - no authoritative external register publishes a name for this entity class,,,no external register for this class,Saginaw Chippewa Tribal College,0
CE-0011G-99,Salish Kootenai College,Tribal College or University,cedar_internal,Cedar Press - no authoritative external register publishes a name for this entity class,,,no external register for this class,Salish Kootenai College,0
CE-0011H-F2,San Carlos Apache College,Tribal College or University,cedar_internal,Cedar Press - no authoritative external register publishes a name for this entity class,,,no external register for this class,San Carlos Apache College,0
CE-0011J-NV,Sinte Gleska University,Tribal College or University,cedar_internal,Cedar Press - no authoritative external register publishes a name for this entity class,,,no external register for this class,Sinte Gleska University,0
CE-0011K-VM,Sisseton Wahpeton College,Tribal College or University,cedar_internal,Cedar Press - no authoritative external register publishes a name for this entity class,,,no external register for this class,Sisseton Wahpeton College,0
CE-0011M-1D,Southwestern Indian Polytechnic Institute,Tribal College or University,cedar_internal,Cedar Press - no authoritative external register publishes a name for this entity class,,,no external register for this class,Southwestern Indian Polytechnic Institute,0
CE-0011N-76,Stone Child College,Tribal College or University,cedar_internal,Cedar Press - no authoritative external register publishes a name for this entity class,,,no external register for this class,Stone Child College,0
CE-0011P-DZ,Sitting Bull College,Tribal College or University,cedar_internal,Cedar Press - no authoritative external register publishes a name for this entity class,,,no external register for this class,Sitting Bull College,0
CE-0011Q-KR,Tohono O’odham Community College,Tribal College or University,cedar_internal,Cedar Press - no authoritative external register publishes a name for this entity class,,,no external register for this class,Tohono O’odham Community College,0
CE-0011R-SH,Turtle Mountain College,Tribal College or University,cedar_internal,Cedar Press - no authoritative external register publishes a name for this entity class,,,no external register for this class,Turtle Mountain College,0
CE-0011S-ZA,White Earth Tribal and Community College,Tribal College or University,cedar_internal,Cedar Press - no authoritative external register publishes a name for this entity class,,,no external register for this class,White Earth Tribal and Community College,0
CE-0011T-53,"Assiniboine and Sioux Tribes of the Fort Peck Indian Reservation, Montana",Federally recognized tribe,bia_federal_register,"BIA, Indian Entities Recognized by and Eligible To Receive Services From the United States Bureau of Indian Affairs, 91 FR 4102",https://www.federalregister.gov/documents/2026/01/30/2026-01899/indian-entities-recognized-by-and-eligible-to-receive-services-from-the-united-states-bureau-of,2026-01-30,federal_register_legal_name [exact],Assiniboine and Sioux,1
CE-0011V-BW,"Agua Caliente Band of Cahuilla Indians of the Agua Caliente Indian Reservation, California",Federally recognized tribe,bia_federal_register,"BIA, Indian Entities Recognized by and Eligible To Receive Services From the United States Bureau of Indian Affairs, 91 FR 4102",https://www.federalregister.gov/documents/2026/01/30/2026-01899/indian-entities-recognized-by-and-eligible-to-receive-services-from-the-united-states-bureau-of,2026-01-30,federal_register_legal_name [exact],Agua Caliente,1
CE-0011W-HN,"Pueblo of Acoma, New Mexico",Federally recognized tribe,bia_federal_register,"BIA, Indian Entities Recognized by and Eligible To Receive Services From the United States Bureau of Indian Affairs, 91 FR 4102",https://www.federalregister.gov/documents/2026/01/30/2026-01899/indian-entities-recognized-by-and-eligible-to-receive-services-from-the-united-states-bureau-of,2026-01-30,federal_register_legal_name [exact],Pueblo of Acoma,1
CE-0011X-QE,"Augustine Band of Cahuilla Indians, California",Federally recognized tribe,bia_federal_register,"BIA, Indian Entities Recognized by and Eligible To Receive Services From the United States Bureau of Indian Affairs, 91 FR 4102",https://www.federalregister.gov/documents/2026/01/30/2026-01899/indian-entities-recognized-by-and-eligible-to-receive-services-from-the-united-states-bureau-of,2026-01-30,federal_register_legal_name [exact],Augustine,1
CE-0011Y-X7,Ak-Chin Indian Community,Federally recognized tribe,bia_federal_register,"BIA, Indian Entities Recognized by and Eligible To Receive Services From the United States Bureau of Indian Affairs, 91 FR 4102",https://www.federalregister.gov/documents/2026/01/30/2026-01899/indian-entities-recognized-by-and-eligible-to-receive-services-from-the-united-states-bureau-of,2026-01-30,federal_register_legal_name [exact],Ak Chin,1
CE-0011Z-30,Alabama-Coushatta Tribe of Texas,Federally recognized tribe,bia_federal_register,"BIA, Indian Entities Recognized by and Eligible To Receive Services From the United States Bureau of Indian Affairs, 91 FR 4102",https://www.federalregister.gov/documents/2026/01/30/2026-01899/indian-entities-recognized-by-and-eligible-to-receive-services-from-the-united-states-bureau-of,2026-01-30,federal_register_legal_name [exact],Alabama-Coushatta,1
CE-00120-E9,Alabama-Quassarte Tribal Town,Federally recognized tribe,bia_federal_register,"BIA, Indian Entities Recognized by and Eligible To Receive Services From the United States Bureau of Indian Affairs, 91 FR 4102",https://www.federalregister.gov/documents/2026/01/30/2026-01899/indian-entities-recognized-by-and-eligible-to-receive-services-from-the-united-states-bureau-of,2026-01-30,canonical_name [exact],Alabama-Quassarte Tribal Town,0
CE-00121-M2,"Alturas Indian Rancheria, California",Federally recognized tribe,bia_federal_register,"BIA, Indian Entities Recognized by and Eligible To Receive Services From the United States Bureau of Indian Affairs, 91 FR 4102",https://www.federalregister.gov/documents/2026/01/30/2026-01899/indian-entities-recognized-by-and-eligible-to-receive-services-from-the-united-states-bureau-of,2026-01-30,federal_register_legal_name [exact],Alturas,1
CE-00122-TV,Apache Tribe of Oklahoma,Federally recognized tribe,bia_federal_register,"BIA, Indian Entities Recognized by and Eligible To Receive Services From the United States Bureau of Indian Affairs, 91 FR 4102",https://www.federalregister.gov/documents/2026/01/30/2026-01899/indian-entities-recognized-by-and-eligible-to-receive-services-from-the-united-states-bureau-of,2026-01-30,canonical_name [exact],Apache Tribe of Oklahoma,0
CE-00123-0M,Wampanoag Tribe of Gay Head (Aquinnah),Federally recognized tribe,bia_federal_register,"BIA, Indian Entities Recognized by and Eligible To Receive Services From the United States Bureau of Indian Affairs, 91 FR 4102",https://www.federalregister.gov/documents/2026/01/30/2026-01899/indian-entities-recognized-by-and-eligible-to-receive-services-from-the-united-states-bureau-of,2026-01-30,federal_register_legal_name [exact],Wampanoag,1
CE-00124-6D,Absentee-Shawnee Tribe of Indians of Oklahoma,Federally recognized tribe,bia_federal_register,"BIA, Indian Entities Recognized by and Eligible To Receive Services From the United States Bureau of Indian Affairs, 91 FR 4102",https://www.federalregister.gov/documents/2026/01/30/2026-01899/indian-entities-recognized-by-and-eligible-to-receive-services-from-the-united-states-bureau-of,2026-01-30,federal_register_legal_name [exact],Absentee-Shawnee,1
CE-00125-C6,United Auburn Indian Community of the Auburn Rancheria of California,Federally recognized tribe,bia_federal_register,"BIA, Indian Entities Recognized by and Eligible To Receive Services From the United States Bureau of Indian Affairs, 91 FR 4102",https://www.federalregister.gov/documents/2026/01/30/2026-01899/indian-entities-recognized-by-and-eligible-to-receive-services-from-the-united-states-bureau-of,2026-01-30,federal_register_legal_name [exact],United Auburn,1
CE-00126-JZ,"Bad River Band of the Lake Superior Tribe of Chippewa Indians of the Bad River Reservation, Wisconsin",Federally recognized tribe,bia_federal_register,"BIA, Indian Entities Recognized by and Eligible To Receive Services From the United States Bureau of Indian Affairs, 91 FR 4102",https://www.federalregister.gov/documents/2026/01/30/2026-01899/indian-entities-recognized-by-and-eligible-to-receive-services-from-the-united-states-bureau-of,2026-01-30,federal_register_legal_name [exact],Bad River Band,1
CE-00127-RR,"Bear River Band of the Rohnerville Rancheria, California",Federally recognized tribe,bia_federal_register,"BIA, Indian Entities Recognized by and Eligible To Receive Services From the United States Bureau of Indian Affairs, 91 FR 4102",https://www.federalregister.gov/documents/2026/01/30/2026-01899/indian-entities-recognized-by-and-eligible-to-receive-services-from-the-united-states-bureau-of,2026-01-30,federal_register_legal_name [exact],Bear River,1
CE-00128-YH,Fort Belknap Indian Community of the Fort Belknap Reservation of Montana,Federally recognized tribe,bia_federal_register,"BIA, Indian Entities Recognized by and Eligible To Receive Services From the United States Bureau of Indian Affairs, 91 FR 4102",https://www.federalregister.gov/documents/2026/01/30/2026-01899/indian-entities-recognized-by-and-eligible-to-receive-services-from-the-united-states-bureau-of,2026-01-30,federal_register_legal_name [exact],Assiniboine and Gros Ventre Tribes,1
CE-00129-4A,Berry Creek Rancheria of Maidu Indians of California,Federally recognized tribe,bia_federal_register,"BIA, Indian Entities Recognized by and Eligible To Receive Services From the United States Bureau of Indian Affairs, 91 FR 4102",https://www.federalregister.gov/documents/2026/01/30/2026-01899/indian-entities-recognized-by-and-eligible-to-receive-services-from-the-united-states-bureau-of,2026-01-30,federal_register_legal_name [exact],Berry Creek,1
CE-0012A-A3,"Big Lagoon Rancheria, California",Federally recognized tribe,bia_federal_register,"BIA, Indian Entities Recognized by and Eligible To Receive Services From the United States Bureau of Indian Affairs, 91 FR 4102",https://www.federalregister.gov/documents/2026/01/30/2026-01899/indian-entities-recognized-by-and-eligible-to-receive-services-from-the-united-states-bureau-of,2026-01-30,federal_register_legal_name [exact],Big Lagoon,1
CE-0012B-GW,Big Pine Paiute Tribe of the Owens Valley,Federally recognized tribe,bia_federal_register,"BIA, Indian Entities Recognized by and Eligible To Receive Services From the United States Bureau of Indian Affairs, 91 FR 4102",https://www.federalregister.gov/documents/2026/01/30/2026-01899/indian-entities-recognized-by-and-eligible-to-receive-services-from-the-united-states-bureau-of,2026-01-30,federal_register_legal_name [exact],Big Pine Reservation,1
CE-0012C-PN,Big Sandy Rancheria of Western Mono Indians of California,Federally recognized tribe,bia_federal_register,"BIA, Indian Entities Recognized by and Eligible To Receive Services From the United States Bureau of Indian Affairs, 91 FR 4102",https://www.federalregister.gov/documents/2026/01/30/2026-01899/indian-entities-recognized-by-and-eligible-to-receive-services-from-the-united-states-bureau-of,2026-01-30,federal_register_legal_name [exact],Big Sandy,1
CE-0012D-WE,"Big Valley Band of Pomo Indians of the Big Valley Rancheria, California",Federally recognized tribe,bia_federal_register,"BIA, Indian Entities Recognized by and Eligible To Receive Services From the United States Bureau of Indian Affairs, 91 FR 4102",https://www.federalregister.gov/documents/2026/01/30/2026-01899/indian-entities-recognized-by-and-eligible-to-receive-services-from-the-united-states-bureau-of,2026-01-30,federal_register_legal_name [exact],Big Valley Rancheria,1
CE-0012E-27,Fort Bidwell Indian Community of the Fort Bidwell Reservation of California,Federally recognized tribe,bia_federal_register,"BIA, Indian Entities Recognized by and Eligible To Receive Services From the United States Bureau of Indian Affairs, 91 FR 4102",https://www.federalregister.gov/documents/2026/01/30/2026-01899/indian-entities-recognized-by-and-eligible-to-receive-services-from-the-united-states-bureau-of,2026-01-30,federal_register_legal_name [exact],Fort Bidwell,1
CE-0012F-80,Bishop Paiute Tribe,Federally recognized tribe,bia_federal_register,"BIA, Indian Entities Recognized by and Eligible To Receive Services From the United States Bureau of Indian Affairs, 91 FR 4102",https://www.federalregister.gov/documents/2026/01/30/2026-01899/indian-entities-recognized-by-and-eligible-to-receive-services-from-the-united-states-bureau-of,2026-01-30,federal_register_legal_name [exact],Bishop Paiute,1
CE-0012G-ES,Blackfeet Tribe of the Blackfeet Indian Reservation of Montana,Federally recognized tribe,bia_federal_register,"BIA, Indian Entities Recognized by and Eligible To Receive Services From the United States Bureau of Indian Affairs, 91 FR 4102",https://www.federalregister.gov/documents/2026/01/30/2026-01899/indian-entities-recognized-by-and-eligible-to-receive-services-from-the-united-states-bureau-of,2026-01-30,federal_register_legal_name [exact],Blackfeet,1
CE-0012H-MJ,"Blue Lake Rancheria, California",Federally recognized tribe,bia_federal_register,"BIA, Indian Entities Recognized by and Eligible To Receive Services From the United States Bureau of Indian Affairs, 91 FR 4102",https://www.federalregister.gov/documents/2026/01/30/2026-01899/indian-entities-recognized-by-and-eligible-to-receive-services-from-the-united-states-bureau-of,2026-01-30,federal_register_legal_name [exact],Blue Lake,1
CE-0012J-TB,Buena Vista Rancheria of Me-Wuk Indians of California,Federally recognized tribe,bia_federal_register,"BIA, Indian Entities Recognized by and Eligible To Receive Services From the United States Bureau of Indian Affairs, 91 FR 4102",https://www.federalregister.gov/documents/2026/01/30/2026-01899/indian-entities-recognized-by-and-eligible-to-receive-services-from-the-united-states-bureau-of,2026-01-30,federal_register_legal_name [exact],Buena Vista Rancheria,1
CE-0012K-04,Bridgeport Indian Colony,Federally recognized tribe,bia_federal_register,"BIA, Indian Entities Recognized by and Eligible To Receive Services From the United States Bureau of Indian Affairs, 91 FR 4102",https://www.federalregister.gov/documents/2026/01/30/2026-01899/indian-entities-recognized-by-and-eligible-to-receive-services-from-the-united-states-bureau-of,2026-01-30,federal_register_legal_name [exact],Bridgeport,1
CE-0012M-6X,Burns Paiute Tribe,Federally recognized tribe,bia_federal_register,"BIA, Indian Entities Recognized by and Eligible To Receive Services From the United States Bureau of Indian Affairs, 91 FR 4102",https://www.federalregister.gov/documents/2026/01/30/2026-01899/indian-entities-recognized-by-and-eligible-to-receive-services-from-the-united-states-bureau-of,2026-01-30,federal_register_legal_name [exact],Burns Paiute,1
CE-0012N-CP,"Bay Mills Indian Community, Michigan",Federally recognized tribe,bia_federal_register,"BIA, Indian Entities Recognized by and Eligible To Receive Services From the United States Bureau of Indian Affairs, 91 FR 4102",https://www.federalregister.gov/documents/2026/01/30/2026-01899/indian-entities-recognized-by-and-eligible-to-receive-services-from-the-united-states-bureau-of,2026-01-30,federal_register_legal_name [exact],Bay Mills,1
CE-0012P-JF,"Cabazon Band of Cahuilla Indians (previously listed as Cabazon Band of Mission Indians, California)",Federally recognized tribe,bia_federal_register,"BIA, Indian Entities Recognized by and Eligible To Receive Services From the United States Bureau of Indian Affairs, 91 FR 4102",https://www.federalregister.gov/documents/2026/01/30/2026-01899/indian-entities-recognized-by-and-eligible-to-receive-services-from-the-united-states-bureau-of,2026-01-30,federal_register_legal_name [BIA former name],Cabazon,1
CE-0012Q-R8,"Cachil DeHe Band of Wintun Indians of the Colusa Indian Community of the Colusa Rancheria, California",Federally recognized tribe,bia_federal_register,"BIA, Indian Entities Recognized by and Eligible To Receive Services From the United States Bureau of Indian Affairs, 91 FR 4102",https://www.federalregister.gov/documents/2026/01/30/2026-01899/indian-entities-recognized-by-and-eligible-to-receive-services-from-the-united-states-bureau-of,2026-01-30,federal_register_legal_name [exact],Cachil DeHe,1
CE-0012R-Y1,Caddo Nation of Oklahoma,Federally recognized tribe,bia_federal_register,"BIA, Indian Entities Recognized by and Eligible To Receive Services From the United States Bureau of Indian Affairs, 91 FR 4102",https://www.federalregister.gov/documents/2026/01/30/2026-01899/indian-entities-recognized-by-and-eligible-to-receive-services-from-the-united-states-bureau-of,2026-01-30,federal_register_legal_name [exact],Caddo,1
CE-0012S-4T,Cahto Tribe of the Laytonville Rancheria,Federally recognized tribe,bia_federal_register,"BIA, Indian Entities Recognized by and Eligible To Receive Services From the United States Bureau of Indian Affairs, 91 FR 4102",https://www.federalregister.gov/documents/2026/01/30/2026-01899/indian-entities-recognized-by-and-eligible-to-receive-services-from-the-united-states-bureau-of,2026-01-30,federal_register_legal_name [exact],Cahto,1
CE-0012T-AK,"Campo Band of Diegueno Mission Indians of the Campo Indian Reservation, California",Federally recognized tribe,bia_federal_register,"BIA, Indian Entities Recognized by and Eligible To Receive Services From the United States Bureau of Indian Affairs, 91 FR 4102",https://www.federalregister.gov/documents/2026/01/30/2026-01899/indian-entities-recognized-by-and-eligible-to-receive-services-from-the-united-states-bureau-of,2026-01-30,federal_register_legal_name [exact],Campo,1
CE-0012V-GC,Catawba Indian Nation,Federally recognized tribe,bia_federal_register,"BIA, Indian Entities Recognized by and Eligible To Receive Services From the United States Bureau of Indian Affairs, 91 FR 4102",https://www.federalregister.gov/documents/2026/01/30/2026-01899/indian-entities-recognized-by-and-eligible-to-receive-services-from-the-united-states-bureau-of,2026-01-30,federal_register_legal_name [exact],Catawba,1
CE-0012W-P5,"California Valley Miwok Tribe, California",Federally recognized tribe,bia_federal_register,"BIA, Indian Entities Recognized by and Eligible To Receive Services From the United States Bureau of Indian Affairs, 91 FR 4102",https://www.federalregister.gov/documents/2026/01/30/2026-01899/indian-entities-recognized-by-and-eligible-to-receive-services-from-the-united-states-bureau-of,2026-01-30,federal_register_legal_name [exact],California Valley,1
CE-0012X-WY,Cayuga Nation,Federally recognized tribe,bia_federal_register,"BIA, Indian Entities Recognized by and Eligible To Receive Services From the United States Bureau of Indian Affairs, 91 FR 4102",https://www.federalregister.gov/documents/2026/01/30/2026-01899/indian-entities-recognized-by-and-eligible-to-receive-services-from-the-united-states-bureau-of,2026-01-30,federal_register_legal_name [exact],Cayuga Nation of New York,1
CE-0012Y-2Q,"Cedarville Rancheria, California",Federally recognized tribe,bia_federal_register,"BIA, Indian Entities Recognized by and Eligible To Receive Services From the United States Bureau of Indian Affairs, 91 FR 4102",https://www.federalregister.gov/documents/2026/01/30/2026-01899/indian-entities-recognized-by-and-eligible-to-receive-services-from-the-united-states-bureau-of,2026-01-30,federal_register_legal_name [exact],Cedarville,1
CE-0012Z-8G,"Confederated Tribes of the Goshute Reservation, Nevada and Utah",Federally recognized tribe,bia_federal_register,"BIA, Indian Entities Recognized by and Eligible To Receive Services From the United States Bureau of Indian Affairs, 91 FR 4102",https://www.federalregister.gov/documents/2026/01/30/2026-01899/indian-entities-recognized-by-and-eligible-to-receive-services-from-the-united-states-bureau-of,2026-01-30,federal_register_legal_name [exact],Confederated Goshute,1
CE-00130-KS,Chickahominy Indian Tribe—Eastern Division,Federally recognized tribe,bia_federal_register,"BIA, Indian Entities Recognized by and Eligible To Receive Services From the United States Bureau of Indian Affairs, 91 FR 4102",https://www.federalregister.gov/documents/2026/01/30/2026-01899/indian-entities-recognized-by-and-eligible-to-receive-services-from-the-united-states-bureau-of,2026-01-30,federal_register_legal_name [normalised],Chickahominy Indians-Eastern Division,1
CE-00131-SJ,Chickahominy Indian Tribe,Federally recognized tribe,bia_federal_register,"BIA, Indian Entities Recognized by and Eligible To Receive Services From the United States Bureau of Indian Affairs, 91 FR 4102",https://www.federalregister.gov/documents/2026/01/30/2026-01899/indian-entities-recognized-by-and-eligible-to-receive-services-from-the-united-states-bureau-of,2026-01-30,federal_register_legal_name [exact],"Chickahominy Indian Tribe, Inc.",1
CE-00132-ZB,Chicken Ranch Rancheria of Me-Wuk Indians of California,Federally recognized tribe,bia_federal_register,"BIA, Indian Entities Recognized by and Eligible To Receive Services From the United States Bureau of Indian Affairs, 91 FR 4102",https://www.federalregister.gov/documents/2026/01/30/2026-01899/indian-entities-recognized-by-and-eligible-to-receive-services-from-the-united-states-bureau-of,2026-01-30,federal_register_legal_name [exact],Chicken Ranch,1
CE-00133-54,Confederated Tribes of the Chehalis Reservation,Federally recognized tribe,bia_federal_register,"BIA, Indian Entities Recognized by and Eligible To Receive Services From the United States Bureau of Indian Affairs, 91 FR 4102",https://www.federalregister.gov/documents/2026/01/30/2026-01899/indian-entities-recognized-by-and-eligible-to-receive-services-from-the-united-states-bureau-of,2026-01-30,federal_register_legal_name [exact],Chehalis,1
CE-00134-BX,Cherokee Nation,Federally recognized tribe,bia_federal_register,"BIA, Indian Entities Recognized by and Eligible To Receive Services From the United States Bureau of Indian Affairs, 91 FR 4102",https://www.federalregister.gov/documents/2026/01/30/2026-01899/indian-entities-recognized-by-and-eligible-to-receive-services-from-the-united-states-bureau-of,2026-01-30,canonical_name [exact],Cherokee Nation,0
CE-00135-HP,The Chickasaw Nation,Federally recognized tribe,bia_federal_register,"BIA, Indian Entities Recognized by and Eligible To Receive Services From the United States Bureau of Indian Affairs, 91 FR 4102",https://www.federalregister.gov/documents/2026/01/30/2026-01899/indian-entities-recognized-by-and-eligible-to-receive-services-from-the-united-states-bureau-of,2026-01-30,canonical_name [exact],The Chickasaw Nation,0
CE-00136-QF,Cahuilla Band of Indians,Federally recognized tribe,bia_federal_register,"BIA, Indian Entities Recognized by and Eligible To Receive Services From the United States Bureau of Indian Affairs, 91 FR 4102",https://www.federalregister.gov/documents/2026/01/30/2026-01899/indian-entities-recognized-by-and-eligible-to-receive-services-from-the-united-states-bureau-of,2026-01-30,federal_register_legal_name [exact],Cahuilla,1
CE-00137-X8,"Chemehuevi Indian Tribe of the Chemehuevi Reservation, California",Federally recognized tribe,bia_federal_register,"BIA, Indian Entities Recognized by and Eligible To Receive Services From the United States Bureau of Indian Affairs, 91 FR 4102",https://www.federalregister.gov/documents/2026/01/30/2026-01899/indian-entities-recognized-by-and-eligible-to-receive-services-from-the-united-states-bureau-of,2026-01-30,federal_register_legal_name [exact],Chemehuevi,1
CE-00138-31,"Cher-Ae Heights Indian Community of the Trinidad Rancheria, California",Federally recognized tribe,bia_federal_register,"BIA, Indian Entities Recognized by and Eligible To Receive Services From the United States Bureau of Indian Affairs, 91 FR 4102",https://www.federalregister.gov/documents/2026/01/30/2026-01899/indian-entities-recognized-by-and-eligible-to-receive-services-from-the-united-states-bureau-of,2026-01-30,federal_register_legal_name [exact],Cher-Ae Heights,1
CE-00139-9T,Chitimacha Tribe of Louisiana,Federally recognized tribe,bia_federal_register,"BIA, Indian Entities Recognized by and Eligible To Receive Services From the United States Bureau of Indian Affairs, 91 FR 4102",https://www.federalregister.gov/documents/2026/01/30/2026-01899/indian-entities-recognized-by-and-eligible-to-receive-services-from-the-united-states-bureau-of,2026-01-30,federal_register_legal_name [exact],Chitimacha,1
CE-0013A-FK,"Cheyenne and Arapaho Tribes, Oklahoma",Federally recognized tribe,bia_federal_register,"BIA, Indian Entities Recognized by and Eligible To Receive Services From the United States Bureau of Indian Affairs, 91 FR 4102",https://www.federalregister.gov/documents/2026/01/30/2026-01899/indian-entities-recognized-by-and-eligible-to-receive-services-from-the-united-states-bureau-of,2026-01-30,federal_register_legal_name [exact],Cheyenne and Arapaho Tribes,1
CE-0013B-NC,"Cheyenne River Sioux Tribe of the Cheyenne River Reservation, South Dakota",Federally recognized tribe,bia_federal_register,"BIA, Indian Entities Recognized by and Eligible To Receive Services From the United States Bureau of Indian Affairs, 91 FR 4102",https://www.federalregister.gov/documents/2026/01/30/2026-01899/indian-entities-recognized-by-and-eligible-to-receive-services-from-the-united-states-bureau-of,2026-01-30,federal_register_legal_name [exact],Cheyenne River Sioux Tribe,1
CE-0013C-V5,"Citizen Potawatomi Nation, Oklahoma",Federally recognized tribe,bia_federal_register,"BIA, Indian Entities Recognized by and Eligible To Receive Services From the United States Bureau of Indian Affairs, 91 FR 4102",https://www.federalregister.gov/documents/2026/01/30/2026-01899/indian-entities-recognized-by-and-eligible-to-receive-services-from-the-united-states-bureau-of,2026-01-30,federal_register_legal_name [exact],Citizen Potawatomi Nation,1
CE-0013D-1Y,Cold Springs Rancheria of Mono Indians of California,Federally recognized tribe,bia_federal_register,"BIA, Indian Entities Recognized by and Eligible To Receive Services From the United States Bureau of Indian Affairs, 91 FR 4102",https://www.federalregister.gov/documents/2026/01/30/2026-01899/indian-entities-recognized-by-and-eligible-to-receive-services-from-the-united-states-bureau-of,2026-01-30,federal_register_legal_name [exact],Cold Springs,1
CE-0013E-7Q,"Confederated Tribes of the Coos, Lower Umpqua and Siuslaw Indians",Federally recognized tribe,bia_federal_register,"BIA, Indian Entities Recognized by and Eligible To Receive Services From the United States Bureau of Indian Affairs, 91 FR 4102",https://www.federalregister.gov/documents/2026/01/30/2026-01899/indian-entities-recognized-by-and-eligible-to-receive-services-from-the-united-states-bureau-of,2026-01-30,federal_register_legal_name [exact],Confederated Coos,1
CE-0013F-DG,Cloverdale Rancheria of Pomo Indians of California,Federally recognized tribe,bia_federal_register,"BIA, Indian Entities Recognized by and Eligible To Receive Services From the United States Bureau of Indian Affairs, 91 FR 4102",https://www.federalregister.gov/documents/2026/01/30/2026-01899/indian-entities-recognized-by-and-eligible-to-receive-services-from-the-united-states-bureau-of,2026-01-30,federal_register_legal_name [exact],Cloverdale,1
CE-0013G-K9,"Comanche Nation, Oklahoma",Federally recognized tribe,bia_federal_register,"BIA, Indian Entities Recognized by and Eligible To Receive Services From the United States Bureau of Indian Affairs, 91 FR 4102",https://www.federalregister.gov/documents/2026/01/30/2026-01899/indian-entities-recognized-by-and-eligible-to-receive-services-from-the-united-states-bureau-of,2026-01-30,federal_register_legal_name [exact],Comanche Nation,1
CE-0013H-S2,"Pueblo of Cochiti, New Mexico",Federally recognized tribe,bia_federal_register,"BIA, Indian Entities Recognized by and Eligible To Receive Services From the United States Bureau of Indian Affairs, 91 FR 4102",https://www.federalregister.gov/documents/2026/01/30/2026-01899/indian-entities-recognized-by-and-eligible-to-receive-services-from-the-united-states-bureau-of,2026-01-30,federal_register_legal_name [exact],Pueblo of Cochiti,1
CE-0013J-ZV,Cocopah Tribe of Arizona,Federally recognized tribe,bia_federal_register,"BIA, Indian Entities Recognized by and Eligible To Receive Services From the United States Bureau of Indian Affairs, 91 FR 4102",https://www.federalregister.gov/documents/2026/01/30/2026-01899/indian-entities-recognized-by-and-eligible-to-receive-services-from-the-united-states-bureau-of,2026-01-30,federal_register_legal_name [exact],Cocopah,1
CE-0013K-5M,Confederated Tribes of the Colville Reservation,Federally recognized tribe,bia_federal_register,"BIA, Indian Entities Recognized by and Eligible To Receive Services From the United States Bureau of Indian Affairs, 91 FR 4102",https://www.federalregister.gov/documents/2026/01/30/2026-01899/indian-entities-recognized-by-and-eligible-to-receive-services-from-the-united-states-bureau-of,2026-01-30,federal_register_legal_name [exact],Confederated Colville,1
CE-0013M-BD,Coquille Indian Tribe,Federally recognized tribe,bia_federal_register,"BIA, Indian Entities Recognized by and Eligible To Receive Services From the United States Bureau of Indian Affairs, 91 FR 4102",https://www.federalregister.gov/documents/2026/01/30/2026-01899/indian-entities-recognized-by-and-eligible-to-receive-services-from-the-united-states-bureau-of,2026-01-30,federal_register_legal_name [exact],Coquille,1
CE-0013N-H6,"Colorado River Indian Tribes of the Colorado River Indian Reservation, Arizona and California",Federally recognized tribe,bia_federal_register,"BIA, Indian Entities Recognized by and Eligible To Receive Services From the United States Bureau of Indian Affairs, 91 FR 4102",https://www.federalregister.gov/documents/2026/01/30/2026-01899/indian-entities-recognized-by-and-eligible-to-receive-services-from-the-united-states-bureau-of,2026-01-30,federal_register_legal_name [exact],Colorado River,1
CE-0013P-QZ,Coushatta Tribe of Louisiana,Federally recognized tribe,bia_federal_register,"BIA, Indian Entities Recognized by and Eligible To Receive Services From the United States Bureau of Indian Affairs, 91 FR 4102",https://www.federalregister.gov/documents/2026/01/30/2026-01899/indian-entities-recognized-by-and-eligible-to-receive-services-from-the-united-states-bureau-of,2026-01-30,federal_register_legal_name [exact],Coushatta,1
CE-0013Q-XR,Cow Creek Band of Umpqua Tribe of Indians,Federally recognized tribe,bia_federal_register,"BIA, Indian Entities Recognized by and Eligible To Receive Services From the United States Bureau of Indian Affairs, 91 FR 4102",https://www.federalregister.gov/documents/2026/01/30/2026-01899/indian-entities-recognized-by-and-eligible-to-receive-services-from-the-united-states-bureau-of,2026-01-30,federal_register_legal_name [exact],Cow Creek,1
CE-0013R-3H,Cowlitz Indian Tribe,Federally recognized tribe,bia_federal_register,"BIA, Indian Entities Recognized by and Eligible To Receive Services From the United States Bureau of Indian Affairs, 91 FR 4102",https://www.federalregister.gov/documents/2026/01/30/2026-01899/indian-entities-recognized-by-and-eligible-to-receive-services-from-the-united-states-bureau-of,2026-01-30,federal_register_legal_name [exact],Cowlitz,1
CE-0013S-9A,"Capitan Grande Band of Diegueno Mission Indians of California (Barona Group of Capitan Grande Band of Mission Indians of the Barona Reservation, California; Viejas (Baron Long) Group of Capitan Grande Band of Mission Indians of the Viejas Reservation, California)",Federally recognized tribe,bia_federal_register,"BIA, Indian Entities Recognized by and Eligible To Receive Services From the United States Bureau of Indian Affairs, 91 FR 4102",https://www.federalregister.gov/documents/2026/01/30/2026-01899/indian-entities-recognized-by-and-eligible-to-receive-services-from-the-united-states-bureau-of,2026-01-30,federal_register_legal_name [normalised],Capitan Grande Band,1
CE-0013T-F3,Coeur D'Alene Tribe,Federally recognized tribe,bia_federal_register,"BIA, Indian Entities Recognized by and Eligible To Receive Services From the United States Bureau of Indian Affairs, 91 FR 4102",https://www.federalregister.gov/documents/2026/01/30/2026-01899/indian-entities-recognized-by-and-eligible-to-receive-services-from-the-united-states-bureau-of,2026-01-30,federal_register_legal_name [exact],Coeur D'Alene,1
CE-0013V-NW,"Crow Creek Sioux Tribe of the Crow Creek Reservation, South Dakota",Federally recognized tribe,bia_federal_register,"BIA, Indian Entities Recognized by and Eligible To Receive Services From the United States Bureau of Indian Affairs, 91 FR 4102",https://www.federalregister.gov/documents/2026/01/30/2026-01899/indian-entities-recognized-by-and-eligible-to-receive-services-from-the-united-states-bureau-of,2026-01-30,federal_register_legal_name [exact],Crow Creek,1
CE-0013W-VN,Crow Tribe of Montana,Federally recognized tribe,bia_federal_register,"BIA, Indian Entities Recognized by and Eligible To Receive Services From the United States Bureau of Indian Affairs, 91 FR 4102",https://www.federalregister.gov/documents/2026/01/30/2026-01899/indian-entities-recognized-by-and-eligible-to-receive-services-from-the-united-states-bureau-of,2026-01-30,federal_register_legal_name [exact],Crow,1
CE-0013X-1E,Confederated Salish and Kootenai Tribes of the Flathead Reservation,Federally recognized tribe,bia_federal_register,"BIA, Indian Entities Recognized by and Eligible To Receive Services From the United States Bureau of Indian Affairs, 91 FR 4102",https://www.federalregister.gov/documents/2026/01/30/2026-01899/indian-entities-recognized-by-and-eligible-to-receive-services-from-the-united-states-bureau-of,2026-01-30,federal_register_legal_name [exact],Confederated Salish,1
CE-0013Y-77,The Choctaw Nation of Oklahoma,Federally recognized tribe,bia_federal_register,"BIA, Indian Entities Recognized by and Eligible To Receive Services From the United States Bureau of Indian Affairs, 91 FR 4102",https://www.federalregister.gov/documents/2026/01/30/2026-01899/indian-entities-recognized-by-and-eligible-to-receive-services-from-the-united-states-bureau-of,2026-01-30,canonical_name [exact],The Choctaw Nation of Oklahoma,0
CE-0013Z-D0,"Yavapai-Apache Nation of the Camp Verde Indian Reservation, Arizona",Federally recognized tribe,bia_federal_register,"BIA, Indian Entities Recognized by and Eligible To Receive Services From the United States Bureau of Indian Affairs, 91 FR 4102",https://www.federalregister.gov/documents/2026/01/30/2026-01899/indian-entities-recognized-by-and-eligible-to-receive-services-from-the-united-states-bureau-of,2026-01-30,federal_register_legal_name [exact],Yavapai-Apache,1
CE-00140-R9,Coyote Valley Band of Pomo Indians of California,Federally recognized tribe,bia_federal_register,"BIA, Indian Entities Recognized by and Eligible To Receive Services From the United States Bureau of Indian Affairs, 91 FR 4102",https://www.federalregister.gov/documents/2026/01/30/2026-01899/indian-entities-recognized-by-and-eligible-to-receive-services-from-the-united-states-bureau-of,2026-01-30,federal_register_legal_name [exact],Coyote Valley,1
CE-00141-Y2,"Delaware Nation, Oklahoma",Federally recognized tribe,bia_federal_register,"BIA, Indian Entities Recognized by and Eligible To Receive Services From the United States Bureau of Indian Affairs, 91 FR 4102",https://www.federalregister.gov/documents/2026/01/30/2026-01899/indian-entities-recognized-by-and-eligible-to-receive-services-from-the-united-states-bureau-of,2026-01-30,federal_register_legal_name [exact],Delaware Nation,1
CE-00142-4V,Delaware Tribe of Indians,Federally recognized tribe,bia_federal_register,"BIA, Indian Entities Recognized by and Eligible To Receive Services From the United States Bureau of Indian Affairs, 91 FR 4102",https://www.federalregister.gov/documents/2026/01/30/2026-01899/indian-entities-recognized-by-and-eligible-to-receive-services-from-the-united-states-bureau-of,2026-01-30,canonical_name [exact],Delaware Tribe of Indians,0
CE-00143-AM,"Dry Creek Rancheria Band of Pomo Indians, California",Federally recognized tribe,bia_federal_register,"BIA, Indian Entities Recognized by and Eligible To Receive Services From the United States Bureau of Indian Affairs, 91 FR 4102",https://www.federalregister.gov/documents/2026/01/30/2026-01899/indian-entities-recognized-by-and-eligible-to-receive-services-from-the-united-states-bureau-of,2026-01-30,federal_register_legal_name [exact],Dry Creek,1
CE-00144-GD,"Shoshone-Paiute Tribes of the Duck Valley Reservation, Nevada",Federally recognized tribe,bia_federal_register,"BIA, Indian Entities Recognized by and Eligible To Receive Services From the United States Bureau of Indian Affairs, 91 FR 4102",https://www.federalregister.gov/documents/2026/01/30/2026-01899/indian-entities-recognized-by-and-eligible-to-receive-services-from-the-united-states-bureau-of,2026-01-30,federal_register_legal_name [exact],Shoshone-Paiute,1
CE-00145-P6,"Duckwater Shoshone Tribe (previously listed as Duckwater Shoshone Tribe of the Duckwater Reservation, Nevada)",Federally recognized tribe,bia_federal_register,"BIA, Indian Entities Recognized by and Eligible To Receive Services From the United States Bureau of Indian Affairs, 91 FR 4102",https://www.federalregister.gov/documents/2026/01/30/2026-01899/indian-entities-recognized-by-and-eligible-to-receive-services-from-the-united-states-bureau-of,2026-01-30,federal_register_legal_name [BIA former name],Duckwater,1
CE-00146-WZ,"Elem Indian Colony of Pomo Indians of the Sulphur Bank Rancheria, California",Federally recognized tribe,bia_federal_register,"BIA, Indian Entities Recognized by and Eligible To Receive Services From the United States Bureau of Indian Affairs, 91 FR 4102",https://www.federalregister.gov/documents/2026/01/30/2026-01899/indian-entities-recognized-by-and-eligible-to-receive-services-from-the-united-states-bureau-of,2026-01-30,federal_register_legal_name [exact],Elem,1
CE-00147-2R,"Elk Valley Rancheria, California",Federally recognized tribe,bia_federal_register,"BIA, Indian Entities Recognized by and Eligible To Receive Services From the United States Bureau of Indian Affairs, 91 FR 4102",https://www.federalregister.gov/documents/2026/01/30/2026-01899/indian-entities-recognized-by-and-eligible-to-receive-services-from-the-united-states-bureau-of,2026-01-30,federal_register_legal_name [exact],Elk Valley,1
CE-00148-8H,Ely Shoshone Tribe of Nevada,Federally recognized tribe,bia_federal_register,"BIA, Indian Entities Recognized by and Eligible To Receive Services From the United States Bureau of Indian Affairs, 91 FR 4102",https://www.federalregister.gov/documents/2026/01/30/2026-01899/indian-entities-recognized-by-and-eligible-to-receive-services-from-the-united-states-bureau-of,2026-01-30,federal_register_legal_name [exact],Ely Shoshone,1
CE-00149-EA,Enterprise Rancheria of Maidu Indians of California,Federally recognized tribe,bia_federal_register,"BIA, Indian Entities Recognized by and Eligible To Receive Services From the United States Bureau of Indian Affairs, 91 FR 4102",https://www.federalregister.gov/documents/2026/01/30/2026-01899/indian-entities-recognized-by-and-eligible-to-receive-services-from-the-united-states-bureau-of,2026-01-30,federal_register_legal_name [exact],Enterprise,1
CE-0014A-M3,Eastern Shawnee Tribe of Oklahoma,Federally recognized tribe,bia_federal_register,"BIA, Indian Entities Recognized by and Eligible To Receive Services From the United States Bureau of Indian Affairs, 91 FR 4102",https://www.federalregister.gov/documents/2026/01/30/2026-01899/indian-entities-recognized-by-and-eligible-to-receive-services-from-the-united-states-bureau-of,2026-01-30,canonical_name [exact],Eastern Shawnee Tribe of Oklahoma,0
CE-0014B-TW,Eastern Band of Cherokee Indians,Federally recognized tribe,bia_federal_register,"BIA, Indian Entities Recognized by and Eligible To Receive Services From the United States Bureau of Indian Affairs, 91 FR 4102",https://www.federalregister.gov/documents/2026/01/30/2026-01899/indian-entities-recognized-by-and-eligible-to-receive-services-from-the-united-states-bureau-of,2026-01-30,federal_register_legal_name [exact],Eastern Cherokee,1
CE-0014C-0N,"Eastern Shoshone Tribe of the Wind River Reservation, Wyoming",Federally recognized tribe,bia_federal_register,"BIA, Indian Entities Recognized by and Eligible To Receive Services From the United States Bureau of Indian Affairs, 91 FR 4102",https://www.federalregister.gov/documents/2026/01/30/2026-01899/indian-entities-recognized-by-and-eligible-to-receive-services-from-the-united-states-bureau-of,2026-01-30,federal_register_legal_name [exact],Eastern Shoshone,1
CE-0014D-6E,"Paiute-Shoshone Tribe of the Fallon Reservation and Colony, Nevada",Federally recognized tribe,bia_federal_register,"BIA, Indian Entities Recognized by and Eligible To Receive Services From the United States Bureau of Indian Affairs, 91 FR 4102",https://www.federalregister.gov/documents/2026/01/30/2026-01899/indian-entities-recognized-by-and-eligible-to-receive-services-from-the-united-states-bureau-of,2026-01-30,federal_register_legal_name [exact],Paiute-Shoshone,1
CE-0014E-C7,Flandreau Santee Sioux Tribe of South Dakota,Federally recognized tribe,bia_federal_register,"BIA, Indian Entities Recognized by and Eligible To Receive Services From the United States Bureau of Indian Affairs, 91 FR 4102",https://www.federalregister.gov/documents/2026/01/30/2026-01899/indian-entities-recognized-by-and-eligible-to-receive-services-from-the-united-states-bureau-of,2026-01-30,federal_register_legal_name [exact],Flandreau,1
CE-0014F-J0,"Fort McDowell Yavapai Nation, Arizona",Federally recognized tribe,bia_federal_register,"BIA, Indian Entities Recognized by and Eligible To Receive Services From the United States Bureau of Indian Affairs, 91 FR 4102",https://www.federalregister.gov/documents/2026/01/30/2026-01899/indian-entities-recognized-by-and-eligible-to-receive-services-from-the-united-states-bureau-of,2026-01-30,federal_register_legal_name [exact],Fort McDowell,1
CE-0014G-RS,Fort Sill—Chiricahua—Warm Springs—Apache Tribe (previously listed as Fort Sill Apache Tribe of Oklahoma),Federally recognized tribe,bia_federal_register,"BIA, Indian Entities Recognized by and Eligible To Receive Services From the United States Bureau of Indian Affairs, 91 FR 4102",https://www.federalregister.gov/documents/2026/01/30/2026-01899/indian-entities-recognized-by-and-eligible-to-receive-services-from-the-united-states-bureau-of,2026-01-30,canonical_name [close],Fort Sill-Chiricahua-Warm Springs-Apache Tribe,1
CE-0014H-YJ,"Forest County Potawatomi Community, Wisconsin",Federally recognized tribe,bia_federal_register,"BIA, Indian Entities Recognized by and Eligible To Receive Services From the United States Bureau of Indian Affairs, 91 FR 4102",https://www.federalregister.gov/documents/2026/01/30/2026-01899/indian-entities-recognized-by-and-eligible-to-receive-services-from-the-united-states-bureau-of,2026-01-30,federal_register_legal_name [exact],Forest County,1
CE-0014J-4B,Shoshone-Bannock,Federally recognized tribe,cedar_internal,Cedar Press - no authoritative external register publishes a name for this entity class,,,no external register for this class,Shoshone-Bannock,0
CE-0014K-A4,"Fort Independence Indian Community of Paiute Indians of the Fort Independence Reservation, California",Federally recognized tribe,bia_federal_register,"BIA, Indian Entities Recognized by and Eligible To Receive Services From the United States Bureau of Indian Affairs, 91 FR 4102",https://www.federalregister.gov/documents/2026/01/30/2026-01899/indian-entities-recognized-by-and-eligible-to-receive-services-from-the-united-states-bureau-of,2026-01-30,federal_register_legal_name [exact],Fort Independence,1
CE-0014M-GX,"Fort McDermitt Paiute and Shoshone Tribes of the Fort McDermitt Indian Reservation, Nevada and Oregon",Federally recognized tribe,bia_federal_register,"BIA, Indian Entities Recognized by and Eligible To Receive Services From the United States Bureau of Indian Affairs, 91 FR 4102",https://www.federalregister.gov/documents/2026/01/30/2026-01899/indian-entities-recognized-by-and-eligible-to-receive-services-from-the-united-states-bureau-of,2026-01-30,federal_register_legal_name [exact],Fort McDermitt,1
CE-0014N-PP,"Gila River Indian Community of the Gila River Indian Reservation, Arizona",Federally recognized tribe,bia_federal_register,"BIA, Indian Entities Recognized by and Eligible To Receive Services From the United States Bureau of Indian Affairs, 91 FR 4102",https://www.federalregister.gov/documents/2026/01/30/2026-01899/indian-entities-recognized-by-and-eligible-to-receive-services-from-the-united-states-bureau-of,2026-01-30,federal_register_legal_name [exact],Gila River,1
CE-0014P-WF,"Federated Indians of Graton Rancheria, California",Federally recognized tribe,bia_federal_register,"BIA, Indian Entities Recognized by and Eligible To Receive Services From the United States Bureau of Indian Affairs, 91 FR 4102",https://www.federalregister.gov/documents/2026/01/30/2026-01899/indian-entities-recognized-by-and-eligible-to-receive-services-from-the-united-states-bureau-of,2026-01-30,federal_register_legal_name [exact],Federated Indians of Graton,1
CE-0014Q-28,Greenville Rancheria,Federally recognized tribe,bia_federal_register,"BIA, Indian Entities Recognized by and Eligible To Receive Services From the United States Bureau of Indian Affairs, 91 FR 4102",https://www.federalregister.gov/documents/2026/01/30/2026-01899/indian-entities-recognized-by-and-eligible-to-receive-services-from-the-united-states-bureau-of,2026-01-30,federal_register_legal_name [exact],Greenville,1
CE-0014R-81,Grindstone Indian Rancheria of Wintun-Wailaki Indians of California,Federally recognized tribe,bia_federal_register,"BIA, Indian Entities Recognized by and Eligible To Receive Services From the United States Bureau of Indian Affairs, 91 FR 4102",https://www.federalregister.gov/documents/2026/01/30/2026-01899/indian-entities-recognized-by-and-eligible-to-receive-services-from-the-united-states-bureau-of,2026-01-30,federal_register_legal_name [exact],Grindstone,1
CE-0014S-ET,Confederated Tribes of the Grand Ronde Community of Oregon,Federally recognized tribe,bia_federal_register,"BIA, Indian Entities Recognized by and Eligible To Receive Services From the United States Bureau of Indian Affairs, 91 FR 4102",https://www.federalregister.gov/documents/2026/01/30/2026-01899/indian-entities-recognized-by-and-eligible-to-receive-services-from-the-united-states-bureau-of,2026-01-30,federal_register_legal_name [exact],Grand Ronde Tribes,1
CE-0014T-MK,"Grand Traverse Band of Ottawa and Chippewa Indians, Michigan",Federally recognized tribe,bia_federal_register,"BIA, Indian Entities Recognized by and Eligible To Receive Services From the United States Bureau of Indian Affairs, 91 FR 4102",https://www.federalregister.gov/documents/2026/01/30/2026-01899/indian-entities-recognized-by-and-eligible-to-receive-services-from-the-united-states-bureau-of,2026-01-30,federal_register_legal_name [exact],Grand Traverse,1
CE-0014V-TC,Guidiville Rancheria of California,Federally recognized tribe,bia_federal_register,"BIA, Indian Entities Recognized by and Eligible To Receive Services From the United States Bureau of Indian Affairs, 91 FR 4102",https://www.federalregister.gov/documents/2026/01/30/2026-01899/indian-entities-recognized-by-and-eligible-to-receive-services-from-the-united-states-bureau-of,2026-01-30,federal_register_legal_name [exact],Guidiville,1
CE-0014W-05,"Hannahville Indian Community, Michigan",Federally recognized tribe,bia_federal_register,"BIA, Indian Entities Recognized by and Eligible To Receive Services From the United States Bureau of Indian Affairs, 91 FR 4102",https://www.federalregister.gov/documents/2026/01/30/2026-01899/indian-entities-recognized-by-and-eligible-to-receive-services-from-the-united-states-bureau-of,2026-01-30,federal_register_legal_name [exact],Hannahville,1
CE-0014X-6Y,"Havasupai Tribe of the Havasupai Reservation, Arizona",Federally recognized tribe,bia_federal_register,"BIA, Indian Entities Recognized by and Eligible To Receive Services From the United States Bureau of Indian Affairs, 91 FR 4102",https://www.federalregister.gov/documents/2026/01/30/2026-01899/indian-entities-recognized-by-and-eligible-to-receive-services-from-the-united-states-bureau-of,2026-01-30,federal_register_legal_name [exact],Havasupai,1
CE-0014Y-CQ,"Habematolel Pomo of Upper Lake, California",Federally recognized tribe,bia_federal_register,"BIA, Indian Entities Recognized by and Eligible To Receive Services From the United States Bureau of Indian Affairs, 91 FR 4102",https://www.federalregister.gov/documents/2026/01/30/2026-01899/indian-entities-recognized-by-and-eligible-to-receive-services-from-the-united-states-bureau-of,2026-01-30,federal_register_legal_name [exact],Habematolel,1
CE-0014Z-JG,Houlton Band of Maliseet Indians,Federally recognized tribe,bia_federal_register,"BIA, Indian Entities Recognized by and Eligible To Receive Services From the United States Bureau of Indian Affairs, 91 FR 4102",https://www.federalregister.gov/documents/2026/01/30/2026-01899/indian-entities-recognized-by-and-eligible-to-receive-services-from-the-united-states-bureau-of,2026-01-30,federal_register_legal_name [exact],Houlton,1
CE-00150-XS,Ho-Chunk Nation of Wisconsin,Federally recognized tribe,bia_federal_register,"BIA, Indian Entities Recognized by and Eligible To Receive Services From the United States Bureau of Indian Affairs, 91 FR 4102",https://www.federalregister.gov/documents/2026/01/30/2026-01899/indian-entities-recognized-by-and-eligible-to-receive-services-from-the-united-states-bureau-of,2026-01-30,federal_register_legal_name [exact],Ho-Chunk,1
CE-00151-3J,Hoh Indian Tribe,Federally recognized tribe,bia_federal_register,"BIA, Indian Entities Recognized by and Eligible To Receive Services From the United States Bureau of Indian Affairs, 91 FR 4102",https://www.federalregister.gov/documents/2026/01/30/2026-01899/indian-entities-recognized-by-and-eligible-to-receive-services-from-the-united-states-bureau-of,2026-01-30,federal_register_legal_name [exact],Hoh,1
CE-00152-9B,"Hoopa Valley Tribe, California",Federally recognized tribe,bia_federal_register,"BIA, Indian Entities Recognized by and Eligible To Receive Services From the United States Bureau of Indian Affairs, 91 FR 4102",https://www.federalregister.gov/documents/2026/01/30/2026-01899/indian-entities-recognized-by-and-eligible-to-receive-services-from-the-united-states-bureau-of,2026-01-30,federal_register_legal_name [exact],Hoopa,1
CE-00153-F4,Hopi Tribe of Arizona,Federally recognized tribe,bia_federal_register,"BIA, Indian Entities Recognized by and Eligible To Receive Services From the United States Bureau of Indian Affairs, 91 FR 4102",https://www.federalregister.gov/documents/2026/01/30/2026-01899/indian-entities-recognized-by-and-eligible-to-receive-services-from-the-united-states-bureau-of,2026-01-30,federal_register_legal_name [exact],Hopi,1
CE-00154-NX,"Hopland Band of Pomo Indians, California",Federally recognized tribe,bia_federal_register,"BIA, Indian Entities Recognized by and Eligible To Receive Services From the United States Bureau of Indian Affairs, 91 FR 4102",https://www.federalregister.gov/documents/2026/01/30/2026-01899/indian-entities-recognized-by-and-eligible-to-receive-services-from-the-united-states-bureau-of,2026-01-30,federal_register_legal_name [exact],Hopland,1
CE-00155-VP,"Hualapai Indian Tribe of the Hualapai Indian Reservation, Arizona",Federally recognized tribe,bia_federal_register,"BIA, Indian Entities Recognized by and Eligible To Receive Services From the United States Bureau of Indian Affairs, 91 FR 4102",https://www.federalregister.gov/documents/2026/01/30/2026-01899/indian-entities-recognized-by-and-eligible-to-receive-services-from-the-united-states-bureau-of,2026-01-30,federal_register_legal_name [exact],Hualapai,1
CE-00156-1F,"Iipay Nation of Santa Ysabel, California",Federally recognized tribe,bia_federal_register,"BIA, Indian Entities Recognized by and Eligible To Receive Services From the United States Bureau of Indian Affairs, 91 FR 4102",https://www.federalregister.gov/documents/2026/01/30/2026-01899/indian-entities-recognized-by-and-eligible-to-receive-services-from-the-united-states-bureau-of,2026-01-30,federal_register_legal_name [exact],Iipay Nation of Santa Ysabel,1
CE-00157-78,"Inaja Band of Diegueno Mission Indians of the Inaja and Cosmit Reservation, California",Federally recognized tribe,bia_federal_register,"BIA, Indian Entities Recognized by and Eligible To Receive Services From the United States Bureau of Indian Affairs, 91 FR 4102",https://www.federalregister.gov/documents/2026/01/30/2026-01899/indian-entities-recognized-by-and-eligible-to-receive-services-from-the-united-states-bureau-of,2026-01-30,federal_register_legal_name [exact],Inaja,1
CE-00158-D1,Ione Band of Miwok Indians of California,Federally recognized tribe,bia_federal_register,"BIA, Indian Entities Recognized by and Eligible To Receive Services From the United States Bureau of Indian Affairs, 91 FR 4102",https://www.federalregister.gov/documents/2026/01/30/2026-01899/indian-entities-recognized-by-and-eligible-to-receive-services-from-the-united-states-bureau-of,2026-01-30,federal_register_legal_name [exact],Ione,1
CE-00159-KT,Iowa Tribe of Kansas and Nebraska,Federally recognized tribe,bia_federal_register,"BIA, Indian Entities Recognized by and Eligible To Receive Services From the United States Bureau of Indian Affairs, 91 FR 4102",https://www.federalregister.gov/documents/2026/01/30/2026-01899/indian-entities-recognized-by-and-eligible-to-receive-services-from-the-united-states-bureau-of,2026-01-30,federal_register_legal_name [exact],Iowa of Kansas,1
CE-0015A-SK,Iowa Tribe of Oklahoma,Federally recognized tribe,bia_federal_register,"BIA, Indian Entities Recognized by and Eligible To Receive Services From the United States Bureau of Indian Affairs, 91 FR 4102",https://www.federalregister.gov/documents/2026/01/30/2026-01899/indian-entities-recognized-by-and-eligible-to-receive-services-from-the-united-states-bureau-of,2026-01-30,federal_register_legal_name [exact],Iowa of Oklahoma,1
CE-0015B-ZC,"Pueblo of Isleta, New Mexico",Federally recognized tribe,bia_federal_register,"BIA, Indian Entities Recognized by and Eligible To Receive Services From the United States Bureau of Indian Affairs, 91 FR 4102",https://www.federalregister.gov/documents/2026/01/30/2026-01899/indian-entities-recognized-by-and-eligible-to-receive-services-from-the-united-states-bureau-of,2026-01-30,federal_register_legal_name [exact],Pueblo of Isleta,1
CE-0015C-55,Jamul Indian Village of California,Federally recognized tribe,bia_federal_register,"BIA, Indian Entities Recognized by and Eligible To Receive Services From the United States Bureau of Indian Affairs, 91 FR 4102",https://www.federalregister.gov/documents/2026/01/30/2026-01899/indian-entities-recognized-by-and-eligible-to-receive-services-from-the-united-states-bureau-of,2026-01-30,federal_register_legal_name [exact],Jamul,1
CE-0015D-BY,Jackson Band of Miwuk Indians,Federally recognized tribe,bia_federal_register,"BIA, Indian Entities Recognized by and Eligible To Receive Services From the United States Bureau of Indian Affairs, 91 FR 4102",https://www.federalregister.gov/documents/2026/01/30/2026-01899/indian-entities-recognized-by-and-eligible-to-receive-services-from-the-united-states-bureau-of,2026-01-30,federal_register_legal_name [exact],Jackson,1
CE-0015E-HQ,"Jicarilla Apache Nation, New Mexico",Federally recognized tribe,bia_federal_register,"BIA, Indian Entities Recognized by and Eligible To Receive Services From the United States Bureau of Indian Affairs, 91 FR 4102",https://www.federalregister.gov/documents/2026/01/30/2026-01899/indian-entities-recognized-by-and-eligible-to-receive-services-from-the-united-states-bureau-of,2026-01-30,federal_register_legal_name [exact],Jicarilla Apache Nation,1
CE-0015F-QG,"Pueblo of Jemez, New Mexico",Federally recognized tribe,bia_federal_register,"BIA, Indian Entities Recognized by and Eligible To Receive Services From the United States Bureau of Indian Affairs, 91 FR 4102",https://www.federalregister.gov/documents/2026/01/30/2026-01899/indian-entities-recognized-by-and-eligible-to-receive-services-from-the-united-states-bureau-of,2026-01-30,federal_register_legal_name [exact],Pueblo of Jemez,1
CE-0015G-X9,Jamestown S'Klallam Tribe,Federally recognized tribe,bia_federal_register,"BIA, Indian Entities Recognized by and Eligible To Receive Services From the United States Bureau of Indian Affairs, 91 FR 4102",https://www.federalregister.gov/documents/2026/01/30/2026-01899/indian-entities-recognized-by-and-eligible-to-receive-services-from-the-united-states-bureau-of,2026-01-30,federal_register_legal_name [exact],Jamestown,1
CE-0015H-32,Jena Band of Choctaw Indians,Federally recognized tribe,bia_federal_register,"BIA, Indian Entities Recognized by and Eligible To Receive Services From the United States Bureau of Indian Affairs, 91 FR 4102",https://www.federalregister.gov/documents/2026/01/30/2026-01899/indian-entities-recognized-by-and-eligible-to-receive-services-from-the-united-states-bureau-of,2026-01-30,federal_register_legal_name [exact],Jena,1
CE-0015J-9V,"Kaibab Band of Paiute Indians of the Kaibab Indian Reservation, Arizona",Federally recognized tribe,bia_federal_register,"BIA, Indian Entities Recognized by and Eligible To Receive Services From the United States Bureau of Indian Affairs, 91 FR 4102",https://www.federalregister.gov/documents/2026/01/30/2026-01899/indian-entities-recognized-by-and-eligible-to-receive-services-from-the-united-states-bureau-of,2026-01-30,federal_register_legal_name [exact],Kaibab,1
CE-0015K-FM,Kalispel Indian Community of the Kalispel Reservation,Federally recognized tribe,bia_federal_register,"BIA, Indian Entities Recognized by and Eligible To Receive Services From the United States Bureau of Indian Affairs, 91 FR 4102",https://www.federalregister.gov/documents/2026/01/30/2026-01899/indian-entities-recognized-by-and-eligible-to-receive-services-from-the-united-states-bureau-of,2026-01-30,federal_register_legal_name [exact],Kalispel,1
CE-0015M-ND,Karuk Tribe,Federally recognized tribe,bia_federal_register,"BIA, Indian Entities Recognized by and Eligible To Receive Services From the United States Bureau of Indian Affairs, 91 FR 4102",https://www.federalregister.gov/documents/2026/01/30/2026-01899/indian-entities-recognized-by-and-eligible-to-receive-services-from-the-united-states-bureau-of,2026-01-30,federal_register_legal_name [exact],Karuk,1
CE-0015N-V6,"Kashia Band of Pomo Indians of the Stewarts Point Rancheria, California",Federally recognized tribe,bia_federal_register,"BIA, Indian Entities Recognized by and Eligible To Receive Services From the United States Bureau of Indian Affairs, 91 FR 4102",https://www.federalregister.gov/documents/2026/01/30/2026-01899/indian-entities-recognized-by-and-eligible-to-receive-services-from-the-united-states-bureau-of,2026-01-30,federal_register_legal_name [exact],Kashia,1
CE-0015P-1Z,"Kaw Nation, Oklahoma",Federally recognized tribe,bia_federal_register,"BIA, Indian Entities Recognized by and Eligible To Receive Services From the United States Bureau of Indian Affairs, 91 FR 4102",https://www.federalregister.gov/documents/2026/01/30/2026-01899/indian-entities-recognized-by-and-eligible-to-receive-services-from-the-united-states-bureau-of,2026-01-30,federal_register_legal_name [exact],Kaw,1
CE-0015Q-7R,Kickapoo Tribe of Indians of the Kickapoo Reservation in Kansas,Federally recognized tribe,bia_federal_register,"BIA, Indian Entities Recognized by and Eligible To Receive Services From the United States Bureau of Indian Affairs, 91 FR 4102",https://www.federalregister.gov/documents/2026/01/30/2026-01899/indian-entities-recognized-by-and-eligible-to-receive-services-from-the-united-states-bureau-of,2026-01-30,federal_register_legal_name [exact],Kickapoo Tribe in Kansas,1
CE-0015R-DH,Kickapoo Tribe of Oklahoma,Federally recognized tribe,bia_federal_register,"BIA, Indian Entities Recognized by and Eligible To Receive Services From the United States Bureau of Indian Affairs, 91 FR 4102",https://www.federalregister.gov/documents/2026/01/30/2026-01899/indian-entities-recognized-by-and-eligible-to-receive-services-from-the-united-states-bureau-of,2026-01-30,federal_register_legal_name [exact],Kickapoo of Oklahoma,1
CE-0015S-KA,Kickapoo Traditional Tribe of Texas,Federally recognized tribe,bia_federal_register,"BIA, Indian Entities Recognized by and Eligible To Receive Services From the United States Bureau of Indian Affairs, 91 FR 4102",https://www.federalregister.gov/documents/2026/01/30/2026-01899/indian-entities-recognized-by-and-eligible-to-receive-services-from-the-united-states-bureau-of,2026-01-30,federal_register_legal_name [exact],Kickapoo of Texas,1
CE-0015T-S3,Kialegee Tribal Town,Federally recognized tribe,bia_federal_register,"BIA, Indian Entities Recognized by and Eligible To Receive Services From the United States Bureau of Indian Affairs, 91 FR 4102",https://www.federalregister.gov/documents/2026/01/30/2026-01899/indian-entities-recognized-by-and-eligible-to-receive-services-from-the-united-states-bureau-of,2026-01-30,canonical_name [exact],Kialegee Tribal Town,0
CE-0015V-ZW,Kiowa Tribe (previously listed as Kiowa Indian Tribe of Oklahoma),Federally recognized tribe,bia_federal_register,"BIA, Indian Entities Recognized by and Eligible To Receive Services From the United States Bureau of Indian Affairs, 91 FR 4102",https://www.federalregister.gov/documents/2026/01/30/2026-01899/indian-entities-recognized-by-and-eligible-to-receive-services-from-the-united-states-bureau-of,2026-01-30,canonical_name [close],Kiowa Tribe,1
CE-0015W-5N,Klamath Tribes,Federally recognized tribe,bia_federal_register,"BIA, Indian Entities Recognized by and Eligible To Receive Services From the United States Bureau of Indian Affairs, 91 FR 4102",https://www.federalregister.gov/documents/2026/01/30/2026-01899/indian-entities-recognized-by-and-eligible-to-receive-services-from-the-united-states-bureau-of,2026-01-30,federal_register_legal_name [exact],Klamath,1
CE-0015X-BE,Kletsel Dehe Wintun Nation of the Cortina Rancheria (previously listed as Kletsel Dehe Band of Wintun Indians),Federally recognized tribe,bia_federal_register,"BIA, Indian Entities Recognized by and Eligible To Receive Services From the United States Bureau of Indian Affairs, 91 FR 4102",https://www.federalregister.gov/documents/2026/01/30/2026-01899/indian-entities-recognized-by-and-eligible-to-receive-services-from-the-united-states-bureau-of,2026-01-30,federal_register_legal_name [normalised],Kletsel Dehe Wintun,1
CE-0015Y-H7,Koi Nation of Northern California,Federally recognized tribe,bia_federal_register,"BIA, Indian Entities Recognized by and Eligible To Receive Services From the United States Bureau of Indian Affairs, 91 FR 4102",https://www.federalregister.gov/documents/2026/01/30/2026-01899/indian-entities-recognized-by-and-eligible-to-receive-services-from-the-united-states-bureau-of,2026-01-30,federal_register_legal_name [exact],Koi,1
CE-0015Z-Q0,Kootenai Tribe of Idaho,Federally recognized tribe,bia_federal_register,"BIA, Indian Entities Recognized by and Eligible To Receive Services From the United States Bureau of Indian Affairs, 91 FR 4102",https://www.federalregister.gov/documents/2026/01/30/2026-01899/indian-entities-recognized-by-and-eligible-to-receive-services-from-the-united-states-bureau-of,2026-01-30,federal_register_legal_name [exact],Kootenai,1
CE-00160-29,"Keweenaw Bay Indian Community, Michigan",Federally recognized tribe,bia_federal_register,"BIA, Indian Entities Recognized by and Eligible To Receive Services From the United States Bureau of Indian Affairs, 91 FR 4102",https://www.federalregister.gov/documents/2026/01/30/2026-01899/indian-entities-recognized-by-and-eligible-to-receive-services-from-the-united-states-bureau-of,2026-01-30,federal_register_legal_name [exact],Keweenaw,1
CE-00161-82,"Pueblo of Laguna, New Mexico",Federally recognized tribe,bia_federal_register,"BIA, Indian Entities Recognized by and Eligible To Receive Services From the United States Bureau of Indian Affairs, 91 FR 4102",https://www.federalregister.gov/documents/2026/01/30/2026-01899/indian-entities-recognized-by-and-eligible-to-receive-services-from-the-united-states-bureau-of,2026-01-30,federal_register_legal_name [exact],Pueblo of Laguna,1
CE-00162-EV,"Lower Brule Sioux Tribe of the Lower Brule Reservation, South Dakota",Federally recognized tribe,bia_federal_register,"BIA, Indian Entities Recognized by and Eligible To Receive Services From the United States Bureau of Indian Affairs, 91 FR 4102",https://www.federalregister.gov/documents/2026/01/30/2026-01899/indian-entities-recognized-by-and-eligible-to-receive-services-from-the-united-states-bureau-of,2026-01-30,federal_register_legal_name [exact],Lower Brule,1
CE-00163-MM,Lac Courte Oreilles Band of Lake Superior Chippewa Indians of Wisconsin,Federally recognized tribe,bia_federal_register,"BIA, Indian Entities Recognized by and Eligible To Receive Services From the United States Bureau of Indian Affairs, 91 FR 4102",https://www.federalregister.gov/documents/2026/01/30/2026-01899/indian-entities-recognized-by-and-eligible-to-receive-services-from-the-united-states-bureau-of,2026-01-30,federal_register_legal_name [exact],Lac Courte Oreilles,1
CE-00164-TD,"Los Coyotes Band of Cahuilla and Cupeno Indians, California",Federally recognized tribe,bia_federal_register,"BIA, Indian Entities Recognized by and Eligible To Receive Services From the United States Bureau of Indian Affairs, 91 FR 4102",https://www.federalregister.gov/documents/2026/01/30/2026-01899/indian-entities-recognized-by-and-eligible-to-receive-services-from-the-united-states-bureau-of,2026-01-30,federal_register_legal_name [exact],Los Coyotes,1
CE-00165-06,Lower Elwha Tribal Community,Federally recognized tribe,bia_federal_register,"BIA, Indian Entities Recognized by and Eligible To Receive Services From the United States Bureau of Indian Affairs, 91 FR 4102",https://www.federalregister.gov/documents/2026/01/30/2026-01899/indian-entities-recognized-by-and-eligible-to-receive-services-from-the-united-states-bureau-of,2026-01-30,federal_register_legal_name [exact],Lower Elwha,1
CE-00166-6Z,Lac du Flambeau Band of Lake Superior Chippewa Indians of the Lac du Flambeau Reservation of Wisconsin,Federally recognized tribe,bia_federal_register,"BIA, Indian Entities Recognized by and Eligible To Receive Services From the United States Bureau of Indian Affairs, 91 FR 4102",https://www.federalregister.gov/documents/2026/01/30/2026-01899/indian-entities-recognized-by-and-eligible-to-receive-services-from-the-united-states-bureau-of,2026-01-30,federal_register_legal_name [exact],Lac du Flambeau,1
CE-00167-CR,"La Jolla Band of Luiseno Indians, California",Federally recognized tribe,bia_federal_register,"BIA, Indian Entities Recognized by and Eligible To Receive Services From the United States Bureau of Indian Affairs, 91 FR 4102",https://www.federalregister.gov/documents/2026/01/30/2026-01899/indian-entities-recognized-by-and-eligible-to-receive-services-from-the-united-states-bureau-of,2026-01-30,federal_register_legal_name [exact],La Jolla,1
CE-00168-JH,Lone Pine Paiute-Shoshone Tribe,Federally recognized tribe,bia_federal_register,"BIA, Indian Entities Recognized by and Eligible To Receive Services From the United States Bureau of Indian Affairs, 91 FR 4102",https://www.federalregister.gov/documents/2026/01/30/2026-01899/indian-entities-recognized-by-and-eligible-to-receive-services-from-the-united-states-bureau-of,2026-01-30,federal_register_legal_name [exact],Lone Pine,1
CE-00169-RA,"La Posta Band of Diegueno Mission Indians of the La Posta Indian Reservation, California",Federally recognized tribe,bia_federal_register,"BIA, Indian Entities Recognized by and Eligible To Receive Services From the United States Bureau of Indian Affairs, 91 FR 4102",https://www.federalregister.gov/documents/2026/01/30/2026-01899/indian-entities-recognized-by-and-eligible-to-receive-services-from-the-united-states-bureau-of,2026-01-30,federal_register_legal_name [exact],La Posta,1
CE-0016A-Y3,"Little River Band of Ottawa Indians, Michigan",Federally recognized tribe,bia_federal_register,"BIA, Indian Entities Recognized by and Eligible To Receive Services From the United States Bureau of Indian Affairs, 91 FR 4102",https://www.federalregister.gov/documents/2026/01/30/2026-01899/indian-entities-recognized-by-and-eligible-to-receive-services-from-the-united-states-bureau-of,2026-01-30,federal_register_legal_name [exact],Little River,1
CE-0016B-4W,Little Shell Tribe of Chippewa Indians of Montana,Federally recognized tribe,bia_federal_register,"BIA, Indian Entities Recognized by and Eligible To Receive Services From the United States Bureau of Indian Affairs, 91 FR 4102",https://www.federalregister.gov/documents/2026/01/30/2026-01899/indian-entities-recognized-by-and-eligible-to-receive-services-from-the-united-states-bureau-of,2026-01-30,federal_register_legal_name [exact],Little Shell Tribe,1
CE-0016C-AN,"Las Vegas Tribe of Paiute Indians of the Las Vegas Indian Colony, Nevada",Federally recognized tribe,bia_federal_register,"BIA, Indian Entities Recognized by and Eligible To Receive Services From the United States Bureau of Indian Affairs, 91 FR 4102",https://www.federalregister.gov/documents/2026/01/30/2026-01899/indian-entities-recognized-by-and-eligible-to-receive-services-from-the-united-states-bureau-of,2026-01-30,federal_register_legal_name [exact],Las Vegas,1
CE-0016D-GE,"Little Traverse Bay Bands of Odawa Indians, Michigan",Federally recognized tribe,bia_federal_register,"BIA, Indian Entities Recognized by and Eligible To Receive Services From the United States Bureau of Indian Affairs, 91 FR 4102",https://www.federalregister.gov/documents/2026/01/30/2026-01899/indian-entities-recognized-by-and-eligible-to-receive-services-from-the-united-states-bureau-of,2026-01-30,federal_register_legal_name [exact],Little Traverse,1
CE-0016E-P7,"Lumbee Tribe of North Carolina (See Supplementary Information supra, noting conditions on the Tribe's eligibility for Federal services)",Federally recognized tribe,bia_federal_register,"BIA, Indian Entities Recognized by and Eligible To Receive Services From the United States Bureau of Indian Affairs, 91 FR 4102",https://www.federalregister.gov/documents/2026/01/30/2026-01899/indian-entities-recognized-by-and-eligible-to-receive-services-from-the-united-states-bureau-of,2026-01-30,federal_register_legal_name [normalised],Lumbee,1
CE-0016F-W0,Lummi Tribe of the Lummi Reservation,Federally recognized tribe,bia_federal_register,"BIA, Indian Entities Recognized by and Eligible To Receive Services From the United States Bureau of Indian Affairs, 91 FR 4102",https://www.federalregister.gov/documents/2026/01/30/2026-01899/indian-entities-recognized-by-and-eligible-to-receive-services-from-the-united-states-bureau-of,2026-01-30,federal_register_legal_name [exact],Lummi,1
CE-0016G-2S,Lac Vieux Desert Band of Lake Superior Chippewa Indians of Michigan,Federally recognized tribe,bia_federal_register,"BIA, Indian Entities Recognized by and Eligible To Receive Services From the United States Bureau of Indian Affairs, 91 FR 4102",https://www.federalregister.gov/documents/2026/01/30/2026-01899/indian-entities-recognized-by-and-eligible-to-receive-services-from-the-united-states-bureau-of,2026-01-30,federal_register_legal_name [exact],Lac Vieux,1
CE-0016H-8J,"Lovelock Paiute Tribe of the Lovelock Indian Colony, Nevada",Federally recognized tribe,bia_federal_register,"BIA, Indian Entities Recognized by and Eligible To Receive Services From the United States Bureau of Indian Affairs, 91 FR 4102",https://www.federalregister.gov/documents/2026/01/30/2026-01899/indian-entities-recognized-by-and-eligible-to-receive-services-from-the-united-states-bureau-of,2026-01-30,federal_register_legal_name [exact],Lovelock,1
CE-0016J-EB,Lower Sioux Indian Community in the State of Minnesota,Federally recognized tribe,bia_federal_register,"BIA, Indian Entities Recognized by and Eligible To Receive Services From the United States Bureau of Indian Affairs, 91 FR 4102",https://www.federalregister.gov/documents/2026/01/30/2026-01899/indian-entities-recognized-by-and-eligible-to-receive-services-from-the-united-states-bureau-of,2026-01-30,federal_register_legal_name [exact],Lower Sioux,1
CE-0016K-M4,Lytton Rancheria of California,Federally recognized tribe,bia_federal_register,"BIA, Indian Entities Recognized by and Eligible To Receive Services From the United States Bureau of Indian Affairs, 91 FR 4102",https://www.federalregister.gov/documents/2026/01/30/2026-01899/indian-entities-recognized-by-and-eligible-to-receive-services-from-the-united-states-bureau-of,2026-01-30,federal_register_legal_name [exact],Lytton,1
CE-0016M-TX,Makah Indian Tribe of the Makah Indian Reservation,Federally recognized tribe,bia_federal_register,"BIA, Indian Entities Recognized by and Eligible To Receive Services From the United States Bureau of Indian Affairs, 91 FR 4102",https://www.federalregister.gov/documents/2026/01/30/2026-01899/indian-entities-recognized-by-and-eligible-to-receive-services-from-the-united-states-bureau-of,2026-01-30,federal_register_legal_name [exact],Makah,1
CE-0016N-0P,"Mechoopda Indian Tribe of Chico Rancheria, California",Federally recognized tribe,bia_federal_register,"BIA, Indian Entities Recognized by and Eligible To Receive Services From the United States Bureau of Indian Affairs, 91 FR 4102",https://www.federalregister.gov/documents/2026/01/30/2026-01899/indian-entities-recognized-by-and-eligible-to-receive-services-from-the-united-states-bureau-of,2026-01-30,federal_register_legal_name [exact],Mechoopda,1
CE-0016P-6F,"Manchester Band of Pomo Indians of the Manchester Rancheria, California",Federally recognized tribe,bia_federal_register,"BIA, Indian Entities Recognized by and Eligible To Receive Services From the United States Bureau of Indian Affairs, 91 FR 4102",https://www.federalregister.gov/documents/2026/01/30/2026-01899/indian-entities-recognized-by-and-eligible-to-receive-services-from-the-united-states-bureau-of,2026-01-30,federal_register_legal_name [exact],Manchester,1
CE-0016Q-C8,Muckleshoot Indian Tribe,Federally recognized tribe,bia_federal_register,"BIA, Indian Entities Recognized by and Eligible To Receive Services From the United States Bureau of Indian Affairs, 91 FR 4102",https://www.federalregister.gov/documents/2026/01/30/2026-01899/indian-entities-recognized-by-and-eligible-to-receive-services-from-the-united-states-bureau-of,2026-01-30,federal_register_legal_name [exact],Muckleshoot,1
CE-0016R-J1,Miccosukee Tribe of Indians,Federally recognized tribe,bia_federal_register,"BIA, Indian Entities Recognized by and Eligible To Receive Services From the United States Bureau of Indian Affairs, 91 FR 4102",https://www.federalregister.gov/documents/2026/01/30/2026-01899/indian-entities-recognized-by-and-eligible-to-receive-services-from-the-united-states-bureau-of,2026-01-30,federal_register_legal_name [exact],Miccosukee,1
CE-0016S-RT,Middletown Rancheria of Pomo Indians of California,Federally recognized tribe,bia_federal_register,"BIA, Indian Entities Recognized by and Eligible To Receive Services From the United States Bureau of Indian Affairs, 91 FR 4102",https://www.federalregister.gov/documents/2026/01/30/2026-01899/indian-entities-recognized-by-and-eligible-to-receive-services-from-the-united-states-bureau-of,2026-01-30,federal_register_legal_name [exact],Middletown,1
CE-0016T-YK,Match-E-Be-Nash-She-Wish Band of Pottawatomi (previously listed as Match-E-Be-Nash-She-Wish Band of Pottawatomi Indians of Michigan),Federally recognized tribe,bia_federal_register,"BIA, Indian Entities Recognized by and Eligible To Receive Services From the United States Bureau of Indian Affairs, 91 FR 4102",https://www.federalregister.gov/documents/2026/01/30/2026-01899/indian-entities-recognized-by-and-eligible-to-receive-services-from-the-united-states-bureau-of,2026-01-30,federal_register_legal_name [BIA former name],Match-e-be-nash-she-wish Band,1
CE-0016V-4C,"Mesa Grande Band of Diegueno Mission Indians of the Mesa Grande Reservation, California",Federally recognized tribe,bia_federal_register,"BIA, Indian Entities Recognized by and Eligible To Receive Services From the United States Bureau of Indian Affairs, 91 FR 4102",https://www.federalregister.gov/documents/2026/01/30/2026-01899/indian-entities-recognized-by-and-eligible-to-receive-services-from-the-united-states-bureau-of,2026-01-30,federal_register_legal_name [exact],Mesa Grande,1
CE-0016W-A5,"Three Affiliated Tribes of the Fort Berthold Reservation, North Dakota",Federally recognized tribe,bia_federal_register,"BIA, Indian Entities Recognized by and Eligible To Receive Services From the United States Bureau of Indian Affairs, 91 FR 4102",https://www.federalregister.gov/documents/2026/01/30/2026-01899/indian-entities-recognized-by-and-eligible-to-receive-services-from-the-united-states-bureau-of,2026-01-30,federal_register_legal_name [exact],Three Affiliated,1
CE-0016X-GY,Mohegan Tribe of Indians of Connecticut,Federally recognized tribe,bia_federal_register,"BIA, Indian Entities Recognized by and Eligible To Receive Services From the United States Bureau of Indian Affairs, 91 FR 4102",https://www.federalregister.gov/documents/2026/01/30/2026-01899/indian-entities-recognized-by-and-eligible-to-receive-services-from-the-united-states-bureau-of,2026-01-30,federal_register_legal_name [exact],Mohegan,1
CE-0016Y-PQ,Miami Tribe of Oklahoma,Federally recognized tribe,bia_federal_register,"BIA, Indian Entities Recognized by and Eligible To Receive Services From the United States Bureau of Indian Affairs, 91 FR 4102",https://www.federalregister.gov/documents/2026/01/30/2026-01899/indian-entities-recognized-by-and-eligible-to-receive-services-from-the-united-states-bureau-of,2026-01-30,canonical_name [exact],Miami Tribe of Oklahoma,0
CE-0016Z-WG,Mi'kmaq Nation (previously listed as Aroostook Band of Micmacs),Federally recognized tribe,bia_federal_register,"BIA, Indian Entities Recognized by and Eligible To Receive Services From the United States Bureau of Indian Affairs, 91 FR 4102",https://www.federalregister.gov/documents/2026/01/30/2026-01899/indian-entities-recognized-by-and-eligible-to-receive-services-from-the-united-states-bureau-of,2026-01-30,federal_register_legal_name [normalised],Mi'kmaq,1
CE-00170-7S,"Minnesota Chippewa Tribe, Minnesota (Six component reservations: Bois Forte Band (Nett Lake); Fond du Lac Band; Grand Portage Band; Leech Lake Band; Mille Lacs Band; White Earth Band)",Federally recognized tribe,bia_federal_register,"BIA, Indian Entities Recognized by and Eligible To Receive Services From the United States Bureau of Indian Affairs, 91 FR 4102",https://www.federalregister.gov/documents/2026/01/30/2026-01899/indian-entities-recognized-by-and-eligible-to-receive-services-from-the-united-states-bureau-of,2026-01-30,federal_register_legal_name [normalised],Minnesota Chippewa,1
CE-00171-DJ,Monacan Indian Nation,Federally recognized tribe,bia_federal_register,"BIA, Indian Entities Recognized by and Eligible To Receive Services From the United States Bureau of Indian Affairs, 91 FR 4102",https://www.federalregister.gov/documents/2026/01/30/2026-01899/indian-entities-recognized-by-and-eligible-to-receive-services-from-the-united-states-bureau-of,2026-01-30,canonical_name [exact],Monacan Indian Nation,0
CE-00172-KB,Menominee Indian Tribe of Wisconsin,Federally recognized tribe,bia_federal_register,"BIA, Indian Entities Recognized by and Eligible To Receive Services From the United States Bureau of Indian Affairs, 91 FR 4102",https://www.federalregister.gov/documents/2026/01/30/2026-01899/indian-entities-recognized-by-and-eligible-to-receive-services-from-the-united-states-bureau-of,2026-01-30,federal_register_legal_name [exact],Menominee,1
CE-00173-S4,"Manzanita Band of Diegueno Mission Indians of the Manzanita Reservation, California",Federally recognized tribe,bia_federal_register,"BIA, Indian Entities Recognized by and Eligible To Receive Services From the United States Bureau of Indian Affairs, 91 FR 4102",https://www.federalregister.gov/documents/2026/01/30/2026-01899/indian-entities-recognized-by-and-eligible-to-receive-services-from-the-united-states-bureau-of,2026-01-30,federal_register_legal_name [exact],Manzanita,1
CE-00174-ZX,"Moapa Band of Paiute Indians of the Moapa River Indian Reservation, Nevada",Federally recognized tribe,bia_federal_register,"BIA, Indian Entities Recognized by and Eligible To Receive Services From the United States Bureau of Indian Affairs, 91 FR 4102",https://www.federalregister.gov/documents/2026/01/30/2026-01899/indian-entities-recognized-by-and-eligible-to-receive-services-from-the-united-states-bureau-of,2026-01-30,federal_register_legal_name [exact],Moapa,1
CE-00175-5P,Modoc Nation,Federally recognized tribe,bia_federal_register,"BIA, Indian Entities Recognized by and Eligible To Receive Services From the United States Bureau of Indian Affairs, 91 FR 4102",https://www.federalregister.gov/documents/2026/01/30/2026-01899/indian-entities-recognized-by-and-eligible-to-receive-services-from-the-united-states-bureau-of,2026-01-30,canonical_name [exact],Modoc Nation,0
CE-00176-BF,"Fort Mojave Indian Tribe of Arizona, California & Nevada",Federally recognized tribe,bia_federal_register,"BIA, Indian Entities Recognized by and Eligible To Receive Services From the United States Bureau of Indian Affairs, 91 FR 4102",https://www.federalregister.gov/documents/2026/01/30/2026-01899/indian-entities-recognized-by-and-eligible-to-receive-services-from-the-united-states-bureau-of,2026-01-30,federal_register_legal_name [exact],Fort Mojave,1
CE-00177-H8,Mooretown Rancheria of Maidu Indians of California,Federally recognized tribe,bia_federal_register,"BIA, Indian Entities Recognized by and Eligible To Receive Services From the United States Bureau of Indian Affairs, 91 FR 4102",https://www.federalregister.gov/documents/2026/01/30/2026-01899/indian-entities-recognized-by-and-eligible-to-receive-services-from-the-united-states-bureau-of,2026-01-30,federal_register_legal_name [exact],Mooretown,1
CE-00178-Q1,"Morongo Band of Mission Indians, California",Federally recognized tribe,bia_federal_register,"BIA, Indian Entities Recognized by and Eligible To Receive Services From the United States Bureau of Indian Affairs, 91 FR 4102",https://www.federalregister.gov/documents/2026/01/30/2026-01899/indian-entities-recognized-by-and-eligible-to-receive-services-from-the-united-states-bureau-of,2026-01-30,federal_register_legal_name [exact],Morongo,1
CE-00179-XT,Mississippi Band of Choctaw Indians,Federally recognized tribe,bia_federal_register,"BIA, Indian Entities Recognized by and Eligible To Receive Services From the United States Bureau of Indian Affairs, 91 FR 4102",https://www.federalregister.gov/documents/2026/01/30/2026-01899/indian-entities-recognized-by-and-eligible-to-receive-services-from-the-united-states-bureau-of,2026-01-30,federal_register_legal_name [exact],Mississippi Choctaw,1
CE-0017A-3K,"Mescalero Apache Tribe of the Mescalero Reservation, New Mexico",Federally recognized tribe,bia_federal_register,"BIA, Indian Entities Recognized by and Eligible To Receive Services From the United States Bureau of Indian Affairs, 91 FR 4102",https://www.federalregister.gov/documents/2026/01/30/2026-01899/indian-entities-recognized-by-and-eligible-to-receive-services-from-the-united-states-bureau-of,2026-01-30,federal_register_legal_name [exact],Mescalero Apache,1
CE-0017B-9C,The Muscogee (Creek) Nation,Federally recognized tribe,bia_federal_register,"BIA, Indian Entities Recognized by and Eligible To Receive Services From the United States Bureau of Indian Affairs, 91 FR 4102",https://www.federalregister.gov/documents/2026/01/30/2026-01899/indian-entities-recognized-by-and-eligible-to-receive-services-from-the-united-states-bureau-of,2026-01-30,canonical_name [exact],The Muscogee (Creek) Nation,0
CE-0017C-F5,Mashantucket Pequot Indian Tribe,Federally recognized tribe,bia_federal_register,"BIA, Indian Entities Recognized by and Eligible To Receive Services From the United States Bureau of Indian Affairs, 91 FR 4102",https://www.federalregister.gov/documents/2026/01/30/2026-01899/indian-entities-recognized-by-and-eligible-to-receive-services-from-the-united-states-bureau-of,2026-01-30,federal_register_legal_name [exact],Mashantucket Pequot,1
CE-0017D-NY,Mashpee Wampanoag Tribe,Federally recognized tribe,bia_federal_register,"BIA, Indian Entities Recognized by and Eligible To Receive Services From the United States Bureau of Indian Affairs, 91 FR 4102",https://www.federalregister.gov/documents/2026/01/30/2026-01899/indian-entities-recognized-by-and-eligible-to-receive-services-from-the-united-states-bureau-of,2026-01-30,federal_register_legal_name [exact],Mashpee,1
CE-0017E-VQ,"Pueblo of Nambe, New Mexico",Federally recognized tribe,bia_federal_register,"BIA, Indian Entities Recognized by and Eligible To Receive Services From the United States Bureau of Indian Affairs, 91 FR 4102",https://www.federalregister.gov/documents/2026/01/30/2026-01899/indian-entities-recognized-by-and-eligible-to-receive-services-from-the-united-states-bureau-of,2026-01-30,federal_register_legal_name [exact],Pueblo of Nambe,1
CE-0017F-1G,"Navajo Nation, Arizona, New Mexico, & Utah",Federally recognized tribe,bia_federal_register,"BIA, Indian Entities Recognized by and Eligible To Receive Services From the United States Bureau of Indian Affairs, 91 FR 4102",https://www.federalregister.gov/documents/2026/01/30/2026-01899/indian-entities-recognized-by-and-eligible-to-receive-services-from-the-united-states-bureau-of,2026-01-30,federal_register_legal_name [exact],Navajo,1
CE-0017G-79,"Northern Arapaho Tribe of the Wind River Reservation, Wyoming",Federally recognized tribe,bia_federal_register,"BIA, Indian Entities Recognized by and Eligible To Receive Services From the United States Bureau of Indian Affairs, 91 FR 4102",https://www.federalregister.gov/documents/2026/01/30/2026-01899/indian-entities-recognized-by-and-eligible-to-receive-services-from-the-united-states-bureau-of,2026-01-30,federal_register_legal_name [exact],Northern Arapaho,1
CE-0017H-D2,Nez Perce Tribe,Federally recognized tribe,bia_federal_register,"BIA, Indian Entities Recognized by and Eligible To Receive Services From the United States Bureau of Indian Affairs, 91 FR 4102",https://www.federalregister.gov/documents/2026/01/30/2026-01899/indian-entities-recognized-by-and-eligible-to-receive-services-from-the-united-states-bureau-of,2026-01-30,federal_register_legal_name [exact],Nez Perce,1
CE-0017J-KV,Nisqually Indian Tribe,Federally recognized tribe,bia_federal_register,"BIA, Indian Entities Recognized by and Eligible To Receive Services From the United States Bureau of Indian Affairs, 91 FR 4102",https://www.federalregister.gov/documents/2026/01/30/2026-01899/indian-entities-recognized-by-and-eligible-to-receive-services-from-the-united-states-bureau-of,2026-01-30,federal_register_legal_name [exact],Nisqually,1
CE-0017K-SM,Nansemond Indian Nation,Federally recognized tribe,bia_federal_register,"BIA, Indian Entities Recognized by and Eligible To Receive Services From the United States Bureau of Indian Affairs, 91 FR 4102",https://www.federalregister.gov/documents/2026/01/30/2026-01899/indian-entities-recognized-by-and-eligible-to-receive-services-from-the-united-states-bureau-of,2026-01-30,federal_register_legal_name [exact],Nansemond Indian Tribe,1
CE-0017M-ZD,Nooksack Indian Tribe,Federally recognized tribe,bia_federal_register,"BIA, Indian Entities Recognized by and Eligible To Receive Services From the United States Bureau of Indian Affairs, 91 FR 4102",https://www.federalregister.gov/documents/2026/01/30/2026-01899/indian-entities-recognized-by-and-eligible-to-receive-services-from-the-united-states-bureau-of,2026-01-30,federal_register_legal_name [exact],Nooksack,1
CE-0017N-56,"Northern Cheyenne Tribe of the Northern Cheyenne Indian Reservation, Montana",Federally recognized tribe,bia_federal_register,"BIA, Indian Entities Recognized by and Eligible To Receive Services From the United States Bureau of Indian Affairs, 91 FR 4102",https://www.federalregister.gov/documents/2026/01/30/2026-01899/indian-entities-recognized-by-and-eligible-to-receive-services-from-the-united-states-bureau-of,2026-01-30,federal_register_legal_name [exact],Northern Cheyenne,1
CE-0017P-BZ,Northfork Rancheria of Mono Indians of California,Federally recognized tribe,bia_federal_register,"BIA, Indian Entities Recognized by and Eligible To Receive Services From the United States Bureau of Indian Affairs, 91 FR 4102",https://www.federalregister.gov/documents/2026/01/30/2026-01899/indian-entities-recognized-by-and-eligible-to-receive-services-from-the-united-states-bureau-of,2026-01-30,federal_register_legal_name [exact],North Fork,1
CE-0017Q-HR,Narragansett Indian Tribe,Federally recognized tribe,bia_federal_register,"BIA, Indian Entities Recognized by and Eligible To Receive Services From the United States Bureau of Indian Affairs, 91 FR 4102",https://www.federalregister.gov/documents/2026/01/30/2026-01899/indian-entities-recognized-by-and-eligible-to-receive-services-from-the-united-states-bureau-of,2026-01-30,federal_register_legal_name [exact],Narragansett,1
CE-0017R-QH,"Nottawaseppi Huron Band of the Potawatomi, Michigan",Federally recognized tribe,bia_federal_register,"BIA, Indian Entities Recognized by and Eligible To Receive Services From the United States Bureau of Indian Affairs, 91 FR 4102",https://www.federalregister.gov/documents/2026/01/30/2026-01899/indian-entities-recognized-by-and-eligible-to-receive-services-from-the-united-states-bureau-of,2026-01-30,federal_register_legal_name [exact],Nottawaseppi Potawatomi,1
CE-0017S-XA,Northwestern Band of the Shoshone Nation,Federally recognized tribe,bia_federal_register,"BIA, Indian Entities Recognized by and Eligible To Receive Services From the United States Bureau of Indian Affairs, 91 FR 4102",https://www.federalregister.gov/documents/2026/01/30/2026-01899/indian-entities-recognized-by-and-eligible-to-receive-services-from-the-united-states-bureau-of,2026-01-30,federal_register_legal_name [exact],Northwestern Shoshone,1
CE-0017T-33,Oglala Sioux Tribe,Federally recognized tribe,bia_federal_register,"BIA, Indian Entities Recognized by and Eligible To Receive Services From the United States Bureau of Indian Affairs, 91 FR 4102",https://www.federalregister.gov/documents/2026/01/30/2026-01899/indian-entities-recognized-by-and-eligible-to-receive-services-from-the-united-states-bureau-of,2026-01-30,federal_register_legal_name [exact],Oglala Sioux,1
CE-0017V-9W,"Ohkay Owingeh, New Mexico",Federally recognized tribe,bia_federal_register,"BIA, Indian Entities Recognized by and Eligible To Receive Services From the United States Bureau of Indian Affairs, 91 FR 4102",https://www.federalregister.gov/documents/2026/01/30/2026-01899/indian-entities-recognized-by-and-eligible-to-receive-services-from-the-united-states-bureau-of,2026-01-30,federal_register_legal_name [exact],Ohkay Owingeh,1
CE-0017W-FN,Omaha Tribe of Nebraska,Federally recognized tribe,bia_federal_register,"BIA, Indian Entities Recognized by and Eligible To Receive Services From the United States Bureau of Indian Affairs, 91 FR 4102",https://www.federalregister.gov/documents/2026/01/30/2026-01899/indian-entities-recognized-by-and-eligible-to-receive-services-from-the-united-states-bureau-of,2026-01-30,federal_register_legal_name [exact],Omaha,1
CE-0017X-NE,Oneida Nation,Federally recognized tribe,bia_federal_register,"BIA, Indian Entities Recognized by and Eligible To Receive Services From the United States Bureau of Indian Affairs, 91 FR 4102",https://www.federalregister.gov/documents/2026/01/30/2026-01899/indian-entities-recognized-by-and-eligible-to-receive-services-from-the-united-states-bureau-of,2026-01-30,federal_register_legal_name [exact],Oneida,1
CE-0017Y-V7,Oneida Nation,Federally recognized tribe,bia_federal_register,"BIA, Indian Entities Recognized by and Eligible To Receive Services From the United States Bureau of Indian Affairs, 91 FR 4102",https://www.federalregister.gov/documents/2026/01/30/2026-01899/indian-entities-recognized-by-and-eligible-to-receive-services-from-the-united-states-bureau-of,2026-01-30,canonical_name [close],Oneida Nation (Wisconsin),1
CE-0017Z-10,Onondaga Nation,Federally recognized tribe,bia_federal_register,"BIA, Indian Entities Recognized by and Eligible To Receive Services From the United States Bureau of Indian Affairs, 91 FR 4102",https://www.federalregister.gov/documents/2026/01/30/2026-01899/indian-entities-recognized-by-and-eligible-to-receive-services-from-the-united-states-bureau-of,2026-01-30,federal_register_legal_name [exact],Onondaga,1
CE-00180-C9,The Osage Nation,Federally recognized tribe,bia_federal_register,"BIA, Indian Entities Recognized by and Eligible To Receive Services From the United States Bureau of Indian Affairs, 91 FR 4102",https://www.federalregister.gov/documents/2026/01/30/2026-01899/indian-entities-recognized-by-and-eligible-to-receive-services-from-the-united-states-bureau-of,2026-01-30,canonical_name [exact],The Osage Nation,0
CE-00181-J2,"Otoe-Missouria Tribe of Indians, Oklahoma",Federally recognized tribe,bia_federal_register,"BIA, Indian Entities Recognized by and Eligible To Receive Services From the United States Bureau of Indian Affairs, 91 FR 4102",https://www.federalregister.gov/documents/2026/01/30/2026-01899/indian-entities-recognized-by-and-eligible-to-receive-services-from-the-united-states-bureau-of,2026-01-30,federal_register_legal_name [exact],Otoe-Missouria,1
CE-00182-RV,Ottawa Tribe of Oklahoma,Federally recognized tribe,bia_federal_register,"BIA, Indian Entities Recognized by and Eligible To Receive Services From the United States Bureau of Indian Affairs, 91 FR 4102",https://www.federalregister.gov/documents/2026/01/30/2026-01899/indian-entities-recognized-by-and-eligible-to-receive-services-from-the-united-states-bureau-of,2026-01-30,canonical_name [exact],Ottawa Tribe of Oklahoma,0
CE-00183-YM,Pala Band of Mission Indians,Federally recognized tribe,bia_federal_register,"BIA, Indian Entities Recognized by and Eligible To Receive Services From the United States Bureau of Indian Affairs, 91 FR 4102",https://www.federalregister.gov/documents/2026/01/30/2026-01899/indian-entities-recognized-by-and-eligible-to-receive-services-from-the-united-states-bureau-of,2026-01-30,federal_register_legal_name [exact],Pala,1
CE-00184-4D,Pamunkey Indian Tribe,Federally recognized tribe,bia_federal_register,"BIA, Indian Entities Recognized by and Eligible To Receive Services From the United States Bureau of Indian Affairs, 91 FR 4102",https://www.federalregister.gov/documents/2026/01/30/2026-01899/indian-entities-recognized-by-and-eligible-to-receive-services-from-the-united-states-bureau-of,2026-01-30,federal_register_legal_name [exact],Pamunkey,1
CE-00185-A6,"Pauma Band of Luiseno Mission Indians of the Pauma & Yuima Reservation, California",Federally recognized tribe,bia_federal_register,"BIA, Indian Entities Recognized by and Eligible To Receive Services From the United States Bureau of Indian Affairs, 91 FR 4102",https://www.federalregister.gov/documents/2026/01/30/2026-01899/indian-entities-recognized-by-and-eligible-to-receive-services-from-the-united-states-bureau-of,2026-01-30,federal_register_legal_name [exact],Pauma,1
CE-00186-GZ,Pawnee Nation of Oklahoma,Federally recognized tribe,bia_federal_register,"BIA, Indian Entities Recognized by and Eligible To Receive Services From the United States Bureau of Indian Affairs, 91 FR 4102",https://www.federalregister.gov/documents/2026/01/30/2026-01899/indian-entities-recognized-by-and-eligible-to-receive-services-from-the-united-states-bureau-of,2026-01-30,canonical_name [exact],Pawnee Nation of Oklahoma,0
CE-00187-PR,"Pechanga Band of Indians (previously listed as Pechanga Band of Luiseno Mission Indians of the Pechanga Reservation, California)",Federally recognized tribe,bia_federal_register,"BIA, Indian Entities Recognized by and Eligible To Receive Services From the United States Bureau of Indian Affairs, 91 FR 4102",https://www.federalregister.gov/documents/2026/01/30/2026-01899/indian-entities-recognized-by-and-eligible-to-receive-services-from-the-united-states-bureau-of,2026-01-30,federal_register_legal_name [BIA former name],Pechanga,1
CE-00188-WH,"Pueblo of Picuris, New Mexico",Federally recognized tribe,bia_federal_register,"BIA, Indian Entities Recognized by and Eligible To Receive Services From the United States Bureau of Indian Affairs, 91 FR 4102",https://www.federalregister.gov/documents/2026/01/30/2026-01899/indian-entities-recognized-by-and-eligible-to-receive-services-from-the-united-states-bureau-of,2026-01-30,federal_register_legal_name [exact],Pueblo of Picuris,1
CE-00189-2A,Peoria Tribe of Indians of Oklahoma,Federally recognized tribe,bia_federal_register,"BIA, Indian Entities Recognized by and Eligible To Receive Services From the United States Bureau of Indian Affairs, 91 FR 4102",https://www.federalregister.gov/documents/2026/01/30/2026-01899/indian-entities-recognized-by-and-eligible-to-receive-services-from-the-united-states-bureau-of,2026-01-30,canonical_name [exact],Peoria Tribe of Indians of Oklahoma,0
CE-0018A-83,Port Gamble S'Klallam Tribe,Federally recognized tribe,bia_federal_register,"BIA, Indian Entities Recognized by and Eligible To Receive Services From the United States Bureau of Indian Affairs, 91 FR 4102",https://www.federalregister.gov/documents/2026/01/30/2026-01899/indian-entities-recognized-by-and-eligible-to-receive-services-from-the-united-states-bureau-of,2026-01-30,federal_register_legal_name [exact],Port Gamble,1
CE-0018B-EW,"Pit River Tribe, California (includes XL Ranch, Big Bend, Likely, Lookout, Montgomery Creek, and Roaring Creek Rancherias)",Federally recognized tribe,bia_federal_register,"BIA, Indian Entities Recognized by and Eligible To Receive Services From the United States Bureau of Indian Affairs, 91 FR 4102",https://www.federalregister.gov/documents/2026/01/30/2026-01899/indian-entities-recognized-by-and-eligible-to-receive-services-from-the-united-states-bureau-of,2026-01-30,federal_register_legal_name [normalised],Pit River,1
CE-0018C-MN,"PuliklaTribe of Yurok People (previously listed as Resighini Rancheria, California)",Federally recognized tribe,bia_federal_register,"BIA, Indian Entities Recognized by and Eligible To Receive Services From the United States Bureau of Indian Affairs, 91 FR 4102",https://www.federalregister.gov/documents/2026/01/30/2026-01899/indian-entities-recognized-by-and-eligible-to-receive-services-from-the-united-states-bureau-of,2026-01-30,federal_register_legal_name [BIA former name],Resighini,1
CE-0018D-TE,Penobscot Nation,Federally recognized tribe,bia_federal_register,"BIA, Indian Entities Recognized by and Eligible To Receive Services From the United States Bureau of Indian Affairs, 91 FR 4102",https://www.federalregister.gov/documents/2026/01/30/2026-01899/indian-entities-recognized-by-and-eligible-to-receive-services-from-the-united-states-bureau-of,2026-01-30,federal_register_legal_name [exact],Penobscot,1
CE-0018E-07,Ponca Tribe of Nebraska,Federally recognized tribe,bia_federal_register,"BIA, Indian Entities Recognized by and Eligible To Receive Services From the United States Bureau of Indian Affairs, 91 FR 4102",https://www.federalregister.gov/documents/2026/01/30/2026-01899/indian-entities-recognized-by-and-eligible-to-receive-services-from-the-united-states-bureau-of,2026-01-30,federal_register_legal_name [exact],Ponca of Nebraska,1
CE-0018F-60,Ponca Tribe of Indians of Oklahoma,Federally recognized tribe,bia_federal_register,"BIA, Indian Entities Recognized by and Eligible To Receive Services From the United States Bureau of Indian Affairs, 91 FR 4102",https://www.federalregister.gov/documents/2026/01/30/2026-01899/indian-entities-recognized-by-and-eligible-to-receive-services-from-the-united-states-bureau-of,2026-01-30,canonical_name [exact],Ponca Tribe of Indians of Oklahoma,0
CE-0018G-CS,"Pinoleville Pomo Nation, California",Federally recognized tribe,bia_federal_register,"BIA, Indian Entities Recognized by and Eligible To Receive Services From the United States Bureau of Indian Affairs, 91 FR 4102",https://www.federalregister.gov/documents/2026/01/30/2026-01899/indian-entities-recognized-by-and-eligible-to-receive-services-from-the-united-states-bureau-of,2026-01-30,federal_register_legal_name [exact],Pinoleville,1
CE-0018H-JJ,Poarch Band of Creek Indians,Federally recognized tribe,bia_federal_register,"BIA, Indian Entities Recognized by and Eligible To Receive Services From the United States Bureau of Indian Affairs, 91 FR 4102",https://www.federalregister.gov/documents/2026/01/30/2026-01899/indian-entities-recognized-by-and-eligible-to-receive-services-from-the-united-states-bureau-of,2026-01-30,federal_register_legal_name [exact],Poarch,1
CE-0018J-RB,"Pueblo of Pojoaque, New Mexico",Federally recognized tribe,bia_federal_register,"BIA, Indian Entities Recognized by and Eligible To Receive Services From the United States Bureau of Indian Affairs, 91 FR 4102",https://www.federalregister.gov/documents/2026/01/30/2026-01899/indian-entities-recognized-by-and-eligible-to-receive-services-from-the-united-states-bureau-of,2026-01-30,federal_register_legal_name [exact],Pueblo of Pojoaque,1
CE-0018K-Y4,"Pokagon Band of Potawatomi Indians, Michigan and Indiana",Federally recognized tribe,bia_federal_register,"BIA, Indian Entities Recognized by and Eligible To Receive Services From the United States Bureau of Indian Affairs, 91 FR 4102",https://www.federalregister.gov/documents/2026/01/30/2026-01899/indian-entities-recognized-by-and-eligible-to-receive-services-from-the-united-states-bureau-of,2026-01-30,federal_register_legal_name [exact],Pokagon,1
CE-0018M-4X,Prairie Band Potawatomi Nation,Federally recognized tribe,bia_federal_register,"BIA, Indian Entities Recognized by and Eligible To Receive Services From the United States Bureau of Indian Affairs, 91 FR 4102",https://www.federalregister.gov/documents/2026/01/30/2026-01899/indian-entities-recognized-by-and-eligible-to-receive-services-from-the-united-states-bureau-of,2026-01-30,federal_register_legal_name [exact],Prairie Band,1
CE-0018N-AP,Prairie Island Indian Community in the State of Minnesota,Federally recognized tribe,bia_federal_register,"BIA, Indian Entities Recognized by and Eligible To Receive Services From the United States Bureau of Indian Affairs, 91 FR 4102",https://www.federalregister.gov/documents/2026/01/30/2026-01899/indian-entities-recognized-by-and-eligible-to-receive-services-from-the-united-states-bureau-of,2026-01-30,federal_register_legal_name [exact],Prairie Island,1
CE-0018P-GF,Yavapai-Prescott Indian Tribe,Federally recognized tribe,bia_federal_register,"BIA, Indian Entities Recognized by and Eligible To Receive Services From the United States Bureau of Indian Affairs, 91 FR 4102",https://www.federalregister.gov/documents/2026/01/30/2026-01899/indian-entities-recognized-by-and-eligible-to-receive-services-from-the-united-states-bureau-of,2026-01-30,federal_register_legal_name [exact],Yavapai-Prescott,1
CE-0018Q-P8,Paskenta Band of Nomlaki Indians of California,Federally recognized tribe,bia_federal_register,"BIA, Indian Entities Recognized by and Eligible To Receive Services From the United States Bureau of Indian Affairs, 91 FR 4102",https://www.federalregister.gov/documents/2026/01/30/2026-01899/indian-entities-recognized-by-and-eligible-to-receive-services-from-the-united-states-bureau-of,2026-01-30,federal_register_legal_name [exact],Paskenta,1
CE-0018R-W1,Passamaquoddy Tribe,Federally recognized tribe,bia_federal_register,"BIA, Indian Entities Recognized by and Eligible To Receive Services From the United States Bureau of Indian Affairs, 91 FR 4102",https://www.federalregister.gov/documents/2026/01/30/2026-01899/indian-entities-recognized-by-and-eligible-to-receive-services-from-the-united-states-bureau-of,2026-01-30,federal_register_legal_name [exact],Passamaquoddy,1
CE-0018S-2T,Pascua Yaqui Tribe of Arizona,Federally recognized tribe,bia_federal_register,"BIA, Indian Entities Recognized by and Eligible To Receive Services From the United States Bureau of Indian Affairs, 91 FR 4102",https://www.federalregister.gov/documents/2026/01/30/2026-01899/indian-entities-recognized-by-and-eligible-to-receive-services-from-the-united-states-bureau-of,2026-01-30,federal_register_legal_name [exact],Pascua Yaqui,1
CE-0018T-8K,"Potter Valley Tribe, California",Federally recognized tribe,bia_federal_register,"BIA, Indian Entities Recognized by and Eligible To Receive Services From the United States Bureau of Indian Affairs, 91 FR 4102",https://www.federalregister.gov/documents/2026/01/30/2026-01899/indian-entities-recognized-by-and-eligible-to-receive-services-from-the-united-states-bureau-of,2026-01-30,federal_register_legal_name [exact],Potter Valley,1
CE-0018V-EC,"Paiute Indian Tribe of Utah (Cedar Band of Paiutes, Kanosh Band of Paiutes, Koosharem Band of Paiutes, Indian Peaks Band of Paiutes, and Shivwits Band of Paiutes)",Federally recognized tribe,bia_federal_register,"BIA, Indian Entities Recognized by and Eligible To Receive Services From the United States Bureau of Indian Affairs, 91 FR 4102",https://www.federalregister.gov/documents/2026/01/30/2026-01899/indian-entities-recognized-by-and-eligible-to-receive-services-from-the-united-states-bureau-of,2026-01-30,federal_register_legal_name [normalised],Paiute of Utah,1
CE-0018W-M5,Puyallup Tribe of the Puyallup Reservation,Federally recognized tribe,bia_federal_register,"BIA, Indian Entities Recognized by and Eligible To Receive Services From the United States Bureau of Indian Affairs, 91 FR 4102",https://www.federalregister.gov/documents/2026/01/30/2026-01899/indian-entities-recognized-by-and-eligible-to-receive-services-from-the-united-states-bureau-of,2026-01-30,federal_register_legal_name [exact],Puyallup,1
CE-0018X-TY,Picayune Rancheria of Chukchansi Indians of California,Federally recognized tribe,bia_federal_register,"BIA, Indian Entities Recognized by and Eligible To Receive Services From the United States Bureau of Indian Affairs, 91 FR 4102",https://www.federalregister.gov/documents/2026/01/30/2026-01899/indian-entities-recognized-by-and-eligible-to-receive-services-from-the-united-states-bureau-of,2026-01-30,federal_register_legal_name [exact],Picayune,1
CE-0018Y-0Q,"Pyramid Lake Paiute Tribe of the Pyramid Lake Reservation, Nevada",Federally recognized tribe,bia_federal_register,"BIA, Indian Entities Recognized by and Eligible To Receive Services From the United States Bureau of Indian Affairs, 91 FR 4102",https://www.federalregister.gov/documents/2026/01/30/2026-01899/indian-entities-recognized-by-and-eligible-to-receive-services-from-the-united-states-bureau-of,2026-01-30,federal_register_legal_name [exact],Pyramid Lake,1
CE-0018Z-6G,Quapaw Nation,Federally recognized tribe,bia_federal_register,"BIA, Indian Entities Recognized by and Eligible To Receive Services From the United States Bureau of Indian Affairs, 91 FR 4102",https://www.federalregister.gov/documents/2026/01/30/2026-01899/indian-entities-recognized-by-and-eligible-to-receive-services-from-the-united-states-bureau-of,2026-01-30,canonical_name [exact],Quapaw Nation,0
CE-00190-HS,Quartz Valley Indian Community of the Quartz Valley Reservation of California,Federally recognized tribe,bia_federal_register,"BIA, Indian Entities Recognized by and Eligible To Receive Services From the United States Bureau of Indian Affairs, 91 FR 4102",https://www.federalregister.gov/documents/2026/01/30/2026-01899/indian-entities-recognized-by-and-eligible-to-receive-services-from-the-united-states-bureau-of,2026-01-30,federal_register_legal_name [exact],Quartz Valley,1
CE-00191-QJ,"Quechan Tribe of the Fort Yuma Indian Reservation, California & Arizona",Federally recognized tribe,bia_federal_register,"BIA, Indian Entities Recognized by and Eligible To Receive Services From the United States Bureau of Indian Affairs, 91 FR 4102",https://www.federalregister.gov/documents/2026/01/30/2026-01899/indian-entities-recognized-by-and-eligible-to-receive-services-from-the-united-states-bureau-of,2026-01-30,federal_register_legal_name [exact],Quechan,1
CE-00192-XB,Quileute Tribe of the Quileute Reservation,Federally recognized tribe,bia_federal_register,"BIA, Indian Entities Recognized by and Eligible To Receive Services From the United States Bureau of Indian Affairs, 91 FR 4102",https://www.federalregister.gov/documents/2026/01/30/2026-01899/indian-entities-recognized-by-and-eligible-to-receive-services-from-the-united-states-bureau-of,2026-01-30,federal_register_legal_name [exact],Quileute,1
CE-00193-34,Quinault Indian Nation,Federally recognized tribe,bia_federal_register,"BIA, Indian Entities Recognized by and Eligible To Receive Services From the United States Bureau of Indian Affairs, 91 FR 4102",https://www.federalregister.gov/documents/2026/01/30/2026-01899/indian-entities-recognized-by-and-eligible-to-receive-services-from-the-united-states-bureau-of,2026-01-30,federal_register_legal_name [exact],Quinault,1
CE-00194-9X,"Ramona Band of Cahuilla, California",Federally recognized tribe,bia_federal_register,"BIA, Indian Entities Recognized by and Eligible To Receive Services From the United States Bureau of Indian Affairs, 91 FR 4102",https://www.federalregister.gov/documents/2026/01/30/2026-01899/indian-entities-recognized-by-and-eligible-to-receive-services-from-the-united-states-bureau-of,2026-01-30,federal_register_legal_name [exact],Ramona,1
CE-00195-FP,"Redding Rancheria, California",Federally recognized tribe,bia_federal_register,"BIA, Indian Entities Recognized by and Eligible To Receive Services From the United States Bureau of Indian Affairs, 91 FR 4102",https://www.federalregister.gov/documents/2026/01/30/2026-01899/indian-entities-recognized-by-and-eligible-to-receive-services-from-the-united-states-bureau-of,2026-01-30,federal_register_legal_name [exact],Redding,1
CE-00196-NF,Red Cliff Band of Lake Superior Chippewa Indians of Wisconsin,Federally recognized tribe,bia_federal_register,"BIA, Indian Entities Recognized by and Eligible To Receive Services From the United States Bureau of Indian Affairs, 91 FR 4102",https://www.federalregister.gov/documents/2026/01/30/2026-01899/indian-entities-recognized-by-and-eligible-to-receive-services-from-the-united-states-bureau-of,2026-01-30,federal_register_legal_name [exact],Red Cliff,1
CE-00197-V8,"Red Lake Band of Chippewa Indians, Minnesota",Federally recognized tribe,bia_federal_register,"BIA, Indian Entities Recognized by and Eligible To Receive Services From the United States Bureau of Indian Affairs, 91 FR 4102",https://www.federalregister.gov/documents/2026/01/30/2026-01899/indian-entities-recognized-by-and-eligible-to-receive-services-from-the-united-states-bureau-of,2026-01-30,federal_register_legal_name [exact],Red Lake,1
CE-00198-11,Redwood Valley or Little River Band of Pomo Indians of the Redwood Valley Rancheria California,Federally recognized tribe,bia_federal_register,"BIA, Indian Entities Recognized by and Eligible To Receive Services From the United States Bureau of Indian Affairs, 91 FR 4102",https://www.federalregister.gov/documents/2026/01/30/2026-01899/indian-entities-recognized-by-and-eligible-to-receive-services-from-the-united-states-bureau-of,2026-01-30,federal_register_legal_name [exact],Redwood Valley,1
CE-00199-7T,"Rincon Band of Luiseno Indians (previously listed as Rincon Band of Luiseno Mission Indians of Rincon Reservation, California)",Federally recognized tribe,bia_federal_register,"BIA, Indian Entities Recognized by and Eligible To Receive Services From the United States Bureau of Indian Affairs, 91 FR 4102",https://www.federalregister.gov/documents/2026/01/30/2026-01899/indian-entities-recognized-by-and-eligible-to-receive-services-from-the-united-states-bureau-of,2026-01-30,federal_register_legal_name [BIA former name],Rincon,1
CE-0019A-DK,"Round Valley Indian Tribes, Round Valley Reservation, California",Federally recognized tribe,bia_federal_register,"BIA, Indian Entities Recognized by and Eligible To Receive Services From the United States Bureau of Indian Affairs, 91 FR 4102",https://www.federalregister.gov/documents/2026/01/30/2026-01899/indian-entities-recognized-by-and-eligible-to-receive-services-from-the-united-states-bureau-of,2026-01-30,federal_register_legal_name [exact],Round Valley,1
CE-0019B-KC,"Reno-Sparks Indian Colony, Nevada",Federally recognized tribe,bia_federal_register,"BIA, Indian Entities Recognized by and Eligible To Receive Services From the United States Bureau of Indian Affairs, 91 FR 4102",https://www.federalregister.gov/documents/2026/01/30/2026-01899/indian-entities-recognized-by-and-eligible-to-receive-services-from-the-united-states-bureau-of,2026-01-30,federal_register_legal_name [exact],Reno-Sparks,1
CE-0019C-S5,Robinson Rancheria,Federally recognized tribe,bia_federal_register,"BIA, Indian Entities Recognized by and Eligible To Receive Services From the United States Bureau of Indian Affairs, 91 FR 4102",https://www.federalregister.gov/documents/2026/01/30/2026-01899/indian-entities-recognized-by-and-eligible-to-receive-services-from-the-united-states-bureau-of,2026-01-30,federal_register_legal_name [exact],Robinson,1
CE-0019D-ZY,"Chippewa Cree Indians of the Rocky Boy's Reservation, Montana",Federally recognized tribe,bia_federal_register,"BIA, Indian Entities Recognized by and Eligible To Receive Services From the United States Bureau of Indian Affairs, 91 FR 4102",https://www.federalregister.gov/documents/2026/01/30/2026-01899/indian-entities-recognized-by-and-eligible-to-receive-services-from-the-united-states-bureau-of,2026-01-30,federal_register_legal_name [exact],Chippewa-Cree,1
CE-0019E-5Q,"Rosebud Sioux Tribe of the Rosebud Indian Reservation, South Dakota",Federally recognized tribe,bia_federal_register,"BIA, Indian Entities Recognized by and Eligible To Receive Services From the United States Bureau of Indian Affairs, 91 FR 4102",https://www.federalregister.gov/documents/2026/01/30/2026-01899/indian-entities-recognized-by-and-eligible-to-receive-services-from-the-united-states-bureau-of,2026-01-30,federal_register_legal_name [exact],Rosebud,1
CE-0019F-BG,"Rappahannock Tribe, Inc.",Federally recognized tribe,bia_federal_register,"BIA, Indian Entities Recognized by and Eligible To Receive Services From the United States Bureau of Indian Affairs, 91 FR 4102",https://www.federalregister.gov/documents/2026/01/30/2026-01899/indian-entities-recognized-by-and-eligible-to-receive-services-from-the-united-states-bureau-of,2026-01-30,federal_register_legal_name [exact],Rappahannock,1
CE-0019G-H9,Samish Indian Nation,Federally recognized tribe,bia_federal_register,"BIA, Indian Entities Recognized by and Eligible To Receive Services From the United States Bureau of Indian Affairs, 91 FR 4102",https://www.federalregister.gov/documents/2026/01/30/2026-01899/indian-entities-recognized-by-and-eligible-to-receive-services-from-the-united-states-bureau-of,2026-01-30,federal_register_legal_name [exact],Samish,1
CE-0019H-Q2,"Pueblo of Sandia, New Mexico",Federally recognized tribe,bia_federal_register,"BIA, Indian Entities Recognized by and Eligible To Receive Services From the United States Bureau of Indian Affairs, 91 FR 4102",https://www.federalregister.gov/documents/2026/01/30/2026-01899/indian-entities-recognized-by-and-eligible-to-receive-services-from-the-united-states-bureau-of,2026-01-30,federal_register_legal_name [exact],Pueblo of Sandia,1
CE-0019J-XV,"Santee Sioux Nation, Nebraska",Federally recognized tribe,bia_federal_register,"BIA, Indian Entities Recognized by and Eligible To Receive Services From the United States Bureau of Indian Affairs, 91 FR 4102",https://www.federalregister.gov/documents/2026/01/30/2026-01899/indian-entities-recognized-by-and-eligible-to-receive-services-from-the-united-states-bureau-of,2026-01-30,federal_register_legal_name [exact],Santee Sioux,1
CE-0019K-3M,"Stockbridge Munsee Community, Wisconsin",Federally recognized tribe,bia_federal_register,"BIA, Indian Entities Recognized by and Eligible To Receive Services From the United States Bureau of Indian Affairs, 91 FR 4102",https://www.federalregister.gov/documents/2026/01/30/2026-01899/indian-entities-recognized-by-and-eligible-to-receive-services-from-the-united-states-bureau-of,2026-01-30,federal_register_legal_name [exact],Stockbridge,1
CE-0019M-9D,Sac & Fox Nation of Missouri in Kansas and Nebraska,Federally recognized tribe,bia_federal_register,"BIA, Indian Entities Recognized by and Eligible To Receive Services From the United States Bureau of Indian Affairs, 91 FR 4102",https://www.federalregister.gov/documents/2026/01/30/2026-01899/indian-entities-recognized-by-and-eligible-to-receive-services-from-the-united-states-bureau-of,2026-01-30,federal_register_legal_name [exact],Sac & Fox of Missouri,1
CE-0019N-F6,Sac & Fox Tribe of the Mississippi in Iowa,Federally recognized tribe,bia_federal_register,"BIA, Indian Entities Recognized by and Eligible To Receive Services From the United States Bureau of Indian Affairs, 91 FR 4102",https://www.federalregister.gov/documents/2026/01/30/2026-01899/indian-entities-recognized-by-and-eligible-to-receive-services-from-the-united-states-bureau-of,2026-01-30,federal_register_legal_name [exact],Sac & Fox of Mississippi,1
CE-0019P-NZ,"Sac & Fox Nation, Oklahoma",Federally recognized tribe,bia_federal_register,"BIA, Indian Entities Recognized by and Eligible To Receive Services From the United States Bureau of Indian Affairs, 91 FR 4102",https://www.federalregister.gov/documents/2026/01/30/2026-01899/indian-entities-recognized-by-and-eligible-to-receive-services-from-the-united-states-bureau-of,2026-01-30,federal_register_legal_name [exact],Sac and Fox Nation,1
CE-0019Q-VR,"Pueblo of Santa Clara, New Mexico",Federally recognized tribe,bia_federal_register,"BIA, Indian Entities Recognized by and Eligible To Receive Services From the United States Bureau of Indian Affairs, 91 FR 4102",https://www.federalregister.gov/documents/2026/01/30/2026-01899/indian-entities-recognized-by-and-eligible-to-receive-services-from-the-united-states-bureau-of,2026-01-30,federal_register_legal_name [exact],Pueblo of Santa Clara,1
CE-0019R-1H,St. Croix Chippewa Indians of Wisconsin,Federally recognized tribe,bia_federal_register,"BIA, Indian Entities Recognized by and Eligible To Receive Services From the United States Bureau of Indian Affairs, 91 FR 4102",https://www.federalregister.gov/documents/2026/01/30/2026-01899/indian-entities-recognized-by-and-eligible-to-receive-services-from-the-united-states-bureau-of,2026-01-30,federal_register_legal_name [exact],St. Croix,1
CE-0019S-7A,Scotts Valley Band of Pomo Indians of California,Federally recognized tribe,bia_federal_register,"BIA, Indian Entities Recognized by and Eligible To Receive Services From the United States Bureau of Indian Affairs, 91 FR 4102",https://www.federalregister.gov/documents/2026/01/30/2026-01899/indian-entities-recognized-by-and-eligible-to-receive-services-from-the-united-states-bureau-of,2026-01-30,federal_register_legal_name [exact],Scotts Valley,1
CE-0019T-D3,Santo Domingo Pueblo,Federally recognized tribe,bia_federal_register,"BIA, Indian Entities Recognized by and Eligible To Receive Services From the United States Bureau of Indian Affairs, 91 FR 4102",https://www.federalregister.gov/documents/2026/01/30/2026-01899/indian-entities-recognized-by-and-eligible-to-receive-services-from-the-united-states-bureau-of,2026-01-30,federal_register_legal_name [exact],Santo Domingo,1
CE-0019V-KW,"Pueblo of San Felipe, New Mexico",Federally recognized tribe,bia_federal_register,"BIA, Indian Entities Recognized by and Eligible To Receive Services From the United States Bureau of Indian Affairs, 91 FR 4102",https://www.federalregister.gov/documents/2026/01/30/2026-01899/indian-entities-recognized-by-and-eligible-to-receive-services-from-the-united-states-bureau-of,2026-01-30,federal_register_legal_name [exact],Pueblo of San Felipe,1
CE-0019W-SN,Saginaw Chippewa Indian Tribe of Michigan,Federally recognized tribe,bia_federal_register,"BIA, Indian Entities Recognized by and Eligible To Receive Services From the United States Bureau of Indian Affairs, 91 FR 4102",https://www.federalregister.gov/documents/2026/01/30/2026-01899/indian-entities-recognized-by-and-eligible-to-receive-services-from-the-united-states-bureau-of,2026-01-30,federal_register_legal_name [exact],Saginaw Chippewa,1
CE-0019X-ZE,Shawnee Tribe,Federally recognized tribe,bia_federal_register,"BIA, Indian Entities Recognized by and Eligible To Receive Services From the United States Bureau of Indian Affairs, 91 FR 4102",https://www.federalregister.gov/documents/2026/01/30/2026-01899/indian-entities-recognized-by-and-eligible-to-receive-services-from-the-united-states-bureau-of,2026-01-30,canonical_name [exact],Shawnee Tribe,0
CE-0019Y-57,Shoalwater Bay Indian Tribe of the Shoalwater Bay Indian Reservation,Federally recognized tribe,bia_federal_register,"BIA, Indian Entities Recognized by and Eligible To Receive Services From the United States Bureau of Indian Affairs, 91 FR 4102",https://www.federalregister.gov/documents/2026/01/30/2026-01899/indian-entities-recognized-by-and-eligible-to-receive-services-from-the-united-states-bureau-of,2026-01-30,federal_register_legal_name [exact],Shoalwater,1
CE-0019Z-B0,Shinnecock Indian Nation,Federally recognized tribe,bia_federal_register,"BIA, Indian Entities Recognized by and Eligible To Receive Services From the United States Bureau of Indian Affairs, 91 FR 4102",https://www.federalregister.gov/documents/2026/01/30/2026-01899/indian-entities-recognized-by-and-eligible-to-receive-services-from-the-united-states-bureau-of,2026-01-30,federal_register_legal_name [exact],Shinnecock,1
CE-001A0-P9,Sherwood Valley Rancheria of Pomo Indians of California,Federally recognized tribe,bia_federal_register,"BIA, Indian Entities Recognized by and Eligible To Receive Services From the United States Bureau of Indian Affairs, 91 FR 4102",https://www.federalregister.gov/documents/2026/01/30/2026-01899/indian-entities-recognized-by-and-eligible-to-receive-services-from-the-united-states-bureau-of,2026-01-30,federal_register_legal_name [exact],Sherwood Valley,1
CE-001A1-W2,"Shingle Springs Band of Miwok Indians, Shingle Springs Rancheria (Verona Tract), California",Federally recognized tribe,bia_federal_register,"BIA, Indian Entities Recognized by and Eligible To Receive Services From the United States Bureau of Indian Affairs, 91 FR 4102",https://www.federalregister.gov/documents/2026/01/30/2026-01899/indian-entities-recognized-by-and-eligible-to-receive-services-from-the-united-states-bureau-of,2026-01-30,federal_register_legal_name [exact],Shingle Springs,1
CE-001A2-2V,"Pueblo of San Ildefonso, New Mexico",Federally recognized tribe,bia_federal_register,"BIA, Indian Entities Recognized by and Eligible To Receive Services From the United States Bureau of Indian Affairs, 91 FR 4102",https://www.federalregister.gov/documents/2026/01/30/2026-01899/indian-entities-recognized-by-and-eligible-to-receive-services-from-the-united-states-bureau-of,2026-01-30,federal_register_legal_name [exact],Pueblo of San Ildefonso,1
CE-001A3-8M,Confederated Tribes of Siletz Indians of Oregon,Federally recognized tribe,bia_federal_register,"BIA, Indian Entities Recognized by and Eligible To Receive Services From the United States Bureau of Indian Affairs, 91 FR 4102",https://www.federalregister.gov/documents/2026/01/30/2026-01899/indian-entities-recognized-by-and-eligible-to-receive-services-from-the-united-states-bureau-of,2026-01-30,federal_register_legal_name [exact],Siletz Tribe,1
CE-001A4-ED,Skull Valley Band of Goshute Indians of Utah,Federally recognized tribe,bia_federal_register,"BIA, Indian Entities Recognized by and Eligible To Receive Services From the United States Bureau of Indian Affairs, 91 FR 4102",https://www.federalregister.gov/documents/2026/01/30/2026-01899/indian-entities-recognized-by-and-eligible-to-receive-services-from-the-united-states-bureau-of,2026-01-30,federal_register_legal_name [exact],Skull Valley,1
CE-001A5-M6,Skokomish Indian Tribe,Federally recognized tribe,bia_federal_register,"BIA, Indian Entities Recognized by and Eligible To Receive Services From the United States Bureau of Indian Affairs, 91 FR 4102",https://www.federalregister.gov/documents/2026/01/30/2026-01899/indian-entities-recognized-by-and-eligible-to-receive-services-from-the-united-states-bureau-of,2026-01-30,federal_register_legal_name [exact],Skokomish,1
CE-001A6-TZ,Sauk-Suiattle Indian Tribe,Federally recognized tribe,bia_federal_register,"BIA, Indian Entities Recognized by and Eligible To Receive Services From the United States Bureau of Indian Affairs, 91 FR 4102",https://www.federalregister.gov/documents/2026/01/30/2026-01899/indian-entities-recognized-by-and-eligible-to-receive-services-from-the-united-states-bureau-of,2026-01-30,federal_register_legal_name [exact],Sauk-Suiattle,1
CE-001A7-0R,"Sault Ste. Marie Tribe of Chippewa Indians, Michigan",Federally recognized tribe,bia_federal_register,"BIA, Indian Entities Recognized by and Eligible To Receive Services From the United States Bureau of Indian Affairs, 91 FR 4102",https://www.federalregister.gov/documents/2026/01/30/2026-01899/indian-entities-recognized-by-and-eligible-to-receive-services-from-the-united-states-bureau-of,2026-01-30,federal_register_legal_name [exact],Sault Ste. Marie,1
CE-001A8-6H,Summit Lake Paiute Tribe of Nevada,Federally recognized tribe,bia_federal_register,"BIA, Indian Entities Recognized by and Eligible To Receive Services From the United States Bureau of Indian Affairs, 91 FR 4102",https://www.federalregister.gov/documents/2026/01/30/2026-01899/indian-entities-recognized-by-and-eligible-to-receive-services-from-the-united-states-bureau-of,2026-01-30,federal_register_legal_name [exact],Summit Lake,1
CE-001A9-CA,Seminole Tribe of Florida,Federally recognized tribe,bia_federal_register,"BIA, Indian Entities Recognized by and Eligible To Receive Services From the United States Bureau of Indian Affairs, 91 FR 4102",https://www.federalregister.gov/documents/2026/01/30/2026-01899/indian-entities-recognized-by-and-eligible-to-receive-services-from-the-united-states-bureau-of,2026-01-30,federal_register_legal_name [exact],Seminole,1
CE-001AA-J3,The Seminole Nation of Oklahoma,Federally recognized tribe,bia_federal_register,"BIA, Indian Entities Recognized by and Eligible To Receive Services From the United States Bureau of Indian Affairs, 91 FR 4102",https://www.federalregister.gov/documents/2026/01/30/2026-01899/indian-entities-recognized-by-and-eligible-to-receive-services-from-the-united-states-bureau-of,2026-01-30,canonical_name [exact],The Seminole Nation of Oklahoma,0
CE-001AB-RW,Seneca-Cayuga Nation,Federally recognized tribe,bia_federal_register,"BIA, Indian Entities Recognized by and Eligible To Receive Services From the United States Bureau of Indian Affairs, 91 FR 4102",https://www.federalregister.gov/documents/2026/01/30/2026-01899/indian-entities-recognized-by-and-eligible-to-receive-services-from-the-united-states-bureau-of,2026-01-30,canonical_name [exact],Seneca-Cayuga Nation,0
CE-001AC-YN,Seneca Nation of Indians,Federally recognized tribe,bia_federal_register,"BIA, Indian Entities Recognized by and Eligible To Receive Services From the United States Bureau of Indian Affairs, 91 FR 4102",https://www.federalregister.gov/documents/2026/01/30/2026-01899/indian-entities-recognized-by-and-eligible-to-receive-services-from-the-united-states-bureau-of,2026-01-30,federal_register_legal_name [exact],Seneca,1
CE-001AD-4E,"San Carlos Apache Tribe of the San Carlos Reservation, Arizona",Federally recognized tribe,bia_federal_register,"BIA, Indian Entities Recognized by and Eligible To Receive Services From the United States Bureau of Indian Affairs, 91 FR 4102",https://www.federalregister.gov/documents/2026/01/30/2026-01899/indian-entities-recognized-by-and-eligible-to-receive-services-from-the-united-states-bureau-of,2026-01-30,federal_register_legal_name [exact],San Carlos,1
CE-001AE-A7,San Juan Southern Paiute Tribe of Arizona,Federally recognized tribe,bia_federal_register,"BIA, Indian Entities Recognized by and Eligible To Receive Services From the United States Bureau of Indian Affairs, 91 FR 4102",https://www.federalregister.gov/documents/2026/01/30/2026-01899/indian-entities-recognized-by-and-eligible-to-receive-services-from-the-united-states-bureau-of,2026-01-30,federal_register_legal_name [exact],San Juan,1
CE-001AF-G0,Snoqualmie Indian Tribe,Federally recognized tribe,bia_federal_register,"BIA, Indian Entities Recognized by and Eligible To Receive Services From the United States Bureau of Indian Affairs, 91 FR 4102",https://www.federalregister.gov/documents/2026/01/30/2026-01899/indian-entities-recognized-by-and-eligible-to-receive-services-from-the-united-states-bureau-of,2026-01-30,federal_register_legal_name [exact],Snoqualmie,1
CE-001AG-PS,San Pasqual Band of Diegueno Mission Indians of California,Federally recognized tribe,bia_federal_register,"BIA, Indian Entities Recognized by and Eligible To Receive Services From the United States Bureau of Indian Affairs, 91 FR 4102",https://www.federalregister.gov/documents/2026/01/30/2026-01899/indian-entities-recognized-by-and-eligible-to-receive-services-from-the-united-states-bureau-of,2026-01-30,federal_register_legal_name [exact],San Pasqual,1
CE-001AH-WJ,"Soboba Band of Luiseno Indians, California",Federally recognized tribe,bia_federal_register,"BIA, Indian Entities Recognized by and Eligible To Receive Services From the United States Bureau of Indian Affairs, 91 FR 4102",https://www.federalregister.gov/documents/2026/01/30/2026-01899/indian-entities-recognized-by-and-eligible-to-receive-services-from-the-united-states-bureau-of,2026-01-30,federal_register_legal_name [exact],Soboba,1
CE-001AJ-2B,"Sokaogon Chippewa Community, Wisconsin",Federally recognized tribe,bia_federal_register,"BIA, Indian Entities Recognized by and Eligible To Receive Services From the United States Bureau of Indian Affairs, 91 FR 4102",https://www.federalregister.gov/documents/2026/01/30/2026-01899/indian-entities-recognized-by-and-eligible-to-receive-services-from-the-united-states-bureau-of,2026-01-30,federal_register_legal_name [exact],Sokaogon,1
CE-001AK-84,Spokane Tribe of the Spokane Reservation,Federally recognized tribe,bia_federal_register,"BIA, Indian Entities Recognized by and Eligible To Receive Services From the United States Bureau of Indian Affairs, 91 FR 4102",https://www.federalregister.gov/documents/2026/01/30/2026-01899/indian-entities-recognized-by-and-eligible-to-receive-services-from-the-united-states-bureau-of,2026-01-30,federal_register_legal_name [exact],Spokane,1
CE-001AM-EX,Shakopee Mdewakanton Sioux Community of Minnesota,Federally recognized tribe,bia_federal_register,"BIA, Indian Entities Recognized by and Eligible To Receive Services From the United States Bureau of Indian Affairs, 91 FR 4102",https://www.federalregister.gov/documents/2026/01/30/2026-01899/indian-entities-recognized-by-and-eligible-to-receive-services-from-the-united-states-bureau-of,2026-01-30,federal_register_legal_name [exact],Shakopee,1
CE-001AN-MP,"Spirit Lake Tribe, North Dakota",Federally recognized tribe,bia_federal_register,"BIA, Indian Entities Recognized by and Eligible To Receive Services From the United States Bureau of Indian Affairs, 91 FR 4102",https://www.federalregister.gov/documents/2026/01/30/2026-01899/indian-entities-recognized-by-and-eligible-to-receive-services-from-the-united-states-bureau-of,2026-01-30,federal_register_legal_name [exact],Spirit Lake,1
CE-001AP-TF,Squaxin Island Tribe of the Squaxin Island Reservation,Federally recognized tribe,bia_federal_register,"BIA, Indian Entities Recognized by and Eligible To Receive Services From the United States Bureau of Indian Affairs, 91 FR 4102",https://www.federalregister.gov/documents/2026/01/30/2026-01899/indian-entities-recognized-by-and-eligible-to-receive-services-from-the-united-states-bureau-of,2026-01-30,federal_register_legal_name [exact],Squaxin,1
CE-001AQ-08,Saint Regis Mohawk Tribe,Federally recognized tribe,bia_federal_register,"BIA, Indian Entities Recognized by and Eligible To Receive Services From the United States Bureau of Indian Affairs, 91 FR 4102",https://www.federalregister.gov/documents/2026/01/30/2026-01899/indian-entities-recognized-by-and-eligible-to-receive-services-from-the-united-states-bureau-of,2026-01-30,federal_register_legal_name [exact],Saint Regis,1
CE-001AR-61,"Santa Rosa Band of Cahuilla Indians, California",Federally recognized tribe,bia_federal_register,"BIA, Indian Entities Recognized by and Eligible To Receive Services From the United States Bureau of Indian Affairs, 91 FR 4102",https://www.federalregister.gov/documents/2026/01/30/2026-01899/indian-entities-recognized-by-and-eligible-to-receive-services-from-the-united-states-bureau-of,2026-01-30,federal_register_legal_name [exact],Santa Rosa of Cahuilla,1
CE-001AS-CT,"Santa Rosa Indian Community of the Santa Rosa Rancheria, California",Federally recognized tribe,bia_federal_register,"BIA, Indian Entities Recognized by and Eligible To Receive Services From the United States Bureau of Indian Affairs, 91 FR 4102",https://www.federalregister.gov/documents/2026/01/30/2026-01899/indian-entities-recognized-by-and-eligible-to-receive-services-from-the-united-states-bureau-of,2026-01-30,federal_register_legal_name [exact],Santa Rosa,1
CE-001AT-JK,"Salt River Pima-Maricopa Indian Community of the Salt River Reservation, Arizona",Federally recognized tribe,bia_federal_register,"BIA, Indian Entities Recognized by and Eligible To Receive Services From the United States Bureau of Indian Affairs, 91 FR 4102",https://www.federalregister.gov/documents/2026/01/30/2026-01899/indian-entities-recognized-by-and-eligible-to-receive-services-from-the-united-states-bureau-of,2026-01-30,federal_register_legal_name [exact],Salt River,1
CE-001AV-RC,"Pueblo of Santa Ana, New Mexico",Federally recognized tribe,bia_federal_register,"BIA, Indian Entities Recognized by and Eligible To Receive Services From the United States Bureau of Indian Affairs, 91 FR 4102",https://www.federalregister.gov/documents/2026/01/30/2026-01899/indian-entities-recognized-by-and-eligible-to-receive-services-from-the-united-states-bureau-of,2026-01-30,federal_register_legal_name [exact],Pueblo of Santa Ana,1
CE-001AW-Y5,"Santa Ynez Band of Chumash Mission Indians of the Santa Ynez Reservation, California",Federally recognized tribe,bia_federal_register,"BIA, Indian Entities Recognized by and Eligible To Receive Services From the United States Bureau of Indian Affairs, 91 FR 4102",https://www.federalregister.gov/documents/2026/01/30/2026-01899/indian-entities-recognized-by-and-eligible-to-receive-services-from-the-united-states-bureau-of,2026-01-30,federal_register_legal_name [exact],Santa Ynez,1
CE-001AX-4Y,"Southern Ute Indian Tribe of the Southern Ute Reservation, Colorado",Federally recognized tribe,bia_federal_register,"BIA, Indian Entities Recognized by and Eligible To Receive Services From the United States Bureau of Indian Affairs, 91 FR 4102",https://www.federalregister.gov/documents/2026/01/30/2026-01899/indian-entities-recognized-by-and-eligible-to-receive-services-from-the-united-states-bureau-of,2026-01-30,federal_register_legal_name [exact],Southern Ute,1
CE-001AY-AQ,Stillaguamish Tribe of Indians of Washington,Federally recognized tribe,bia_federal_register,"BIA, Indian Entities Recognized by and Eligible To Receive Services From the United States Bureau of Indian Affairs, 91 FR 4102",https://www.federalregister.gov/documents/2026/01/30/2026-01899/indian-entities-recognized-by-and-eligible-to-receive-services-from-the-united-states-bureau-of,2026-01-30,federal_register_legal_name [exact],Stillaguamish,1
CE-001AZ-GG,Standing Rock Sioux Tribe of North & South Dakota,Federally recognized tribe,bia_federal_register,"BIA, Indian Entities Recognized by and Eligible To Receive Services From the United States Bureau of Indian Affairs, 91 FR 4102",https://www.federalregister.gov/documents/2026/01/30/2026-01899/indian-entities-recognized-by-and-eligible-to-receive-services-from-the-united-states-bureau-of,2026-01-30,federal_register_legal_name [exact],Standing Rock,1
CE-001B0-VS,Suquamish Indian Tribe of the Port Madison Reservation,Federally recognized tribe,bia_federal_register,"BIA, Indian Entities Recognized by and Eligible To Receive Services From the United States Bureau of Indian Affairs, 91 FR 4102",https://www.federalregister.gov/documents/2026/01/30/2026-01899/indian-entities-recognized-by-and-eligible-to-receive-services-from-the-united-states-bureau-of,2026-01-30,federal_register_legal_name [exact],Suquamish,1
CE-001B1-1J,"Susanville Indian Rancheria, California",Federally recognized tribe,bia_federal_register,"BIA, Indian Entities Recognized by and Eligible To Receive Services From the United States Bureau of Indian Affairs, 91 FR 4102",https://www.federalregister.gov/documents/2026/01/30/2026-01899/indian-entities-recognized-by-and-eligible-to-receive-services-from-the-united-states-bureau-of,2026-01-30,federal_register_legal_name [exact],Susanville,1
CE-001B2-7B,Swinomish Indian Tribal Community,Federally recognized tribe,bia_federal_register,"BIA, Indian Entities Recognized by and Eligible To Receive Services From the United States Bureau of Indian Affairs, 91 FR 4102",https://www.federalregister.gov/documents/2026/01/30/2026-01899/indian-entities-recognized-by-and-eligible-to-receive-services-from-the-united-states-bureau-of,2026-01-30,federal_register_legal_name [exact],Swinomish,1
CE-001B3-D4,"Sisseton-Wahpeton Oyate of the Lake Traverse Reservation, South Dakota",Federally recognized tribe,bia_federal_register,"BIA, Indian Entities Recognized by and Eligible To Receive Services From the United States Bureau of Indian Affairs, 91 FR 4102",https://www.federalregister.gov/documents/2026/01/30/2026-01899/indian-entities-recognized-by-and-eligible-to-receive-services-from-the-united-states-bureau-of,2026-01-30,federal_register_legal_name [exact],Sisseton-Wahpeton,1
CE-001B4-KX,Sycuan Band of the Kumeyaay Nation,Federally recognized tribe,bia_federal_register,"BIA, Indian Entities Recognized by and Eligible To Receive Services From the United States Bureau of Indian Affairs, 91 FR 4102",https://www.federalregister.gov/documents/2026/01/30/2026-01899/indian-entities-recognized-by-and-eligible-to-receive-services-from-the-united-states-bureau-of,2026-01-30,federal_register_legal_name [exact],Sycuan,1
CE-001B5-SP,Table Mountain Rancheria,Federally recognized tribe,bia_federal_register,"BIA, Indian Entities Recognized by and Eligible To Receive Services From the United States Bureau of Indian Affairs, 91 FR 4102",https://www.federalregister.gov/documents/2026/01/30/2026-01899/indian-entities-recognized-by-and-eligible-to-receive-services-from-the-united-states-bureau-of,2026-01-30,federal_register_legal_name [exact],Table Mountain,1
CE-001B6-ZF,"Pueblo of Taos, New Mexico",Federally recognized tribe,bia_federal_register,"BIA, Indian Entities Recognized by and Eligible To Receive Services From the United States Bureau of Indian Affairs, 91 FR 4102",https://www.federalregister.gov/documents/2026/01/30/2026-01899/indian-entities-recognized-by-and-eligible-to-receive-services-from-the-united-states-bureau-of,2026-01-30,federal_register_legal_name [exact],Pueblo of Taos,1
CE-001B7-58,Tejon Indian Tribe,Federally recognized tribe,bia_federal_register,"BIA, Indian Entities Recognized by and Eligible To Receive Services From the United States Bureau of Indian Affairs, 91 FR 4102",https://www.federalregister.gov/documents/2026/01/30/2026-01899/indian-entities-recognized-by-and-eligible-to-receive-services-from-the-united-states-bureau-of,2026-01-30,federal_register_legal_name [exact],Tejon,1
CE-001B8-B1,Te-Moak Tribe of Western Shoshone Indians of Nevada (Four constituent bands: Battle Mountain Band; Elko Band; South Fork Band; and Wells Band),Federally recognized tribe,bia_federal_register,"BIA, Indian Entities Recognized by and Eligible To Receive Services From the United States Bureau of Indian Affairs, 91 FR 4102",https://www.federalregister.gov/documents/2026/01/30/2026-01899/indian-entities-recognized-by-and-eligible-to-receive-services-from-the-united-states-bureau-of,2026-01-30,federal_register_legal_name [normalised],Te-Moak,1
CE-001B9-HT,Tohono O'odham Nation of Arizona,Federally recognized tribe,bia_federal_register,"BIA, Indian Entities Recognized by and Eligible To Receive Services From the United States Bureau of Indian Affairs, 91 FR 4102",https://www.federalregister.gov/documents/2026/01/30/2026-01899/indian-entities-recognized-by-and-eligible-to-receive-services-from-the-united-states-bureau-of,2026-01-30,federal_register_legal_name [exact],Tohono O'odham,1
CE-001BA-QK,Timbisha Shoshone Tribe,Federally recognized tribe,bia_federal_register,"BIA, Indian Entities Recognized by and Eligible To Receive Services From the United States Bureau of Indian Affairs, 91 FR 4102",https://www.federalregister.gov/documents/2026/01/30/2026-01899/indian-entities-recognized-by-and-eligible-to-receive-services-from-the-united-states-bureau-of,2026-01-30,federal_register_legal_name [exact],Timbi-sha Shoshone,1
CE-001BB-XC,Thlopthlocco Tribal Town,Federally recognized tribe,bia_federal_register,"BIA, Indian Entities Recognized by and Eligible To Receive Services From the United States Bureau of Indian Affairs, 91 FR 4102",https://www.federalregister.gov/documents/2026/01/30/2026-01899/indian-entities-recognized-by-and-eligible-to-receive-services-from-the-united-states-bureau-of,2026-01-30,canonical_name [exact],Thlopthlocco Tribal Town,0
CE-001BC-35,Tolowa Dee-ni' Nation,Federally recognized tribe,bia_federal_register,"BIA, Indian Entities Recognized by and Eligible To Receive Services From the United States Bureau of Indian Affairs, 91 FR 4102",https://www.federalregister.gov/documents/2026/01/30/2026-01899/indian-entities-recognized-by-and-eligible-to-receive-services-from-the-united-states-bureau-of,2026-01-30,federal_register_legal_name [exact],Tolowa Dee-ni',1
CE-001BD-9Y,Tonkawa Tribe of Indians of Oklahoma,Federally recognized tribe,bia_federal_register,"BIA, Indian Entities Recognized by and Eligible To Receive Services From the United States Bureau of Indian Affairs, 91 FR 4102",https://www.federalregister.gov/documents/2026/01/30/2026-01899/indian-entities-recognized-by-and-eligible-to-receive-services-from-the-united-states-bureau-of,2026-01-30,federal_register_legal_name [exact],Tonkawa,1
CE-001BE-FQ,Tonawanda Band of Seneca,Federally recognized tribe,bia_federal_register,"BIA, Indian Entities Recognized by and Eligible To Receive Services From the United States Bureau of Indian Affairs, 91 FR 4102",https://www.federalregister.gov/documents/2026/01/30/2026-01899/indian-entities-recognized-by-and-eligible-to-receive-services-from-the-united-states-bureau-of,2026-01-30,federal_register_legal_name [exact],Tonawanda,1
CE-001BF-NG,Tonto Apache Tribe of Arizona,Federally recognized tribe,bia_federal_register,"BIA, Indian Entities Recognized by and Eligible To Receive Services From the United States Bureau of Indian Affairs, 91 FR 4102",https://www.federalregister.gov/documents/2026/01/30/2026-01899/indian-entities-recognized-by-and-eligible-to-receive-services-from-the-united-states-bureau-of,2026-01-30,federal_register_legal_name [exact],Tonto Apache,1
CE-001BG-V9,"Torres Martinez Desert Cahuilla Indians, California",Federally recognized tribe,bia_federal_register,"BIA, Indian Entities Recognized by and Eligible To Receive Services From the United States Bureau of Indian Affairs, 91 FR 4102",https://www.federalregister.gov/documents/2026/01/30/2026-01899/indian-entities-recognized-by-and-eligible-to-receive-services-from-the-united-states-bureau-of,2026-01-30,federal_register_legal_name [exact],Torres Martinez,1
CE-001BH-12,Tuscarora Nation,Federally recognized tribe,bia_federal_register,"BIA, Indian Entities Recognized by and Eligible To Receive Services From the United States Bureau of Indian Affairs, 91 FR 4102",https://www.federalregister.gov/documents/2026/01/30/2026-01899/indian-entities-recognized-by-and-eligible-to-receive-services-from-the-united-states-bureau-of,2026-01-30,federal_register_legal_name [exact],Tuscarora,1
CE-001BJ-7V,"Pueblo of Tesuque, New Mexico",Federally recognized tribe,bia_federal_register,"BIA, Indian Entities Recognized by and Eligible To Receive Services From the United States Bureau of Indian Affairs, 91 FR 4102",https://www.federalregister.gov/documents/2026/01/30/2026-01899/indian-entities-recognized-by-and-eligible-to-receive-services-from-the-united-states-bureau-of,2026-01-30,federal_register_legal_name [exact],Pueblo of Tesuque,1
CE-001BK-DM,Tulalip Tribes of Washington,Federally recognized tribe,bia_federal_register,"BIA, Indian Entities Recognized by and Eligible To Receive Services From the United States Bureau of Indian Affairs, 91 FR 4102",https://www.federalregister.gov/documents/2026/01/30/2026-01899/indian-entities-recognized-by-and-eligible-to-receive-services-from-the-united-states-bureau-of,2026-01-30,federal_register_legal_name [exact],Tulalip,1
CE-001BM-KD,"Tule River Indian Tribe of the Tule River Reservation, California",Federally recognized tribe,bia_federal_register,"BIA, Indian Entities Recognized by and Eligible To Receive Services From the United States Bureau of Indian Affairs, 91 FR 4102",https://www.federalregister.gov/documents/2026/01/30/2026-01899/indian-entities-recognized-by-and-eligible-to-receive-services-from-the-united-states-bureau-of,2026-01-30,federal_register_legal_name [exact],Tule River,1
CE-001BN-S6,Tunica-Biloxi Indian Tribe,Federally recognized tribe,bia_federal_register,"BIA, Indian Entities Recognized by and Eligible To Receive Services From the United States Bureau of Indian Affairs, 91 FR 4102",https://www.federalregister.gov/documents/2026/01/30/2026-01899/indian-entities-recognized-by-and-eligible-to-receive-services-from-the-united-states-bureau-of,2026-01-30,federal_register_legal_name [exact],Tunica-Biloxi,1
CE-001BP-ZZ,Tuolumne Band of Me-Wuk Indians of the Tuolumne Rancheria of California,Federally recognized tribe,bia_federal_register,"BIA, Indian Entities Recognized by and Eligible To Receive Services From the United States Bureau of Indian Affairs, 91 FR 4102",https://www.federalregister.gov/documents/2026/01/30/2026-01899/indian-entities-recognized-by-and-eligible-to-receive-services-from-the-united-states-bureau-of,2026-01-30,federal_register_legal_name [exact],Tuolumne,1
CE-001BQ-5R,Turtle Mountain Band of Chippewa Indians of North Dakota,Federally recognized tribe,bia_federal_register,"BIA, Indian Entities Recognized by and Eligible To Receive Services From the United States Bureau of Indian Affairs, 91 FR 4102",https://www.federalregister.gov/documents/2026/01/30/2026-01899/indian-entities-recognized-by-and-eligible-to-receive-services-from-the-united-states-bureau-of,2026-01-30,federal_register_legal_name [exact],Turtle Mountain,1
CE-001BR-BH,Twenty-Nine Palms Band of Mission Indians of California,Federally recognized tribe,bia_federal_register,"BIA, Indian Entities Recognized by and Eligible To Receive Services From the United States Bureau of Indian Affairs, 91 FR 4102",https://www.federalregister.gov/documents/2026/01/30/2026-01899/indian-entities-recognized-by-and-eligible-to-receive-services-from-the-united-states-bureau-of,2026-01-30,federal_register_legal_name [exact],Twenty-Nine Palms,1
CE-001BS-HA,United Keetoowah Band of Cherokee Indians in Oklahoma,Federally recognized tribe,bia_federal_register,"BIA, Indian Entities Recognized by and Eligible To Receive Services From the United States Bureau of Indian Affairs, 91 FR 4102",https://www.federalregister.gov/documents/2026/01/30/2026-01899/indian-entities-recognized-by-and-eligible-to-receive-services-from-the-united-states-bureau-of,2026-01-30,canonical_name [exact],United Keetoowah Band of Cherokee Indians in Oklahoma,0
CE-001BT-Q3,Confederated Tribes of the Umatilla Indian Reservation,Federally recognized tribe,bia_federal_register,"BIA, Indian Entities Recognized by and Eligible To Receive Services From the United States Bureau of Indian Affairs, 91 FR 4102",https://www.federalregister.gov/documents/2026/01/30/2026-01899/indian-entities-recognized-by-and-eligible-to-receive-services-from-the-united-states-bureau-of,2026-01-30,federal_register_legal_name [exact],Umatilla Tribe,1
CE-001BV-XW,Upper Mattaponi Tribe,Federally recognized tribe,bia_federal_register,"BIA, Indian Entities Recognized by and Eligible To Receive Services From the United States Bureau of Indian Affairs, 91 FR 4102",https://www.federalregister.gov/documents/2026/01/30/2026-01899/indian-entities-recognized-by-and-eligible-to-receive-services-from-the-united-states-bureau-of,2026-01-30,federal_register_legal_name [exact],Upper Mattaponi,1
CE-001BW-3N,"Ute Indian Tribe of the Uintah & Ouray Reservation, Utah",Federally recognized tribe,bia_federal_register,"BIA, Indian Entities Recognized by and Eligible To Receive Services From the United States Bureau of Indian Affairs, 91 FR 4102",https://www.federalregister.gov/documents/2026/01/30/2026-01899/indian-entities-recognized-by-and-eligible-to-receive-services-from-the-united-states-bureau-of,2026-01-30,federal_register_legal_name [exact],Ute,1
CE-001BX-9E,"Upper Sioux Community, Minnesota",Federally recognized tribe,bia_federal_register,"BIA, Indian Entities Recognized by and Eligible To Receive Services From the United States Bureau of Indian Affairs, 91 FR 4102",https://www.federalregister.gov/documents/2026/01/30/2026-01899/indian-entities-recognized-by-and-eligible-to-receive-services-from-the-united-states-bureau-of,2026-01-30,federal_register_legal_name [exact],Upper Sioux,1
CE-001BY-F7,Upper Skagit Indian Tribe,Federally recognized tribe,bia_federal_register,"BIA, Indian Entities Recognized by and Eligible To Receive Services From the United States Bureau of Indian Affairs, 91 FR 4102",https://www.federalregister.gov/documents/2026/01/30/2026-01899/indian-entities-recognized-by-and-eligible-to-receive-services-from-the-united-states-bureau-of,2026-01-30,federal_register_legal_name [exact],Upper Skagit,1
CE-001BZ-N0,Ute Mountain Ute Tribe,Federally recognized tribe,bia_federal_register,"BIA, Indian Entities Recognized by and Eligible To Receive Services From the United States Bureau of Indian Affairs, 91 FR 4102",https://www.federalregister.gov/documents/2026/01/30/2026-01899/indian-entities-recognized-by-and-eligible-to-receive-services-from-the-united-states-bureau-of,2026-01-30,federal_register_legal_name [exact],Ute Mountain,1
CE-001C0-09,"Utu Utu Gwaitu Paiute Tribe of the Benton Paiute Reservation, California",Federally recognized tribe,bia_federal_register,"BIA, Indian Entities Recognized by and Eligible To Receive Services From the United States Bureau of Indian Affairs, 91 FR 4102",https://www.federalregister.gov/documents/2026/01/30/2026-01899/indian-entities-recognized-by-and-eligible-to-receive-services-from-the-united-states-bureau-of,2026-01-30,federal_register_legal_name [exact],Benton,1
CE-001C1-62,"Washoe Tribe of Nevada & California (Carson Colony, Dresslerville Colony, Woodfords Community, Stewart Community, & Washoe Ranches)",Federally recognized tribe,bia_federal_register,"BIA, Indian Entities Recognized by and Eligible To Receive Services From the United States Bureau of Indian Affairs, 91 FR 4102",https://www.federalregister.gov/documents/2026/01/30/2026-01899/indian-entities-recognized-by-and-eligible-to-receive-services-from-the-united-states-bureau-of,2026-01-30,federal_register_legal_name [normalised],Washoe,1
CE-001C2-CV,"Ewiiaapaayp Band of Kumeyaay Indians (previously listed as Ewiiaapaayp Band of Kumeyaay Indians, California)",Federally recognized tribe,bia_federal_register,"BIA, Indian Entities Recognized by and Eligible To Receive Services From the United States Bureau of Indian Affairs, 91 FR 4102",https://www.federalregister.gov/documents/2026/01/30/2026-01899/indian-entities-recognized-by-and-eligible-to-receive-services-from-the-united-states-bureau-of,2026-01-30,federal_register_legal_name [BIA former name],Ewiiaapaayp,1
CE-001C3-JM,"Wilton Rancheria, California",Federally recognized tribe,bia_federal_register,"BIA, Indian Entities Recognized by and Eligible To Receive Services From the United States Bureau of Indian Affairs, 91 FR 4102",https://www.federalregister.gov/documents/2026/01/30/2026-01899/indian-entities-recognized-by-and-eligible-to-receive-services-from-the-united-states-bureau-of,2026-01-30,federal_register_legal_name [exact],Wilton,1
CE-001C4-RD,"Wiyot Tribe, California",Federally recognized tribe,bia_federal_register,"BIA, Indian Entities Recognized by and Eligible To Receive Services From the United States Bureau of Indian Affairs, 91 FR 4102",https://www.federalregister.gov/documents/2026/01/30/2026-01899/indian-entities-recognized-by-and-eligible-to-receive-services-from-the-united-states-bureau-of,2026-01-30,federal_register_legal_name [exact],Wiyot,1
CE-001C5-Y6,"Wichita and Affiliated Tribes (Wichita, Keechi, Waco, & Tawakonie), Oklahoma",Federally recognized tribe,bia_federal_register,"BIA, Indian Entities Recognized by and Eligible To Receive Services From the United States Bureau of Indian Affairs, 91 FR 4102",https://www.federalregister.gov/documents/2026/01/30/2026-01899/indian-entities-recognized-by-and-eligible-to-receive-services-from-the-united-states-bureau-of,2026-01-30,federal_register_legal_name [exact],Wichita,1
CE-001C6-4Z,"Walker River Paiute Tribe of the Walker River Reservation, Nevada",Federally recognized tribe,bia_federal_register,"BIA, Indian Entities Recognized by and Eligible To Receive Services From the United States Bureau of Indian Affairs, 91 FR 4102",https://www.federalregister.gov/documents/2026/01/30/2026-01899/indian-entities-recognized-by-and-eligible-to-receive-services-from-the-united-states-bureau-of,2026-01-30,federal_register_legal_name [exact],Walker River,1
CE-001C7-AR,"White Mountain Apache Tribe of the Fort Apache Reservation, Arizona",Federally recognized tribe,bia_federal_register,"BIA, Indian Entities Recognized by and Eligible To Receive Services From the United States Bureau of Indian Affairs, 91 FR 4102",https://www.federalregister.gov/documents/2026/01/30/2026-01899/indian-entities-recognized-by-and-eligible-to-receive-services-from-the-united-states-bureau-of,2026-01-30,federal_register_legal_name [exact],White Mountain,1
CE-001C8-GH,Winnebago Tribe of Nebraska,Federally recognized tribe,bia_federal_register,"BIA, Indian Entities Recognized by and Eligible To Receive Services From the United States Bureau of Indian Affairs, 91 FR 4102",https://www.federalregister.gov/documents/2026/01/30/2026-01899/indian-entities-recognized-by-and-eligible-to-receive-services-from-the-united-states-bureau-of,2026-01-30,federal_register_legal_name [exact],Winnebago,1
CE-001C9-PA,Winnemucca Indian Colony of Nevada,Federally recognized tribe,bia_federal_register,"BIA, Indian Entities Recognized by and Eligible To Receive Services From the United States Bureau of Indian Affairs, 91 FR 4102",https://www.federalregister.gov/documents/2026/01/30/2026-01899/indian-entities-recognized-by-and-eligible-to-receive-services-from-the-united-states-bureau-of,2026-01-30,federal_register_legal_name [exact],Winnemucca,1
CE-001CA-W3,Confederated Tribes of the Warm Springs Reservation of Oregon,Federally recognized tribe,bia_federal_register,"BIA, Indian Entities Recognized by and Eligible To Receive Services From the United States Bureau of Indian Affairs, 91 FR 4102",https://www.federalregister.gov/documents/2026/01/30/2026-01899/indian-entities-recognized-by-and-eligible-to-receive-services-from-the-united-states-bureau-of,2026-01-30,federal_register_legal_name [exact],Warm Springs Tribe,1
CE-001CB-2W,Wyandotte Nation,Federally recognized tribe,bia_federal_register,"BIA, Indian Entities Recognized by and Eligible To Receive Services From the United States Bureau of Indian Affairs, 91 FR 4102",https://www.federalregister.gov/documents/2026/01/30/2026-01899/indian-entities-recognized-by-and-eligible-to-receive-services-from-the-united-states-bureau-of,2026-01-30,canonical_name [exact],Wyandotte Nation,0
CE-001CC-8N,Confederated Tribes and Bands of the Yakama Nation,Federally recognized tribe,bia_federal_register,"BIA, Indian Entities Recognized by and Eligible To Receive Services From the United States Bureau of Indian Affairs, 91 FR 4102",https://www.federalregister.gov/documents/2026/01/30/2026-01899/indian-entities-recognized-by-and-eligible-to-receive-services-from-the-united-states-bureau-of,2026-01-30,federal_register_legal_name [exact],Confederated Yakama,1
CE-001CD-EE,Yankton Sioux Tribe of South Dakota,Federally recognized tribe,bia_federal_register,"BIA, Indian Entities Recognized by and Eligible To Receive Services From the United States Bureau of Indian Affairs, 91 FR 4102",https://www.federalregister.gov/documents/2026/01/30/2026-01899/indian-entities-recognized-by-and-eligible-to-receive-services-from-the-united-states-bureau-of,2026-01-30,federal_register_legal_name [exact],Yankton,1
CE-001CE-M7,"Yuhaaviatam of San Manuel Nation (previously listed as San Manuel Band of Mission Indians, California)",Federally recognized tribe,bia_federal_register,"BIA, Indian Entities Recognized by and Eligible To Receive Services From the United States Bureau of Indian Affairs, 91 FR 4102",https://www.federalregister.gov/documents/2026/01/30/2026-01899/indian-entities-recognized-by-and-eligible-to-receive-services-from-the-united-states-bureau-of,2026-01-30,federal_register_legal_name [normalised],Yuhaaviatam,1
CE-001CF-T0,Ysleta del Sur Pueblo,Federally recognized tribe,bia_federal_register,"BIA, Indian Entities Recognized by and Eligible To Receive Services From the United States Bureau of Indian Affairs, 91 FR 4102",https://www.federalregister.gov/documents/2026/01/30/2026-01899/indian-entities-recognized-by-and-eligible-to-receive-services-from-the-united-states-bureau-of,2026-01-30,federal_register_legal_name [exact],Ysleta del Sur,1
CE-001CG-0S,"Yocha Dehe Wintun Nation, California",Federally recognized tribe,bia_federal_register,"BIA, Indian Entities Recognized by and Eligible To Receive Services From the United States Bureau of Indian Affairs, 91 FR 4102",https://www.federalregister.gov/documents/2026/01/30/2026-01899/indian-entities-recognized-by-and-eligible-to-receive-services-from-the-united-states-bureau-of,2026-01-30,federal_register_legal_name [exact],Yocha Dehe,1
CE-001CH-6J,"Yomba Shoshone Tribe of the Yomba Reservation, Nevada",Federally recognized tribe,bia_federal_register,"BIA, Indian Entities Recognized by and Eligible To Receive Services From the United States Bureau of Indian Affairs, 91 FR 4102",https://www.federalregister.gov/documents/2026/01/30/2026-01899/indian-entities-recognized-by-and-eligible-to-receive-services-from-the-united-states-bureau-of,2026-01-30,federal_register_legal_name [exact],Yomba Shoshone,1
CE-001CJ-CB,"Yerington Paiute Tribe of the Yerington Colony & Campbell Ranch, Nevada",Federally recognized tribe,bia_federal_register,"BIA, Indian Entities Recognized by and Eligible To Receive Services From the United States Bureau of Indian Affairs, 91 FR 4102",https://www.federalregister.gov/documents/2026/01/30/2026-01899/indian-entities-recognized-by-and-eligible-to-receive-services-from-the-united-states-bureau-of,2026-01-30,federal_register_legal_name [exact],Yerington,1
CE-001CK-J4,"Yurok Tribe of the Yurok Reservation, California",Federally recognized tribe,bia_federal_register,"BIA, Indian Entities Recognized by and Eligible To Receive Services From the United States Bureau of Indian Affairs, 91 FR 4102",https://www.federalregister.gov/documents/2026/01/30/2026-01899/indian-entities-recognized-by-and-eligible-to-receive-services-from-the-united-states-bureau-of,2026-01-30,federal_register_legal_name [exact],Yurok,1
CE-001CM-RX,"Pueblo of Zia, New Mexico",Federally recognized tribe,bia_federal_register,"BIA, Indian Entities Recognized by and Eligible To Receive Services From the United States Bureau of Indian Affairs, 91 FR 4102",https://www.federalregister.gov/documents/2026/01/30/2026-01899/indian-entities-recognized-by-and-eligible-to-receive-services-from-the-united-states-bureau-of,2026-01-30,federal_register_legal_name [exact],Pueblo of Zia,1
CE-001CN-YP,"Zuni Tribe of the Zuni Reservation, New Mexico",Federally recognized tribe,bia_federal_register,"BIA, Indian Entities Recognized by and Eligible To Receive Services From the United States Bureau of Indian Affairs, 91 FR 4102",https://www.federalregister.gov/documents/2026/01/30/2026-01899/indian-entities-recognized-by-and-eligible-to-receive-services-from-the-united-states-bureau-of,2026-01-30,federal_register_legal_name [exact],Zuni,1
CE-001CP-4F,Accohannock Indian Tribe,State-recognized tribe,cedar_internal,Cedar Press - no authoritative external register publishes a name for this entity class,,,no external register for this class,Accohannock Indian Tribe,0
CE-001CQ-A8,Adai Caddo Indians of Louisiana,State-recognized tribe,cedar_internal,Cedar Press - no authoritative external register publishes a name for this entity class,,,no external register for this class,Adai Caddo Indians of Louisiana,0
CE-001CR-G1,United Cherokee Ani-Yun-WiYa Nation,State-recognized tribe,cedar_internal,Cedar Press - no authoritative external register publishes a name for this entity class,,,no external register for this class,United Cherokee Ani-Yun-WiYa Nation,0
CE-001CS-PT,Bayou Lafourche Band of BiloxiChitimacha Confederation of Muskogees,State-recognized tribe,cedar_internal,Cedar Press - no authoritative external register publishes a name for this entity class,,,no external register for this class,Bayou Lafourche Band of BiloxiChitimacha Confederation of Muskogees,0
CE-001CT-WK,Beaver Creek Indians,State-recognized tribe,cedar_internal,Cedar Press - no authoritative external register publishes a name for this entity class,,,no external register for this class,Beaver Creek Indians,0
CE-001CV-2C,Chaubunagungamaug Band of Nipmuck Indians,State-recognized tribe,cedar_internal,Cedar Press - no authoritative external register publishes a name for this entity class,,,no external register for this class,Chaubunagungamaug Band of Nipmuck Indians,0
CE-001CW-85,Cher-O-Creek Intratribal Indians,State-recognized tribe,cedar_internal,Cedar Press - no authoritative external register publishes a name for this entity class,,,no external register for this class,Cher-O-Creek Intratribal Indians,0
CE-001CX-EY,Cherokee of Georgia Tribal Council,State-recognized tribe,cedar_internal,Cedar Press - no authoritative external register publishes a name for this entity class,,,no external register for this class,Cherokee of Georgia Tribal Council,0
CE-001CY-MQ,Cherokee Tribe of Northeast Alabama,State-recognized tribe,cedar_internal,Cedar Press - no authoritative external register publishes a name for this entity class,,,no external register for this class,Cherokee Tribe of Northeast Alabama,0
CE-001CZ-TG,Chappaquiddick Tribe of the Wampanoag Indian Nation,State-recognized tribe,cedar_internal,Cedar Press - no authoritative external register publishes a name for this entity class,,,no external register for this class,Chappaquiddick Tribe of the Wampanoag Indian Nation,0
CE-001D0-5S,Clifton Choctaw Tribe of Louisiana,State-recognized tribe,cedar_internal,Cedar Press - no authoritative external register publishes a name for this entity class,,,no external register for this class,Clifton Choctaw Tribe of Louisiana,0
CE-001D1-BJ,Coharie Indian Tribe,State-recognized tribe,cedar_internal,Cedar Press - no authoritative external register publishes a name for this entity class,,,no external register for this class,Coharie Indian Tribe,0
CE-001D2-HB,Cheroenhaka (Nottoway) Indian Tribe,State-recognized tribe,cedar_internal,Cedar Press - no authoritative external register publishes a name for this entity class,,,no external register for this class,Cheroenhaka (Nottoway) Indian Tribe,0
CE-001D3-Q4,Echota Cherokee Tribe of Alabama,State-recognized tribe,cedar_internal,Cedar Press - no authoritative external register publishes a name for this entity class,,,no external register for this class,Echota Cherokee Tribe of Alabama,0
CE-001D4-XX,"Eastern Cherokee, Southern Iroquois, and United Tribes of South Carolina",State-recognized tribe,cedar_internal,Cedar Press - no authoritative external register publishes a name for this entity class,,,no external register for this class,"Eastern Cherokee, Southern Iroquois, and United Tribes of South Carolina",0
CE-001D5-3P,Edisto Natchez-Kusso Tribe of South Carolina,State-recognized tribe,cedar_internal,Cedar Press - no authoritative external register publishes a name for this entity class,,,no external register for this class,Edisto Natchez-Kusso Tribe of South Carolina,0
CE-001D6-9F,Elnu Abenaki Tribe,State-recognized tribe,cedar_internal,Cedar Press - no authoritative external register publishes a name for this entity class,,,no external register for this class,Elnu Abenaki Tribe,0
CE-001D7-F8,Eastern Pequot Tribal Nation,State-recognized tribe,cedar_internal,Cedar Press - no authoritative external register publishes a name for this entity class,,,no external register for this class,Eastern Pequot Tribal Nation,0
CE-001D8-N1,Four Winds Cherokee,State-recognized tribe,cedar_internal,Cedar Press - no authoritative external register publishes a name for this entity class,,,no external register for this class,Four Winds Cherokee,0
CE-001D9-VT,Georgia Tribe of Eastern Cherokee,State-recognized tribe,cedar_internal,Cedar Press - no authoritative external register publishes a name for this entity class,,,no external register for this class,Georgia Tribe of Eastern Cherokee,0
CE-001DA-1K,Grand Caillou/Dulac Band of Biloxi Chitimacha Choctaw,State-recognized tribe,cedar_internal,Cedar Press - no authoritative external register publishes a name for this entity class,,,no external register for this class,Grand Caillou/Dulac Band of Biloxi Chitimacha Choctaw,0
CE-001DB-7C,Golden Hill Paugussett,State-recognized tribe,cedar_internal,Cedar Press - no authoritative external register publishes a name for this entity class,,,no external register for this class,Golden Hill Paugussett,0
CE-001DC-D5,Haliwa-Saponi Indian Tribe,State-recognized tribe,cedar_internal,Cedar Press - no authoritative external register publishes a name for this entity class,,,no external register for this class,Haliwa-Saponi Indian Tribe,0
CE-001DD-KY,Herring Pond Wampanoag Tribe,State-recognized tribe,cedar_internal,Cedar Press - no authoritative external register publishes a name for this entity class,,,no external register for this class,Herring Pond Wampanoag Tribe,0
CE-001DE-SQ,Hassanamisco Nipmuc Band,State-recognized tribe,cedar_internal,Cedar Press - no authoritative external register publishes a name for this entity class,,,no external register for this class,Hassanamisco Nipmuc Band,0
CE-001DF-ZG,Jean Charles Choctaw Nation,State-recognized tribe,cedar_internal,Cedar Press - no authoritative external register publishes a name for this entity class,,,no external register for this class,Jean Charles Choctaw Nation,0
CE-001DG-59,Koasek Traditional Band of the Koas Abenaki Nation,State-recognized tribe,cedar_internal,Cedar Press - no authoritative external register publishes a name for this entity class,,,no external register for this class,Koasek Traditional Band of the Koas Abenaki Nation,0
CE-001DH-B2,Louisiana Band of Choctaw,State-recognized tribe,cedar_internal,Cedar Press - no authoritative external register publishes a name for this entity class,,,no external register for this class,Louisiana Band of Choctaw,0
CE-001DJ-HV,Lenape Indian Tribe of Delaware,State-recognized tribe,cedar_internal,Cedar Press - no authoritative external register publishes a name for this entity class,,,no external register for this class,Lenape Indian Tribe of Delaware,0
CE-001DK-QM,Lower Muskogee Creek Tribe,State-recognized tribe,cedar_internal,Cedar Press - no authoritative external register publishes a name for this entity class,,,no external register for this class,Lower Muskogee Creek Tribe,0
CE-001DM-XD,Ma-Chis Lower Creek Indian Tribe of Alabama,State-recognized tribe,cedar_internal,Cedar Press - no authoritative external register publishes a name for this entity class,,,no external register for this class,Ma-Chis Lower Creek Indian Tribe of Alabama,0
CE-001DN-36,Meherrin Indian Tribe,State-recognized tribe,cedar_internal,Cedar Press - no authoritative external register publishes a name for this entity class,,,no external register for this class,Meherrin Indian Tribe,0
CE-001DP-9Z,Abenaki Nation of Missisquoi,State-recognized tribe,cedar_internal,Cedar Press - no authoritative external register publishes a name for this entity class,,,no external register for this class,Abenaki Nation of Missisquoi,0
CE-001DQ-FR,Mattaponi,State-recognized tribe,cedar_internal,Cedar Press - no authoritative external register publishes a name for this entity class,,,no external register for this class,Mattaponi,0
CE-001DR-NH,MOWA Band of Chocktaw Indians,State-recognized tribe,cedar_internal,Cedar Press - no authoritative external register publishes a name for this entity class,,,no external register for this class,MOWA Band of Chocktaw Indians,0
CE-001DS-VA,Nanticoke Lenni-Lenape Tribal Nation,State-recognized tribe,cedar_internal,Cedar Press - no authoritative external register publishes a name for this entity class,,,no external register for this class,Nanticoke Lenni-Lenape Tribal Nation,0
CE-001DT-13,Natchitoches Tribe of Louisiana,State-recognized tribe,cedar_internal,Cedar Press - no authoritative external register publishes a name for this entity class,,,no external register for this class,Natchitoches Tribe of Louisiana,0
CE-001DV-7W,Nipmuc Nation,State-recognized tribe,cedar_internal,Cedar Press - no authoritative external register publishes a name for this entity class,,,no external register for this class,Nipmuc Nation,0
CE-001DW-DN,Nulhegan Band of the Coosuk Abenaki Nation,State-recognized tribe,cedar_internal,Cedar Press - no authoritative external register publishes a name for this entity class,,,no external register for this class,Nulhegan Band of the Coosuk Abenaki Nation,0
CE-001DX-KE,Nanticoke Indian Tribe,State-recognized tribe,cedar_internal,Cedar Press - no authoritative external register publishes a name for this entity class,,,no external register for this class,Nanticoke Indian Tribe,0
CE-001DY-S7,Nottoway Indian Tribe of Virginia,State-recognized tribe,cedar_internal,Cedar Press - no authoritative external register publishes a name for this entity class,,,no external register for this class,Nottoway Indian Tribe of Virginia,0
CE-001DZ-Z0,Occaneechi Band of the Saponi Nation,State-recognized tribe,cedar_internal,Cedar Press - no authoritative external register publishes a name for this entity class,,,no external register for this class,Occaneechi Band of the Saponi Nation,0
CE-001E0-A9,Piscataway Conoy Tribe,State-recognized tribe,cedar_internal,Cedar Press - no authoritative external register publishes a name for this entity class,,,no external register for this class,Piscataway Conoy Tribe,0
CE-001E1-G2,Piscataway Indian Nation,State-recognized tribe,cedar_internal,Cedar Press - no authoritative external register publishes a name for this entity class,,,no external register for this class,Piscataway Indian Nation,0
CE-001E2-PV,Piedmont American Indian Association Lower Eastern Cherokee Nation,State-recognized tribe,cedar_internal,Cedar Press - no authoritative external register publishes a name for this entity class,,,no external register for this class,Piedmont American Indian Association Lower Eastern Cherokee Nation,0
CE-001E3-WM,Pee Dee Indian Tribe,State-recognized tribe,cedar_internal,Cedar Press - no authoritative external register publishes a name for this entity class,,,no external register for this class,Pee Dee Indian Tribe,0
CE-001E4-2D,Pocasset Wampanoag Tribe of the Pokanoket Nation,State-recognized tribe,cedar_internal,Cedar Press - no authoritative external register publishes a name for this entity class,,,no external register for this class,Pocasset Wampanoag Tribe of the Pokanoket Nation,0
CE-001E5-86,Piqua Shawnee Tribe,State-recognized tribe,cedar_internal,Cedar Press - no authoritative external register publishes a name for this entity class,,,no external register for this class,Piqua Shawnee Tribe,0
CE-001E6-EZ,Pointe-au-Chien Indian Tribe,State-recognized tribe,cedar_internal,Cedar Press - no authoritative external register publishes a name for this entity class,,,no external register for this class,Pointe-au-Chien Indian Tribe,0
CE-001E7-MR,Patawomeck Indian Tribe of Virginia,State-recognized tribe,cedar_internal,Cedar Press - no authoritative external register publishes a name for this entity class,,,no external register for this class,Patawomeck Indian Tribe of Virginia,0
CE-001E8-TH,Powhatan Renape Nation,State-recognized tribe,cedar_internal,Cedar Press - no authoritative external register publishes a name for this entity class,,,no external register for this class,Powhatan Renape Nation,0
CE-001E9-0A,Ramapough Lenape Nation,State-recognized tribe,cedar_internal,Cedar Press - no authoritative external register publishes a name for this entity class,,,no external register for this class,Ramapough Lenape Nation,0
CE-001EA-63,The Santee Indian Organization,State-recognized tribe,cedar_internal,Cedar Press - no authoritative external register publishes a name for this entity class,,,no external register for this class,The Santee Indian Organization,0
CE-001EB-CW,Sappony,State-recognized tribe,cedar_internal,Cedar Press - no authoritative external register publishes a name for this entity class,,,no external register for this class,Sappony,0
CE-001EC-JN,Seaconke Wampanoag Tribe,State-recognized tribe,cedar_internal,Cedar Press - no authoritative external register publishes a name for this entity class,,,no external register for this class,Seaconke Wampanoag Tribe,0
CE-001ED-RE,Southeastern Mvskoke Nation,State-recognized tribe,cedar_internal,Cedar Press - no authoritative external register publishes a name for this entity class,,,no external register for this class,Southeastern Mvskoke Nation,0
CE-001EE-Y7,Sumter Tribe of Cheraw Indians,State-recognized tribe,cedar_internal,Cedar Press - no authoritative external register publishes a name for this entity class,,,no external register for this class,Sumter Tribe of Cheraw Indians,0
CE-001EF-40,Choctaw-Apache Tribe of Ebarb,State-recognized tribe,cedar_internal,Cedar Press - no authoritative external register publishes a name for this entity class,,,no external register for this class,Choctaw-Apache Tribe of Ebarb,0
CE-001EG-AS,United Houma Nation,State-recognized tribe,cedar_internal,Cedar Press - no authoritative external register publishes a name for this entity class,,,no external register for this class,United Houma Nation,0
CE-001EH-GJ,Unkechaug Nation,State-recognized tribe,cedar_internal,Cedar Press - no authoritative external register publishes a name for this entity class,,,no external register for this class,Unkechaug Nation,0
CE-001EJ-PB,Pee Dee Indian Nation of Upper South Carolina,State-recognized tribe,cedar_internal,Cedar Press - no authoritative external register publishes a name for this entity class,,,no external register for this class,Pee Dee Indian Nation of Upper South Carolina,0
CE-001EK-W4,The Waccamaw Indian People,State-recognized tribe,cedar_internal,Cedar Press - no authoritative external register publishes a name for this entity class,,,no external register for this class,The Waccamaw Indian People,0
CE-001EM-2X,Waccamaw Siouan Indians,State-recognized tribe,cedar_internal,Cedar Press - no authoritative external register publishes a name for this entity class,,,no external register for this class,Waccamaw Siouan Indians,0
CE-001EN-8P,The Wassamasaw Tribe of Varnertown Indians,State-recognized tribe,cedar_internal,Cedar Press - no authoritative external register publishes a name for this entity class,,,no external register for this class,The Wassamasaw Tribe of Varnertown Indians,0
CE-001EP-EF,Bakersfield American Indian Health Project,Urban Indian Organization,cedar_internal,Cedar Press - no authoritative external register publishes a name for this entity class,,,no external register for this class,Bakersfield American Indian Health Project,0
CE-001EQ-M8,Billings Urban Indian Health and Wellness Center,Urban Indian Organization,cedar_internal,Cedar Press - no authoritative external register publishes a name for this entity class,,,no external register for this class,Billings Urban Indian Health and Wellness Center,0
CE-001ER-T1,Butte Native Wellness Center,Urban Indian Organization,cedar_internal,Cedar Press - no authoritative external register publishes a name for this entity class,,,no external register for this class,Butte Native Wellness Center,0
CE-001ES-0T,California Consortium for Urban Indian Health,Urban Indian Organization,cedar_internal,Cedar Press - no authoritative external register publishes a name for this entity class,,,no external register for this class,California Consortium for Urban Indian Health,0
CE-001ET-6K,"Denver Indian Health & Family Service, Inc.",Urban Indian Organization,cedar_internal,Cedar Press - no authoritative external register publishes a name for this entity class,,,no external register for this class,"Denver Indian Health & Family Service, Inc.",0
CE-001EV-CC,"Native Directions, Inc.",Urban Indian Organization,cedar_internal,Cedar Press - no authoritative external register publishes a name for this entity class,,,no external register for this class,"Native Directions, Inc.",0
CE-001EW-J5,Indian Family Health Clinic,Urban Indian Organization,cedar_internal,Cedar Press - no authoritative external register publishes a name for this entity class,,,no external register for this class,Indian Family Health Clinic,0
CE-001EX-RY,Friendship House Association of American Indians,Urban Indian Organization,cedar_internal,Cedar Press - no authoritative external register publishes a name for this entity class,,,no external register for this class,Friendship House Association of American Indians,0
CE-001EY-YQ,Fresno American Indian Health Project,Urban Indian Organization,cedar_internal,Cedar Press - no authoritative external register publishes a name for this entity class,,,no external register for this class,Fresno American Indian Health Project,0
CE-001EZ-4G,First Nations Community HealthSource,Urban Indian Organization,cedar_internal,Cedar Press - no authoritative external register publishes a name for this entity class,,,no external register for this class,First Nations Community HealthSource,0
CE-001F0-FS,Gerald L. Ignace Indian Health Center,Urban Indian Organization,cedar_internal,Cedar Press - no authoritative external register publishes a name for this entity class,,,no external register for this class,Gerald L. Ignace Indian Health Center,0
CE-001F1-NJ,Native Health,Urban Indian Organization,cedar_internal,Cedar Press - no authoritative external register publishes a name for this entity class,,,no external register for this class,Native Health,0
CE-001F2-VB,Helena Indian Alliance,Urban Indian Organization,cedar_internal,Cedar Press - no authoritative external register publishes a name for this entity class,,,no external register for this class,Helena Indian Alliance,0
CE-001F3-14,"Indian Health Board of Minneapolis, Inc.",Urban Indian Organization,cedar_internal,Cedar Press - no authoritative external register publishes a name for this entity class,,,no external register for this class,"Indian Health Board of Minneapolis, Inc.",0
CE-001F4-7X,Indian Health Care Resource Center of Tulsa,Urban Indian Organization,cedar_internal,Cedar Press - no authoritative external register publishes a name for this entity class,,,no external register for this class,Indian Health Care Resource Center of Tulsa,0
CE-001F5-DP,Indian Health Center of Santa Clara Valley,Urban Indian Organization,cedar_internal,Cedar Press - no authoritative external register publishes a name for this entity class,,,no external register for this class,Indian Health Center of Santa Clara Valley,0
CE-001F6-KF,Hunter Health,Urban Indian Organization,cedar_internal,Cedar Press - no authoritative external register publishes a name for this entity class,,,no external register for this class,Hunter Health,0
CE-001F7-S8,Juel Fairbanks Recovery Services,Urban Indian Organization,cedar_internal,Cedar Press - no authoritative external register publishes a name for this entity class,,,no external register for this class,Juel Fairbanks Recovery Services,0
CE-001F8-Z1,Oklahoma City Indian Clinic,Urban Indian Organization,cedar_internal,Cedar Press - no authoritative external register publishes a name for this entity class,,,no external register for this class,Oklahoma City Indian Clinic,0
CE-001F9-5T,Kansas City Indian Center,Urban Indian Organization,cedar_internal,Cedar Press - no authoritative external register publishes a name for this entity class,,,no external register for this class,Kansas City Indian Center,0
CE-001FA-BK,All Nations Health Center,Urban Indian Organization,cedar_internal,Cedar Press - no authoritative external register publishes a name for this entity class,,,no external register for this class,All Nations Health Center,0
CE-001FB-HC,Montana Consortium for Urban Indian Health,Urban Indian Organization,cedar_internal,Cedar Press - no authoritative external register publishes a name for this entity class,,,no external register for this class,Montana Consortium for Urban Indian Health,0
CE-001FC-Q5,Native American Connections,Urban Indian Organization,cedar_internal,Cedar Press - no authoritative external register publishes a name for this entity class,,,no external register for this class,Native American Connections,0
CE-001FD-XY,"American Indian Council on Alcoholism, Inc.",Urban Indian Organization,cedar_internal,Cedar Press - no authoritative external register publishes a name for this entity class,,,no external register for this class,"American Indian Council on Alcoholism, Inc.",0
CE-001FE-3Q,American Indian Health & Family Services,Urban Indian Organization,cedar_internal,Cedar Press - no authoritative external register publishes a name for this entity class,,,no external register for this class,American Indian Health & Family Services,0
CE-001FF-9G,American Indian Health & Services Corporation,Urban Indian Organization,cedar_internal,Cedar Press - no authoritative external register publishes a name for this entity class,,,no external register for this class,American Indian Health & Services Corporation,0
CE-001FG-F9,"Native American Health Center, Inc.",Urban Indian Organization,cedar_internal,Cedar Press - no authoritative external register publishes a name for this entity class,,,no external register for this class,"Native American Health Center, Inc.",0
CE-001FH-N2,American Indian Health Service of Chicago,Urban Indian Organization,cedar_internal,Cedar Press - no authoritative external register publishes a name for this entity class,,,no external register for this class,American Indian Health Service of Chicago,0
CE-001FJ-VV,"Native American LifeLines, Inc.",Urban Indian Organization,cedar_internal,Cedar Press - no authoritative external register publishes a name for this entity class,,,no external register for this class,"Native American LifeLines, Inc.",0
CE-001FK-1M,"Native American Rehabilitation Association of the Northwest, Inc.",Urban Indian Organization,cedar_internal,Cedar Press - no authoritative external register publishes a name for this entity class,,,no external register for this class,"Native American Rehabilitation Association of the Northwest, Inc.",0
CE-001FM-7D,Native Americans for Community Action,Urban Indian Organization,cedar_internal,Cedar Press - no authoritative external register publishes a name for this entity class,,,no external register for this class,Native Americans for Community Action,0
CE-001FN-D6,Nebraska Urban Indian Health Coalition,Urban Indian Organization,cedar_internal,Cedar Press - no authoritative external register publishes a name for this entity class,,,no external register for this class,Nebraska Urban Indian Health Coalition,0
CE-001FP-KZ,"Nevada Urban Indians, Inc.",Urban Indian Organization,cedar_internal,Cedar Press - no authoritative external register publishes a name for this entity class,,,no external register for this class,"Nevada Urban Indians, Inc.",0
CE-001FQ-SR,"New York Indian Council, Inc.",Urban Indian Organization,cedar_internal,Cedar Press - no authoritative external register publishes a name for this entity class,,,no external register for this class,"New York Indian Council, Inc.",0
CE-001FR-ZH,The NATIVE Project,Urban Indian Organization,cedar_internal,Cedar Press - no authoritative external register publishes a name for this entity class,,,no external register for this class,The NATIVE Project,0
CE-001FS-5A,Urban Indian Health Institute,Urban Indian Organization,cedar_internal,Cedar Press - no authoritative external register publishes a name for this entity class,,,no external register for this class,Urban Indian Health Institute,0
CE-001FT-B3,Urban Inter-Tribal Center of Texas,Urban Indian Organization,cedar_internal,Cedar Press - no authoritative external register publishes a name for this entity class,,,no external register for this class,Urban Inter-Tribal Center of Texas,0
CE-001FV-HW,Urban Indian Center of Salt Lake,Urban Indian Organization,cedar_internal,Cedar Press - no authoritative external register publishes a name for this entity class,,,no external register for this class,Urban Indian Center of Salt Lake,0
CE-001FW-QN,"Sacramento Native American Health Center, Inc.",Urban Indian Organization,cedar_internal,Cedar Press - no authoritative external register publishes a name for this entity class,,,no external register for this class,"Sacramento Native American Health Center, Inc.",0
CE-001FX-XE,San Diego American Indian Health Center,Urban Indian Organization,cedar_internal,Cedar Press - no authoritative external register publishes a name for this entity class,,,no external register for this class,San Diego American Indian Health Center,0
CE-001FY-37,South Dakota Urban Indian Health,Urban Indian Organization,cedar_internal,Cedar Press - no authoritative external register publishes a name for this entity class,,,no external register for this class,South Dakota Urban Indian Health,0
CE-001FZ-90,Seattle Indian Health Board,Urban Indian Organization,cedar_internal,Cedar Press - no authoritative external register publishes a name for this entity class,,,no external register for this class,Seattle Indian Health Board,0
CE-001G0-M9,Tucson Indian Center,Urban Indian Organization,cedar_internal,Cedar Press - no authoritative external register publishes a name for this entity class,,,no external register for this class,Tucson Indian Center,0
CE-001GM-CX,Native Ways Federation,Native nonprofit,givenative,"GiveNative, Native nonprofit directory",https://www.givenative.org/search?orgScope=on,2026-09-04,,Native Ways Federation,0
CE-001GN-JP,American Indian Community House (AICH),Native nonprofit,givenative,"GiveNative, Native nonprofit directory",https://www.givenative.org/search?orgScope=on,2026-09-04,,American Indian Community House (AICH),0
CE-001GP-RF,Midwest Indigenous Immersion Network,Native nonprofit,givenative,"GiveNative, Native nonprofit directory",https://www.givenative.org/search?orgScope=on,2026-09-04,,Midwest Indigenous Immersion Network,0
CE-001GQ-Y8,Navajo Townsite Community Development Corporation,Native nonprofit,givenative,"GiveNative, Native nonprofit directory",https://www.givenative.org/search?orgScope=on,2026-09-04,,Navajo Townsite Community Development Corporation,0
CE-001GR-41,Dream of Wild Health,Native nonprofit,givenative,"GiveNative, Native nonprofit directory",https://www.givenative.org/search?orgScope=on,2026-09-04,,Dream of Wild Health,0
CE-001GS-AT,Native American Community Services of Erie and Niagara Counties Inc,Native nonprofit,givenative,"GiveNative, Native nonprofit directory",https://www.givenative.org/search?orgScope=on,2026-09-04,,Native American Community Services of Erie and Niagara Counties Inc,0
CE-001GT-GK,Koahnic Broadcast Corporation,Native nonprofit,givenative,"GiveNative, Native nonprofit directory",https://www.givenative.org/search?orgScope=on,2026-09-04,,Koahnic Broadcast Corporation,0
CE-001GV-PC,Local Indians for Education,Native nonprofit,givenative,"GiveNative, Native nonprofit directory",https://www.givenative.org/search?orgScope=on,2026-09-04,,Local Indians for Education,0
CE-001GW-W5,Indigenous Community Empowerment Network,Native nonprofit,givenative,"GiveNative, Native nonprofit directory",https://www.givenative.org/search?orgScope=on,2026-09-04,,Indigenous Community Empowerment Network,0
CE-001GX-2Y,Southwestern Association for Indian Arts Inc,Native nonprofit,givenative,"GiveNative, Native nonprofit directory",https://www.givenative.org/search?orgScope=on,2026-09-04,,Southwestern Association for Indian Arts Inc,0
CE-001GY-8Q,Xinewh-Ding Inc,Native nonprofit,givenative,"GiveNative, Native nonprofit directory",https://www.givenative.org/search?orgScope=on,2026-09-04,,Xinewh-Ding Inc,0
CE-001GZ-EG,Matriarch Inc,Native nonprofit,givenative,"GiveNative, Native nonprofit directory",https://www.givenative.org/search?orgScope=on,2026-09-04,,Matriarch Inc,0
CE-001H0-SS,White Earth Reservation Sustainable Community,Native nonprofit,givenative,"GiveNative, Native nonprofit directory",https://www.givenative.org/search?orgScope=on,2026-09-04,,White Earth Reservation Sustainable Community,0
CE-001H1-ZJ,Alliance for Tribal Clean Energy Inc,Native nonprofit,givenative,"GiveNative, Native nonprofit directory",https://www.givenative.org/search?orgScope=on,2026-09-04,,Alliance for Tribal Clean Energy Inc,0
CE-001H2-5B,Indigenous Womens Cannabis Chamber of Commerce,Native nonprofit,givenative,"GiveNative, Native nonprofit directory",https://www.givenative.org/search?orgScope=on,2026-09-04,,Indigenous Womens Cannabis Chamber of Commerce,0
CE-001H3-B4,Honor The Earth,Native nonprofit,givenative,"GiveNative, Native nonprofit directory",https://www.givenative.org/search?orgScope=on,2026-09-04,,Honor The Earth,0
CE-001H4-HX,Georgia Harris Foundation,Native nonprofit,givenative,"GiveNative, Native nonprofit directory",https://www.givenative.org/search?orgScope=on,2026-09-04,,Georgia Harris Foundation,0
CE-001H5-QP,Native Governance Center,Native nonprofit,givenative,"GiveNative, Native nonprofit directory",https://www.givenative.org/search?orgScope=on,2026-09-04,,Native Governance Center,0
CE-001H6-XF,The Chapter House,Native nonprofit,givenative,"GiveNative, Native nonprofit directory",https://www.givenative.org/search?orgScope=on,2026-09-04,,The Chapter House,0
CE-001H7-38,Four Mothers Collective,Native nonprofit,givenative,"GiveNative, Native nonprofit directory",https://www.givenative.org/search?orgScope=on,2026-09-04,,Four Mothers Collective,0
CE-001H8-91,Turtle Island Women Warriors,Native nonprofit,givenative,"GiveNative, Native nonprofit directory",https://www.givenative.org/search?orgScope=on,2026-09-04,,Turtle Island Women Warriors,0
CE-001H9-FT,Ilisagvik College,Native nonprofit,givenative,"GiveNative, Native nonprofit directory",https://www.givenative.org/search?orgScope=on,2026-09-04,,Ilisagvik College,0
CE-001HA-NK,Akiptan,Native nonprofit,givenative,"GiveNative, Native nonprofit directory",https://www.givenative.org/search?orgScope=on,2026-09-04,,Akiptan,0
CE-001HB-VC,All Nations Health Center Inc,Native nonprofit,givenative,"GiveNative, Native nonprofit directory",https://www.givenative.org/search?orgScope=on,2026-09-04,,All Nations Health Center Inc,0
CE-001HC-15,Keya Foundation Inc,Native nonprofit,givenative,"GiveNative, Native nonprofit directory",https://www.givenative.org/search?orgScope=on,2026-09-04,,Keya Foundation Inc,0
CE-001HD-7Y,Cook Native American Ministries Foundation,Native nonprofit,givenative,"GiveNative, Native nonprofit directory",https://www.givenative.org/search?orgScope=on,2026-09-04,,Cook Native American Ministries Foundation,0
CE-001HE-DQ,Tatanka Funds Inc.,Native nonprofit,givenative,"GiveNative, Native nonprofit directory",https://www.givenative.org/search?orgScope=on,2026-09-04,,Tatanka Funds Inc.,0
CE-001HF-KG,Wambli Ska Society,Native nonprofit,givenative,"GiveNative, Native nonprofit directory",https://www.givenative.org/search?orgScope=on,2026-09-04,,Wambli Ska Society,0
CE-001HG-S9,Indian Land Tenure Foundation,Native nonprofit,givenative,"GiveNative, Native nonprofit directory",https://www.givenative.org/search?orgScope=on,2026-09-04,,Indian Land Tenure Foundation,0
CE-001HH-Z2,OJI:SDA' Sustainable Indigenous Futures,Native nonprofit,givenative,"GiveNative, Native nonprofit directory",https://www.givenative.org/search?orgScope=on,2026-09-04,,OJI:SDA' Sustainable Indigenous Futures,0
CE-001HJ-5V,Mewinzha Ondaadiziike Wiigaming,Native nonprofit,givenative,"GiveNative, Native nonprofit directory",https://www.givenative.org/search?orgScope=on,2026-09-04,,Mewinzha Ondaadiziike Wiigaming,0
CE-001HK-BM,Bluebird Cultural Initiative,Native nonprofit,givenative,"GiveNative, Native nonprofit directory",https://www.givenative.org/search?orgScope=on,2026-09-04,,Bluebird Cultural Initiative,0
CE-001HM-HD,Native Star Foundation,Native nonprofit,givenative,"GiveNative, Native nonprofit directory",https://www.givenative.org/search?orgScope=on,2026-09-04,,Native Star Foundation,0
CE-001HN-Q6,Santa Fe Indigenous Center,Native nonprofit,givenative,"GiveNative, Native nonprofit directory",https://www.givenative.org/search?orgScope=on,2026-09-04,,Santa Fe Indigenous Center,0
CE-001HP-XZ,Alaska Native Birthworkers Community,Native nonprofit,givenative,"GiveNative, Native nonprofit directory",https://www.givenative.org/search?orgScope=on,2026-09-04,,Alaska Native Birthworkers Community,0
CE-001HQ-3R,Native American Journalists Association,Native nonprofit,givenative,"GiveNative, Native nonprofit directory",https://www.givenative.org/search?orgScope=on,2026-09-04,,Native American Journalists Association,0
CE-001HR-9H,Association on American Indian Affairs,Native nonprofit,givenative,"GiveNative, Native nonprofit directory",https://www.givenative.org/search?orgScope=on,2026-09-04,,Association on American Indian Affairs,0
CE-001HS-FA,Sogorea Te' Land Trust,Native nonprofit,givenative,"GiveNative, Native nonprofit directory",https://www.givenative.org/search?orgScope=on,2026-09-04,,Sogorea Te' Land Trust,0
CE-001HT-N3,Native American Rising Generations Foundation,Native nonprofit,givenative,"GiveNative, Native nonprofit directory",https://www.givenative.org/search?orgScope=on,2026-09-04,,Native American Rising Generations Foundation,0
CE-001HV-VW,United South and Eastern Tribes,Native nonprofit,givenative,"GiveNative, Native nonprofit directory",https://www.givenative.org/search?orgScope=on,2026-09-04,,United South and Eastern Tribes,0
CE-001HW-1N,7 G Foundation,Native nonprofit,givenative,"GiveNative, Native nonprofit directory",https://www.givenative.org/search?orgScope=on,2026-09-04,,7 G Foundation,0
CE-001HX-7E,Healing Ribbons,Native nonprofit,givenative,"GiveNative, Native nonprofit directory",https://www.givenative.org/search?orgScope=on,2026-09-04,,Healing Ribbons,0
CE-001HY-D7,Hearts Gathered,Native nonprofit,givenative,"GiveNative, Native nonprofit directory",https://www.givenative.org/search?orgScope=on,2026-09-04,,Hearts Gathered,0
CE-001HZ-K0,Columbia River Inter-Tribal Fish Commission,Native nonprofit,givenative,"GiveNative, Native nonprofit directory",https://www.givenative.org/search?orgScope=on,2026-09-04,,Columbia River Inter-Tribal Fish Commission,0
CE-001J0-Y9,Unkitawa,Native nonprofit,givenative,"GiveNative, Native nonprofit directory",https://www.givenative.org/search?orgScope=on,2026-09-04,,Unkitawa,0
CE-001J1-42,FAST Blackfeet,Native nonprofit,givenative,"GiveNative, Native nonprofit directory",https://www.givenative.org/search?orgScope=on,2026-09-04,,FAST Blackfeet,0
CE-001J2-AV,United Natives,Native nonprofit,givenative,"GiveNative, Native nonprofit directory",https://www.givenative.org/search?orgScope=on,2026-09-04,,United Natives,0
CE-001J3-GM,United American Indian Involvement,Native nonprofit,givenative,"GiveNative, Native nonprofit directory",https://www.givenative.org/search?orgScope=on,2026-09-04,,United American Indian Involvement,0
CE-001J4-PD,Changemakers Community Economic Development Corporation,Native nonprofit,givenative,"GiveNative, Native nonprofit directory",https://www.givenative.org/search?orgScope=on,2026-09-04,,Changemakers Community Economic Development Corporation,0
CE-001J5-W6,Native Land Conservancy Inc,Native nonprofit,givenative,"GiveNative, Native nonprofit directory",https://www.givenative.org/search?orgScope=on,2026-09-04,,Native Land Conservancy Inc,0
CE-001J6-2Z,Minnesota Indian Women's Resource Center,Native nonprofit,givenative,"GiveNative, Native nonprofit directory",https://www.givenative.org/search?orgScope=on,2026-09-04,,Minnesota Indian Women's Resource Center,0
CE-001J7-8R,Iaf Inc,Native nonprofit,givenative,"GiveNative, Native nonprofit directory",https://www.givenative.org/search?orgScope=on,2026-09-04,,Iaf Inc,0
CE-001J8-EH,Native American Youth and Family Center,Native nonprofit,givenative,"GiveNative, Native nonprofit directory",https://www.givenative.org/search?orgScope=on,2026-09-04,,Native American Youth and Family Center,0
CE-001J9-MA,American Indian Community Center Association,Native nonprofit,givenative,"GiveNative, Native nonprofit directory",https://www.givenative.org/search?orgScope=on,2026-09-04,,American Indian Community Center Association,0
CE-001JA-T3,Indigenous Life Ways,Native nonprofit,givenative,"GiveNative, Native nonprofit directory",https://www.givenative.org/search?orgScope=on,2026-09-04,,Indigenous Life Ways,0
CE-001JB-0W,Committee of 500 Years of Dignity and Resistance,Native nonprofit,givenative,"GiveNative, Native nonprofit directory",https://www.givenative.org/search?orgScope=on,2026-09-04,,Committee of 500 Years of Dignity and Resistance,0
CE-001JC-6N,7 Directions of Service Inc,Native nonprofit,givenative,"GiveNative, Native nonprofit directory",https://www.givenative.org/search?orgScope=on,2026-09-04,,7 Directions of Service Inc,0
CE-001JD-CE,Tulalip Foundation,Native nonprofit,givenative,"GiveNative, Native nonprofit directory",https://www.givenative.org/search?orgScope=on,2026-09-04,,Tulalip Foundation,0
CE-001JE-J7,Indigenous Creatives Collective,Native nonprofit,givenative,"GiveNative, Native nonprofit directory",https://www.givenative.org/search?orgScope=on,2026-09-04,,Indigenous Creatives Collective,0
CE-001JF-R0,Mita Oyate Cultural Society,Native nonprofit,givenative,"GiveNative, Native nonprofit directory",https://www.givenative.org/search?orgScope=on,2026-09-04,,Mita Oyate Cultural Society,0
CE-001JG-YS,Malama Loko Ea Foundation,Native nonprofit,givenative,"GiveNative, Native nonprofit directory",https://www.givenative.org/search?orgScope=on,2026-09-04,,Malama Loko Ea Foundation,0
CE-001JH-4J,Gathering of Tribes Foundation,Native nonprofit,givenative,"GiveNative, Native nonprofit directory",https://www.givenative.org/search?orgScope=on,2026-09-04,,Gathering of Tribes Foundation,0
CE-001JJ-AB,Minneapolis American Indian Center,Native nonprofit,givenative,"GiveNative, Native nonprofit directory",https://www.givenative.org/search?orgScope=on,2026-09-04,,Minneapolis American Indian Center,0
CE-001JK-G4,Minnesota Indigenous Business Alliance,Native nonprofit,givenative,"GiveNative, Native nonprofit directory",https://www.givenative.org/search?orgScope=on,2026-09-04,,Minnesota Indigenous Business Alliance,0
CE-001JM-PX,The Heartbeat Music Project,Native nonprofit,givenative,"GiveNative, Native nonprofit directory",https://www.givenative.org/search?orgScope=on,2026-09-04,,The Heartbeat Music Project,0
CE-001JN-WP,Wabanaki Commission on Land and Stewardship,Native nonprofit,givenative,"GiveNative, Native nonprofit directory",https://www.givenative.org/search?orgScope=on,2026-09-04,,Wabanaki Commission on Land and Stewardship,0
CE-001JP-2F,Southwest Indigenous Women's Coalition,Native nonprofit,givenative,"GiveNative, Native nonprofit directory",https://www.givenative.org/search?orgScope=on,2026-09-04,,Southwest Indigenous Women's Coalition,0
CE-001JQ-88,Sons of the Land,Native nonprofit,givenative,"GiveNative, Native nonprofit directory",https://www.givenative.org/search?orgScope=on,2026-09-04,,Sons of the Land,0
CE-001JR-E1,Kualoa Heeia Ecumenical Youth Project,Native nonprofit,givenative,"GiveNative, Native nonprofit directory",https://www.givenative.org/search?orgScope=on,2026-09-04,,Kualoa Heeia Ecumenical Youth Project,0
CE-001JS-MT,Skanikulat Inc,Native nonprofit,givenative,"GiveNative, Native nonprofit directory",https://www.givenative.org/search?orgScope=on,2026-09-04,,Skanikulat Inc,0
CE-001JT-TK,Phoenix Indian Center,Native nonprofit,givenative,"GiveNative, Native nonprofit directory",https://www.givenative.org/search?orgScope=on,2026-09-04,,Phoenix Indian Center,0
CE-001JV-0C,Lindy Waters III Foundation Inc,Native nonprofit,givenative,"GiveNative, Native nonprofit directory",https://www.givenative.org/search?orgScope=on,2026-09-04,,Lindy Waters III Foundation Inc,0
CE-001JW-65,Nnahra Foundation,Native nonprofit,givenative,"GiveNative, Native nonprofit directory",https://www.givenative.org/search?orgScope=on,2026-09-04,,Nnahra Foundation,0
CE-001JX-CY,Boys and Girls Club of Rosebud,Native nonprofit,givenative,"GiveNative, Native nonprofit directory",https://www.givenative.org/search?orgScope=on,2026-09-04,,Boys and Girls Club of Rosebud,0
CE-001JY-JQ,Oun,Native nonprofit,givenative,"GiveNative, Native nonprofit directory",https://www.givenative.org/search?orgScope=on,2026-09-04,,Oun,0
CE-001JZ-RG,Mahchiwminahnahtik Chippewa and Cree Language Revitalization,Native nonprofit,givenative,"GiveNative, Native nonprofit directory",https://www.givenative.org/search?orgScope=on,2026-09-04,,Mahchiwminahnahtik Chippewa and Cree Language Revitalization,0
CE-001K0-3S,Cherokee Historical Association,Native nonprofit,givenative,"GiveNative, Native nonprofit directory",https://www.givenative.org/search?orgScope=on,2026-09-04,,Cherokee Historical Association,0
CE-001K1-9J,Kakoo Lahui,Native nonprofit,givenative,"GiveNative, Native nonprofit directory",https://www.givenative.org/search?orgScope=on,2026-09-04,,Kakoo Lahui,0
CE-001K2-FB,Indigenous Justice,Native nonprofit,givenative,"GiveNative, Native nonprofit directory",https://www.givenative.org/search?orgScope=on,2026-09-04,,Indigenous Justice,0
CE-001K3-N4,First Peoples Fund,Native nonprofit,givenative,"GiveNative, Native nonprofit directory",https://www.givenative.org/search?orgScope=on,2026-09-04,,First Peoples Fund,0
CE-001K4-VX,Colorado Plateau Foundation,Native nonprofit,givenative,"GiveNative, Native nonprofit directory",https://www.givenative.org/search?orgScope=on,2026-09-04,,Colorado Plateau Foundation,0
CE-001K5-1P,Urban Native Collective,Native nonprofit,givenative,"GiveNative, Native nonprofit directory",https://www.givenative.org/search?orgScope=on,2026-09-04,,Urban Native Collective,0
CE-001K6-7F,Aaniiih and Nakoda Montessori Academy,Native nonprofit,givenative,"GiveNative, Native nonprofit directory",https://www.givenative.org/search?orgScope=on,2026-09-04,,Aaniiih and Nakoda Montessori Academy,0
CE-001K7-D8,Dine Baadeiti - for the People,Native nonprofit,givenative,"GiveNative, Native nonprofit directory",https://www.givenative.org/search?orgScope=on,2026-09-04,,Dine Baadeiti - for the People,0
CE-001K8-K1,Caesars Ford Theatre Inc,Native nonprofit,givenative,"GiveNative, Native nonprofit directory",https://www.givenative.org/search?orgScope=on,2026-09-04,,Caesars Ford Theatre Inc,0
CE-001K9-ST,Sacred Defense Fund,Native nonprofit,givenative,"GiveNative, Native nonprofit directory",https://www.givenative.org/search?orgScope=on,2026-09-04,,Sacred Defense Fund,0
CE-001KA-ZK,National Indian Youth Council,Native nonprofit,givenative,"GiveNative, Native nonprofit directory",https://www.givenative.org/search?orgScope=on,2026-09-04,,National Indian Youth Council,0
CE-001KB-5C,American Indian Services,Native nonprofit,givenative,"GiveNative, Native nonprofit directory",https://www.givenative.org/search?orgScope=on,2026-09-04,,American Indian Services,0
CE-001KC-B5,Columbia River Institute for Indigenous Development,Native nonprofit,givenative,"GiveNative, Native nonprofit directory",https://www.givenative.org/search?orgScope=on,2026-09-04,,Columbia River Institute for Indigenous Development,0
CE-001KD-HY,Indigenous Media Freedom Alliance,Native nonprofit,givenative,"GiveNative, Native nonprofit directory",https://www.givenative.org/search?orgScope=on,2026-09-04,,Indigenous Media Freedom Alliance,0
CE-001KE-QQ,Hopi School Inc,Native nonprofit,givenative,"GiveNative, Native nonprofit directory",https://www.givenative.org/search?orgScope=on,2026-09-04,,Hopi School Inc,0
CE-001KF-XG,Coalition to Stop Violence Against Native Women,Native nonprofit,givenative,"GiveNative, Native nonprofit directory",https://www.givenative.org/search?orgScope=on,2026-09-04,,Coalition to Stop Violence Against Native Women,0
CE-001KG-39,Native Health Initiative,Native nonprofit,givenative,"GiveNative, Native nonprofit directory",https://www.givenative.org/search?orgScope=on,2026-09-04,,Native Health Initiative,0
CE-001KH-92,Missing Murdered Indigenous Women Coalition of North Carolina,Native nonprofit,givenative,"GiveNative, Native nonprofit directory",https://www.givenative.org/search?orgScope=on,2026-09-04,,Missing Murdered Indigenous Women Coalition of North Carolina,0
CE-001KJ-FV,Miigwech Inc,Native nonprofit,givenative,"GiveNative, Native nonprofit directory",https://www.givenative.org/search?orgScope=on,2026-09-04,,Miigwech Inc,0
CE-001KK-NM,Blue Bird Lifeways Inc,Native nonprofit,givenative,"GiveNative, Native nonprofit directory",https://www.givenative.org/search?orgScope=on,2026-09-04,,Blue Bird Lifeways Inc,0
CE-001KM-VD,Mni Wichoni Health Circle,Native nonprofit,givenative,"GiveNative, Native nonprofit directory",https://www.givenative.org/search?orgScope=on,2026-09-04,,Mni Wichoni Health Circle,0
CE-001KN-16,Carmel Band of Rumsen Indians,Native nonprofit,givenative,"GiveNative, Native nonprofit directory",https://www.givenative.org/search?orgScope=on,2026-09-04,,Carmel Band of Rumsen Indians,0
CE-001KP-7Z,NATIFS,Native nonprofit,givenative,"GiveNative, Native nonprofit directory",https://www.givenative.org/search?orgScope=on,2026-09-04,,NATIFS,0
CE-001KQ-DR,SRTAG-State Recognized Tribal Artists Guild Inc,Native nonprofit,givenative,"GiveNative, Native nonprofit directory",https://www.givenative.org/search?orgScope=on,2026-09-04,,SRTAG-State Recognized Tribal Artists Guild Inc,0
CE-001KR-KH,Vancleave Live Oak Choctaw Corporation,Native nonprofit,givenative,"GiveNative, Native nonprofit directory",https://www.givenative.org/search?orgScope=on,2026-09-04,,Vancleave Live Oak Choctaw Corporation,0
CE-001KS-SA,Rosy Simas Danse,Native nonprofit,givenative,"GiveNative, Native nonprofit directory",https://www.givenative.org/search?orgScope=on,2026-09-04,,Rosy Simas Danse,0
CE-001KT-Z3,Strawberry Wisdom Inc,Native nonprofit,givenative,"GiveNative, Native nonprofit directory",https://www.givenative.org/search?orgScope=on,2026-09-04,,Strawberry Wisdom Inc,0
CE-001KV-5W,Alliance of Tribal Coalitions to End Violence,Native nonprofit,givenative,"GiveNative, Native nonprofit directory",https://www.givenative.org/search?orgScope=on,2026-09-04,,Alliance of Tribal Coalitions to End Violence,0
CE-001KW-BN,Tlingit & Haida Foundation,Native nonprofit,givenative,"GiveNative, Native nonprofit directory",https://www.givenative.org/search?orgScope=on,2026-09-04,,Tlingit & Haida Foundation,0
CE-001KX-HE,Seven Generations United Association,Native nonprofit,givenative,"GiveNative, Native nonprofit directory",https://www.givenative.org/search?orgScope=on,2026-09-04,,Seven Generations United Association,0
CE-001KY-Q7,New Mexico Community Capital,Native nonprofit,givenative,"GiveNative, Native nonprofit directory",https://www.givenative.org/search?orgScope=on,2026-09-04,,New Mexico Community Capital,0
CE-001KZ-X0,Catawba Nation Foundation,Native nonprofit,givenative,"GiveNative, Native nonprofit directory",https://www.givenative.org/search?orgScope=on,2026-09-04,,Catawba Nation Foundation,0
CE-001M0-89,nibezun,Native nonprofit,givenative,"GiveNative, Native nonprofit directory",https://www.givenative.org/search?orgScope=on,2026-09-04,,nibezun,0
CE-001M1-E2,Friends of the Akwesasne Freedom School Inc,Native nonprofit,givenative,"GiveNative, Native nonprofit directory",https://www.givenative.org/search?orgScope=on,2026-09-04,,Friends of the Akwesasne Freedom School Inc,0
CE-001M2-MV,Zuni Youth Enrichment Project,Native nonprofit,givenative,"GiveNative, Native nonprofit directory",https://www.givenative.org/search?orgScope=on,2026-09-04,,Zuni Youth Enrichment Project,0
CE-001M3-TM,Lakota Wellness Society Inc,Native nonprofit,givenative,"GiveNative, Native nonprofit directory",https://www.givenative.org/search?orgScope=on,2026-09-04,,Lakota Wellness Society Inc,0
CE-001M4-0D,Tribal Nations Research Group,Native nonprofit,givenative,"GiveNative, Native nonprofit directory",https://www.givenative.org/search?orgScope=on,2026-09-04,,Tribal Nations Research Group,0
CE-001M5-66,Forge Project,Native nonprofit,givenative,"GiveNative, Native nonprofit directory",https://www.givenative.org/search?orgScope=on,2026-09-04,,Forge Project,0
CE-001M6-CZ,Utah Navajo Health System Incorporated,Native nonprofit,givenative,"GiveNative, Native nonprofit directory",https://www.givenative.org/search?orgScope=on,2026-09-04,,Utah Navajo Health System Incorporated,0
CE-001M7-JR,Lake Traverse Animal Rezcue,Native nonprofit,givenative,"GiveNative, Native nonprofit directory",https://www.givenative.org/search?orgScope=on,2026-09-04,,Lake Traverse Animal Rezcue,0
CE-001M8-RH,Native American Fish & Wildlife Society,Native nonprofit,givenative,"GiveNative, Native nonprofit directory",https://www.givenative.org/search?orgScope=on,2026-09-04,,Native American Fish & Wildlife Society,0
CE-001M9-YA,Crow's Shadow Institute of the Arts,Native nonprofit,givenative,"GiveNative, Native nonprofit directory",https://www.givenative.org/search?orgScope=on,2026-09-04,,Crow's Shadow Institute of the Arts,0
CE-001MA-43,National Congress of American Indians,Native nonprofit,givenative,"GiveNative, Native nonprofit directory",https://www.givenative.org/search?orgScope=on,2026-09-04,,National Congress of American Indians,0
CE-001MB-AW,Native American Health Center Inc,Native nonprofit,givenative,"GiveNative, Native nonprofit directory",https://www.givenative.org/search?orgScope=on,2026-09-04,,Native American Health Center Inc,0
CE-001MC-GN,Makahanaloa Fishing Association,Native nonprofit,givenative,"GiveNative, Native nonprofit directory",https://www.givenative.org/search?orgScope=on,2026-09-04,,Makahanaloa Fishing Association,0
CE-001MD-PE,Ohketeau,Native nonprofit,givenative,"GiveNative, Native nonprofit directory",https://www.givenative.org/search?orgScope=on,2026-09-04,,Ohketeau,0
CE-001ME-W7,National American Indian Court Judges Association,Native nonprofit,givenative,"GiveNative, Native nonprofit directory",https://www.givenative.org/search?orgScope=on,2026-09-04,,National American Indian Court Judges Association,0
CE-001MF-20,Natives in VetMed,Native nonprofit,givenative,"GiveNative, Native nonprofit directory",https://www.givenative.org/search?orgScope=on,2026-09-04,,Natives in VetMed,0
CE-001MG-8S,Hui Kanaka Pōwāwae,Native nonprofit,givenative,"GiveNative, Native nonprofit directory",https://www.givenative.org/search?orgScope=on,2026-09-04,,Hui Kanaka Pōwāwae,0
CE-001MH-EJ,Circle Legacy Center,Native nonprofit,givenative,"GiveNative, Native nonprofit directory",https://www.givenative.org/search?orgScope=on,2026-09-04,,Circle Legacy Center,0
CE-001MJ-MB,Oweesta Corporation,Native nonprofit,givenative,"GiveNative, Native nonprofit directory",https://www.givenative.org/search?orgScope=on,2026-09-04,,Oweesta Corporation,0
CE-001MK-T4,Chief Tahgee Elementary Academy Inc,Native nonprofit,givenative,"GiveNative, Native nonprofit directory",https://www.givenative.org/search?orgScope=on,2026-09-04,,Chief Tahgee Elementary Academy Inc,0
CE-001MM-0X,Friendship House Association of American Indians,Native nonprofit,givenative,"GiveNative, Native nonprofit directory",https://www.givenative.org/search?orgScope=on,2026-09-04,,Friendship House Association of American Indians,0
CE-001MN-6P,Himyuma Outreach,Native nonprofit,givenative,"GiveNative, Native nonprofit directory",https://www.givenative.org/search?orgScope=on,2026-09-04,,Himyuma Outreach,0
CE-001MP-CF,Sweetgrass Advocacy,Native nonprofit,givenative,"GiveNative, Native nonprofit directory",https://www.givenative.org/search?orgScope=on,2026-09-04,,Sweetgrass Advocacy,0
CE-001MQ-J8,Sustainable Solutions for People and Places Inc,Native nonprofit,givenative,"GiveNative, Native nonprofit directory",https://www.givenative.org/search?orgScope=on,2026-09-04,,Sustainable Solutions for People and Places Inc,0
CE-001MR-R1,Oahu Hawaiian Canoe Racing Association Hawaii,Native nonprofit,givenative,"GiveNative, Native nonprofit directory",https://www.givenative.org/search?orgScope=on,2026-09-04,,Oahu Hawaiian Canoe Racing Association Hawaii,0
CE-001MS-YT,Indian Council of the Elderly Inc,Native nonprofit,givenative,"GiveNative, Native nonprofit directory",https://www.givenative.org/search?orgScope=on,2026-09-04,,Indian Council of the Elderly Inc,0
CE-001MT-4K,Wabanaki Youth in Science,Native nonprofit,givenative,"GiveNative, Native nonprofit directory",https://www.givenative.org/search?orgScope=on,2026-09-04,,Wabanaki Youth in Science,0
CE-001MV-AC,American Indigenous Business Leaders,Native nonprofit,givenative,"GiveNative, Native nonprofit directory",https://www.givenative.org/search?orgScope=on,2026-09-04,,American Indigenous Business Leaders,0
CE-001MW-G5,Stronghearts Native Helpline Inc,Native nonprofit,givenative,"GiveNative, Native nonprofit directory",https://www.givenative.org/search?orgScope=on,2026-09-04,,Stronghearts Native Helpline Inc,0
CE-001MX-PY,Indigenous Performance Productions,Native nonprofit,givenative,"GiveNative, Native nonprofit directory",https://www.givenative.org/search?orgScope=on,2026-09-04,,Indigenous Performance Productions,0
CE-001MY-WQ,Amah Mutsun Land Trust,Native nonprofit,givenative,"GiveNative, Native nonprofit directory",https://www.givenative.org/search?orgScope=on,2026-09-04,,Amah Mutsun Land Trust,0
CE-001MZ-2G,The Notah Begay Iii Foundation Inc,Native nonprofit,givenative,"GiveNative, Native nonprofit directory",https://www.givenative.org/search?orgScope=on,2026-09-04,,The Notah Begay Iii Foundation Inc,0
CE-001N0-DS,California Public Domain Allottees Association,Native nonprofit,givenative,"GiveNative, Native nonprofit directory",https://www.givenative.org/search?orgScope=on,2026-09-04,,California Public Domain Allottees Association,0
CE-001N1-KJ,Support AISES Indigenous STEM Students,Native nonprofit,givenative,"GiveNative, Native nonprofit directory",https://www.givenative.org/search?orgScope=on,2026-09-04,,Support AISES Indigenous STEM Students,0
CE-001N2-SB,Americans for Indian Opportunity,Native nonprofit,givenative,"GiveNative, Native nonprofit directory",https://www.givenative.org/search?orgScope=on,2026-09-04,,Americans for Indian Opportunity,0
CE-001N3-Z4,American Indian OIC,Native nonprofit,givenative,"GiveNative, Native nonprofit directory",https://www.givenative.org/search?orgScope=on,2026-09-04,,American Indian OIC,0
CE-001N4-5X,Vision Maker Media,Native nonprofit,givenative,"GiveNative, Native nonprofit directory",https://www.givenative.org/search?orgScope=on,2026-09-04,,Vision Maker Media,0
CE-001N5-BP,American Indian Health and Family Services,Native nonprofit,givenative,"GiveNative, Native nonprofit directory",https://www.givenative.org/search?orgScope=on,2026-09-04,,American Indian Health and Family Services,0
CE-001N6-HF,Iwikua,Native nonprofit,givenative,"GiveNative, Native nonprofit directory",https://www.givenative.org/search?orgScope=on,2026-09-04,,Iwikua,0
CE-001N7-Q8,Winnebago Health Foundation,Native nonprofit,givenative,"GiveNative, Native nonprofit directory",https://www.givenative.org/search?orgScope=on,2026-09-04,,Winnebago Health Foundation,0
CE-001N8-X1,Native American Boarding School Healing Coalition,Native nonprofit,givenative,"GiveNative, Native nonprofit directory",https://www.givenative.org/search?orgScope=on,2026-09-04,,Native American Boarding School Healing Coalition,0
CE-001N9-3T,Native Movement,Native nonprofit,givenative,"GiveNative, Native nonprofit directory",https://www.givenative.org/search?orgScope=on,2026-09-04,,Native Movement,0
CE-001NA-9K,Queer Sol Collective Inc,Native nonprofit,givenative,"GiveNative, Native nonprofit directory",https://www.givenative.org/search?orgScope=on,2026-09-04,,Queer Sol Collective Inc,0
CE-001NB-FC,Four Corners Rising,Native nonprofit,givenative,"GiveNative, Native nonprofit directory",https://www.givenative.org/search?orgScope=on,2026-09-04,,Four Corners Rising,0
CE-001NC-N5,Center for Native Futures,Native nonprofit,givenative,"GiveNative, Native nonprofit directory",https://www.givenative.org/search?orgScope=on,2026-09-04,,Center for Native Futures,0
CE-001ND-VY,United Indians of All Tribes Foundation,Native nonprofit,givenative,"GiveNative, Native nonprofit directory",https://www.givenative.org/search?orgScope=on,2026-09-04,,United Indians of All Tribes Foundation,0
CE-001NE-1Q,Puuhonua O Wailupe,Native nonprofit,givenative,"GiveNative, Native nonprofit directory",https://www.givenative.org/search?orgScope=on,2026-09-04,,Puuhonua O Wailupe,0
CE-001NF-7G,American Indians in Texas-At the Spanish Colonial Missions,Native nonprofit,givenative,"GiveNative, Native nonprofit directory",https://www.givenative.org/search?orgScope=on,2026-09-04,,American Indians in Texas-At the Spanish Colonial Missions,0
CE-001NG-D9,Wishtoyo Foundation,Native nonprofit,givenative,"GiveNative, Native nonprofit directory",https://www.givenative.org/search?orgScope=on,2026-09-04,,Wishtoyo Foundation,0
CE-001NH-K2,So Oh Shinali Sister Project,Native nonprofit,givenative,"GiveNative, Native nonprofit directory",https://www.givenative.org/search?orgScope=on,2026-09-04,,So Oh Shinali Sister Project,0
CE-001NJ-SV,Sovereign Energy,Native nonprofit,givenative,"GiveNative, Native nonprofit directory",https://www.givenative.org/search?orgScope=on,2026-09-04,,Sovereign Energy,0
CE-001NK-ZM,"NATIVE HEALTH, Inc.",Native nonprofit,givenative,"GiveNative, Native nonprofit directory",https://www.givenative.org/search?orgScope=on,2026-09-04,,"NATIVE HEALTH, Inc.",0
CE-001NM-5D,American Indian Law Center Inc,Native nonprofit,givenative,"GiveNative, Native nonprofit directory",https://www.givenative.org/search?orgScope=on,2026-09-04,,American Indian Law Center Inc,0
CE-001NN-B6,Indigenous Roots & Reparation Foundation,Native nonprofit,givenative,"GiveNative, Native nonprofit directory",https://www.givenative.org/search?orgScope=on,2026-09-04,,Indigenous Roots & Reparation Foundation,0
CE-001NP-HZ,Mas House & Bipoc Art Studio Inc,Native nonprofit,givenative,"GiveNative, Native nonprofit directory",https://www.givenative.org/search?orgScope=on,2026-09-04,,Mas House & Bipoc Art Studio Inc,0
CE-001NQ-QR,Plenty Doors Community Development Corporation,Native nonprofit,givenative,"GiveNative, Native nonprofit directory",https://www.givenative.org/search?orgScope=on,2026-09-04,,Plenty Doors Community Development Corporation,0
CE-001NR-XH,Blue Heron Tiospaye,Native nonprofit,givenative,"GiveNative, Native nonprofit directory",https://www.givenative.org/search?orgScope=on,2026-09-04,,Blue Heron Tiospaye,0
CE-001NS-3A,Laguna Community Foundation,Native nonprofit,givenative,"GiveNative, Native nonprofit directory",https://www.givenative.org/search?orgScope=on,2026-09-04,,Laguna Community Foundation,0
CE-001NT-93,Tm Mikinaak Ode Center,Native nonprofit,givenative,"GiveNative, Native nonprofit directory",https://www.givenative.org/search?orgScope=on,2026-09-04,,Tm Mikinaak Ode Center,0
CE-001NV-FW,Ain Dah Yung (Our Home) Center,Native nonprofit,givenative,"GiveNative, Native nonprofit directory",https://www.givenative.org/search?orgScope=on,2026-09-04,,Ain Dah Yung (Our Home) Center,0
CE-001NW-NN,Wallowa Band Nez Perce Trail Interpretive Center Inc,Native nonprofit,givenative,"GiveNative, Native nonprofit directory",https://www.givenative.org/search?orgScope=on,2026-09-04,,Wallowa Band Nez Perce Trail Interpretive Center Inc,0
CE-001NX-VE,Mountain Shadow Association,Native nonprofit,givenative,"GiveNative, Native nonprofit directory",https://www.givenative.org/search?orgScope=on,2026-09-04,,Mountain Shadow Association,0
CE-001NY-17,Seeds of Eden,Native nonprofit,givenative,"GiveNative, Native nonprofit directory",https://www.givenative.org/search?orgScope=on,2026-09-04,,Seeds of Eden,0
CE-001NZ-70,Lakota Nation Invitational,Native nonprofit,givenative,"GiveNative, Native nonprofit directory",https://www.givenative.org/search?orgScope=on,2026-09-04,,Lakota Nation Invitational,0
CE-001P0-J9,Fairbanks Native Association,Native nonprofit,givenative,"GiveNative, Native nonprofit directory",https://www.givenative.org/search?orgScope=on,2026-09-04,,Fairbanks Native Association,0
CE-001P1-R2,Boys & Girls Clubs in Indian Country Inc,Native nonprofit,givenative,"GiveNative, Native nonprofit directory",https://www.givenative.org/search?orgScope=on,2026-09-04,,Boys & Girls Clubs in Indian Country Inc,0
CE-001P2-YV,"United National Indian Tribal Youth, Inc. (UNITY, Inc)",Native nonprofit,givenative,"GiveNative, Native nonprofit directory",https://www.givenative.org/search?orgScope=on,2026-09-04,,"United National Indian Tribal Youth, Inc. (UNITY, Inc)",0
CE-001P3-4M,Native Public Media,Native nonprofit,givenative,"GiveNative, Native nonprofit directory",https://www.givenative.org/search?orgScope=on,2026-09-04,,Native Public Media,0
CE-001P4-AD,Missing and Murdered Dine Relatives,Native nonprofit,givenative,"GiveNative, Native nonprofit directory",https://www.givenative.org/search?orgScope=on,2026-09-04,,Missing and Murdered Dine Relatives,0
CE-001P5-G6,Keres Childrens Learning Center,Native nonprofit,givenative,"GiveNative, Native nonprofit directory",https://www.givenative.org/search?orgScope=on,2026-09-04,,Keres Childrens Learning Center,0
CE-001P6-PZ,Waadookodaading Ojibwe Language Institute Inc,Native nonprofit,givenative,"GiveNative, Native nonprofit directory",https://www.givenative.org/search?orgScope=on,2026-09-04,,Waadookodaading Ojibwe Language Institute Inc,0
CE-001P7-WR,Wind River Food Sovereignty Project,Native nonprofit,givenative,"GiveNative, Native nonprofit directory",https://www.givenative.org/search?orgScope=on,2026-09-04,,Wind River Food Sovereignty Project,0
CE-001P8-2H,Widoktadwen Center for Native Knowledge,Native nonprofit,givenative,"GiveNative, Native nonprofit directory",https://www.givenative.org/search?orgScope=on,2026-09-04,,Widoktadwen Center for Native Knowledge,0
CE-001P9-8A,Native Forward Scholars Fund,Native nonprofit,givenative,"GiveNative, Native nonprofit directory",https://www.givenative.org/search?orgScope=on,2026-09-04,,Native Forward Scholars Fund,0
CE-001PA-E3,Ridges to Riffles Indigenous Conservation Group,Native nonprofit,givenative,"GiveNative, Native nonprofit directory",https://www.givenative.org/search?orgScope=on,2026-09-04,,Ridges to Riffles Indigenous Conservation Group,0
CE-001PB-MW,IndiJ Public Media,Native nonprofit,givenative,"GiveNative, Native nonprofit directory",https://www.givenative.org/search?orgScope=on,2026-09-04,,IndiJ Public Media,0
CE-001PC-TN,Natives in Tech Inc,Native nonprofit,givenative,"GiveNative, Native nonprofit directory",https://www.givenative.org/search?orgScope=on,2026-09-04,,Natives in Tech Inc,0
CE-001PD-0E,Messengers for Health,Native nonprofit,givenative,"GiveNative, Native nonprofit directory",https://www.givenative.org/search?orgScope=on,2026-09-04,,Messengers for Health,0
CE-001PE-67,Native American Food Sovereignty Alliance,Native nonprofit,givenative,"GiveNative, Native nonprofit directory",https://www.givenative.org/search?orgScope=on,2026-09-04,,Native American Food Sovereignty Alliance,0
CE-001PF-C0,Aquinnah Cultural Center,Native nonprofit,givenative,"GiveNative, Native nonprofit directory",https://www.givenative.org/search?orgScope=on,2026-09-04,,Aquinnah Cultural Center,0
CE-001PG-JS,Society of American Indian Dentistinc,Native nonprofit,givenative,"GiveNative, Native nonprofit directory",https://www.givenative.org/search?orgScope=on,2026-09-04,,Society of American Indian Dentistinc,0
CE-001PH-RJ,Children of the Setting Sun,Native nonprofit,givenative,"GiveNative, Native nonprofit directory",https://www.givenative.org/search?orgScope=on,2026-09-04,,Children of the Setting Sun,0
CE-001PJ-YB,National Native American Supplier Council,Native nonprofit,givenative,"GiveNative, Native nonprofit directory",https://www.givenative.org/search?orgScope=on,2026-09-04,,National Native American Supplier Council,0
CE-001PK-44,Indigenous Language Institute,Native nonprofit,givenative,"GiveNative, Native nonprofit directory",https://www.givenative.org/search?orgScope=on,2026-09-04,,Indigenous Language Institute,0
CE-001PM-AX,Owámniyomni Okhódayapi,Native nonprofit,givenative,"GiveNative, Native nonprofit directory",https://www.givenative.org/search?orgScope=on,2026-09-04,,Owámniyomni Okhódayapi,0
CE-001PN-GP,Choctaw Freedmen Citizenship Footprints,Native nonprofit,givenative,"GiveNative, Native nonprofit directory",https://www.givenative.org/search?orgScope=on,2026-09-04,,Choctaw Freedmen Citizenship Footprints,0
CE-001PP-PF,Alutiiq Heritage Foundation,Native nonprofit,givenative,"GiveNative, Native nonprofit directory",https://www.givenative.org/search?orgScope=on,2026-09-04,,Alutiiq Heritage Foundation,0
CE-001PQ-W8,California Indian Museum & Cultural Center,Native nonprofit,givenative,"GiveNative, Native nonprofit directory",https://www.givenative.org/search?orgScope=on,2026-09-04,,California Indian Museum & Cultural Center,0
CE-001PR-21,Sicangu Community Development Corporation,Native nonprofit,givenative,"GiveNative, Native nonprofit directory",https://www.givenative.org/search?orgScope=on,2026-09-04,,Sicangu Community Development Corporation,0
CE-001PS-8T,Nebraska Tribes Addressing Violence Coalition,Native nonprofit,givenative,"GiveNative, Native nonprofit directory",https://www.givenative.org/search?orgScope=on,2026-09-04,,Nebraska Tribes Addressing Violence Coalition,0
CE-001PT-EK,Tewa Women United,Native nonprofit,givenative,"GiveNative, Native nonprofit directory",https://www.givenative.org/search?orgScope=on,2026-09-04,,Tewa Women United,0
CE-001PV-MC,Kno Qoti Native Wellness Inc,Native nonprofit,givenative,"GiveNative, Native nonprofit directory",https://www.givenative.org/search?orgScope=on,2026-09-04,,Kno Qoti Native Wellness Inc,0
CE-001PW-T5,Nimiipuu Protecting the Environment,Native nonprofit,givenative,"GiveNative, Native nonprofit directory",https://www.givenative.org/search?orgScope=on,2026-09-04,,Nimiipuu Protecting the Environment,0
CE-001PX-0Y,Kuaaina Ulu Auamo,Native nonprofit,givenative,"GiveNative, Native nonprofit directory",https://www.givenative.org/search?orgScope=on,2026-09-04,,Kuaaina Ulu Auamo,0
CE-001PY-6Q,Words of the People Foundation,Native nonprofit,givenative,"GiveNative, Native nonprofit directory",https://www.givenative.org/search?orgScope=on,2026-09-04,,Words of the People Foundation,0
CE-001PZ-CG,Great Plains Tribal Water Alliance,Native nonprofit,givenative,"GiveNative, Native nonprofit directory",https://www.givenative.org/search?orgScope=on,2026-09-04,,Great Plains Tribal Water Alliance,0
CE-001Q0-QS,Pathfinder Center,Native nonprofit,givenative,"GiveNative, Native nonprofit directory",https://www.givenative.org/search?orgScope=on,2026-09-04,,Pathfinder Center,0
CE-001Q1-XJ,Kīpuka Kuleana,Native nonprofit,givenative,"GiveNative, Native nonprofit directory",https://www.givenative.org/search?orgScope=on,2026-09-04,,Kīpuka Kuleana,0
CE-001Q2-3B,Wild Horse Butte Community Development Corporation,Native nonprofit,givenative,"GiveNative, Native nonprofit directory",https://www.givenative.org/search?orgScope=on,2026-09-04,,Wild Horse Butte Community Development Corporation,0
CE-001Q3-94,Tahoma Indian Center,Native nonprofit,givenative,"GiveNative, Native nonprofit directory",https://www.givenative.org/search?orgScope=on,2026-09-04,,Tahoma Indian Center,0
CE-001Q4-FX,Hummingbird Indigenous Family Services,Native nonprofit,givenative,"GiveNative, Native nonprofit directory",https://www.givenative.org/search?orgScope=on,2026-09-04,,Hummingbird Indigenous Family Services,0
CE-001Q5-NP,First Nations Development Institute,Native nonprofit,givenative,"GiveNative, Native nonprofit directory",https://www.givenative.org/search?orgScope=on,2026-09-04,,First Nations Development Institute,0
CE-001Q6-VF,Intertribal Connections of Cache & Box Elder,Native nonprofit,givenative,"GiveNative, Native nonprofit directory",https://www.givenative.org/search?orgScope=on,2026-09-04,,Intertribal Connections of Cache & Box Elder,0
CE-001Q7-18,He Sapa Otipi - Incorporated,Native nonprofit,givenative,"GiveNative, Native nonprofit directory",https://www.givenative.org/search?orgScope=on,2026-09-04,,He Sapa Otipi - Incorporated,0
CE-001Q8-71,Missing and Murdered Indigenous Relatives Taskforce of Colorado,Native nonprofit,givenative,"GiveNative, Native nonprofit directory",https://www.givenative.org/search?orgScope=on,2026-09-04,,Missing and Murdered Indigenous Relatives Taskforce of Colorado,0
CE-001Q9-DT,Lightning Boy Foundation Inc,Native nonprofit,givenative,"GiveNative, Native nonprofit directory",https://www.givenative.org/search?orgScope=on,2026-09-04,,Lightning Boy Foundation Inc,0
CE-001QA-KK,Crushing Colonialism,Native nonprofit,givenative,"GiveNative, Native nonprofit directory",https://www.givenative.org/search?orgScope=on,2026-09-04,,Crushing Colonialism,0
CE-001QB-SC,Intertribal Community Council of Texas,Native nonprofit,givenative,"GiveNative, Native nonprofit directory",https://www.givenative.org/search?orgScope=on,2026-09-04,,Intertribal Community Council of Texas,0
CE-001QC-Z5,Division of Indian Work,Native nonprofit,givenative,"GiveNative, Native nonprofit directory",https://www.givenative.org/search?orgScope=on,2026-09-04,,Division of Indian Work,0
CE-001QD-5Y,Pohaku Pelemaka,Native nonprofit,givenative,"GiveNative, Native nonprofit directory",https://www.givenative.org/search?orgScope=on,2026-09-04,,Pohaku Pelemaka,0
CE-001QE-BQ,Advocates for Indigenous California Language Survival,Native nonprofit,givenative,"GiveNative, Native nonprofit directory",https://www.givenative.org/search?orgScope=on,2026-09-04,,Advocates for Indigenous California Language Survival,0
CE-001QF-HG,Native Sun Community Power Development,Native nonprofit,givenative,"GiveNative, Native nonprofit directory",https://www.givenative.org/search?orgScope=on,2026-09-04,,Native Sun Community Power Development,0
CE-001QG-Q9,Native American Rehabilitation Association NW,Native nonprofit,givenative,"GiveNative, Native nonprofit directory",https://www.givenative.org/search?orgScope=on,2026-09-04,,Native American Rehabilitation Association NW,0
CE-001QH-X2,National Native American Law Students Association,Native nonprofit,givenative,"GiveNative, Native nonprofit directory",https://www.givenative.org/search?orgScope=on,2026-09-04,,National Native American Law Students Association,0
CE-001QJ-3V,Mother Nation,Native nonprofit,givenative,"GiveNative, Native nonprofit directory",https://www.givenative.org/search?orgScope=on,2026-09-04,,Mother Nation,0
CE-001QK-9M,Moenkopi Senior Center,Native nonprofit,givenative,"GiveNative, Native nonprofit directory",https://www.givenative.org/search?orgScope=on,2026-09-04,,Moenkopi Senior Center,0
CE-001QM-FD,College Horizons,Native nonprofit,givenative,"GiveNative, Native nonprofit directory",https://www.givenative.org/search?orgScope=on,2026-09-04,,College Horizons,0
CE-001QN-N6,The Red Lake Nation Boys And Girls Club Of America,Native nonprofit,givenative,"GiveNative, Native nonprofit directory",https://www.givenative.org/search?orgScope=on,2026-09-04,,The Red Lake Nation Boys And Girls Club Of America,0
CE-001QP-VZ,Water Protector Legal Collective,Native nonprofit,givenative,"GiveNative, Native nonprofit directory",https://www.givenative.org/search?orgScope=on,2026-09-04,,Water Protector Legal Collective,0
CE-001QQ-1R,Ohkomi Forensics,Native nonprofit,givenative,"GiveNative, Native nonprofit directory",https://www.givenative.org/search?orgScope=on,2026-09-04,,Ohkomi Forensics,0
CE-001QR-7H,L I G H T Foundation,Native nonprofit,givenative,"GiveNative, Native nonprofit directory",https://www.givenative.org/search?orgScope=on,2026-09-04,,L I G H T Foundation,0
CE-001QS-DA,Native American Fatherhood & Families Association,Native nonprofit,givenative,"GiveNative, Native nonprofit directory",https://www.givenative.org/search?orgScope=on,2026-09-04,,Native American Fatherhood & Families Association,0
CE-001QT-K3,Sacramento Native American Health Center,Native nonprofit,givenative,"GiveNative, Native nonprofit directory",https://www.givenative.org/search?orgScope=on,2026-09-04,,Sacramento Native American Health Center,0
CE-001QV-SW,Tribal Minds,Native nonprofit,givenative,"GiveNative, Native nonprofit directory",https://www.givenative.org/search?orgScope=on,2026-09-04,,Tribal Minds,0
CE-001QW-ZN,Thunder Valley CDC,Native nonprofit,givenative,"GiveNative, Native nonprofit directory",https://www.givenative.org/search?orgScope=on,2026-09-04,,Thunder Valley CDC,0
CE-001QX-5E,Lac Courte Oreilles Ojibwe University,Native nonprofit,givenative,"GiveNative, Native nonprofit directory",https://www.givenative.org/search?orgScope=on,2026-09-04,,Lac Courte Oreilles Ojibwe University,0
CE-001QY-B7,Association of Ramaytush Ohlone,Native nonprofit,givenative,"GiveNative, Native nonprofit directory",https://www.givenative.org/search?orgScope=on,2026-09-04,,Association of Ramaytush Ohlone,0
CE-001QZ-H0,Museum of the American Indian,Native nonprofit,givenative,"GiveNative, Native nonprofit directory",https://www.givenative.org/search?orgScope=on,2026-09-04,,Museum of the American Indian,0
CE-001R0-W9,Visionary Ventures Nfp Corporation,Native nonprofit,givenative,"GiveNative, Native nonprofit directory",https://www.givenative.org/search?orgScope=on,2026-09-04,,Visionary Ventures Nfp Corporation,0
CE-001R1-22,California Consortium for Urban Indian Health Inc,Native nonprofit,givenative,"GiveNative, Native nonprofit directory",https://www.givenative.org/search?orgScope=on,2026-09-04,,California Consortium for Urban Indian Health Inc,0
CE-001R2-8V,Native Nuclear,Native nonprofit,givenative,"GiveNative, Native nonprofit directory",https://www.givenative.org/search?orgScope=on,2026-09-04,,Native Nuclear,0
CE-001R3-EM,Na7 Ive Na7 Ions,Native nonprofit,givenative,"GiveNative, Native nonprofit directory",https://www.givenative.org/search?orgScope=on,2026-09-04,,Na7 Ive Na7 Ions,0
CE-001R4-MD,4Corners K-9 Search and Rescue,Native nonprofit,givenative,"GiveNative, Native nonprofit directory",https://www.givenative.org/search?orgScope=on,2026-09-04,,4Corners K-9 Search and Rescue,0
CE-001R5-T6,"Native Americans for Community Action, Inc.",Native nonprofit,givenative,"GiveNative, Native nonprofit directory",https://www.givenative.org/search?orgScope=on,2026-09-04,,"Native Americans for Community Action, Inc.",0
CE-001R6-0Z,Museum of the Cherokee People,Native nonprofit,givenative,"GiveNative, Native nonprofit directory",https://www.givenative.org/search?orgScope=on,2026-09-04,,Museum of the Cherokee People,0
CE-001R7-6R,Blackfeet Eco Knowledge Inc,Native nonprofit,givenative,"GiveNative, Native nonprofit directory",https://www.givenative.org/search?orgScope=on,2026-09-04,,Blackfeet Eco Knowledge Inc,0
CE-001R8-CH,Montana Consortium for Urban Indian Health,Native nonprofit,givenative,"GiveNative, Native nonprofit directory",https://www.givenative.org/search?orgScope=on,2026-09-04,,Montana Consortium for Urban Indian Health,0
CE-001R9-JA,American Indian Association of Illinois,Native nonprofit,givenative,"GiveNative, Native nonprofit directory",https://www.givenative.org/search?orgScope=on,2026-09-04,,American Indian Association of Illinois,0
CE-001RA-R3,National Center for American Indian Enterprise Development,Native nonprofit,givenative,"GiveNative, Native nonprofit directory",https://www.givenative.org/search?orgScope=on,2026-09-04,,National Center for American Indian Enterprise Development,0
CE-001RB-YW,Tribal Education Departments National Assembly,Native nonprofit,givenative,"GiveNative, Native nonprofit directory",https://www.givenative.org/search?orgScope=on,2026-09-04,,Tribal Education Departments National Assembly,0
CE-001RC-4N,Lakota Youth Development,Native nonprofit,givenative,"GiveNative, Native nonprofit directory",https://www.givenative.org/search?orgScope=on,2026-09-04,,Lakota Youth Development,0
CE-001RD-AE,Little Earth Residents Association Inc,Native nonprofit,givenative,"GiveNative, Native nonprofit directory",https://www.givenative.org/search?orgScope=on,2026-09-04,,Little Earth Residents Association Inc,0
CE-001RE-G7,"Bay Area American Indian Two-Spirits, Inc.",Native nonprofit,givenative,"GiveNative, Native nonprofit directory",https://www.givenative.org/search?orgScope=on,2026-09-04,,"Bay Area American Indian Two-Spirits, Inc.",0
CE-001RF-P0,Atux Forever-Restoring Attuans Freedom,Native nonprofit,givenative,"GiveNative, Native nonprofit directory",https://www.givenative.org/search?orgScope=on,2026-09-04,,Atux Forever-Restoring Attuans Freedom,0
CE-001RG-WS,Wise Women Gathering Place,Native nonprofit,givenative,"GiveNative, Native nonprofit directory",https://www.givenative.org/search?orgScope=on,2026-09-04,,Wise Women Gathering Place,0
CE-001RH-2J,Native Action Network,Native nonprofit,givenative,"GiveNative, Native nonprofit directory",https://www.givenative.org/search?orgScope=on,2026-09-04,,Native Action Network,0
CE-001RJ-8B,Sacred Pipe Resource Center,Native nonprofit,givenative,"GiveNative, Native nonprofit directory",https://www.givenative.org/search?orgScope=on,2026-09-04,,Sacred Pipe Resource Center,0
CE-001RK-E4,100 Horses Womens Society Inc,Native nonprofit,givenative,"GiveNative, Native nonprofit directory",https://www.givenative.org/search?orgScope=on,2026-09-04,,100 Horses Womens Society Inc,0
CE-001RM-MX,Wabanaki Community Foundation,Native nonprofit,givenative,"GiveNative, Native nonprofit directory",https://www.givenative.org/search?orgScope=on,2026-09-04,,Wabanaki Community Foundation,0
CE-001RN-TP,"American Indian Family Center of Saint Paul, MN",Native nonprofit,givenative,"GiveNative, Native nonprofit directory",https://www.givenative.org/search?orgScope=on,2026-09-04,,"American Indian Family Center of Saint Paul, MN",0
CE-001RP-0F,Alianza Tecuani,Native nonprofit,givenative,"GiveNative, Native nonprofit directory",https://www.givenative.org/search?orgScope=on,2026-09-04,,Alianza Tecuani,0
CE-001RQ-68,Native American Capital and Investment Alliance,Native nonprofit,givenative,"GiveNative, Native nonprofit directory",https://www.givenative.org/search?orgScope=on,2026-09-04,,Native American Capital and Investment Alliance,0
CE-001RR-C1,Reflections of Turtle Island Inc,Native nonprofit,givenative,"GiveNative, Native nonprofit directory",https://www.givenative.org/search?orgScope=on,2026-09-04,,Reflections of Turtle Island Inc,0
CE-001RS-JT,Intertribal Friendship House,Native nonprofit,givenative,"GiveNative, Native nonprofit directory",https://www.givenative.org/search?orgScope=on,2026-09-04,,Intertribal Friendship House,0
CE-001RT-RK,South Dakota Education Equity Coalition,Native nonprofit,givenative,"GiveNative, Native nonprofit directory",https://www.givenative.org/search?orgScope=on,2026-09-04,,South Dakota Education Equity Coalition,0
CE-001RV-YC,SaltFire,Native nonprofit,givenative,"GiveNative, Native nonprofit directory",https://www.givenative.org/search?orgScope=on,2026-09-04,,SaltFire,0
CE-001RW-45,Monacan Nation Cultural Foundation,Native nonprofit,givenative,"GiveNative, Native nonprofit directory",https://www.givenative.org/search?orgScope=on,2026-09-04,,Monacan Nation Cultural Foundation,0
CE-001RX-AY,Culture Hub Inc,Native nonprofit,givenative,"GiveNative, Native nonprofit directory",https://www.givenative.org/search?orgScope=on,2026-09-04,,Culture Hub Inc,0
CE-001RY-GQ,Earth Empowering All Relatives to Heal,Native nonprofit,givenative,"GiveNative, Native nonprofit directory",https://www.givenative.org/search?orgScope=on,2026-09-04,,Earth Empowering All Relatives to Heal,0
CE-001RZ-PG,Spottedtail Holistic Health,Native nonprofit,givenative,"GiveNative, Native nonprofit directory",https://www.givenative.org/search?orgScope=on,2026-09-04,,Spottedtail Holistic Health,0
CE-001S0-1S,The Kwek Society,Native nonprofit,givenative,"GiveNative, Native nonprofit directory",https://www.givenative.org/search?orgScope=on,2026-09-04,,The Kwek Society,0
CE-001S1-7J,Ileihno Bopachemihn Inc dba Tribal Oak Tree FFA,Native nonprofit,givenative,"GiveNative, Native nonprofit directory",https://www.givenative.org/search?orgScope=on,2026-09-04,,Ileihno Bopachemihn Inc dba Tribal Oak Tree FFA,0
CE-001S2-DB,Ke Kula Nui O Waimanalo,Native nonprofit,givenative,"GiveNative, Native nonprofit directory",https://www.givenative.org/search?orgScope=on,2026-09-04,,Ke Kula Nui O Waimanalo,0
CE-001S3-K4,Native American Church of Southern Arizona Inc,Native nonprofit,givenative,"GiveNative, Native nonprofit directory",https://www.givenative.org/search?orgScope=on,2026-09-04,,Native American Church of Southern Arizona Inc,0
CE-001S4-SX,Bomazeen Land Trust,Native nonprofit,givenative,"GiveNative, Native nonprofit directory",https://www.givenative.org/search?orgScope=on,2026-09-04,,Bomazeen Land Trust,0
CE-001S5-ZP,Native American Pathways,Native nonprofit,givenative,"GiveNative, Native nonprofit directory",https://www.givenative.org/search?orgScope=on,2026-09-04,,Native American Pathways,0
CE-001S6-5F,Hawaiʻi Peopleʻs Fund,Native nonprofit,givenative,"GiveNative, Native nonprofit directory",https://www.givenative.org/search?orgScope=on,2026-09-04,,Hawaiʻi Peopleʻs Fund,0
CE-001S7-B8,Society of American Indian Government Employees,Native nonprofit,givenative,"GiveNative, Native nonprofit directory",https://www.givenative.org/search?orgScope=on,2026-09-04,,Society of American Indian Government Employees,0
CE-001S8-H1,Zuya Wicasa Ta Otipi Warriors Lodge Inc,Native nonprofit,givenative,"GiveNative, Native nonprofit directory",https://www.givenative.org/search?orgScope=on,2026-09-04,,Zuya Wicasa Ta Otipi Warriors Lodge Inc,0
CE-001S9-QT,Los Angeles Indigenous Peoples Alliance,Native nonprofit,givenative,"GiveNative, Native nonprofit directory",https://www.givenative.org/search?orgScope=on,2026-09-04,,Los Angeles Indigenous Peoples Alliance,0
CE-001SA-XK,Buffalo First,Native nonprofit,givenative,"GiveNative, Native nonprofit directory",https://www.givenative.org/search?orgScope=on,2026-09-04,,Buffalo First,0
CE-001SB-3C,The Cultural Conservancy,Native nonprofit,givenative,"GiveNative, Native nonprofit directory",https://www.givenative.org/search?orgScope=on,2026-09-04,,The Cultural Conservancy,0
CE-001SC-95,South Carolina Indian Affairs Commission,Native nonprofit,givenative,"GiveNative, Native nonprofit directory",https://www.givenative.org/search?orgScope=on,2026-09-04,,South Carolina Indian Affairs Commission,0
CE-001SD-FY,Four Points Media Inc,Native nonprofit,givenative,"GiveNative, Native nonprofit directory",https://www.givenative.org/search?orgScope=on,2026-09-04,,Four Points Media Inc,0
CE-001SE-NQ,American Indian College Fund,Native nonprofit,givenative,"GiveNative, Native nonprofit directory",https://www.givenative.org/search?orgScope=on,2026-09-04,,American Indian College Fund,0
CE-001SF-VG,Pretty Eaglewoman Resource Foundation,Native nonprofit,givenative,"GiveNative, Native nonprofit directory",https://www.givenative.org/search?orgScope=on,2026-09-04,,Pretty Eaglewoman Resource Foundation,0
CE-001SG-19,Kalauokekahuli,Native nonprofit,givenative,"GiveNative, Native nonprofit directory",https://www.givenative.org/search?orgScope=on,2026-09-04,,Kalauokekahuli,0
CE-001SH-72,Honor the Treaty of 1864,Native nonprofit,givenative,"GiveNative, Native nonprofit directory",https://www.givenative.org/search?orgScope=on,2026-09-04,,Honor the Treaty of 1864,0
CE-001SJ-DV,Snqwelmistn,Native nonprofit,givenative,"GiveNative, Native nonprofit directory",https://www.givenative.org/search?orgScope=on,2026-09-04,,Snqwelmistn,0
CE-001SK-KM,Grinding Stone Collective Inc,Native nonprofit,givenative,"GiveNative, Native nonprofit directory",https://www.givenative.org/search?orgScope=on,2026-09-04,,Grinding Stone Collective Inc,0
CE-001SM-SD,Tribal Homeownership Coalition of the Southwest,Native nonprofit,givenative,"GiveNative, Native nonprofit directory",https://www.givenative.org/search?orgScope=on,2026-09-04,,Tribal Homeownership Coalition of the Southwest,0
CE-001SN-Z6,Dakota Wicohan,Native nonprofit,givenative,"GiveNative, Native nonprofit directory",https://www.givenative.org/search?orgScope=on,2026-09-04,,Dakota Wicohan,0
CE-001SP-5Z,A Nuche Inc,Native nonprofit,givenative,"GiveNative, Native nonprofit directory",https://www.givenative.org/search?orgScope=on,2026-09-04,,A Nuche Inc,0
CE-001SQ-BR,Morning Star Conservancy Inc,Native nonprofit,givenative,"GiveNative, Native nonprofit directory",https://www.givenative.org/search?orgScope=on,2026-09-04,,Morning Star Conservancy Inc,0
CE-001SR-HH,Texas Tribal Buffalo Project,Native nonprofit,givenative,"GiveNative, Native nonprofit directory",https://www.givenative.org/search?orgScope=on,2026-09-04,,Texas Tribal Buffalo Project,0
CE-001SS-QA,New Native Theatre,Native nonprofit,givenative,"GiveNative, Native nonprofit directory",https://www.givenative.org/search?orgScope=on,2026-09-04,,New Native Theatre,0
CE-001ST-X3,We Are Healers Inc,Native nonprofit,givenative,"GiveNative, Native nonprofit directory",https://www.givenative.org/search?orgScope=on,2026-09-04,,We Are Healers Inc,0
CE-001SV-3W,Hopi Tutskwa Permaculture Institute,Native nonprofit,givenative,"GiveNative, Native nonprofit directory",https://www.givenative.org/search?orgScope=on,2026-09-04,,Hopi Tutskwa Permaculture Institute,0
CE-001SW-9N,HUṠWEJ,Native nonprofit,givenative,"GiveNative, Native nonprofit directory",https://www.givenative.org/search?orgScope=on,2026-09-04,,HUṠWEJ,0
CE-001SX-FE,Red Feather Development Group,Native nonprofit,givenative,"GiveNative, Native nonprofit directory",https://www.givenative.org/search?orgScope=on,2026-09-04,,Red Feather Development Group,0
CE-001SY-N7,Mauliola Ke`ehi,Native nonprofit,givenative,"GiveNative, Native nonprofit directory",https://www.givenative.org/search?orgScope=on,2026-09-04,,Mauliola Ke`ehi,0
CE-001SZ-V0,Cante Waunsilpi Wi Ta Ominiciye,Native nonprofit,givenative,"GiveNative, Native nonprofit directory",https://www.givenative.org/search?orgScope=on,2026-09-04,,Cante Waunsilpi Wi Ta Ominiciye,0
CE-001T0-69,Minnesota Indian Women's Sexual Assault Coalition,Native nonprofit,givenative,"GiveNative, Native nonprofit directory",https://www.givenative.org/search?orgScope=on,2026-09-04,,Minnesota Indian Women's Sexual Assault Coalition,0
CE-001T1-C2,Not Our Native Daughters,Native nonprofit,givenative,"GiveNative, Native nonprofit directory",https://www.givenative.org/search?orgScope=on,2026-09-04,,Not Our Native Daughters,0
CE-001T2-JV,Data for Indigenous Justice,Native nonprofit,givenative,"GiveNative, Native nonprofit directory",https://www.givenative.org/search?orgScope=on,2026-09-04,,Data for Indigenous Justice,0
CE-001T3-RM,Portland All Nations Canoe Family,Native nonprofit,givenative,"GiveNative, Native nonprofit directory",https://www.givenative.org/search?orgScope=on,2026-09-04,,Portland All Nations Canoe Family,0
CE-001T4-YD,Buffalo Nations Grasslands Alliance,Native nonprofit,givenative,"GiveNative, Native nonprofit directory",https://www.givenative.org/search?orgScope=on,2026-09-04,,Buffalo Nations Grasslands Alliance,0
CE-001T5-46,Nááts'íilid Initiative,Native nonprofit,givenative,"GiveNative, Native nonprofit directory",https://www.givenative.org/search?orgScope=on,2026-09-04,,Nááts'íilid Initiative,0
CE-001T6-AZ,Muwekma Ohlone Preservation Foundation,Native nonprofit,givenative,"GiveNative, Native nonprofit directory",https://www.givenative.org/search?orgScope=on,2026-09-04,,Muwekma Ohlone Preservation Foundation,0
CE-001T7-GR,Tongva Taraxat Paxaavxa Conservancy,Native nonprofit,givenative,"GiveNative, Native nonprofit directory",https://www.givenative.org/search?orgScope=on,2026-09-04,,Tongva Taraxat Paxaavxa Conservancy,0
CE-001T8-PH,National Indigenous Women's Resource Center,Native nonprofit,givenative,"GiveNative, Native nonprofit directory",https://www.givenative.org/search?orgScope=on,2026-09-04,,National Indigenous Women's Resource Center,0
CE-001T9-WA,Montessori American Indian Childcare Center,Native nonprofit,givenative,"GiveNative, Native nonprofit directory",https://www.givenative.org/search?orgScope=on,2026-09-04,,Montessori American Indian Childcare Center,0
CE-001TA-23,Abiinooji Aki Inc,Native nonprofit,givenative,"GiveNative, Native nonprofit directory",https://www.givenative.org/search?orgScope=on,2026-09-04,,Abiinooji Aki Inc,0
CE-001TB-8W,Strong Hearted Native Womens Coalition Inc,Native nonprofit,givenative,"GiveNative, Native nonprofit directory",https://www.givenative.org/search?orgScope=on,2026-09-04,,Strong Hearted Native Womens Coalition Inc,0
CE-001TC-EN,Burning Cedar Sovereign Wellness,Native nonprofit,givenative,"GiveNative, Native nonprofit directory",https://www.givenative.org/search?orgScope=on,2026-09-04,,Burning Cedar Sovereign Wellness,0
CE-001TD-ME,Bear Paws Cultural Art,Native nonprofit,givenative,"GiveNative, Native nonprofit directory",https://www.givenative.org/search?orgScope=on,2026-09-04,,Bear Paws Cultural Art,0
CE-001TE-T7,Relentless Feather,Native nonprofit,givenative,"GiveNative, Native nonprofit directory",https://www.givenative.org/search?orgScope=on,2026-09-04,,Relentless Feather,0
CE-001TF-00,Native American Land Conservancy,Native nonprofit,givenative,"GiveNative, Native nonprofit directory",https://www.givenative.org/search?orgScope=on,2026-09-04,,Native American Land Conservancy,0
CE-001TG-6S,Tiwahe Foundation,Native nonprofit,givenative,"GiveNative, Native nonprofit directory",https://www.givenative.org/search?orgScope=on,2026-09-04,,Tiwahe Foundation,0
CE-001TH-CJ,Allottees Association & Affiliated Tribes of the Quinault Reservation,Native nonprofit,givenative,"GiveNative, Native nonprofit directory",https://www.givenative.org/search?orgScope=on,2026-09-04,,Allottees Association & Affiliated Tribes of the Quinault Reservation,0
CE-001TJ-JB,Onkwe,Native nonprofit,givenative,"GiveNative, Native nonprofit directory",https://www.givenative.org/search?orgScope=on,2026-09-04,,Onkwe,0
CE-001TK-R4,Native American Indian Association of Tennessee,Native nonprofit,givenative,"GiveNative, Native nonprofit directory",https://www.givenative.org/search?orgScope=on,2026-09-04,,Native American Indian Association of Tennessee,0
CE-001TM-YX,Buffalo Youth Nation Project,Native nonprofit,givenative,"GiveNative, Native nonprofit directory",https://www.givenative.org/search?orgScope=on,2026-09-04,,Buffalo Youth Nation Project,0
CE-001TN-4P,Gabrieleno-Tongva Tribal Council,Native nonprofit,givenative,"GiveNative, Native nonprofit directory",https://www.givenative.org/search?orgScope=on,2026-09-04,,Gabrieleno-Tongva Tribal Council,0
CE-001TP-AF,Native Hawaiian Philanthropy,Native nonprofit,givenative,"GiveNative, Native nonprofit directory",https://www.givenative.org/search?orgScope=on,2026-09-04,,Native Hawaiian Philanthropy,0
CE-001TQ-G8,Healing The Spirit Productions,Native nonprofit,givenative,"GiveNative, Native nonprofit directory",https://www.givenative.org/search?orgScope=on,2026-09-04,,Healing The Spirit Productions,0
CE-001TR-P1,California Tribal Families Coalition,Native nonprofit,givenative,"GiveNative, Native nonprofit directory",https://www.givenative.org/search?orgScope=on,2026-09-04,,California Tribal Families Coalition,0
CE-001TS-WT,Native Dreams,Native nonprofit,givenative,"GiveNative, Native nonprofit directory",https://www.givenative.org/search?orgScope=on,2026-09-04,,Native Dreams,0
CE-001TT-2K,Through Piscataway Eyes,Native nonprofit,givenative,"GiveNative, Native nonprofit directory",https://www.givenative.org/search?orgScope=on,2026-09-04,,Through Piscataway Eyes,0
CE-001TV-8C,National Native American Hall of Fame,Native nonprofit,givenative,"GiveNative, Native nonprofit directory",https://www.givenative.org/search?orgScope=on,2026-09-04,,National Native American Hall of Fame,0
CE-001TW-E5,Makoce Agriculture Development,Native nonprofit,givenative,"GiveNative, Native nonprofit directory",https://www.givenative.org/search?orgScope=on,2026-09-04,,Makoce Agriculture Development,0
CE-001TX-MY,Native American Housing Circle,Native nonprofit,givenative,"GiveNative, Native nonprofit directory",https://www.givenative.org/search?orgScope=on,2026-09-04,,Native American Housing Circle,0
CE-001TY-TQ,Silver Stallion Bicycle & Coffee Works Inc,Native nonprofit,givenative,"GiveNative, Native nonprofit directory",https://www.givenative.org/search?orgScope=on,2026-09-04,,Silver Stallion Bicycle & Coffee Works Inc,0
CE-001TZ-0G,Woodland Heart Inc,Native nonprofit,givenative,"GiveNative, Native nonprofit directory",https://www.givenative.org/search?orgScope=on,2026-09-04,,Woodland Heart Inc,0
CE-001V0-BS,National Indian Youth Leadership Project,Native nonprofit,givenative,"GiveNative, Native nonprofit directory",https://www.givenative.org/search?orgScope=on,2026-09-04,,National Indian Youth Leadership Project,0
CE-001V1-HJ,Virginia Tribal Education Consortium,Native nonprofit,givenative,"GiveNative, Native nonprofit directory",https://www.givenative.org/search?orgScope=on,2026-09-04,,Virginia Tribal Education Consortium,0
CE-001V2-QB,Indian Health Center of Santa Clara Valley,Native nonprofit,givenative,"GiveNative, Native nonprofit directory",https://www.givenative.org/search?orgScope=on,2026-09-04,,Indian Health Center of Santa Clara Valley,0
CE-001V3-X4,Native Community Development Inc,Native nonprofit,givenative,"GiveNative, Native nonprofit directory",https://www.givenative.org/search?orgScope=on,2026-09-04,,Native Community Development Inc,0
CE-001V4-3X,The Center for Native Health,Native nonprofit,givenative,"GiveNative, Native nonprofit directory",https://www.givenative.org/search?orgScope=on,2026-09-04,,The Center for Native Health,0
CE-001V5-9P,First Nations Outreach Inc,Native nonprofit,givenative,"GiveNative, Native nonprofit directory",https://www.givenative.org/search?orgScope=on,2026-09-04,,First Nations Outreach Inc,0
CE-001V6-FF,Indigenous Leadership Academy Pnw,Native nonprofit,givenative,"GiveNative, Native nonprofit directory",https://www.givenative.org/search?orgScope=on,2026-09-04,,Indigenous Leadership Academy Pnw,0
CE-001V7-N8,Om Namo,Native nonprofit,givenative,"GiveNative, Native nonprofit directory",https://www.givenative.org/search?orgScope=on,2026-09-04,,Om Namo,0
CE-001V8-V1,Blackfeet Mmip,Native nonprofit,givenative,"GiveNative, Native nonprofit directory",https://www.givenative.org/search?orgScope=on,2026-09-04,,Blackfeet Mmip,0
CE-001V9-1T,California Indian Manpower Consortium Inc,Native nonprofit,givenative,"GiveNative, Native nonprofit directory",https://www.givenative.org/search?orgScope=on,2026-09-04,,California Indian Manpower Consortium Inc,0
CE-001VA-7K,Fort Belknap Community Economic Development Corporation,Native nonprofit,givenative,"GiveNative, Native nonprofit directory",https://www.givenative.org/search?orgScope=on,2026-09-04,,Fort Belknap Community Economic Development Corporation,0
CE-001VB-DC,Puʻuhonua Society,Native nonprofit,givenative,"GiveNative, Native nonprofit directory",https://www.givenative.org/search?orgScope=on,2026-09-04,,Puʻuhonua Society,0
CE-001VC-K5,Rezroads Rescue,Native nonprofit,givenative,"GiveNative, Native nonprofit directory",https://www.givenative.org/search?orgScope=on,2026-09-04,,Rezroads Rescue,0
CE-001VD-SY,Two Sister Bears Incorporated,Native nonprofit,givenative,"GiveNative, Native nonprofit directory",https://www.givenative.org/search?orgScope=on,2026-09-04,,Two Sister Bears Incorporated,0
CE-001VE-ZQ,Waipa Foundation,Native nonprofit,givenative,"GiveNative, Native nonprofit directory",https://www.givenative.org/search?orgScope=on,2026-09-04,,Waipa Foundation,0
CE-001VF-5G,Community Assistance Teams of Flagstaff,Native nonprofit,givenative,"GiveNative, Native nonprofit directory",https://www.givenative.org/search?orgScope=on,2026-09-04,,Community Assistance Teams of Flagstaff,0
CE-001VG-B9,Keu the Brand,Native nonprofit,givenative,"GiveNative, Native nonprofit directory",https://www.givenative.org/search?orgScope=on,2026-09-04,,Keu the Brand,0
CE-001VH-H2,Queens Court,Native nonprofit,givenative,"GiveNative, Native nonprofit directory",https://www.givenative.org/search?orgScope=on,2026-09-04,,Queens Court,0
CE-001VJ-QV,Native Healthcare Center,Native nonprofit,givenative,"GiveNative, Native nonprofit directory",https://www.givenative.org/search?orgScope=on,2026-09-04,,Native Healthcare Center,0
CE-001VK-XM,Menomini yoU Inc.,Native nonprofit,givenative,"GiveNative, Native nonprofit directory",https://www.givenative.org/search?orgScope=on,2026-09-04,,Menomini yoU Inc.,0
CE-001VM-3D,Sduhubs Cultural and Family Servises,Native nonprofit,givenative,"GiveNative, Native nonprofit directory",https://www.givenative.org/search?orgScope=on,2026-09-04,,Sduhubs Cultural and Family Servises,0
CE-001VN-96,Rock the Native Vote Inc,Native nonprofit,givenative,"GiveNative, Native nonprofit directory",https://www.givenative.org/search?orgScope=on,2026-09-04,,Rock the Native Vote Inc,0
CE-001VP-FZ,Shades of Thorpe,Native nonprofit,givenative,"GiveNative, Native nonprofit directory",https://www.givenative.org/search?orgScope=on,2026-09-04,,Shades of Thorpe,0
CE-001VQ-NR,Mighty Few Community Development,Native nonprofit,givenative,"GiveNative, Native nonprofit directory",https://www.givenative.org/search?orgScope=on,2026-09-04,,Mighty Few Community Development,0
CE-001VR-VH,Language Conservancy,Native nonprofit,givenative,"GiveNative, Native nonprofit directory",https://www.givenative.org/search?orgScope=on,2026-09-04,,Language Conservancy,0
CE-001VS-1A,National Indian Child Welfare Association,Native nonprofit,givenative,"GiveNative, Native nonprofit directory",https://www.givenative.org/search?orgScope=on,2026-09-04,,National Indian Child Welfare Association,0
CE-001VT-73,Taking Up Space,Native nonprofit,givenative,"GiveNative, Native nonprofit directory",https://www.givenative.org/search?orgScope=on,2026-09-04,,Taking Up Space,0
CE-001VV-DW,Gwichin Steering Committee,Native nonprofit,givenative,"GiveNative, Native nonprofit directory",https://www.givenative.org/search?orgScope=on,2026-09-04,,Gwichin Steering Committee,0
CE-001VW-KN,Waking Women Healing Institute Inc,Native nonprofit,givenative,"GiveNative, Native nonprofit directory",https://www.givenative.org/search?orgScope=on,2026-09-04,,Waking Women Healing Institute Inc,0
CE-001VX-SE,Tribal Council for Responsible Gaming,Native nonprofit,givenative,"GiveNative, Native nonprofit directory",https://www.givenative.org/search?orgScope=on,2026-09-04,,Tribal Council for Responsible Gaming,0
CE-001VY-Z7,I Ola Wailuanui Inc,Native nonprofit,givenative,"GiveNative, Native nonprofit directory",https://www.givenative.org/search?orgScope=on,2026-09-04,,I Ola Wailuanui Inc,0
CE-001VZ-50,Tomaquag Museum,Native nonprofit,givenative,"GiveNative, Native nonprofit directory",https://www.givenative.org/search?orgScope=on,2026-09-04,,Tomaquag Museum,0
CE-001W0-G9,Pine Ridge Girls School - Anpo Wichapi,Native nonprofit,givenative,"GiveNative, Native nonprofit directory",https://www.givenative.org/search?orgScope=on,2026-09-04,,Pine Ridge Girls School - Anpo Wichapi,0
CE-001W1-P2,Triangle Native American Society Inc,Native nonprofit,givenative,"GiveNative, Native nonprofit directory",https://www.givenative.org/search?orgScope=on,2026-09-04,,Triangle Native American Society Inc,0
CE-001W2-WV,Heartbeat Foster Family Support,Native nonprofit,givenative,"GiveNative, Native nonprofit directory",https://www.givenative.org/search?orgScope=on,2026-09-04,,Heartbeat Foster Family Support,0
CE-001W3-2M,Yee Ha’ólníi Doo,Native nonprofit,givenative,"GiveNative, Native nonprofit directory",https://www.givenative.org/search?orgScope=on,2026-09-04,,Yee Ha’ólníi Doo,0
CE-001W4-8D,Four Bridges Traveling Permaculture Institute,Native nonprofit,givenative,"GiveNative, Native nonprofit directory",https://www.givenative.org/search?orgScope=on,2026-09-04,,Four Bridges Traveling Permaculture Institute,0
CE-001W5-E6,"Seeds of Harmony, Inc.",Native nonprofit,givenative,"GiveNative, Native nonprofit directory",https://www.givenative.org/search?orgScope=on,2026-09-04,,"Seeds of Harmony, Inc.",0
CE-001W6-MZ,Two Powers Land Collective Incorporated,Native nonprofit,givenative,"GiveNative, Native nonprofit directory",https://www.givenative.org/search?orgScope=on,2026-09-04,,Two Powers Land Collective Incorporated,0
