cedar_uid,handle,cedar_entity_id,canonical_name,entity_class,class_since_basis,former_names,same_as_legacy_cicd,minted,register_status
CE-00001-6S,AKNF-ACSRMT-00-CALSTA-ASVCPR,T-0019,Asa'carsarmiut,Federally recognized Alaska Native Village,as recorded at first mint 2026-08-28; a reclassification updates this attribute and retires the handle to an alias - the uid never changes,,,2026-08-29,active
CE-00002-CJ,AKNF-AFGNAK-00-KONIAG,T-0246,Afognak,Federally recognized Alaska Native Village,as recorded at first mint 2026-08-28; a reclassification updates this attribute and retires the handle to an alias - the uid never changes,,,2026-08-29,active
CE-00003-JB,AKNF-AGDAGX-00-ALEUTC-PRBLFA,T-0002,Agdaagux,Federally recognized Alaska Native Village,as recorded at first mint 2026-08-28; a reclassification updates this attribute and retires the handle to an alias - the uid never changes,,,2026-08-29,active
CE-00004-R4,AKNF-AKACHK-00-CALSTA-ASVCPR,T-0005,Akiachak,Federally recognized Alaska Native Village,as recorded at first mint 2026-08-28; a reclassification updates this attribute and retires the handle to an alias - the uid never changes,,,2026-08-29,active
CE-00005-YX,AKNF-AKHIOK-00-KONIAG,T-0247,Akhiok,Federally recognized Alaska Native Village,as recorded at first mint 2026-08-28; a reclassification updates this attribute and retires the handle to an alias - the uid never changes,,,2026-08-29,active
CE-00006-4P,AKNF-AKIAKC-00-CALSTA-ASVCPR,T-0006,Akiak,Federally recognized Alaska Native Village,as recorded at first mint 2026-08-28; a reclassification updates this attribute and retires the handle to an alias - the uid never changes,,,2026-08-29,active
CE-00007-AF,AKNF-AKUTAN-00-ALEUTC-PRBLFA,T-0248,Akutan,Federally recognized Alaska Native Village,as recorded at first mint 2026-08-28; a reclassification updates this attribute and retires the handle to an alias - the uid never changes,,,2026-08-29,active
CE-00008-G8,AKNF-ALAKKT-00-DOYONL-TNNACH,T-0012,Allakaket,Federally recognized Alaska Native Village,as recorded at first mint 2026-08-28; a reclassification updates this attribute and retires the handle to an alias - the uid never changes,,,2026-08-29,active
CE-00009-P1,AKNF-ALAKNK-00-CALSTA-ASVCPR,T-0545,Alakanuk,Federally recognized Alaska Native Village,as recorded at first mint 2026-08-28; a reclassification updates this attribute and retires the handle to an alias - the uid never changes,,,2026-08-29,active
CE-0000A-WT,AKNF-ALATNA-00-DOYONL-TNNACH,T-0009,Alatna,Federally recognized Alaska Native Village,as recorded at first mint 2026-08-28; a reclassification updates this attribute and retires the handle to an alias - the uid never changes,,,2026-08-29,active
CE-0000B-2K,AKNF-ALGACQ-00-CALSTA-ASVCPR,,Algaaciq,Federally recognized Alaska Native Village,as recorded at first mint 2026-08-28; a reclassification updates this attribute and retires the handle to an alias - the uid never changes,,,2026-08-29,active
CE-0000C-8C,AKNF-ALKNGK-00-BRBYCO-BRBYAS,T-0249,Aleknagik,Federally recognized Alaska Native Village,as recorded at first mint 2026-08-28; a reclassification updates this attribute and retires the handle to an alias - the uid never changes,,,2026-08-29,active
CE-0000D-E5,AKNF-ALTIIQ-00-KONIAG,T-0014,Alutiiq,Federally recognized Alaska Native Village,as recorded at first mint 2026-08-28; a reclassification updates this attribute and retires the handle to an alias - the uid never changes,,,2026-08-29,active
CE-0000E-MY,AKNF-AMBLER-00-NANARC-MANLLQ,T-0250,Ambler,Federally recognized Alaska Native Village,as recorded at first mint 2026-08-28; a reclassification updates this attribute and retires the handle to an alias - the uid never changes,,,2026-08-29,active
CE-0000F-TQ,AKNF-ANGOON-00-SEALSK-TLNGHD,T-0015,Angoon,Federally recognized Alaska Native Village,as recorded at first mint 2026-08-28; a reclassification updates this attribute and retires the handle to an alias - the uid never changes,,,2026-08-29,active
CE-0000G-0G,AKNF-ANKTVK-00-ARCSLO,T-0546,Anaktuvuk Pass,Federally recognized Alaska Native Village,as recorded at first mint 2026-08-28; a reclassification updates this attribute and retires the handle to an alias - the uid never changes,,,2026-08-29,active
CE-0000H-69,AKNF-ANVIKV-00-DOYONL-TNNACH,T-0016,Anvik,Federally recognized Alaska Native Village,as recorded at first mint 2026-08-28; a reclassification updates this attribute and retires the handle to an alias - the uid never changes,,,2026-08-29,active
CE-0000J-C2,AKNF-ARCTIC-00-DOYONL-CATHTG-TNNACH-VENTGV,,Arctic Village,Federally recognized Alaska Native Village,as recorded at first mint 2026-08-28; a reclassification updates this attribute and retires the handle to an alias - the uid never changes,,,2026-08-29,active
CE-0000K-JV,AKNF-ATKANV-00-ALEUTC-PRBLFA,T-0251,Atka,Federally recognized Alaska Native Village,as recorded at first mint 2026-08-28; a reclassification updates this attribute and retires the handle to an alias - the uid never changes,,,2026-08-29,active
CE-0000M-RM,AKNF-ATMTLK-00-CALSTA-ASVCPR,T-0548,Atmautluak,Federally recognized Alaska Native Village,as recorded at first mint 2026-08-28; a reclassification updates this attribute and retires the handle to an alias - the uid never changes,,,2026-08-29,active
CE-0000N-YD,AKNF-ATQSUK-00-ARCSLO,T-0252,Atqasuk,Federally recognized Alaska Native Village,as recorded at first mint 2026-08-28; a reclassification updates this attribute and retires the handle to an alias - the uid never changes,,,2026-08-29,active
CE-0000P-46,AKNF-BCKLND-00-NANARC-MANLLQ,T-0256,Buckland,Federally recognized Alaska Native Village,as recorded at first mint 2026-08-28; a reclassification updates this attribute and retires the handle to an alias - the uid never changes,,,2026-08-29,active
CE-0000Q-AZ,AKNF-BEAVRV-00-DOYONL-CATHTG-TNNACH,T-0025,Beaver,Federally recognized Alaska Native Village,as recorded at first mint 2026-08-28; a reclassification updates this attribute and retires the handle to an alias - the uid never changes,,,2026-08-29,active
CE-0000R-GR,AKNF-BIRCHC-00-DOYONL-TNNACH,T-0031,Birch Creek,Federally recognized Alaska Native Village,as recorded at first mint 2026-08-28; a reclassification updates this attribute and retires the handle to an alias - the uid never changes,,,2026-08-29,active
CE-0000S-PH,AKNF-BLKFSK-00-ALEUTC-PRBLFA,T-0254,Belkofski,Federally recognized Alaska Native Village,as recorded at first mint 2026-08-28; a reclassification updates this attribute and retires the handle to an alias - the uid never changes,,,2026-08-29,active
CE-0000T-WA,AKNF-BLLMSL-00-CALSTA-ASVCPR,T-0549,Bill Moore's Slough,Federally recognized Alaska Native Village,as recorded at first mint 2026-08-28; a reclassification updates this attribute and retires the handle to an alias - the uid never changes,,,2026-08-29,active
CE-0000V-23,AKNF-BREVIG-00-BERSTR-KAWRAK,T-0255,Brevig Mission,Federally recognized Alaska Native Village,as recorded at first mint 2026-08-28; a reclassification updates this attribute and retires the handle to an alias - the uid never changes,,,2026-08-29,active
CE-0000W-8W,AKNF-CGNKBY-00-BRBYCO-BRBYAS,T-0064,Chignik Bay,Federally recognized Alaska Native Village,as recorded at first mint 2026-08-28; a reclassification updates this attribute and retires the handle to an alias - the uid never changes,,,2026-08-29,active
CE-0000X-EN,AKNF-CGNKLG-00-BRBYCO-BRBYAS,T-0259,Chignik Lagoon,Federally recognized Alaska Native Village,as recorded at first mint 2026-08-28; a reclassification updates this attribute and retires the handle to an alias - the uid never changes,,,2026-08-29,active
CE-0000Y-ME,AKNF-CGNKLK-00-BRBYCO-BRBYAS,T-0065,Chignik Lake,Federally recognized Alaska Native Village,as recorded at first mint 2026-08-28; a reclassification updates this attribute and retires the handle to an alias - the uid never changes,,,2026-08-29,active
CE-0000Z-T7,AKNF-CHCKLN-00-CKINLT,T-0062,Chickaloon,Federally recognized Alaska Native Village,as recorded at first mint 2026-08-28; a reclassification updates this attribute and retires the handle to an alias - the uid never changes,,,2026-08-29,active
CE-00010-5G,AKNF-CHEVAK-00-CALSTA-ASVCPR,T-0057,Chevak,Federally recognized Alaska Native Village,as recorded at first mint 2026-08-28; a reclassification updates this attribute and retires the handle to an alias - the uid never changes,,,2026-08-29,active
CE-00011-B9,AKNF-CHFRNK-00-CALSTA-ASVCPR,T-0550,Chefornak,Federally recognized Alaska Native Village,as recorded at first mint 2026-08-28; a reclassification updates this attribute and retires the handle to an alias - the uid never changes,,,2026-08-29,active
CE-00012-H2,AKNF-CHINIK-00-BERSTR-KAWRAK,,Chinik,Federally recognized Alaska Native Village,as recorded at first mint 2026-08-28; a reclassification updates this attribute and retires the handle to an alias - the uid never changes,,,2026-08-29,active
CE-00013-QV,AKNF-CHLKAT-00-SEALSK-TLNGHD,,Chilkat,Federally recognized Alaska Native Village,as recorded at first mint 2026-08-28; a reclassification updates this attribute and retires the handle to an alias - the uid never changes,,,2026-08-29,active
CE-00014-XM,AKNF-CHLKSK-00-DOYONL-CATHTG-TNNACH,T-0052,Chalkyitsik,Federally recognized Alaska Native Village,as recorded at first mint 2026-08-28; a reclassification updates this attribute and retires the handle to an alias - the uid never changes,,,2026-08-29,active
CE-00015-3D,AKNF-CHNEGA-00-CHGCCO-CHGCMT,T-0258,Chenega,Federally recognized Alaska Native Village,as recorded at first mint 2026-08-28; a reclassification updates this attribute and retires the handle to an alias - the uid never changes,,,2026-08-29,active
CE-00016-96,AKNF-CHSHNA-00-AHTNAI,T-0053,Cheesh-Na,Federally recognized Alaska Native Village,as recorded at first mint 2026-08-28; a reclassification updates this attribute and retires the handle to an alias - the uid never changes,,,2026-08-29,active
CE-00017-FZ,AKNF-CHTHBK-00-CALSTA-ASVCPR,,Chuathbaluk,Federally recognized Alaska Native Village,as recorded at first mint 2026-08-28; a reclassification updates this attribute and retires the handle to an alias - the uid never changes,,,2026-08-29,active
CE-00018-NR,AKNF-CHTINA-00-AHTNAI,T-0260,Chitina,Federally recognized Alaska Native Village,as recorded at first mint 2026-08-28; a reclassification updates this attribute and retires the handle to an alias - the uid never changes,,,2026-08-29,active
CE-00019-VH,AKNF-CIRCLE-00-DOYONL-CATHTG-TNNACH,T-0072,Circle,Federally recognized Alaska Native Village,as recorded at first mint 2026-08-28; a reclassification updates this attribute and retires the handle to an alias - the uid never changes,,,2026-08-29,active
CE-0001A-1A,AKNF-CLKOOT-00-SEALSK-TLNGHD,,Chilkoot,Federally recognized Alaska Native Village,as recorded at first mint 2026-08-28; a reclassification updates this attribute and retires the handle to an alias - the uid never changes,,,2026-08-29,active
CE-0001B-73,AKNF-CLNWCK-00-CALSTA-ASVCPR,T-0071,Chuloonawick,Federally recognized Alaska Native Village,as recorded at first mint 2026-08-28; a reclassification updates this attribute and retires the handle to an alias - the uid never changes,,,2026-08-29,active
CE-0001C-DW,AKNF-CLRKPT-00-BRBYCO-BRBYAS,T-0551,Clark's Point,Federally recognized Alaska Native Village,as recorded at first mint 2026-08-28; a reclassification updates this attribute and retires the handle to an alias - the uid never changes,,,2026-08-29,active
CE-0001D-KN,AKNF-CNTWLL-00-AHTNAI-CPPRRV,T-0257,Cantwell,Federally recognized Alaska Native Village,as recorded at first mint 2026-08-28; a reclassification updates this attribute and retires the handle to an alias - the uid never changes,,,2026-08-29,active
CE-0001E-SE,AKNF-COUNCL-00-BERSTR-KAWRAK,T-0262,Council,Federally recognized Alaska Native Village,as recorded at first mint 2026-08-28; a reclassification updates this attribute and retires the handle to an alias - the uid never changes,,,2026-08-29,active
CE-0001F-Z7,AKNF-CRAIGT-00-SEALSK-TLNGHD,T-0095,Craig,Federally recognized Alaska Native Village,as recorded at first mint 2026-08-28; a reclassification updates this attribute and retires the handle to an alias - the uid never changes,,,2026-08-29,active
CE-0001G-50,AKNF-CRKEDC-00-CALSTA-ASVCPR,T-0552,Crooked Creek,Federally recognized Alaska Native Village,as recorded at first mint 2026-08-28; a reclassification updates this attribute and retires the handle to an alias - the uid never changes,,,2026-08-29,active
CE-0001H-BS,AKNF-CRYUNG-00-BRBYCO-BRBYAS,T-0098,Curyung,Federally recognized Alaska Native Village,as recorded at first mint 2026-08-28; a reclassification updates this attribute and retires the handle to an alias - the uid never changes,,,2026-08-29,active
CE-0001J-HJ,AKNF-DEERNG-00-NANARC-MANLLQ,T-0263,Deering,Federally recognized Alaska Native Village,as recorded at first mint 2026-08-28; a reclassification updates this attribute and retires the handle to an alias - the uid never changes,,,2026-08-29,active
CE-0001K-QB,AKNF-DOTLAK-00-DOYONL-TNNACH,T-0553,Dot Lake,Federally recognized Alaska Native Village,as recorded at first mint 2026-08-28; a reclassification updates this attribute and retires the handle to an alias - the uid never changes,,,2026-08-29,active
CE-0001M-X4,AKNF-DOUGLS-00-SEALSK,T-0101,Douglas,Federally recognized Alaska Native Village,as recorded at first mint 2026-08-28; a reclassification updates this attribute and retires the handle to an alias - the uid never changes,,,2026-08-29,active
CE-0001N-3X,AKNF-EGEGIK-00-BRBYCO-BRBYAS,T-0107,Egegik,Federally recognized Alaska Native Village,as recorded at first mint 2026-08-28; a reclassification updates this attribute and retires the handle to an alias - the uid never changes,,,2026-08-29,active
CE-0001P-9P,AKNF-EKLTNA-00-CKINLT,T-0108,Eklutna,Federally recognized Alaska Native Village,as recorded at first mint 2026-08-28; a reclassification updates this attribute and retires the handle to an alias - the uid never changes,,,2026-08-29,active
CE-0001Q-FF,AKNF-EMMNAK-00-CALSTA-ASVCPR,T-0112,Emmonak,Federally recognized Alaska Native Village,as recorded at first mint 2026-08-28; a reclassification updates this attribute and retires the handle to an alias - the uid never changes,,,2026-08-29,active
CE-0001R-N8,AKNF-EVNSVL-00-DOYONL-TNNACH,,Evansville,Federally recognized Alaska Native Village,as recorded at first mint 2026-08-28; a reclassification updates this attribute and retires the handle to an alias - the uid never changes,,,2026-08-29,active
CE-0001S-V1,AKNF-FSPASS-00-ALEUTC-PRBLFA,T-0271,False Pass,Federally recognized Alaska Native Village,as recorded at first mint 2026-08-28; a reclassification updates this attribute and retires the handle to an alias - the uid never changes,,,2026-08-29,active
CE-0001T-1T,AKNF-GAKONA-00-AHTNAI-CPPRRV,T-0273,Gakona,Federally recognized Alaska Native Village,as recorded at first mint 2026-08-28; a reclassification updates this attribute and retires the handle to an alias - the uid never changes,,,2026-08-29,active
CE-0001V-7K,AKNF-GAMBLL-00-BERSTR-KAWRAK,T-0274,Gambell,Federally recognized Alaska Native Village,as recorded at first mint 2026-08-28; a reclassification updates this attribute and retires the handle to an alias - the uid never changes,,,2026-08-29,active
CE-0001W-DC,AKNF-GEORGT-00-CALSTA-ASVCPR,T-0275,Georgetown,Federally recognized Alaska Native Village,as recorded at first mint 2026-08-28; a reclassification updates this attribute and retires the handle to an alias - the uid never changes,,,2026-08-29,active
CE-0001X-K5,AKNF-GLKANA-00-AHTNAI-CPPRRV,T-0131,Gulkana,Federally recognized Alaska Native Village,as recorded at first mint 2026-08-28; a reclassification updates this attribute and retires the handle to an alias - the uid never changes,,,2026-08-29,active
CE-0001Y-SY,AKNF-GNWSBY-00-CALSTA-ASVCPR,T-0276,Goodnews Bay,Federally recognized Alaska Native Village,as recorded at first mint 2026-08-28; a reclassification updates this attribute and retires the handle to an alias - the uid never changes,,,2026-08-29,active
CE-0001Z-ZQ,AKNF-GRYLNG-00-DOYONL-TNNACH,,Grayling,Federally recognized Alaska Native Village,as recorded at first mint 2026-08-28; a reclassification updates this attribute and retires the handle to an alias - the uid never changes,,,2026-08-29,active
CE-00020-A0,AKNF-GWCHZG-00-DOYONL-CATHTG-TNNACH,T-0272,Fort Yukon,Federally recognized Alaska Native Village,as recorded at first mint 2026-08-28; a reclassification updates this attribute and retires the handle to an alias - the uid never changes,,,2026-08-29,active
CE-00021-GS,AKNF-HAMLTN-00-CALSTA-ASVCPR,T-0277,Hamilton,Federally recognized Alaska Native Village,as recorded at first mint 2026-08-28; a reclassification updates this attribute and retires the handle to an alias - the uid never changes,,,2026-08-29,active
CE-00022-PJ,AKNF-HCROSS-00-DOYONL-TNNACH,T-0138,Holy Cross,Federally recognized Alaska Native Village,as recorded at first mint 2026-08-28; a reclassification updates this attribute and retires the handle to an alias - the uid never changes,,,2026-08-29,active
CE-00023-WB,AKNF-HDABRG-00-SEALSK-TLNGHD,T-0147,Hydaburg,Federally recognized Alaska Native Village,as recorded at first mint 2026-08-28; a reclassification updates this attribute and retires the handle to an alias - the uid never changes,,,2026-08-29,active
CE-00024-24,AKNF-HEALYL-00-DOYONL-TNNACH,T-0135,Healy Lake,Federally recognized Alaska Native Village,as recorded at first mint 2026-08-28; a reclassification updates this attribute and retires the handle to an alias - the uid never changes,,,2026-08-29,active
CE-00025-8X,AKNF-HOONAH-00-SEALSK-TLNGHD,T-0139,Hoonah,Federally recognized Alaska Native Village,as recorded at first mint 2026-08-28; a reclassification updates this attribute and retires the handle to an alias - the uid never changes,,,2026-08-29,active
CE-00026-EP,AKNF-HOOPBY-00-CALSTA-ASVCPR,T-0278,Hooper Bay,Federally recognized Alaska Native Village,as recorded at first mint 2026-08-28; a reclassification updates this attribute and retires the handle to an alias - the uid never changes,,,2026-08-29,active
CE-00027-MF,AKNF-HUGHES-00-DOYONL-TNNACH,T-0145,Hughes,Federally recognized Alaska Native Village,as recorded at first mint 2026-08-28; a reclassification updates this attribute and retires the handle to an alias - the uid never changes,,,2026-08-29,active
CE-00028-T8,AKNF-HUSLIA-00-DOYONL-TNNACH,T-0146,Huslia,Federally recognized Alaska Native Village,as recorded at first mint 2026-08-28; a reclassification updates this attribute and retires the handle to an alias - the uid never changes,,,2026-08-29,active
CE-00029-01,AKNF-IGIUGG-00-BRBYCO-BRBYAS,T-0148,Igiugig,Federally recognized Alaska Native Village,as recorded at first mint 2026-08-28; a reclassification updates this attribute and retires the handle to an alias - the uid never changes,,,2026-08-29,active
CE-0002A-6T,AKNF-INALIK-00-BERSTR-KAWRAK,,Diomede,Federally recognized Alaska Native Village,as recorded at first mint 2026-08-28; a reclassification updates this attribute and retires the handle to an alias - the uid never changes,,,2026-08-29,active
CE-0002B-CK,AKNF-INPTAS-00-ARCSLO,T-0151,Inupiat,Federally recognized Alaska Native Village,as recorded at first mint 2026-08-28; a reclassification updates this attribute and retires the handle to an alias - the uid never changes,,,2026-08-29,active
CE-0002C-JC,AKNF-INPTBW-00-ARCSLO,T-0253,Barrow,Federally recognized Alaska Native Village,as recorded at first mint 2026-08-28; a reclassification updates this attribute and retires the handle to an alias - the uid never changes,,,2026-08-29,active
CE-0002D-R5,AKNF-IQUGMT-00-CALSTA-ASVCPR,T-0155,Iqugmiut,Federally recognized Alaska Native Village,as recorded at first mint 2026-08-28; a reclassification updates this attribute and retires the handle to an alias - the uid never changes,,,2026-08-29,active
CE-0002E-YY,AKNF-IVNFBY-00-BRBYCO-BRBYAS,T-0156,Ivanof Bay,Federally recognized Alaska Native Village,as recorded at first mint 2026-08-28; a reclassification updates this attribute and retires the handle to an alias - the uid never changes,,,2026-08-29,active
CE-0002F-4Q,AKNF-KAGUYK-00-KONIAG,T-0162,Kaguyuk,Federally recognized Alaska Native Village,as recorded at first mint 2026-08-28; a reclassification updates this attribute and retires the handle to an alias - the uid never changes,,,2026-08-29,active
CE-0002G-AG,AKNF-KALTAG-00-DOYONL-TNNACH,T-0556,Kaltag,Federally recognized Alaska Native Village,as recorded at first mint 2026-08-28; a reclassification updates this attribute and retires the handle to an alias - the uid never changes,,,2026-08-29,active
CE-0002H-G9,AKNF-KANATK-00-BRBYCO-BRBYAS,T-0279,Kanatak,Federally recognized Alaska Native Village,as recorded at first mint 2026-08-28; a reclassification updates this attribute and retires the handle to an alias - the uid never changes,,,2026-08-29,active
CE-0002J-P2,AKNF-KARLUK-00-KONIAG,T-0280,Karluk,Federally recognized Alaska Native Village,as recorded at first mint 2026-08-28; a reclassification updates this attribute and retires the handle to an alias - the uid never changes,,,2026-08-29,active
CE-0002K-WV,AKNF-KASAAN-00-SEALSK-TLNGHD,T-0370,Kasaan,Federally recognized Alaska Native Village,as recorded at first mint 2026-08-28; a reclassification updates this attribute and retires the handle to an alias - the uid never changes,,,2026-08-29,active
CE-0002M-2M,AKNF-KENTZE-00-CKINLT,T-0170,Kenaitze,Federally recognized Alaska Native Village,as recorded at first mint 2026-08-28; a reclassification updates this attribute and retires the handle to an alias - the uid never changes,,,2026-08-29,active
CE-0002N-8D,AKNF-KIPNUK-00-CALSTA-ASVCPR,T-0282,Kipnuk,Federally recognized Alaska Native Village,as recorded at first mint 2026-08-28; a reclassification updates this attribute and retires the handle to an alias - the uid never changes,,,2026-08-29,active
CE-0002P-E6,AKNF-KKTOVK-00-ARCSLO,,Kaktovik,Federally recognized Alaska Native Village,as recorded at first mint 2026-08-28; a reclassification updates this attribute and retires the handle to an alias - the uid never changes,,,2026-08-29,active
CE-0002Q-MZ,AKNF-KLAWCK-00-SEALSK-TLNGHD,T-0181,Klawock,Federally recognized Alaska Native Village,as recorded at first mint 2026-08-28; a reclassification updates this attribute and retires the handle to an alias - the uid never changes,,,2026-08-29,active
CE-0002R-TR,AKNF-KLSKAG-00-CALSTA-ASVCPR,T-0555,Kalskag,Federally recognized Alaska Native Village,as recorded at first mint 2026-08-28; a reclassification updates this attribute and retires the handle to an alias - the uid never changes,,,2026-08-29,active
CE-0002S-0H,AKNF-KLTIKH-00-AHTNAI-CPPRRV,,Kluti Kaah,Federally recognized Alaska Native Village,as recorded at first mint 2026-08-28; a reclassification updates this attribute and retires the handle to an alias - the uid never changes,,,2026-08-29,active
CE-0002T-6A,AKNF-KNGGNK-00-CALSTA-ASVCPR,T-0286,Kongiganak,Federally recognized Alaska Native Village,as recorded at first mint 2026-08-28; a reclassification updates this attribute and retires the handle to an alias - the uid never changes,,,2026-08-29,active
CE-0002V-C3,AKNF-KNGISL-00-BERSTR-KAWRAK,T-0177,King Island,Federally recognized Alaska Native Village,as recorded at first mint 2026-08-28; a reclassification updates this attribute and retires the handle to an alias - the uid never changes,,,2026-08-29,active
CE-0002W-JW,AKNF-KNGSAL-00-BRBYCO-BRBYAS,T-0178,King Salmon,Federally recognized Alaska Native Village,as recorded at first mint 2026-08-28; a reclassification updates this attribute and retires the handle to an alias - the uid never changes,,,2026-08-29,active
CE-0002X-RN,AKNF-KNIKTR-00-CKINLT,T-0183,Knik,Federally recognized Alaska Native Village,as recorded at first mint 2026-08-28; a reclassification updates this attribute and retires the handle to an alias - the uid never changes,,,2026-08-29,active
CE-0002Y-YE,AKNF-KOBUKV-00-NANARC-MANLLQ,T-0285,Kobuk,Federally recognized Alaska Native Village,as recorded at first mint 2026-08-28; a reclassification updates this attribute and retires the handle to an alias - the uid never changes,,,2026-08-29,active
CE-0002Z-47,AKNF-KOKHNK-00-BRBYCO-BRBYAS,T-0185,Kokhanok,Federally recognized Alaska Native Village,as recorded at first mint 2026-08-28; a reclassification updates this attribute and retires the handle to an alias - the uid never changes,,,2026-08-29,active
CE-00030-FG,AKNF-KOTLIK-00-CALSTA-ASVCPR,T-0557,Kotlik,Federally recognized Alaska Native Village,as recorded at first mint 2026-08-28; a reclassification updates this attribute and retires the handle to an alias - the uid never changes,,,2026-08-29,active
CE-00031-N9,AKNF-KOYUKK-00-DOYONL-TNNACH,T-0187,Koyukuk,Federally recognized Alaska Native Village,as recorded at first mint 2026-08-28; a reclassification updates this attribute and retires the handle to an alias - the uid never changes,,,2026-08-29,active
CE-00032-V2,AKNF-KOYUKV-00-BERSTR-KAWRAK,T-0288,Koyuk,Federally recognized Alaska Native Village,as recorded at first mint 2026-08-28; a reclassification updates this attribute and retires the handle to an alias - the uid never changes,,,2026-08-29,active
CE-00033-1V,AKNF-KSIGLK-00-CALSTA-ASVCPR,T-0168,Kasigluk,Federally recognized Alaska Native Village,as recorded at first mint 2026-08-28; a reclassification updates this attribute and retires the handle to an alias - the uid never changes,,,2026-08-29,active
CE-00034-7M,AKNF-KTCHKN-00-SEALSK-TLNGHD,T-0171,Ketchikan,Federally recognized Alaska Native Village,as recorded at first mint 2026-08-28; a reclassification updates this attribute and retires the handle to an alias - the uid never changes,,,2026-08-29,active
CE-00035-DD,AKNF-KTZBUE-00-NANARC-MANLLQ,T-0287,Kotzebue,Federally recognized Alaska Native Village,as recorded at first mint 2026-08-28; a reclassification updates this attribute and retires the handle to an alias - the uid never changes,,,2026-08-29,active
CE-00036-K6,AKNF-KVALNA-00-NANARC-MANLLQ,T-0283,Kivalina,Federally recognized Alaska Native Village,as recorded at first mint 2026-08-28; a reclassification updates this attribute and retires the handle to an alias - the uid never changes,,,2026-08-29,active
CE-00037-SZ,AKNF-KWGLGK-00-CALSTA-ASVCPR,T-0289,Kwigillingok,Federally recognized Alaska Native Village,as recorded at first mint 2026-08-28; a reclassification updates this attribute and retires the handle to an alias - the uid never changes,,,2026-08-29,active
CE-00038-ZR,AKNF-KWTHLK-00-CALSTA-ASVCPR,T-0371,Kwethluk,Federally recognized Alaska Native Village,as recorded at first mint 2026-08-28; a reclassification updates this attribute and retires the handle to an alias - the uid never changes,,,2026-08-29,active
CE-00039-5H,AKNF-LARSBY-00-KONIAG,T-0291,Larsen Bay,Federally recognized Alaska Native Village,as recorded at first mint 2026-08-28; a reclassification updates this attribute and retires the handle to an alias - the uid never changes,,,2026-08-29,active
CE-0003A-BA,AKNF-LEVLCK-00-BRBYCO-BRBYAS,T-0194,Levelock,Federally recognized Alaska Native Village,as recorded at first mint 2026-08-28; a reclassification updates this attribute and retires the handle to an alias - the uid never changes,,,2026-08-29,active
CE-0003B-H3,AKNF-LIMEVL-00-CALSTA-ASVCPR,T-0195,Lime,Federally recognized Alaska Native Village,as recorded at first mint 2026-08-28; a reclassification updates this attribute and retires the handle to an alias - the uid never changes,,,2026-08-29,active
CE-0003C-QW,AKNF-LKLSKG-00-CALSTA-ASVCPR,T-0558,Lower Kalskag,Federally recognized Alaska Native Village,as recorded at first mint 2026-08-28; a reclassification updates this attribute and retires the handle to an alias - the uid never changes,,,2026-08-29,active
CE-0003D-XN,AKNF-LOUDEN-00-DOYONL-TNNACH,,Louden Tribe,Federally recognized Alaska Native Village,as recorded at first mint 2026-08-28; a reclassification updates this attribute and retires the handle to an alias - the uid never changes,,,2026-08-29,active
CE-0003E-3E,AKNF-MCGRTH-00-DOYONL-TNNACH,T-0217,Mcgrath,Federally recognized Alaska Native Village,as recorded at first mint 2026-08-28; a reclassification updates this attribute and retires the handle to an alias - the uid never changes,,,2026-08-29,active
CE-0003F-97,AKNF-MEKRYK-00-CALSTA-ASVCPR,T-0294,Mekoryuk,Federally recognized Alaska Native Village,as recorded at first mint 2026-08-28; a reclassification updates this attribute and retires the handle to an alias - the uid never changes,,,2026-08-29,active
CE-0003G-F0,AKNF-MIGLOO-00-BERSTR-KAWRAK,T-0293,Mary's Igloo,Federally recognized Alaska Native Village,as recorded at first mint 2026-08-28; a reclassification updates this attribute and retires the handle to an alias - the uid never changes,,,2026-08-29,active
CE-0003H-NS,AKNF-MNLYHS-00-DOYONL-TNNACH,T-0211,Manley Hot Springs,Federally recognized Alaska Native Village,as recorded at first mint 2026-08-28; a reclassification updates this attribute and retires the handle to an alias - the uid never changes,,,2026-08-29,active
CE-0003J-VJ,AKNF-MNOKTK-00-BRBYCO-BRBYAS,T-0212,Manokotak,Federally recognized Alaska Native Village,as recorded at first mint 2026-08-28; a reclassification updates this attribute and retires the handle to an alias - the uid never changes,,,2026-08-29,active
CE-0003K-1B,AKNF-MNTSTA-00-AHTNAI-CPPRRV,T-0220,Mentasta,Federally recognized Alaska Native Village,as recorded at first mint 2026-08-28; a reclassification updates this attribute and retires the handle to an alias - the uid never changes,,,2026-08-29,active
CE-0003M-74,AKNF-MRSHLL-00-CALSTA-ASVCPR,,Marshall,Federally recognized Alaska Native Village,as recorded at first mint 2026-08-28; a reclassification updates this attribute and retires the handle to an alias - the uid never changes,,,2026-08-29,active
CE-0003N-DX,AKNF-MTLKTL-00-TLNGHD,T-0223,Metlakatla,Federally recognized Alaska Native Village,as recorded at first mint 2026-08-28; a reclassification updates this attribute and retires the handle to an alias - the uid never changes,,,2026-08-29,active
CE-0003P-KP,AKNF-NAKNEK-00-BRBYCO-BRBYAS,T-0243,Naknek,Federally recognized Alaska Native Village,as recorded at first mint 2026-08-28; a reclassification updates this attribute and retires the handle to an alias - the uid never changes,,,2026-08-29,active
CE-0003Q-SF,AKNF-NANWLK-00-CHGCCO-CHGCMT,,Nanwalek,Federally recognized Alaska Native Village,as recorded at first mint 2026-08-28; a reclassification updates this attribute and retires the handle to an alias - the uid never changes,,,2026-08-29,active
CE-0003R-Z8,AKNF-NAPAKK-00-CALSTA-ASVCPR,T-0298,Napakiak,Federally recognized Alaska Native Village,as recorded at first mint 2026-08-28; a reclassification updates this attribute and retires the handle to an alias - the uid never changes,,,2026-08-29,active
CE-0003S-51,AKNF-NAPSKK-00-CALSTA-ASVCPR,T-0299,Napaskiak,Federally recognized Alaska Native Village,as recorded at first mint 2026-08-28; a reclassification updates this attribute and retires the handle to an alias - the uid never changes,,,2026-08-29,active
CE-0003T-BT,AKNF-NENANA-00-DOYONL-TNNACH,T-0341,Nenana,Federally recognized Alaska Native Village,as recorded at first mint 2026-08-28; a reclassification updates this attribute and retires the handle to an alias - the uid never changes,,,2026-08-29,active
CE-0003V-HK,AKNF-NEWTOK-00-CALSTA-ASVCPR,T-0345,Newtok,Federally recognized Alaska Native Village,as recorded at first mint 2026-08-28; a reclassification updates this attribute and retires the handle to an alias - the uid never changes,,,2026-08-29,active
CE-0003W-QC,AKNF-NGHTMT-00-CALSTA-ASVCPR,T-0301,Nightmute,Federally recognized Alaska Native Village,as recorded at first mint 2026-08-28; a reclassification updates this attribute and retires the handle to an alias - the uid never changes,,,2026-08-29,active
CE-0003X-X5,AKNF-NHALEN-00-BRBYCO-BRBYAS,T-0344,Newhalen,Federally recognized Alaska Native Village,as recorded at first mint 2026-08-28; a reclassification updates this attribute and retires the handle to an alias - the uid never changes,,,2026-08-29,active
CE-0003Y-3Y,AKNF-NKLGNK-00-BRBYCO-BRBYAS,T-0342,New Koliganek,Federally recognized Alaska Native Village,as recorded at first mint 2026-08-28; a reclassification updates this attribute and retires the handle to an alias - the uid never changes,,,2026-08-29,active
CE-0003Z-9Q,AKNF-NKLSKI-00-ALEUTC-PRBLFA,T-0302,Nikolski,Federally recognized Alaska Native Village,as recorded at first mint 2026-08-28; a reclassification updates this attribute and retires the handle to an alias - the uid never changes,,,2026-08-29,active
CE-00040-M0,AKNF-NKOLAI-00-DOYONL-TNNACH,T-0347,Nikolai,Federally recognized Alaska Native Village,as recorded at first mint 2026-08-28; a reclassification updates this attribute and retires the handle to an alias - the uid never changes,,,2026-08-29,active
CE-00041-TS,AKNF-NKYRMT-00-CALSTA-ASVCPR,T-0361,Nunakauyarmiut,Federally recognized Alaska Native Village,as recorded at first mint 2026-08-28; a reclassification updates this attribute and retires the handle to an alias - the uid never changes,,,2026-08-29,active
CE-00042-0J,AKNF-NLSONL-00-ALEUTC-PRBLFA,T-0300,Nelson Lagoon,Federally recognized Alaska Native Village,as recorded at first mint 2026-08-28; a reclassification updates this attribute and retires the handle to an alias - the uid never changes,,,2026-08-29,active
CE-00043-6B,AKNF-NNDLTN-00-BRBYCO-BRBYAS,T-0351,Nondalton,Federally recognized Alaska Native Village,as recorded at first mint 2026-08-28; a reclassification updates this attribute and retires the handle to an alias - the uid never changes,,,2026-08-29,active
CE-00044-C4,AKNF-NNLCHK-00-CKINLT,T-0348,Ninilchik,Federally recognized Alaska Native Village,as recorded at first mint 2026-08-28; a reclassification updates this attribute and retires the handle to an alias - the uid never changes,,,2026-08-29,active
CE-00045-JX,AKNF-NNMIQA-00-CALSTA-ASVCPR,T-0305,Nunam Iqua,Federally recognized Alaska Native Village,as recorded at first mint 2026-08-28; a reclassification updates this attribute and retires the handle to an alias - the uid never changes,,,2026-08-29,active
CE-00046-RP,AKNF-NNPTCK-00-CALSTA-ASVCPR,T-0306,Nunapitchuk,Federally recognized Alaska Native Village,as recorded at first mint 2026-08-28; a reclassification updates this attribute and retires the handle to an alias - the uid never changes,,,2026-08-29,active
CE-00047-YF,AKNF-NOATAK-00-NANARC-MANLLQ,T-0303,Noatak,Federally recognized Alaska Native Village,as recorded at first mint 2026-08-28; a reclassification updates this attribute and retires the handle to an alias - the uid never changes,,,2026-08-29,active
CE-00048-48,AKNF-NOMECM-00-BERSTR-KAWRAK,T-0350,Nome,Federally recognized Alaska Native Village,as recorded at first mint 2026-08-28; a reclassification updates this attribute and retires the handle to an alias - the uid never changes,,,2026-08-29,active
CE-00049-A1,AKNF-NOORVK-00-NANARC-MANLLQ,T-0353,Noorvik,Federally recognized Alaska Native Village,as recorded at first mint 2026-08-28; a reclassification updates this attribute and retires the handle to an alias - the uid never changes,,,2026-08-29,active
CE-0004A-GT,AKNF-NPAIMT-00-CALSTA-ASVCPR,T-0297,Napaimute,Federally recognized Alaska Native Village,as recorded at first mint 2026-08-28; a reclassification updates this attribute and retires the handle to an alias - the uid never changes,,,2026-08-29,active
CE-0004B-PK,AKNF-NRTHWY-00-DOYONL-TNNACH,T-0357,Northway,Federally recognized Alaska Native Village,as recorded at first mint 2026-08-28; a reclassification updates this attribute and retires the handle to an alias - the uid never changes,,,2026-08-29,active
CE-0004C-WC,AKNF-NSTYHK-00-BRBYCO-BRBYAS,T-0343,New Stuyahok,Federally recognized Alaska Native Village,as recorded at first mint 2026-08-28; a reclassification updates this attribute and retires the handle to an alias - the uid never changes,,,2026-08-29,active
CE-0004D-25,AKNF-NUIQST-00-ARCSLO,,Nuiqsut,Federally recognized Alaska Native Village,as recorded at first mint 2026-08-28; a reclassification updates this attribute and retires the handle to an alias - the uid never changes,,,2026-08-29,active
CE-0004E-8Y,AKNF-NULATO-00-DOYONL-TNNACH,T-0360,Nulato,Federally recognized Alaska Native Village,as recorded at first mint 2026-08-28; a reclassification updates this attribute and retires the handle to an alias - the uid never changes,,,2026-08-29,active
CE-0004F-EQ,AKNF-NVEKUK-00-BRBYCO-BRBYAS,T-0267,Ekuk,Federally recognized Alaska Native Village,as recorded at first mint 2026-08-28; a reclassification updates this attribute and retires the handle to an alias - the uid never changes,,,2026-08-29,active
CE-0004G-MG,AKNF-NVELIM-00-BERSTR-KAWRAK,T-0269,Elim IRA,Federally recognized Alaska Native Village,as recorded at first mint 2026-08-28; a reclassification updates this attribute and retires the handle to an alias - the uid never changes,,,2026-08-29,active
CE-0004H-T9,AKNF-NVEYAK-00-CHGCCO-CHGCMT,,Eyak,Federally recognized Alaska Native Village,as recorded at first mint 2026-08-28; a reclassification updates this attribute and retires the handle to an alias - the uid never changes,,,2026-08-29,active
CE-0004J-02,AKNF-NVLEEK-00-CALSTA-ASVCPR,T-0266,Eek,Federally recognized Alaska Native Village,as recorded at first mint 2026-08-28; a reclassification updates this attribute and retires the handle to an alias - the uid never changes,,,2026-08-29,active
CE-0004K-6V,AKNF-NVRUBY-00-DOYONL-TNNACH,T-0316,Ruby,Federally recognized Alaska Native Village,as recorded at first mint 2026-08-28; a reclassification updates this attribute and retires the handle to an alias - the uid never changes,,,2026-08-29,active
CE-0004M-CM,AKNF-NVTNNA-00-DOYONL-TNNACH,T-0327,Tanana,Federally recognized Alaska Native Village,as recorded at first mint 2026-08-28; a reclassification updates this attribute and retires the handle to an alias - the uid never changes,,,2026-08-29,active
CE-0004N-JD,AKNF-NVUNGA-00-ALEUTC-PRBLFA,T-0336,Unga,Federally recognized Alaska Native Village,as recorded at first mint 2026-08-28; a reclassification updates this attribute and retires the handle to an alias - the uid never changes,,,2026-08-29,active
CE-0004P-R6,AKNF-NVWMTN-00-BERSTR-KAWRAK,T-0339,White Mountain AK,Federally recognized Alaska Native Village,as recorded at first mint 2026-08-28; a reclassification updates this attribute and retires the handle to an alias - the uid never changes,,,2026-08-29,active
CE-0004Q-YZ,AKNF-OGSNKL-00-BRBYCO-BRBYAS,,Portage Creek,Federally recognized Alaska Native Village,as recorded at first mint 2026-08-28; a reclassification updates this attribute and retires the handle to an alias - the uid never changes,,,2026-08-29,active
CE-0004R-4R,AKNF-OHOGMT-00-CALSTA-ASVCPR,T-0559,Ohogamiut,Federally recognized Alaska Native Village,as recorded at first mint 2026-08-28; a reclassification updates this attribute and retires the handle to an alias - the uid never changes,,,2026-08-29,active
CE-0004S-AH,AKNF-OSCARV-00-CALSTA-ASVCPR,T-0374,Oscarville,Federally recognized Alaska Native Village,as recorded at first mint 2026-08-28; a reclassification updates this attribute and retires the handle to an alias - the uid never changes,,,2026-08-29,active
CE-0004T-GA,AKNF-OTSRMT-00-CALSTA-ASVCPR,T-0373,Orutsararmiut,Federally recognized Alaska Native Village,as recorded at first mint 2026-08-28; a reclassification updates this attribute and retires the handle to an alias - the uid never changes,,,2026-08-29,active
CE-0004V-P3,AKNF-OZNKIE-00-KONIAG,T-0307,Ouzinkie,Federally recognized Alaska Native Village,as recorded at first mint 2026-08-28; a reclassification updates this attribute and retires the handle to an alias - the uid never changes,,,2026-08-29,active
CE-0004W-WW,AKNF-PDROBY-00-BRBYCO-BRBYAS,T-0390,Pedro Bay,Federally recognized Alaska Native Village,as recorded at first mint 2026-08-28; a reclassification updates this attribute and retires the handle to an alias - the uid never changes,,,2026-08-29,active
CE-0004X-2N,AKNF-PILOTP-00-BRBYCO-BRBYAS,T-0310,Pilot Point,Federally recognized Alaska Native Village,as recorded at first mint 2026-08-28; a reclassification updates this attribute and retires the handle to an alias - the uid never changes,,,2026-08-29,active
CE-0004Y-8E,AKNF-PILTST-00-CALSTA-ASVCPR,T-0395,Pilot Station,Federally recognized Alaska Native Village,as recorded at first mint 2026-08-28; a reclassification updates this attribute and retires the handle to an alias - the uid never changes,,,2026-08-29,active
CE-0004Z-E7,AKNF-PLATNM-00-CALSTA-ASVCPR,T-0399,Platinum,Federally recognized Alaska Native Village,as recorded at first mint 2026-08-28; a reclassification updates this attribute and retires the handle to an alias - the uid never changes,,,2026-08-29,active
CE-00050-SG,AKNF-PLFHBR-00-ALEUTC-PRBLFA,T-0386,Pauloff Harbor,Federally recognized Alaska Native Village,as recorded at first mint 2026-08-28; a reclassification updates this attribute and retires the handle to an alias - the uid never changes,,,2026-08-29,active
CE-00051-Z9,AKNF-PNTHPE-00-ARCSLO-MANLLQ,T-0311,Point Hope IRA,Federally recognized Alaska Native Village,as recorded at first mint 2026-08-28; a reclassification updates this attribute and retires the handle to an alias - the uid never changes,,,2026-08-29,active
CE-00052-52,AKNF-PNTLAY-00-ARCSLO,T-0312,Point Lay IRA,Federally recognized Alaska Native Village,as recorded at first mint 2026-08-28; a reclassification updates this attribute and retires the handle to an alias - the uid never changes,,,2026-08-29,active
CE-00053-BV,AKNF-PRBLFC-00,,Pribilof Islands,Federally recognized Alaska Native Village,as recorded at first mint 2026-08-28; a reclassification updates this attribute and retires the handle to an alias - the uid never changes,,,2026-08-29,active
CE-00054-HM,AKNF-PRRYVL-00-BRBYCO-BRBYAS,T-0309,Perryville,Federally recognized Alaska Native Village,as recorded at first mint 2026-08-28; a reclassification updates this attribute and retires the handle to an alias - the uid never changes,,,2026-08-29,active
CE-00055-QD,AKNF-PRTGRM-00-CHGCCO-CHGCMT,T-0313,Port Graham,Federally recognized Alaska Native Village,as recorded at first mint 2026-08-28; a reclassification updates this attribute and retires the handle to an alias - the uid never changes,,,2026-08-29,active
CE-00056-X6,AKNF-PRTHDN-00-BRBYCO-BRBYAS,T-0314,Port Heiden,Federally recognized Alaska Native Village,as recorded at first mint 2026-08-28; a reclassification updates this attribute and retires the handle to an alias - the uid never changes,,,2026-08-29,active
CE-00057-3Z,AKNF-PRTLNS-00-KONIAG,T-0315,Port Lions,Federally recognized Alaska Native Village,as recorded at first mint 2026-08-28; a reclassification updates this attribute and retires the handle to an alias - the uid never changes,,,2026-08-29,active
CE-00058-9R,AKNF-PTKAPT-00-CALSTA-ASVCPR,T-0398,Pitka's Point,Federally recognized Alaska Native Village,as recorded at first mint 2026-08-28; a reclassification updates this attribute and retires the handle to an alias - the uid never changes,,,2026-08-29,active
CE-00059-FH,AKNF-PTRSBG-00-SEALSK-TLNGHD,T-0393,Petersburg,Federally recognized Alaska Native Village,as recorded at first mint 2026-08-28; a reclassification updates this attribute and retires the handle to an alias - the uid never changes,,,2026-08-29,active
CE-0005A-NA,AKNF-QGNTGN-00-ALEUTC-PRBLFA,T-0429,Qagan Tayagungin,Federally recognized Alaska Native Village,as recorded at first mint 2026-08-28; a reclassification updates this attribute and retires the handle to an alias - the uid never changes,,,2026-08-29,active
CE-0005B-V3,AKNF-QUNHGK-00-CALSTA-ASVCPR,,Kwinhagak,Federally recognized Alaska Native Village,as recorded at first mint 2026-08-28; a reclassification updates this attribute and retires the handle to an alias - the uid never changes,,,2026-08-29,active
CE-0005C-1W,AKNF-QWALGN-00-ALEUTC-PRBLFA,T-0430,Qawalangin,Federally recognized Alaska Native Village,as recorded at first mint 2026-08-28; a reclassification updates this attribute and retires the handle to an alias - the uid never changes,,,2026-08-29,active
CE-0005D-7N,AKNF-RAMPRT-00-DOYONL-CATHTG-TNNACH,T-0438,Rampart,Federally recognized Alaska Native Village,as recorded at first mint 2026-08-28; a reclassification updates this attribute and retires the handle to an alias - the uid never changes,,,2026-08-29,active
CE-0005E-DE,AKNF-REDDVL-00-CALSTA-ASVCPR,T-0560,Red Devil,Federally recognized Alaska Native Village,as recorded at first mint 2026-08-28; a reclassification updates this attribute and retires the handle to an alias - the uid never changes,,,2026-08-29,active
CE-0005F-K7,AKNF-SAVNGA-00-BERSTR-KAWRAK,T-0318,Savoonga,Federally recognized Alaska Native Village,as recorded at first mint 2026-08-28; a reclassification updates this attribute and retires the handle to an alias - the uid never changes,,,2026-08-29,active
CE-0005G-S0,AKNF-SAXMAN-00-SEALSK-TLNGHD,T-0372,Saxman,Federally recognized Alaska Native Village,as recorded at first mint 2026-08-28; a reclassification updates this attribute and retires the handle to an alias - the uid never changes,,,2026-08-29,active
CE-0005H-ZS,AKNF-SCMNBY-00-CALSTA-ASVCPR,T-0319,Scammon Bay,Federally recognized Alaska Native Village,as recorded at first mint 2026-08-28; a reclassification updates this attribute and retires the handle to an alias - the uid never changes,,,2026-08-29,active
CE-0005J-5J,AKNF-SELAWK-00-NANARC-MANLLQ,T-0320,Selawik,Federally recognized Alaska Native Village,as recorded at first mint 2026-08-28; a reclassification updates this attribute and retires the handle to an alias - the uid never changes,,,2026-08-29,active
CE-0005K-BB,AKNF-SHGELK-00-DOYONL-TNNACH,T-0473,Shageluk,Federally recognized Alaska Native Village,as recorded at first mint 2026-08-28; a reclassification updates this attribute and retires the handle to an alias - the uid never changes,,,2026-08-29,active
CE-0005M-H4,AKNF-SHKTLK-00-BERSTR-KAWRAK,T-0321,Shaktoolik,Federally recognized Alaska Native Village,as recorded at first mint 2026-08-28; a reclassification updates this attribute and retires the handle to an alias - the uid never changes,,,2026-08-29,active
CE-0005N-QX,AKNF-SHNGNK-00-NANARC-MANLLQ,T-0323,Shungnak,Federally recognized Alaska Native Village,as recorded at first mint 2026-08-28; a reclassification updates this attribute and retires the handle to an alias - the uid never changes,,,2026-08-29,active
CE-0005P-XP,AKNF-SITKAT-00-SEALSK-TLNGHD,T-0483,Sitka,Federally recognized Alaska Native Village,as recorded at first mint 2026-08-28; a reclassification updates this attribute and retires the handle to an alias - the uid never changes,,,2026-08-29,active
CE-0005Q-3F,AKNF-SKAGWY-00-SEALSK,T-0484,Skagway,Federally recognized Alaska Native Village,as recorded at first mint 2026-08-28; a reclassification updates this attribute and retires the handle to an alias - the uid never changes,,,2026-08-29,active
CE-0005R-98,AKNF-SLDVIA-00-CKINLT,T-0469,Seldovia,Federally recognized Alaska Native Village,as recorded at first mint 2026-08-28; a reclassification updates this attribute and retires the handle to an alias - the uid never changes,,,2026-08-29,active
CE-0005S-F1,AKNF-SLMATF-00-CKINLT,T-0455,Salamatof,Federally recognized Alaska Native Village,as recorded at first mint 2026-08-28; a reclassification updates this attribute and retires the handle to an alias - the uid never changes,,,2026-08-29,active
CE-0005T-NT,AKNF-SLTMUT-00-CALSTA-ASVCPR,T-0561,Sleetmute,Federally recognized Alaska Native Village,as recorded at first mint 2026-08-28; a reclassification updates this attribute and retires the handle to an alias - the uid never changes,,,2026-08-29,active
CE-0005V-VK,AKNF-SNKNEK-00-BRBYCO-BRBYAS,T-0324,South Naknek,Federally recognized Alaska Native Village,as recorded at first mint 2026-08-28; a reclassification updates this attribute and retires the handle to an alias - the uid never changes,,,2026-08-29,active
CE-0005W-1C,AKNF-SOLOMN-00-BERSTR-KAWRAK,T-0562,Solomon,Federally recognized Alaska Native Village,as recorded at first mint 2026-08-28; a reclassification updates this attribute and retires the handle to an alias - the uid never changes,,,2026-08-29,active
CE-0005X-75,AKNF-SSHMRF-00-BERSTR-KAWRAK,T-0322,Shishmaref IRA,Federally recognized Alaska Native Village,as recorded at first mint 2026-08-28; a reclassification updates this attribute and retires the handle to an alias - the uid never changes,,,2026-08-29,active
CE-0005Y-DY,AKNF-STBBNS-00-BERSTR-KAWRAK,T-0496,Stebbins,Federally recognized Alaska Native Village,as recorded at first mint 2026-08-28; a reclassification updates this attribute and retires the handle to an alias - the uid never changes,,,2026-08-29,active
CE-0005Z-KQ,AKNF-STEVNS-00-DOYONL-CATHTG-TNNACH,T-0325,Stevens Village,Federally recognized Alaska Native Village,as recorded at first mint 2026-08-28; a reclassification updates this attribute and retires the handle to an alias - the uid never changes,,,2026-08-29,active
CE-00060-Y0,AKNF-STGRGE-00-ALEUTC-PRBLFA-PRBLFC,,St. George,Federally recognized Alaska Native Village,as recorded at first mint 2026-08-28; a reclassification updates this attribute and retires the handle to an alias - the uid never changes,,,2026-08-29,active
CE-00061-4S,AKNF-STMCHL-00-BERSTR-KAWRAK,T-0317,St. Michael IRA,Federally recognized Alaska Native Village,as recorded at first mint 2026-08-28; a reclassification updates this attribute and retires the handle to an alias - the uid never changes,,,2026-08-29,active
CE-00062-AJ,AKNF-STNYRV-00-CALSTA-ASVCPR,T-0563,Stony River,Federally recognized Alaska Native Village,as recorded at first mint 2026-08-28; a reclassification updates this attribute and retires the handle to an alias - the uid never changes,,,2026-08-29,active
CE-00063-GB,AKNF-STPAUL-00-ALEUTC-PRBLFA-PRBLFC,T-0010,Saint Paul,Federally recognized Alaska Native Village,as recorded at first mint 2026-08-28; a reclassification updates this attribute and retires the handle to an alias - the uid never changes,,,2026-08-29,active
CE-00064-P4,AKNF-SUNAQT-00-KONIAG,T-0500,Sun'aq,Federally recognized Alaska Native Village,as recorded at first mint 2026-08-28; a reclassification updates this attribute and retires the handle to an alias - the uid never changes,,,2026-08-29,active
CE-00065-WX,AKNF-TATTLK-00-CHGCCO-CHGCMT,T-0328,Tatitlek,Federally recognized Alaska Native Village,as recorded at first mint 2026-08-28; a reclassification updates this attribute and retires the handle to an alias - the uid never changes,,,2026-08-29,active
CE-00066-2P,AKNF-TAZLNA-00-AHTNAI-CPPRRV,T-0329,Tazlina,Federally recognized Alaska Native Village,as recorded at first mint 2026-08-28; a reclassification updates this attribute and retires the handle to an alias - the uid never changes,,,2026-08-29,active
CE-00067-8F,AKNF-TELIDA-00-DOYONL-TNNACH,T-0510,Telida,Federally recognized Alaska Native Village,as recorded at first mint 2026-08-28; a reclassification updates this attribute and retires the handle to an alias - the uid never changes,,,2026-08-29,active
CE-00068-E8,AKNF-TELLER-00-BERSTR-KAWRAK,T-0330,Teller,Federally recognized Alaska Native Village,as recorded at first mint 2026-08-28; a reclassification updates this attribute and retires the handle to an alias - the uid never changes,,,2026-08-29,active
CE-00069-M1,AKNF-TETLIN-00-DOYONL-TNNACH,T-0331,Tetlin,Federally recognized Alaska Native Village,as recorded at first mint 2026-08-28; a reclassification updates this attribute and retires the handle to an alias - the uid never changes,,,2026-08-29,active
CE-0006A-TT,AKNF-TKOTNA-00-DOYONL-TNNACH,T-0506,Takotna,Federally recognized Alaska Native Village,as recorded at first mint 2026-08-28; a reclassification updates this attribute and retires the handle to an alias - the uid never changes,,,2026-08-29,active
CE-0006B-0K,AKNF-TLNGHD-00-SEALSK,T-0051,Tlingit & Haida,Federally recognized tribe,as recorded at first mint 2026-08-28; a reclassification updates this attribute and retires the handle to an alias - the uid never changes,,,2026-08-29,active
CE-0006C-6C,AKNF-TLUKSK-00-CALSTA-ASVCPR,T-0528,Tuluksak,Federally recognized Alaska Native Village,as recorded at first mint 2026-08-28; a reclassification updates this attribute and retires the handle to an alias - the uid never changes,,,2026-08-29,active
CE-0006D-C5,AKNF-TNCRSS-00-DOYONL-TNNACH,T-0326,Tanacross,Federally recognized Alaska Native Village,as recorded at first mint 2026-08-28; a reclassification updates this attribute and retires the handle to an alias - the uid never changes,,,2026-08-29,active
CE-0006E-JY,AKNF-TNGRNQ-00-KONIAG,T-0507,Tangirnaq,Federally recognized Alaska Native Village,as recorded at first mint 2026-08-28; a reclassification updates this attribute and retires the handle to an alias - the uid never changes,,,2026-08-29,active
CE-0006F-RQ,AKNF-TNTTLK-00-CALSTA-ASVCPR,T-0332,Tuntutuliak,Federally recognized Alaska Native Village,as recorded at first mint 2026-08-28; a reclassification updates this attribute and retires the handle to an alias - the uid never changes,,,2026-08-29,active
CE-0006G-YG,AKNF-TOGIAK-00-BRBYCO-BRBYAS,T-0525,Togiak,Federally recognized Alaska Native Village,as recorded at first mint 2026-08-28; a reclassification updates this attribute and retires the handle to an alias - the uid never changes,,,2026-08-29,active
CE-0006H-49,AKNF-TUNNAK-00-CALSTA-ASVCPR,T-0333,Tununak,Federally recognized Alaska Native Village,as recorded at first mint 2026-08-28; a reclassification updates this attribute and retires the handle to an alias - the uid never changes,,,2026-08-29,active
CE-0006J-A2,AKNF-TWINHL-00-BRBYCO-BRBYAS,T-0534,Twin Hills,Federally recognized Alaska Native Village,as recorded at first mint 2026-08-28; a reclassification updates this attribute and retires the handle to an alias - the uid never changes,,,2026-08-29,active
CE-0006K-GV,AKNF-TYONEK-00-CKINLT,T-0334,Tyonek,Federally recognized Alaska Native Village,as recorded at first mint 2026-08-28; a reclassification updates this attribute and retires the handle to an alias - the uid never changes,,,2026-08-29,active
CE-0006M-PM,AKNF-UGASHK-00-BRBYCO-BRBYAS,T-0535,Ugashik,Federally recognized Alaska Native Village,as recorded at first mint 2026-08-28; a reclassification updates this attribute and retires the handle to an alias - the uid never changes,,,2026-08-29,active
CE-0006N-WD,AKNF-UMKUMT-00-CALSTA-ASVCPR,T-0536,Umkumiut,Federally recognized Alaska Native Village,as recorded at first mint 2026-08-28; a reclassification updates this attribute and retires the handle to an alias - the uid never changes,,,2026-08-29,active
CE-0006P-26,AKNF-UNLKLT-00-BERSTR-KAWRAK,T-0335,Unalakleet,Federally recognized Alaska Native Village,as recorded at first mint 2026-08-28; a reclassification updates this attribute and retires the handle to an alias - the uid never changes,,,2026-08-29,active
CE-0006Q-8Z,AKNF-VANIAK-00-CALSTA-ASVCPR,T-0547,Aniak,Federally recognized Alaska Native Village,as recorded at first mint 2026-08-28; a reclassification updates this attribute and retires the handle to an alias - the uid never changes,,,2026-08-29,active
CE-0006R-ER,AKNF-VEAGLE-00-DOYONL-TNNACH,T-0265,Eagle,Federally recognized Alaska Native Village,as recorded at first mint 2026-08-28; a reclassification updates this attribute and retires the handle to an alias - the uid never changes,,,2026-08-29,active
CE-0006S-MH,AKNF-VEKWOK-00-BRBYCO-BRBYAS,T-0268,Ekwok,Federally recognized Alaska Native Village,as recorded at first mint 2026-08-28; a reclassification updates this attribute and retires the handle to an alias - the uid never changes,,,2026-08-29,active
CE-0006T-TA,AKNF-VENTGV-00-DOYONL,,Venetie IRA,Federally recognized Alaska Native Village,as recorded at first mint 2026-08-28; a reclassification updates this attribute and retires the handle to an alias - the uid never changes,,,2026-08-29,active
CE-0006V-03,AKNF-VENTVL-00-DOYONL-CATHTG-TNNACH-VENTGV,,Venetie,Federally recognized Alaska Native Village,as recorded at first mint 2026-08-28; a reclassification updates this attribute and retires the handle to an alias - the uid never changes,,,2026-08-29,active
CE-0006W-6W,AKNF-VILMNA-00-BRBYCO-BRBYAS,T-0554,Iliamna,Federally recognized Alaska Native Village,as recorded at first mint 2026-08-28; a reclassification updates this attribute and retires the handle to an alias - the uid never changes,,,2026-08-29,active
CE-0006X-CN,AKNF-VKIANA-00-NANARC-MANLLQ,T-0281,Kiana,Federally recognized Alaska Native Village,as recorded at first mint 2026-08-28; a reclassification updates this attribute and retires the handle to an alias - the uid never changes,,,2026-08-29,active
CE-0006Y-JE,AKNF-VLKAKE-00-SEALSK-TLNGHD,T-0369,Kake,Federally recognized Alaska Native Village,as recorded at first mint 2026-08-28; a reclassification updates this attribute and retires the handle to an alias - the uid never changes,,,2026-08-29,active
CE-0006Z-R7,AKNF-VMINTO-00-DOYONL-TNNACH,T-0295,Minto,Federally recognized Alaska Native Village,as recorded at first mint 2026-08-28; a reclassification updates this attribute and retires the handle to an alias - the uid never changes,,,2026-08-29,active
CE-00070-3G,AKNF-VPAIMT-00-CALSTA-ASVCPR,T-0308,Paimiut,Federally recognized Alaska Native Village,as recorded at first mint 2026-08-28; a reclassification updates this attribute and retires the handle to an alias - the uid never changes,,,2026-08-29,active
CE-00071-99,AKNF-VWALES-00-BERSTR-KAWRAK,T-0338,Wales,Federally recognized Alaska Native Village,as recorded at first mint 2026-08-28; a reclassification updates this attribute and retires the handle to an alias - the uid never changes,,,2026-08-29,active
CE-00072-F2,AKNF-WAINWT-00-ARCSLO,T-0565,Wainwright,Federally recognized Alaska Native Village,as recorded at first mint 2026-08-28; a reclassification updates this attribute and retires the handle to an alias - the uid never changes,,,2026-08-29,active
CE-00073-NV,AKNF-WRNGLL-00-SEALSK-TLNGHD,T-0575,Wrangell,Federally recognized Alaska Native Village,as recorded at first mint 2026-08-28; a reclassification updates this attribute and retires the handle to an alias - the uid never changes,,,2026-08-29,active
CE-00074-VM,AKNF-YKTTLN-00-SEALSK-TLNGHD,T-0577,Yakutat,Federally recognized Alaska Native Village,as recorded at first mint 2026-08-28; a reclassification updates this attribute and retires the handle to an alias - the uid never changes,,,2026-08-29,active
CE-00075-1D,AKNF-YUPIIT-00-CALSTA-ASVCPR,T-0586,Andreafski,Federally recognized Alaska Native Village,as recorded at first mint 2026-08-28; a reclassification updates this attribute and retires the handle to an alias - the uid never changes,,,2026-08-29,active
CE-00076-76,ANRC-AHTNAI-00,A-0001,"Ahtna, Incorporated",Alaska Native Regional Corporation,as recorded at first mint 2026-08-28; a reclassification updates this attribute and retires the handle to an alias - the uid never changes,,,2026-08-29,active
CE-00077-DZ,ANRC-ALEUTC-00,A-0002,Aleut Corporation,Alaska Native Regional Corporation,as recorded at first mint 2026-08-28; a reclassification updates this attribute and retires the handle to an alias - the uid never changes,,,2026-08-29,active
CE-00078-KR,ANRC-ARCSLO-00,A-0003,Arctic Slope Regional Corporation,Alaska Native Regional Corporation,as recorded at first mint 2026-08-28; a reclassification updates this attribute and retires the handle to an alias - the uid never changes,,,2026-08-29,active
CE-00079-SH,ANRC-BERSTR-00,A-0004,Bering Straits Native Corporation,Alaska Native Regional Corporation,as recorded at first mint 2026-08-28; a reclassification updates this attribute and retires the handle to an alias - the uid never changes,,,2026-08-29,active
CE-0007A-ZA,ANRC-BRBYCO-00,A-0005,Bristol Bay Native Corporation,Alaska Native Regional Corporation,as recorded at first mint 2026-08-28; a reclassification updates this attribute and retires the handle to an alias - the uid never changes,,,2026-08-29,active
CE-0007B-53,ANRC-CALSTA-00,A-0006,Calista Corporation,Alaska Native Regional Corporation,as recorded at first mint 2026-08-28; a reclassification updates this attribute and retires the handle to an alias - the uid never changes,,,2026-08-29,active
CE-0007C-BW,ANRC-CHGCCO-00,A-0007,Chugach Alaska Corporation,Alaska Native Regional Corporation,as recorded at first mint 2026-08-28; a reclassification updates this attribute and retires the handle to an alias - the uid never changes,,,2026-08-29,active
CE-0007D-HN,ANRC-CKINLT-00,,"Cook Inlet Region, Incorporated",Alaska Native Regional Corporation,as recorded at first mint 2026-08-28; a reclassification updates this attribute and retires the handle to an alias - the uid never changes,,,2026-08-29,active
CE-0007E-QE,ANRC-DOYONL-00,A-0009,"Doyon, Limited",Alaska Native Regional Corporation,as recorded at first mint 2026-08-28; a reclassification updates this attribute and retires the handle to an alias - the uid never changes,,,2026-08-29,active
CE-0007F-X7,ANRC-KONIAG-00,,"Koniag, Incorporated",Alaska Native Regional Corporation,as recorded at first mint 2026-08-28; a reclassification updates this attribute and retires the handle to an alias - the uid never changes,,,2026-08-29,active
CE-0007G-30,ANRC-NANARC-00,,"NANA Regional Corporation, Incorporated",Alaska Native Regional Corporation,as recorded at first mint 2026-08-28; a reclassification updates this attribute and retires the handle to an alias - the uid never changes,,,2026-08-29,active
CE-0007H-9S,ANRC-SEALSK-00,A-0012,Sealaska Corporation,Alaska Native Regional Corporation,as recorded at first mint 2026-08-28; a reclassification updates this attribute and retires the handle to an alias - the uid never changes,,,2026-08-29,active
CE-0007J-FJ,ANVC-AFOGNA-00,A-0013,Afognak Native Corporation,Alaska Native Village Corporation,as recorded at first mint 2026-08-28; a reclassification updates this attribute and retires the handle to an alias - the uid never changes,,,2026-08-29,active
CE-0007K-NB,ANVC-AKUTA1-00,A-0021,Akutan Corporation,Alaska Native Village Corporation,as recorded at first mint 2026-08-28; a reclassification updates this attribute and retires the handle to an alias - the uid never changes,,,2026-08-29,active
CE-0007M-V4,ANVC-ALAKAN-00,A-0022,Alakanuk Native Corporation,Alaska Native Village Corporation,as recorded at first mint 2026-08-28; a reclassification updates this attribute and retires the handle to an alias - the uid never changes,,,2026-08-29,active
CE-0007N-1X,ANVC-ASKINU-00,A-0025,Askinuk Corporation,Alaska Native Village Corporation,as recorded at first mint 2026-08-28; a reclassification updates this attribute and retires the handle to an alias - the uid never changes,,,2026-08-29,active
CE-0007P-7P,ANVC-ATMAUT-00,A-0026,"Atmautluak, Ltd.",Alaska Native Village Corporation,as recorded at first mint 2026-08-28; a reclassification updates this attribute and retires the handle to an alias - the uid never changes,,,2026-08-29,active
CE-0007Q-DF,ANVC-ATQASU-00,A-0027,Atqasuk Corporation,Alaska Native Village Corporation,as recorded at first mint 2026-08-28; a reclassification updates this attribute and retires the handle to an alias - the uid never changes,,,2026-08-29,active
CE-0007R-K8,ANVC-ATXAMX-00,A-0028,Atxam Corporation,Alaska Native Village Corporation,as recorded at first mint 2026-08-28; a reclassification updates this attribute and retires the handle to an alias - the uid never changes,,,2026-08-29,active
CE-0007S-S1,ANVC-AZACHO-00,A-0029,"Azachorok, Inc.",Alaska Native Village Corporation,as recorded at first mint 2026-08-28; a reclassification updates this attribute and retires the handle to an alias - the uid never changes,,,2026-08-29,active
CE-0007T-ZT,ANVC-BAYVIE-00,A-0031,"Bay View, Inc.",Alaska Native Village Corporation,as recorded at first mint 2026-08-28; a reclassification updates this attribute and retires the handle to an alias - the uid never changes,,,2026-08-29,active
CE-0007V-5K,ANVC-BEANRI-00,A-0032,Bean Ridge Corporation,Alaska Native Village Corporation,as recorded at first mint 2026-08-28; a reclassification updates this attribute and retires the handle to an alias - the uid never changes,,,2026-08-29,active
CE-0007W-BC,ANVC-BECHAR-00,A-0034,Becharof Corporation,Alaska Native Village Corporation,as recorded at first mint 2026-08-28; a reclassification updates this attribute and retires the handle to an alias - the uid never changes,,,2026-08-29,active
CE-0007X-H5,ANVC-BETHEL-00,A-0036,Bethel Native Corporation,Alaska Native Village Corporation,as recorded at first mint 2026-08-28; a reclassification updates this attribute and retires the handle to an alias - the uid never changes,,,2026-08-29,active
CE-0007Y-QY,ANVC-BLKFS1-00,A-0035,Belkofski Corporation,Alaska Native Village Corporation,as recorded at first mint 2026-08-28; a reclassification updates this attribute and retires the handle to an alias - the uid never changes,,,2026-08-29,active
CE-0007Z-XQ,ANVC-BNYLKN-00,A-0030,Baan O Yeel Kon Corporation,Alaska Native Village Corporation,as recorded at first mint 2026-08-28; a reclassification updates this attribute and retires the handle to an alias - the uid never changes,,,2026-08-29,active
CE-00080-80,ANVC-BRVGMS-00,A-0037,Brevig Mission Native Corporation,Alaska Native Village Corporation,as recorded at first mint 2026-08-28; a reclassification updates this attribute and retires the handle to an alias - the uid never changes,,,2026-08-29,active
CE-00081-ES,ANVC-BVRKWT-00,A-0033,Beaver Kwit'chin Corporation,Alaska Native Village Corporation,as recorded at first mint 2026-08-28; a reclassification updates this attribute and retires the handle to an alias - the uid never changes,,,2026-08-29,active
CE-00082-MJ,ANVC-CAPEFO-00,A-0038,Cape Fox Corporation,Alaska Native Village Corporation,as recorded at first mint 2026-08-28; a reclassification updates this attribute and retires the handle to an alias - the uid never changes,,,2026-08-29,active
CE-00083-TB,ANVC-CHALUK-00,A-0040,Chaluka Corporation,Alaska Native Village Corporation,as recorded at first mint 2026-08-28; a reclassification updates this attribute and retires the handle to an alias - the uid never changes,,,2026-08-29,active
CE-00084-04,ANVC-CHCKL1-00,A-0043,"Chickaloon Moose Creek Native Association, Inc.",Alaska Native Village Corporation,as recorded at first mint 2026-08-28; a reclassification updates this attribute and retires the handle to an alias - the uid never changes,,,2026-08-29,active
CE-00085-6X,ANVC-CHENEG-00,A-0014,Chenega Corporation,Alaska Native Village Corporation,as recorded at first mint 2026-08-28; a reclassification updates this attribute and retires the handle to an alias - the uid never changes,,,2026-08-29,active
CE-00086-CP,ANVC-CHEVA1-00,A-0042,Chevak Company,Alaska Native Village Corporation,as recorded at first mint 2026-08-28; a reclassification updates this attribute and retires the handle to an alias - the uid never changes,,,2026-08-29,active
CE-00087-JF,ANVC-CHFRNR-00,A-0041,"Chefarnrmute, Inc.",Alaska Native Village Corporation,as recorded at first mint 2026-08-28; a reclassification updates this attribute and retires the handle to an alias - the uid never changes,,,2026-08-29,active
CE-00088-R8,ANVC-CHGGNG-00,A-0048,"Choggiung, Ltd.",Alaska Native Village Corporation,as recorded at first mint 2026-08-28; a reclassification updates this attribute and retires the handle to an alias - the uid never changes,,,2026-08-29,active
CE-00089-Y1,ANVC-CHGNKL-00,A-0044,Chignik Lagoon Native Corporation,Alaska Native Village Corporation,as recorded at first mint 2026-08-28; a reclassification updates this attribute and retires the handle to an alias - the uid never changes,,,2026-08-29,active
CE-0008A-4T,ANVC-CHGNKR-00,A-0045,"Chignik River, Ltd.",Alaska Native Village Corporation,as recorded at first mint 2026-08-28; a reclassification updates this attribute and retires the handle to an alias - the uid never changes,,,2026-08-29,active
CE-0008B-AK,ANVC-CHINUR-00,A-0046,"Chinuruk, Inc.",Alaska Native Village Corporation,as recorded at first mint 2026-08-28; a reclassification updates this attribute and retires the handle to an alias - the uid never changes,,,2026-08-29,active
CE-0008C-GC,ANVC-CHITIN-00,A-0047,Chitina Native Corporation,Alaska Native Village Corporation,as recorded at first mint 2026-08-28; a reclassification updates this attribute and retires the handle to an alias - the uid never changes,,,2026-08-29,active
CE-0008D-P5,ANVC-CHLKYT-00,A-0039,Chalkyitsik Native Corporation,Alaska Native Village Corporation,as recorded at first mint 2026-08-28; a reclassification updates this attribute and retires the handle to an alias - the uid never changes,,,2026-08-29,active
CE-0008E-WY,ANVC-CHLNWC-00,A-0049,Chuloonawick Corporation,Alaska Native Village Corporation,as recorded at first mint 2026-08-28; a reclassification updates this attribute and retires the handle to an alias - the uid never changes,,,2026-08-29,active
CE-0008F-2Q,ANVC-COUNCI-00,A-0050,Council Native Corporation,Alaska Native Village Corporation,as recorded at first mint 2026-08-28; a reclassification updates this attribute and retires the handle to an alias - the uid never changes,,,2026-08-29,active
CE-0008G-8G,ANVC-CSWLLS-00,A-0187,"Caswell Native Association, Inc.",ANCSA Group Corporation,as recorded at first mint 2026-08-28; a reclassification updates this attribute and retires the handle to an alias - the uid never changes,,,2026-08-29,active
CE-0008H-E9,ANVC-CULLYX-00,A-0051,"Cully Corporation, Inc.",Alaska Native Village Corporation,as recorded at first mint 2026-08-28; a reclassification updates this attribute and retires the handle to an alias - the uid never changes,,,2026-08-29,active
CE-0008J-M2,ANVC-DELOYG-00,A-0053,"Deloy Ges, Inc.",Alaska Native Village Corporation,as recorded at first mint 2026-08-28; a reclassification updates this attribute and retires the handle to an alias - the uid never changes,,,2026-08-29,active
CE-0008K-TV,ANVC-DINEEG-00,A-0055,Dineega Corporation,Alaska Native Village Corporation,as recorded at first mint 2026-08-28; a reclassification updates this attribute and retires the handle to an alias - the uid never changes,,,2026-08-29,active
CE-0008M-0M,ANVC-DINYEA-00,A-0056,Dinyea Corporation,Alaska Native Village Corporation,as recorded at first mint 2026-08-28; a reclassification updates this attribute and retires the handle to an alias - the uid never changes,,,2026-08-29,active
CE-0008N-6D,ANVC-DLYCHT-00,A-0054,"Deloycheet, Inc.",Alaska Native Village Corporation,as recorded at first mint 2026-08-28; a reclassification updates this attribute and retires the handle to an alias - the uid never changes,,,2026-08-29,active
CE-0008P-C6,ANVC-DNZHTH-00,A-0052,Danzhit Hanlaii Corporation,Alaska Native Village Corporation,as recorded at first mint 2026-08-28; a reclassification updates this attribute and retires the handle to an alias - the uid never changes,,,2026-08-29,active
CE-0008Q-JZ,ANVC-DOTLA1-00,A-0057,Dot Lake Native Corporation,Alaska Native Village Corporation,as recorded at first mint 2026-08-28; a reclassification updates this attribute and retires the handle to an alias - the uid never changes,,,2026-08-29,active
CE-0008R-RR,ANVC-EKLUTN-00,A-0058,"Eklutna, Inc.",Alaska Native Village Corporation,as recorded at first mint 2026-08-28; a reclassification updates this attribute and retires the handle to an alias - the uid never changes,,,2026-08-29,active
CE-0008S-YH,ANVC-ELIMXX-00,A-0060,Elim Native Corporation,Alaska Native Village Corporation,as recorded at first mint 2026-08-28; a reclassification updates this attribute and retires the handle to an alias - the uid never changes,,,2026-08-29,active
CE-0008T-4A,ANVC-EMMONA-00,A-0061,Emmonak Corporation,Alaska Native Village Corporation,as recorded at first mint 2026-08-28; a reclassification updates this attribute and retires the handle to an alias - the uid never changes,,,2026-08-29,active
CE-0008V-A3,ANVC-EYAKXX-00,A-0064,Eyak Corporation,Alaska Native Village Corporation,as recorded at first mint 2026-08-28; a reclassification updates this attribute and retires the handle to an alias - the uid never changes,,,2026-08-29,active
CE-0008W-GW,ANVC-FARWES-00,A-0065,"Far West, Inc.",Alaska Native Village Corporation,as recorded at first mint 2026-08-28; a reclassification updates this attribute and retires the handle to an alias - the uid never changes,,,2026-08-29,active
CE-0008X-PN,ANVC-GANAAY-00,A-0066,"Gana-A'Yoo, Ltd.",Alaska Native Village Corporation,as recorded at first mint 2026-08-28; a reclassification updates this attribute and retires the handle to an alias - the uid never changes,,,2026-08-29,active
CE-0008Y-WE,ANVC-GLDBLT-00,A-0019,"Goldbelt, Incorporated",Alaska Native Village Corporation,as recorded at first mint 2026-08-28; a reclassification updates this attribute and retires the handle to an alias - the uid never changes,,,2026-08-29,active
CE-0008Z-27,ANVC-GLDCRK-00,A-0067,"Gold Creek-Susitna Native Association, Inc.",Alaska Native Village Corporation,as recorded at first mint 2026-08-28; a reclassification updates this attribute and retires the handle to an alias - the uid never changes,,,2026-08-29,active
CE-00090-DG,ANVC-GNKNTV-00,A-0178,"Uganik Natives, Inc.",Alaska Native Village Corporation,as recorded at first mint 2026-08-28; a reclassification updates this attribute and retires the handle to an alias - the uid never changes,,,2026-08-29,active
CE-00091-K9,ANVC-GOLOVI-00,A-0068,Golovin Native Corporation,Alaska Native Village Corporation,as recorded at first mint 2026-08-28; a reclassification updates this attribute and retires the handle to an alias - the uid never changes,,,2026-08-29,active
CE-00092-S2,ANVC-GWTCHY-00,A-0069,Gwitchyaa Zhee Corporation,Alaska Native Village Corporation,as recorded at first mint 2026-08-28; a reclassification updates this attribute and retires the handle to an alias - the uid never changes,,,2026-08-29,active
CE-00093-ZV,ANVC-HAIDAX-00,A-0070,Haida Corporation,Alaska Native Village Corporation,as recorded at first mint 2026-08-28; a reclassification updates this attribute and retires the handle to an alias - the uid never changes,,,2026-08-29,active
CE-00094-5M,ANVC-HNGWTC-00,A-0072,Hungwitchin Corporation,Alaska Native Village Corporation,as recorded at first mint 2026-08-28; a reclassification updates this attribute and retires the handle to an alias - the uid never changes,,,2026-08-29,active
CE-00095-BD,ANVC-HUNATO-00,A-0018,Huna Totem Corporation,Alaska Native Village Corporation,as recorded at first mint 2026-08-28; a reclassification updates this attribute and retires the handle to an alias - the uid never changes,,,2026-08-29,active
CE-00096-H6,ANVC-HYLNGD-00,A-0071,Hee-Yea-Lingde Corporation,Alaska Native Village Corporation,as recorded at first mint 2026-08-28; a reclassification updates this attribute and retires the handle to an alias - the uid never changes,,,2026-08-29,active
CE-00097-QZ,ANVC-IGIUGI-00,A-0073,Igiugig Native Corporation,Alaska Native Village Corporation,as recorded at first mint 2026-08-28; a reclassification updates this attribute and retires the handle to an alias - the uid never changes,,,2026-08-29,active
CE-00098-XR,ANVC-INALI1-00,A-0075,Inalik Native Corporation,Alaska Native Village Corporation,as recorded at first mint 2026-08-28; a reclassification updates this attribute and retires the handle to an alias - the uid never changes,,,2026-08-29,active
CE-00099-3H,ANVC-IQFIJO-00,A-0076,Iqfijouaq Company,Alaska Native Village Corporation,as recorded at first mint 2026-08-28; a reclassification updates this attribute and retires the handle to an alias - the uid never changes,,,2026-08-29,active
CE-0009A-9A,ANVC-ISANOT-00,A-0077,Isanotski Corporation,Alaska Native Village Corporation,as recorded at first mint 2026-08-28; a reclassification updates this attribute and retires the handle to an alias - the uid never changes,,,2026-08-29,active
CE-0009B-F3,ANVC-KASIGL-00,A-0081,"Kasigluk, Inc.",Alaska Native Village Corporation,as recorded at first mint 2026-08-28; a reclassification updates this attribute and retires the handle to an alias - the uid never changes,,,2026-08-29,active
CE-0009C-NW,ANVC-KAVILC-00,A-0082,Kavilco Incorporated,Alaska Native Village Corporation,as recorded at first mint 2026-08-28; a reclassification updates this attribute and retires the handle to an alias - the uid never changes,,,2026-08-29,active
CE-0009D-VN,ANVC-KGKKTL-00,A-0098,"Kugkaktlik, Ltd.",Alaska Native Village Corporation,as recorded at first mint 2026-08-28; a reclassification updates this attribute and retires the handle to an alias - the uid never changes,,,2026-08-29,active
CE-0009E-1E,ANVC-KHKKGY-00,A-0020,"Akhiok-Kaguyak, Inc.",Alaska Native Village Corporation,as recorded at first mint 2026-08-28; a reclassification updates this attribute and retires the handle to an alias - the uid never changes,,,2026-08-29,active
CE-0009F-77,ANVC-KIANTR-00,A-0084,Kian Tr'ee Corporation,Alaska Native Village Corporation,as recorded at first mint 2026-08-28; a reclassification updates this attribute and retires the handle to an alias - the uid never changes,,,2026-08-29,active
CE-0009G-D0,ANVC-KIJIKX-00,A-0085,Kijik Corporation,Alaska Native Village Corporation,as recorded at first mint 2026-08-28; a reclassification updates this attribute and retires the handle to an alias - the uid never changes,,,2026-08-29,active
CE-0009H-KS,ANVC-KKKTGR-00,A-0086,Kikiktagruk Inupiat Corporation,Alaska Native Village Corporation,as recorded at first mint 2026-08-28; a reclassification updates this attribute and retires the handle to an alias - the uid never changes,,,2026-08-29,active
CE-0009J-SJ,ANVC-KKTRBL-00,A-0079,Kake Tribal Corporation,Alaska Native Village Corporation,as recorded at first mint 2026-08-28; a reclassification updates this attribute and retires the handle to an alias - the uid never changes,,,2026-08-29,active
CE-0009K-ZB,ANVC-KKTVKN-00,A-0080,Kaktovik Inupiat Corporation,Alaska Native Village Corporation,as recorded at first mint 2026-08-28; a reclassification updates this attribute and retires the handle to an alias - the uid never changes,,,2026-08-29,active
CE-0009M-54,ANVC-KLGNKN-00,A-0093,"Koliganek Natives, Ltd.",Alaska Native Village Corporation,as recorded at first mint 2026-08-28; a reclassification updates this attribute and retires the handle to an alias - the uid never changes,,,2026-08-29,active
CE-0009N-BX,ANVC-KLUKWA-00,A-0090,"Klukwan, Inc.",Alaska Native Village Corporation,as recorded at first mint 2026-08-28; a reclassification updates this attribute and retires the handle to an alias - the uid never changes,,,2026-08-29,active
CE-0009P-HP,ANVC-KLWCKH-00,A-0089,Klawock Heenya Corporation,Alaska Native Village Corporation,as recorded at first mint 2026-08-28; a reclassification updates this attribute and retires the handle to an alias - the uid never changes,,,2026-08-29,active
CE-0009Q-QF,ANVC-KNGCVH-00,A-0087,"King Cove Holdings, LLC",Alaska Native Village Corporation,as recorded at first mint 2026-08-28; a reclassification updates this attribute and retires the handle to an alias - the uid never changes,,,2026-08-29,active
CE-0009R-X8,ANVC-KNGNKL-00,A-0094,Kongnikilnomuit Yuita Corporation,Alaska Native Village Corporation,as recorded at first mint 2026-08-28; a reclassification updates this attribute and retires the handle to an alias - the uid never changes,,,2026-08-29,active
CE-0009S-31,ANVC-KNGSLN-00,A-0088,King Island Native Corporation,Alaska Native Village Corporation,as recorded at first mint 2026-08-28; a reclassification updates this attribute and retires the handle to an alias - the uid never changes,,,2026-08-29,active
CE-0009T-9T,ANVC-KNIKAT-00,A-0091,"Knikatnu, Inc.",Alaska Native Village Corporation,as recorded at first mint 2026-08-28; a reclassification updates this attribute and retires the handle to an alias - the uid never changes,,,2026-08-29,active
CE-0009V-FK,ANVC-KNNTVS-00,A-0083,"Kenai Natives Association, Inc.",Alaska Native Village Corporation,as recorded at first mint 2026-08-28; a reclassification updates this attribute and retires the handle to an alias - the uid never changes,,,2026-08-29,active
CE-0009W-NC,ANVC-KOKARM-00,A-0092,Kokarmuit Corporation,Alaska Native Village Corporation,as recorded at first mint 2026-08-28; a reclassification updates this attribute and retires the handle to an alias - the uid never changes,,,2026-08-29,active
CE-0009X-V5,ANVC-KOOTZN-00,A-0095,"Kootznoowoo, Inc.",Alaska Native Village Corporation,as recorded at first mint 2026-08-28; a reclassification updates this attribute and retires the handle to an alias - the uid never changes,,,2026-08-29,active
CE-0009Y-1Y,ANVC-KOYUKX-00,A-0097,Koyuk Native Corporation,Alaska Native Village Corporation,as recorded at first mint 2026-08-28; a reclassification updates this attribute and retires the handle to an alias - the uid never changes,,,2026-08-29,active
CE-0009Z-7Q,ANVC-KPVKPT-00,A-0015,Ukpeaġvik Iñupiat Corporation,Alaska Native Village Corporation,as recorded at first mint 2026-08-28; a reclassification updates this attribute and retires the handle to an alias - the uid never changes,,,2026-08-29,active
CE-000A0-J0,ANVC-KSKKWM-00,A-0101,The Kuskokwim Corporation,Alaska Native Village Corporation,as recorded at first mint 2026-08-28; a reclassification updates this attribute and retires the handle to an alias - the uid never changes,,,2026-08-29,active
CE-000A1-RS,ANVC-KTLKYP-00,A-0096,Kotlik Yupik Corporation,Alaska Native Village Corporation,as recorded at first mint 2026-08-28; a reclassification updates this attribute and retires the handle to an alias - the uid never changes,,,2026-08-29,active
CE-000A2-YJ,ANVC-KUITSA-00,A-0099,"Kuitsarak, Inc.",Alaska Native Village Corporation,as recorded at first mint 2026-08-28; a reclassification updates this attribute and retires the handle to an alias - the uid never changes,,,2026-08-29,active
CE-000A3-4B,ANVC-KUKULG-00,A-0100,"Kukulget, Inc.",Alaska Native Village Corporation,as recorded at first mint 2026-08-28; a reclassification updates this attribute and retires the handle to an alias - the uid never changes,,,2026-08-29,active
CE-000A4-A4,ANVC-KUUKPI-00,A-0102,Kuukpik Corporation,Alaska Native Village Corporation,as recorded at first mint 2026-08-28; a reclassification updates this attribute and retires the handle to an alias - the uid never changes,,,2026-08-29,active
CE-000A5-GX,ANVC-KWIKXX-00,A-0104,"Kwik, Inc.",Alaska Native Village Corporation,as recorded at first mint 2026-08-28; a reclassification updates this attribute and retires the handle to an alias - the uid never changes,,,2026-08-29,active
CE-000A6-PP,ANVC-KWKNTV-00,A-0059,"Ekwok Natives, Ltd.",Alaska Native Village Corporation,as recorded at first mint 2026-08-28; a reclassification updates this attribute and retires the handle to an alias - the uid never changes,,,2026-08-29,active
CE-000A7-WF,ANVC-KWTHL1-00,A-0103,"Kwethluk, Inc.",Alaska Native Village Corporation,as recorded at first mint 2026-08-28; a reclassification updates this attribute and retires the handle to an alias - the uid never changes,,,2026-08-29,active
CE-000A8-28,ANVC-KYTLTS-00,A-0078,"K'oyitl'ots'ina, Ltd.",Alaska Native Village Corporation,as recorded at first mint 2026-08-28; a reclassification updates this attribute and retires the handle to an alias - the uid never changes,,,2026-08-29,active
CE-000A9-81,ANVC-LDHRBR-00,A-0129,Old Harbor Native Corporation,Alaska Native Village Corporation,as recorded at first mint 2026-08-28; a reclassification updates this attribute and retires the handle to an alias - the uid never changes,,,2026-08-29,active
CE-000AA-ET,ANVC-LEISNO-00,A-0105,"Leisnoi, Inc.",Alaska Native Village Corporation,as recorded at first mint 2026-08-28; a reclassification updates this attribute and retires the handle to an alias - the uid never changes,,,2026-08-29,active
CE-000AB-MK,ANVC-LITNIK-00,A-0108,"Litnik, Inc.",Alaska Native Village Corporation,as recorded at first mint 2026-08-28; a reclassification updates this attribute and retires the handle to an alias - the uid never changes,,,2026-08-29,active
CE-000AC-TC,ANVC-LKNGKN-00,A-0024,"Aleknagik Natives, Ltd.",Alaska Native Village Corporation,as recorded at first mint 2026-08-28; a reclassification updates this attribute and retires the handle to an alias - the uid never changes,,,2026-08-29,active
CE-000AD-05,ANVC-LMNNTV-00,A-0074,"Iliamna Natives, Ltd.",Alaska Native Village Corporation,as recorded at first mint 2026-08-28; a reclassification updates this attribute and retires the handle to an alias - the uid never changes,,,2026-08-29,active
CE-000AE-6Y,ANVC-LMVLLG-00,A-0107,Lime Village Company,Alaska Native Village Corporation,as recorded at first mint 2026-08-28; a reclassification updates this attribute and retires the handle to an alias - the uid never changes,,,2026-08-29,active
CE-000AF-CQ,ANVC-LSNVLL-00,A-0189,"Olsonville, Inc.",ANCSA Group Corporation,as recorded at first mint 2026-08-28; a reclassification updates this attribute and retires the handle to an alias - the uid never changes,,,2026-08-29,active
CE-000AG-JG,ANVC-LVLCKN-00,A-0106,"Levelock Natives, Ltd.",Alaska Native Village Corporation,as recorded at first mint 2026-08-28; a reclassification updates this attribute and retires the handle to an alias - the uid never changes,,,2026-08-29,active
CE-000AH-R9,ANVC-LXNDRC-00,A-0186,"Alexander Creek, Inc.",ANCSA Group Corporation,as recorded at first mint 2026-08-28; a reclassification updates this attribute and retires the handle to an alias - the uid never changes,,,2026-08-29,active
CE-000AJ-Y2,ANVC-MNCHMN-00,A-0113,"Minchumina Natives, Inc.",Alaska Native Village Corporation,as recorded at first mint 2026-08-28; a reclassification updates this attribute and retires the handle to an alias - the uid never changes,,,2026-08-29,active
CE-000AK-4V,ANVC-MNDSCH-00,A-0112,Mendas Cha-ag Native Corporation,Alaska Native Village Corporation,as recorded at first mint 2026-08-28; a reclassification updates this attribute and retires the handle to an alias - the uid never changes,,,2026-08-29,active
CE-000AM-AM,ANVC-MNKTKN-00,A-0109,"Manokotak Natives, Ltd.",Alaska Native Village Corporation,as recorded at first mint 2026-08-28; a reclassification updates this attribute and retires the handle to an alias - the uid never changes,,,2026-08-29,active
CE-000AN-GD,ANVC-MNTDVL-00,A-0114,Minto Development Corporation,Alaska Native Village Corporation,as recorded at first mint 2026-08-28; a reclassification updates this attribute and retires the handle to an alias - the uid never changes,,,2026-08-29,active
CE-000AP-P6,ANVC-MNTNCR-00,A-0188,"Montana Creek Native Association, Inc.",ANCSA Group Corporation,as recorded at first mint 2026-08-28; a reclassification updates this attribute and retires the handle to an alias - the uid never changes,,,2026-08-29,active
CE-000AQ-WZ,ANVC-MRYSGL-00,A-0110,Mary's Igloo Native Corporation,Alaska Native Village Corporation,as recorded at first mint 2026-08-28; a reclassification updates this attribute and retires the handle to an alias - the uid never changes,,,2026-08-29,active
CE-000AR-2R,ANVC-MSRCLQ-00,A-0111,"Maserculiq, Inc.",Alaska Native Village Corporation,as recorded at first mint 2026-08-28; a reclassification updates this attribute and retires the handle to an alias - the uid never changes,,,2026-08-29,active
CE-000AS-8H,ANVC-MTNTXX-00,A-0115,"MTNT, Ltd.",Alaska Native Village Corporation,as recorded at first mint 2026-08-28; a reclassification updates this attribute and retires the handle to an alias - the uid never changes,,,2026-08-29,active
CE-000AT-EA,ANVC-NAPAKI-00,A-0116,Napakiak Corporation,Alaska Native Village Corporation,as recorded at first mint 2026-08-28; a reclassification updates this attribute and retires the handle to an alias - the uid never changes,,,2026-08-29,active
CE-000AV-M3,ANVC-NEWTO1-00,A-0120,Newtok Native Corporation,Alaska Native Village Corporation,as recorded at first mint 2026-08-28; a reclassification updates this attribute and retires the handle to an alias - the uid never changes,,,2026-08-29,active
CE-000AW-TW,ANVC-NGLSHB-00,A-0062,The English Bay Corporation,Alaska Native Village Corporation,as recorded at first mint 2026-08-28; a reclassification updates this attribute and retires the handle to an alias - the uid never changes,,,2026-08-29,active
CE-000AX-0N,ANVC-NIMAXX-00,A-0121,Nima Corporation,Alaska Native Village Corporation,as recorded at first mint 2026-08-28; a reclassification updates this attribute and retires the handle to an alias - the uid never changes,,,2026-08-29,active
CE-000AY-6E,ANVC-NLSNLG-00,A-0118,Nelson Lagoon Corporation,Alaska Native Village Corporation,as recorded at first mint 2026-08-28; a reclassification updates this attribute and retires the handle to an alias - the uid never changes,,,2026-08-29,active
CE-000AZ-C7,ANVC-NNKKYP-00,A-0124,Nunakauiak Yupik Corporation,Alaska Native Village Corporation,as recorded at first mint 2026-08-28; a reclassification updates this attribute and retires the handle to an alias - the uid never changes,,,2026-08-29,active
CE-000B0-QG,ANVC-NNLCH1-00,A-0122,"Ninilchik Natives Association, Inc.",Alaska Native Village Corporation,as recorded at first mint 2026-08-28; a reclassification updates this attribute and retires the handle to an alias - the uid never changes,,,2026-08-29,active
CE-000B1-X9,ANVC-NNPGLL-00,A-0126,Nunapiglluraq Corporation,Alaska Native Village Corporation,as recorded at first mint 2026-08-28; a reclassification updates this attribute and retires the handle to an alias - the uid never changes,,,2026-08-29,active
CE-000B2-32,ANVC-NNPTCH-00,A-0127,"Nunapitchuk, Ltd.",Alaska Native Village Corporation,as recorded at first mint 2026-08-28; a reclassification updates this attribute and retires the handle to an alias - the uid never changes,,,2026-08-29,active
CE-000B3-9V,ANVC-NRKLKM-00,A-0119,Nerklikmute Native Corporation,Alaska Native Village Corporation,as recorded at first mint 2026-08-28; a reclassification updates this attribute and retires the handle to an alias - the uid never changes,,,2026-08-29,active
CE-000B4-FM,ANVC-NRTHW1-00,A-0123,"Northway Natives, Inc.",Alaska Native Village Corporation,as recorded at first mint 2026-08-28; a reclassification updates this attribute and retires the handle to an alias - the uid never changes,,,2026-08-29,active
CE-000B5-ND,ANVC-NTVSKD-00,A-0117,"Natives of Kodiak, Inc.",Alaska Native Village Corporation,as recorded at first mint 2026-08-28; a reclassification updates this attribute and retires the handle to an alias - the uid never changes,,,2026-08-29,active
CE-000B6-V6,ANVC-NUNAMI-00,A-0125,Nunamiut Corporation,Alaska Native Village Corporation,as recorded at first mint 2026-08-28; a reclassification updates this attribute and retires the handle to an alias - the uid never changes,,,2026-08-29,active
CE-000B7-1Z,ANVC-OCEANS-00,A-0128,Oceanside Corporation,Alaska Native Village Corporation,as recorded at first mint 2026-08-28; a reclassification updates this attribute and retires the handle to an alias - the uid never changes,,,2026-08-29,active
CE-000B8-7R,ANVC-OLGOON-00,A-0016,Olgoonik Corporation,Alaska Native Village Corporation,as recorded at first mint 2026-08-28; a reclassification updates this attribute and retires the handle to an alias - the uid never changes,,,2026-08-29,active
CE-000B9-DH,ANVC-OUNALA-00,A-0131,Ounalashka Corporation,Alaska Native Village Corporation,as recorded at first mint 2026-08-28; a reclassification updates this attribute and retires the handle to an alias - the uid never changes,,,2026-08-29,active
CE-000BA-KA,ANVC-OUZINK-00,A-0132,Ouzinkie Native Corporation,Alaska Native Village Corporation,as recorded at first mint 2026-08-28; a reclassification updates this attribute and retires the handle to an alias - the uid never changes,,,2026-08-29,active
CE-000BB-S3,ANVC-PAUGVI-00,A-0133,"Paug-Vik Incorporated, Ltd.",Alaska Native Village Corporation,as recorded at first mint 2026-08-28; a reclassification updates this attribute and retires the handle to an alias - the uid never changes,,,2026-08-29,active
CE-000BC-ZW,ANVC-PEDROB-00,A-0134,Pedro Bay Corporation,Alaska Native Village Corporation,as recorded at first mint 2026-08-28; a reclassification updates this attribute and retires the handle to an alias - the uid never changes,,,2026-08-29,active
CE-000BD-5N,ANVC-PENINS-00,A-0023,Alaska Peninsula Corporation,Alaska Native Village Corporation,as recorded at first mint 2026-08-28; a reclassification updates this attribute and retires the handle to an alias - the uid never changes,,,2026-08-29,active
CE-000BE-BE,ANVC-PLTPNT-00,A-0135,Pilot Point Native Corporation,Alaska Native Village Corporation,as recorded at first mint 2026-08-28; a reclassification updates this attribute and retires the handle to an alias - the uid never changes,,,2026-08-29,active
CE-000BF-H7,ANVC-PLTSTT-00,A-0136,"Pilot Station, Inc.",Alaska Native Village Corporation,as recorded at first mint 2026-08-28; a reclassification updates this attribute and retires the handle to an alias - the uid never changes,,,2026-08-29,active
CE-000BG-Q0,ANVC-PNTPSS-00,A-0190,"Point Possession, Inc.",ANCSA Group Corporation,as recorded at first mint 2026-08-28; a reclassification updates this attribute and retires the handle to an alias - the uid never changes,,,2026-08-29,active
CE-000BH-XS,ANVC-PRTGRH-00,A-0138,The Port Graham Corporation,Alaska Native Village Corporation,as recorded at first mint 2026-08-28; a reclassification updates this attribute and retires the handle to an alias - the uid never changes,,,2026-08-29,active
CE-000BJ-3J,ANVC-PTKSPN-00,A-0137,Pitka's Point Native Corporation,Alaska Native Village Corporation,as recorded at first mint 2026-08-28; a reclassification updates this attribute and retires the handle to an alias - the uid never changes,,,2026-08-29,active
CE-000BK-9B,ANVC-QANIRT-00,A-0139,"Qanirtuuq, Inc.",Alaska Native Village Corporation,as recorded at first mint 2026-08-28; a reclassification updates this attribute and retires the handle to an alias - the uid never changes,,,2026-08-29,active
CE-000BM-F4,ANVC-QINARM-00,A-0141,Qinarmiut Corporation,Alaska Native Village Corporation,as recorded at first mint 2026-08-28; a reclassification updates this attribute and retires the handle to an alias - the uid never changes,,,2026-08-29,active
CE-000BN-NX,ANVC-QMRTLK-00,A-0140,Qemirtalek Coast Corporation,Alaska Native Village Corporation,as recorded at first mint 2026-08-28; a reclassification updates this attribute and retires the handle to an alias - the uid never changes,,,2026-08-29,active
CE-000BP-VP,ANVC-RSSNMS-00,A-0142,Russian Mission Native Corporation,Alaska Native Village Corporation,as recorded at first mint 2026-08-28; a reclassification updates this attribute and retires the handle to an alias - the uid never changes,,,2026-08-29,active
CE-000BQ-1F,ANVC-SAGUYA-00,A-0143,"Saguyak, Inc.",Alaska Native Village Corporation,as recorded at first mint 2026-08-28; a reclassification updates this attribute and retires the handle to an alias - the uid never changes,,,2026-08-29,active
CE-000BR-78,ANVC-SANAKX-00,A-0145,Sanak Corporation,Alaska Native Village Corporation,as recorded at first mint 2026-08-28; a reclassification updates this attribute and retires the handle to an alias - the uid never changes,,,2026-08-29,active
CE-000BS-D1,ANVC-SAVOON-00,A-0146,Savoonga Native Corporation,Alaska Native Village Corporation,as recorded at first mint 2026-08-28; a reclassification updates this attribute and retires the handle to an alias - the uid never changes,,,2026-08-29,active
CE-000BT-KT,ANVC-SCRVLL-00,A-0130,Oscarville Native Corporation,Alaska Native Village Corporation,as recorded at first mint 2026-08-28; a reclassification updates this attribute and retires the handle to an alias - the uid never changes,,,2026-08-29,active
CE-000BV-SK,ANVC-SEALIO-00,A-0147,Sea Lion Corporation,Alaska Native Village Corporation,as recorded at first mint 2026-08-28; a reclassification updates this attribute and retires the handle to an alias - the uid never changes,,,2026-08-29,active
CE-000BW-ZC,ANVC-SHAANS-00,A-0150,"Shaan Seet, Inc.",Alaska Native Village Corporation,as recorded at first mint 2026-08-28; a reclassification updates this attribute and retires the handle to an alias - the uid never changes,,,2026-08-29,active
CE-000BX-55,ANVC-SHEEAT-00,A-0152,"Shee Atika, Incorporated",Alaska Native Village Corporation,as recorded at first mint 2026-08-28; a reclassification updates this attribute and retires the handle to an alias - the uid never changes,,,2026-08-29,active
CE-000BY-BY,ANVC-SHKTL1-00,A-0151,Shaktoolik Native Corporation,Alaska Native Village Corporation,as recorded at first mint 2026-08-28; a reclassification updates this attribute and retires the handle to an alias - the uid never changes,,,2026-08-29,active
CE-000BZ-HQ,ANVC-SHSHMR-00,A-0153,Shishmaref Native Corporation,Alaska Native Village Corporation,as recorded at first mint 2026-08-28; a reclassification updates this attribute and retires the handle to an alias - the uid never changes,,,2026-08-29,active
CE-000C0-W0,ANVC-SHUMAG-00,A-0154,"Shumagin Corporation, Inc.",Alaska Native Village Corporation,as recorded at first mint 2026-08-28; a reclassification updates this attribute and retires the handle to an alias - the uid never changes,,,2026-08-29,active
CE-000C1-2S,ANVC-SHUYAK-00,A-0155,"Shuyak, Inc.",Alaska Native Village Corporation,as recorded at first mint 2026-08-28; a reclassification updates this attribute and retires the handle to an alias - the uid never changes,,,2026-08-29,active
CE-000C2-8J,ANVC-SITNAS-00,A-0017,Sitnasuak Native Corporation,Alaska Native Village Corporation,as recorded at first mint 2026-08-28; a reclassification updates this attribute and retires the handle to an alias - the uid never changes,,,2026-08-29,active
CE-000C3-EB,ANVC-SIVUQA-00,A-0156,"Sivuqaq, Inc.",Alaska Native Village Corporation,as recorded at first mint 2026-08-28; a reclassification updates this attribute and retires the handle to an alias - the uid never changes,,,2026-08-29,active
CE-000C4-M4,ANVC-SLDVSS-00,A-0148,"Seldovia Native Association, Inc.",Alaska Native Village Corporation,as recorded at first mint 2026-08-28; a reclassification updates this attribute and retires the handle to an alias - the uid never changes,,,2026-08-29,active
CE-000C5-TX,ANVC-SLMTFS-00,A-0144,"Salamatof Native Association, Inc.",Alaska Native Village Corporation,as recorded at first mint 2026-08-28; a reclassification updates this attribute and retires the handle to an alias - the uid never changes,,,2026-08-29,active
CE-000C6-0P,ANVC-SOLOMO-00,A-0157,Solomon Native Corporation,Alaska Native Village Corporation,as recorded at first mint 2026-08-28; a reclassification updates this attribute and retires the handle to an alias - the uid never changes,,,2026-08-29,active
CE-000C7-6F,ANVC-STBBN1-00,A-0161,Stebbins Native Corporation,Alaska Native Village Corporation,as recorded at first mint 2026-08-28; a reclassification updates this attribute and retires the handle to an alias - the uid never changes,,,2026-08-29,active
CE-000C8-C8,ANVC-STGRGT-00,A-0158,St. George Tanaq Corporation,Alaska Native Village Corporation,as recorded at first mint 2026-08-28; a reclassification updates this attribute and retires the handle to an alias - the uid never changes,,,2026-08-29,active
CE-000C9-J1,ANVC-STHDYH-00,A-0149,Seth-De-Ya-Ah Corporation,Alaska Native Village Corporation,as recorded at first mint 2026-08-28; a reclassification updates this attribute and retires the handle to an alias - the uid never changes,,,2026-08-29,active
CE-000CA-RT,ANVC-STMCH1-00,A-0160,St. Michael Native Corporation,Alaska Native Village Corporation,as recorded at first mint 2026-08-28; a reclassification updates this attribute and retires the handle to an alias - the uid never changes,,,2026-08-29,active
CE-000CB-YK,ANVC-STMRYS-00,A-0159,St. Mary's Native Corporation,Alaska Native Village Corporation,as recorded at first mint 2026-08-28; a reclassification updates this attribute and retires the handle to an alias - the uid never changes,,,2026-08-29,active
CE-000CC-4C,ANVC-STUYAH-00,A-0162,"Stuyahok, Ltd.",Alaska Native Village Corporation,as recorded at first mint 2026-08-28; a reclassification updates this attribute and retires the handle to an alias - the uid never changes,,,2026-08-29,active
CE-000CD-A5,ANVC-SWANLA-00,A-0163,Swan Lake Corporation,Alaska Native Village Corporation,as recorded at first mint 2026-08-28; a reclassification updates this attribute and retires the handle to an alias - the uid never changes,,,2026-08-29,active
CE-000CE-GY,ANVC-TANALI-00,A-0191,"Tanalian, Inc.",ANCSA Group Corporation,as recorded at first mint 2026-08-28; a reclassification updates this attribute and retires the handle to an alias - the uid never changes,,,2026-08-29,active
CE-000CF-PQ,ANVC-TATITL-00,A-0166,The Tatitlek Corporation,Alaska Native Village Corporation,as recorded at first mint 2026-08-28; a reclassification updates this attribute and retires the handle to an alias - the uid never changes,,,2026-08-29,active
CE-000CG-WG,ANVC-TELLE1-00,A-0167,Teller Native Corporation,Alaska Native Village Corporation,as recorded at first mint 2026-08-28; a reclassification updates this attribute and retires the handle to an alias - the uid never changes,,,2026-08-29,active
CE-000CH-29,ANVC-TETLI1-00,A-0168,Tetlin Native Corporation,Alaska Native Village Corporation,as recorded at first mint 2026-08-28; a reclassification updates this attribute and retires the handle to an alias - the uid never changes,,,2026-08-29,active
CE-000CJ-82,ANVC-TGHTTH-00,A-0171,Toghotthele Corporation,Alaska Native Village Corporation,as recorded at first mint 2026-08-28; a reclassification updates this attribute and retires the handle to an alias - the uid never changes,,,2026-08-29,active
CE-000CK-EV,ANVC-TGKNTV-00,A-0172,"Togiak Natives, Ltd.",Alaska Native Village Corporation,as recorded at first mint 2026-08-28; a reclassification updates this attribute and retires the handle to an alias - the uid never changes,,,2026-08-29,active
CE-000CM-MM,ANVC-TIHTEE-00,A-0169,"Tihteet' Aii, Inc.",Alaska Native Village Corporation,as recorded at first mint 2026-08-28; a reclassification updates this attribute and retires the handle to an alias - the uid never changes,,,2026-08-29,active
CE-000CN-TD,ANVC-TIKIGA-00,A-0170,Tikigaq Corporation,Alaska Native Village Corporation,as recorded at first mint 2026-08-28; a reclassification updates this attribute and retires the handle to an alias - the uid never changes,,,2026-08-29,active
CE-000CP-06,ANVC-TLKSRM-00,A-0174,"Tulkisarmute, Inc.",Alaska Native Village Corporation,as recorded at first mint 2026-08-28; a reclassification updates this attribute and retires the handle to an alias - the uid never changes,,,2026-08-29,active
CE-000CQ-6Z,ANVC-TNCRS1-00,A-0164,"Tanacross, Inc.",Alaska Native Village Corporation,as recorded at first mint 2026-08-28; a reclassification updates this attribute and retires the handle to an alias - the uid never changes,,,2026-08-29,active
CE-000CR-CR,ANVC-TNDGSX-00,A-0165,Tanadgusix Corporation (TDX),Alaska Native Village Corporation,as recorded at first mint 2026-08-28; a reclassification updates this attribute and retires the handle to an alias - the uid never changes,,,2026-08-29,active
CE-000CS-JH,ANVC-TNNRMT-00,A-0175,Tununrmiut Rinit Corporation,Alaska Native Village Corporation,as recorded at first mint 2026-08-28; a reclassification updates this attribute and retires the handle to an alias - the uid never changes,,,2026-08-29,active
CE-000CT-RA,ANVC-TOZITN-00,A-0173,"Tozitna, Ltd.",Alaska Native Village Corporation,as recorded at first mint 2026-08-28; a reclassification updates this attribute and retires the handle to an alias - the uid never changes,,,2026-08-29,active
CE-000CV-Y3,ANVC-TWNHLL-00,A-0176,Twin Hills Native Corporation,Alaska Native Village Corporation,as recorded at first mint 2026-08-28; a reclassification updates this attribute and retires the handle to an alias - the uid never changes,,,2026-08-29,active
CE-000CW-4W,ANVC-TYONE1-00,A-0177,The Tyonek Native Corporation,Alaska Native Village Corporation,as recorded at first mint 2026-08-28; a reclassification updates this attribute and retires the handle to an alias - the uid never changes,,,2026-08-29,active
CE-000CX-AN,ANVC-UNALAK-00,A-0179,Unalakleet Native Corporation,Alaska Native Village Corporation,as recorded at first mint 2026-08-28; a reclassification updates this attribute and retires the handle to an alias - the uid never changes,,,2026-08-29,active
CE-000CY-GE,ANVC-UNGAXX-00,A-0180,Unga Corporation,Alaska Native Village Corporation,as recorded at first mint 2026-08-28; a reclassification updates this attribute and retires the handle to an alias - the uid never changes,,,2026-08-29,active
CE-000CZ-P7,ANVC-VNSVLL-00,A-0063,"Evansville, Inc.",Alaska Native Village Corporation,as recorded at first mint 2026-08-28; a reclassification updates this attribute and retires the handle to an alias - the uid never changes,,,2026-08-29,active
CE-000D0-1G,ANVC-WALESX-00,A-0182,Wales Native Corporation,Alaska Native Village Corporation,as recorded at first mint 2026-08-28; a reclassification updates this attribute and retires the handle to an alias - the uid never changes,,,2026-08-29,active
CE-000D1-79,ANVC-WHTMNT-00,A-0183,White Mountain Native Corporation,Alaska Native Village Corporation,as recorded at first mint 2026-08-28; a reclassification updates this attribute and retires the handle to an alias - the uid never changes,,,2026-08-29,active
CE-000D2-D2,ANVC-YKNTVS-00,A-0181,"Uyak Natives, Inc.",Alaska Native Village Corporation,as recorded at first mint 2026-08-28; a reclassification updates this attribute and retires the handle to an alias - the uid never changes,,,2026-08-29,active
CE-000D3-KV,ANVC-YKTTKW-00,A-0184,"Yak-Tat Kwaan, Inc.",Alaska Native Village Corporation,as recorded at first mint 2026-08-28; a reclassification updates this attribute and retires the handle to an alias - the uid never changes,,,2026-08-29,active
CE-000D4-SM,ANVC-ZHOTSE-00,A-0185,"Zho-Tse, Inc.",Alaska Native Village Corporation,as recorded at first mint 2026-08-28; a reclassification updates this attribute and retires the handle to an alias - the uid never changes,,,2026-08-29,active
CE-000D5-ZD,BIE-AHFACH-00,,Ahfachkee School,BIE School,as recorded at first mint 2026-08-28; a reclassification updates this attribute and retires the handle to an alias - the uid never changes,,,2026-08-29,active
CE-000D6-56,BIE-ALAMON-00,,Alamo Navajo Community School,BIE School,as recorded at first mint 2026-08-28; a reclassification updates this attribute and retires the handle to an alias - the uid never changes,,,2026-08-29,active
CE-000D7-BZ,BIE-ANETHX-00,,Aneth Community School,BIE School,as recorded at first mint 2026-08-28; a reclassification updates this attribute and retires the handle to an alias - the uid never changes,,,2026-08-29,active
CE-000D8-HR,BIE-BCDLYZ-00,,Baca /Dlo'Ay Azhi Community School,BIE School,as recorded at first mint 2026-08-28; a reclassification updates this attribute and retires the handle to an alias - the uid never changes,,,2026-08-29,active
CE-000D9-QH,BIE-BCLBTD-00,,Beclabito Day School,BIE School,as recorded at first mint 2026-08-28; a reclassification updates this attribute and retires the handle to an alias - the uid never changes,,,2026-08-29,active
CE-000DA-XA,BIE-BGCHTT-00,,Bogue Chitto Elementary,BIE School,as recorded at first mint 2026-08-28; a reclassification updates this attribute and retires the handle to an alias - the uid never changes,,,2026-08-29,active
CE-000DB-33,BIE-BGNYGS-00,,Bug-O-Nay-Ge-Shig School,BIE School,as recorded at first mint 2026-08-28; a reclassification updates this attribute and retires the handle to an alias - the uid never changes,,,2026-08-29,active
CE-000DC-9W,BIE-BLCKF2-00,,Blackfeet Dormitory,BIE School,as recorded at first mint 2026-08-28; a reclassification updates this attribute and retires the handle to an alias - the uid never changes,,,2026-08-29,active
CE-000DD-FN,BIE-BLCKMS-00,,Black Mesa Community School,BIE School,as recorded at first mint 2026-08-28; a reclassification updates this attribute and retires the handle to an alias - the uid never changes,,,2026-08-29,active
CE-000DE-NE,BIE-BLCKWT-00,,Blackwater Community School,BIE School,as recorded at first mint 2026-08-28; a reclassification updates this attribute and retires the handle to an alias - the uid never changes,,,2026-08-29,active
CE-000DF-V7,BIE-BRDSPR-00,,Bread Springs Day School,BIE School,as recorded at first mint 2026-08-28; a reclassification updates this attribute and retires the handle to an alias - the uid never changes,,,2026-08-29,active
CE-000DG-10,BIE-CHCHLT-00,,Chi Chil'tah Community School,BIE School,as recorded at first mint 2026-08-28; a reclassification updates this attribute and retires the handle to an alias - the uid never changes,,,2026-08-29,active
CE-000DH-7S,BIE-CHCKS2-00,,Chickasaw Children's Village,BIE School,as recorded at first mint 2026-08-28; a reclassification updates this attribute and retires the handle to an alias - the uid never changes,,,2026-08-29,active
CE-000DJ-DJ,BIE-CHCTW1-00,,Choctaw Central Middle School,BIE School,as recorded at first mint 2026-08-28; a reclassification updates this attribute and retires the handle to an alias - the uid never changes,,,2026-08-29,active
CE-000DK-KB,BIE-CHCTWC-00,,Choctaw Central High School,BIE School,as recorded at first mint 2026-08-28; a reclassification updates this attribute and retires the handle to an alias - the uid never changes,,,2026-08-29,active
CE-000DM-S4,BIE-CHEMAW-00,,Chemawa Indian School,BIE School,as recorded at first mint 2026-08-28; a reclassification updates this attribute and retires the handle to an alias - the uid never changes,,,2026-08-29,active
CE-000DN-ZX,BIE-CHFLSC-00,,Chief Leschi Schools,BIE School,as recorded at first mint 2026-08-28; a reclassification updates this attribute and retires the handle to an alias - the uid never changes,,,2026-08-29,active
CE-000DP-5P,BIE-CHLCHN-00,,Chilchinbeto Community School,BIE School,as recorded at first mint 2026-08-28; a reclassification updates this attribute and retires the handle to an alias - the uid never changes,,,2026-08-29,active
CE-000DQ-BF,BIE-CHOOSH-00,,Ch'ooshgai Community School,BIE School,as recorded at first mint 2026-08-28; a reclassification updates this attribute and retires the handle to an alias - the uid never changes,,,2026-08-29,active
CE-000DR-H8,BIE-CHRKC1-00,,Cherokee Central High School,BIE School,as recorded at first mint 2026-08-28; a reclassification updates this attribute and retires the handle to an alias - the uid never changes,,,2026-08-29,active
CE-000DS-Q1,BIE-CHRKC2-00,,Cherokee Central Middle School,BIE School,as recorded at first mint 2026-08-28; a reclassification updates this attribute and retires the handle to an alias - the uid never changes,,,2026-08-29,active
CE-000DT-XT,BIE-CHRKCN-00,,Cherokee Central Elementary School,BIE School,as recorded at first mint 2026-08-28; a reclassification updates this attribute and retires the handle to an alias - the uid never changes,,,2026-08-29,active
CE-000DV-3K,BIE-CHTMC1-00,,Chitimacha Tribal School,BIE School,as recorded at first mint 2026-08-28; a reclassification updates this attribute and retires the handle to an alias - the uid never changes,,,2026-08-29,active
CE-000DW-9C,BIE-CHYNNG-00,,Cheyenne-Eagle Butte High School,BIE School,as recorded at first mint 2026-08-28; a reclassification updates this attribute and retires the handle to an alias - the uid never changes,,,2026-08-29,active
CE-000DX-F5,BIE-CNHTTL-00,,Conehatta Elemenatary School,BIE School,as recorded at first mint 2026-08-28; a reclassification updates this attribute and retires the handle to an alias - the uid never changes,,,2026-08-29,active
CE-000DY-NY,BIE-COVEDA-00,,Cove Day School,BIE School,as recorded at first mint 2026-08-28; a reclassification updates this attribute and retires the handle to an alias - the uid never changes,,,2026-08-29,active
CE-000DZ-VQ,BIE-CRCLLF-00,,Circle of Life Academy,BIE School,as recorded at first mint 2026-08-28; a reclassification updates this attribute and retires the handle to an alias - the uid never changes,,,2026-08-29,active
CE-000E0-60,BIE-CRCLNT-00,,Circle of Nations Wahpeton Indian School,BIE School,as recorded at first mint 2026-08-28; a reclassification updates this attribute and retires the handle to an alias - the uid never changes,,,2026-08-29,active
CE-000E1-CS,BIE-CRDLNT-00,,Coeur d'Alene Tribal School,BIE School,as recorded at first mint 2026-08-28; a reclassification updates this attribute and retires the handle to an alias - the uid never changes,,,2026-08-29,active
CE-000E2-JJ,BIE-CRWCR1-00,,Crow Creek Tribal Elementary School,BIE School,as recorded at first mint 2026-08-28; a reclassification updates this attribute and retires the handle to an alias - the uid never changes,,,2026-08-29,active
CE-000E3-RB,BIE-CRWCRK-00,,Crow Creek Reservation High School,BIE School,as recorded at first mint 2026-08-28; a reclassification updates this attribute and retires the handle to an alias - the uid never changes,,,2026-08-29,active
CE-000E4-Y4,BIE-CRYSTL-00,,Crystal Boarding School,BIE School,as recorded at first mint 2026-08-28; a reclassification updates this attribute and retires the handle to an alias - the uid never changes,,,2026-08-29,active
CE-000E5-4X,BIE-CRZYHR-00,,Crazy Horse School,BIE School,as recorded at first mint 2026-08-28; a reclassification updates this attribute and retires the handle to an alias - the uid never changes,,,2026-08-29,active
CE-000E6-AP,BIE-CSBLNC-00,,Casa Blanca Community School,BIE School,as recorded at first mint 2026-08-28; a reclassification updates this attribute and retires the handle to an alias - the uid never changes,,,2026-08-29,active
CE-000E7-GF,BIE-CTTNWD-00,,Cottonwood Day School,BIE School,as recorded at first mint 2026-08-28; a reclassification updates this attribute and retires the handle to an alias - the uid never changes,,,2026-08-29,active
CE-000E8-P8,BIE-DBYZHH-00,,"Dibe Yazhi Habitiin Olta', Inc.",BIE School,as recorded at first mint 2026-08-28; a reclassification updates this attribute and retires the handle to an alias - the uid never changes,,,2026-08-29,active
CE-000E9-W1,BIE-DCKWTR-00,,Duckwater Shoshone Elementary School,BIE School,as recorded at first mint 2026-08-28; a reclassification updates this attribute and retires the handle to an alias - the uid never changes,,,2026-08-29,active
CE-000EA-2T,BIE-DILCON-00,,Dilcon Community School,BIE School,as recorded at first mint 2026-08-28; a reclassification updates this attribute and retires the handle to an alias - the uid never changes,,,2026-08-29,active
CE-000EB-8K,BIE-DNNHTS-00,,Dennehotso Boarding School,BIE School,as recorded at first mint 2026-08-28; a reclassification updates this attribute and retires the handle to an alias - the uid never changes,,,2026-08-29,active
CE-000EC-EC,BIE-DNSTHD-00,,Dunseith Indian Day School,BIE School,as recorded at first mint 2026-08-28; a reclassification updates this attribute and retires the handle to an alias - the uid never changes,,,2026-08-29,active
CE-000ED-M5,BIE-DSHCHB-00,,Dishchii'bikoh Community School,BIE School,as recorded at first mint 2026-08-28; a reclassification updates this attribute and retires the handle to an alias - the uid never changes,,,2026-08-29,active
CE-000EE-TY,BIE-DZLTHN-00,,Dzilth-Na-O-Dith-Hle Community School,BIE School,as recorded at first mint 2026-08-28; a reclassification updates this attribute and retires the handle to an alias - the uid never changes,,,2026-08-29,active
CE-000EF-0Q,BIE-FLAND1-00,,Flandreau Indian School,BIE School,as recorded at first mint 2026-08-28; a reclassification updates this attribute and retires the handle to an alias - the uid never changes,,,2026-08-29,active
CE-000EG-6G,BIE-FLDRMT-00,,Eufaula Dormitory,BIE School,as recorded at first mint 2026-08-28; a reclassification updates this attribute and retires the handle to an alias - the uid never changes,,,2026-08-29,active
CE-000EH-C9,BIE-FLGSTF-00,,Flagstaff Bordertown Dormitory,BIE School,as recorded at first mint 2026-08-28; a reclassification updates this attribute and retires the handle to an alias - the uid never changes,,,2026-08-29,active
CE-000EJ-J2,BIE-FNDDLC-00,,Fond du Lac Ojibwe School,BIE School,as recorded at first mint 2026-08-28; a reclassification updates this attribute and retires the handle to an alias - the uid never changes,,,2026-08-29,active
CE-000EK-RV,BIE-FRSTMS-00,,First Mesa Elementary School,BIE School,as recorded at first mint 2026-08-28; a reclassification updates this attribute and retires the handle to an alias - the uid never changes,,,2026-08-29,active
CE-000EM-YM,BIE-GLCRSS-00,,Gila Crossing Community School,BIE School,as recorded at first mint 2026-08-28; a reclassification updates this attribute and retires the handle to an alias - the uid never changes,,,2026-08-29,active
CE-000EN-4D,BIE-GRSWDS-00,,Greasewood Springs Community School,BIE School,as recorded at first mint 2026-08-28; a reclassification updates this attribute and retires the handle to an alias - the uid never changes,,,2026-08-29,active
CE-000EP-A6,BIE-GRYHLL-00,,Greyhills Academy High School,BIE School,as recorded at first mint 2026-08-28; a reclassification updates this attribute and retires the handle to an alias - the uid never changes,,,2026-08-29,active
CE-000EQ-GZ,BIE-HKCDMY-00,,Haak’u Community Academy,BIE School,as recorded at first mint 2026-08-28; a reclassification updates this attribute and retires the handle to an alias - the uid never changes,,,2026-08-29,active
CE-000ER-PR,BIE-HKYWNG-00,,Ohkay Owingeh Community School,BIE School,as recorded at first mint 2026-08-28; a reclassification updates this attribute and retires the handle to an alias - the uid never changes,,,2026-08-29,active
CE-000ES-WH,BIE-HNDLDR-00,,Hanáádli Community School/Dormitory Inc.,BIE School,as recorded at first mint 2026-08-28; a reclassification updates this attribute and retires the handle to an alias - the uid never changes,,,2026-08-29,active
CE-000ET-2A,BIE-HNNHVL-00,,Hannahville Indian School,BIE School,as recorded at first mint 2026-08-28; a reclassification updates this attribute and retires the handle to an alias - the uid never changes,,,2026-08-29,active
CE-000EV-83,BIE-HNTRSP-00,,Hunters Point Boarding School,BIE School,as recorded at first mint 2026-08-28; a reclassification updates this attribute and retires the handle to an alias - the uid never changes,,,2026-08-29,active
CE-000EW-EW,BIE-HOPIDA-00,,Hopi Day School,BIE School,as recorded at first mint 2026-08-28; a reclassification updates this attribute and retires the handle to an alias - the uid never changes,,,2026-08-29,active
CE-000EX-MN,BIE-HPJNRS-00,,Hopi Junior Senior High School,BIE School,as recorded at first mint 2026-08-28; a reclassification updates this attribute and retires the handle to an alias - the uid never changes,,,2026-08-29,active
CE-000EY-TE,BIE-HTVLLB-00,,Hotevilla Bacavi Community School,BIE School,as recorded at first mint 2026-08-28; a reclassification updates this attribute and retires the handle to an alias - the uid never changes,,,2026-08-29,active
CE-000EZ-07,BIE-HVSPLM-00,,Havasupai Elementary School,BIE School,as recorded at first mint 2026-08-28; a reclassification updates this attribute and retires the handle to an alias - the uid never changes,,,2026-08-29,active
CE-000F0-BG,BIE-ISLAND-00,,Indian Island School,BIE School,as recorded at first mint 2026-08-28; a reclassification updates this attribute and retires the handle to an alias - the uid never changes,,,2026-08-29,active
CE-000F1-H9,BIE-JCRLLD-00,,Jicarilla Dormitory,BIE School,as recorded at first mint 2026-08-28; a reclassification updates this attribute and retires the handle to an alias - the uid never changes,,,2026-08-29,active
CE-000F2-Q2,BIE-JEMEZD-00,,Jemez Day School,BIE School,as recorded at first mint 2026-08-28; a reclassification updates this attribute and retires the handle to an alias - the uid never changes,,,2026-08-29,active
CE-000F3-XV,BIE-JHDZLM-00,,Jeehdeezá Elementary School,BIE School,as recorded at first mint 2026-08-28; a reclassification updates this attribute and retires the handle to an alias - the uid never changes,,,2026-08-29,active
CE-000F4-3M,BIE-JHNFKN-00,,John F. Kennedy Day School,BIE School,as recorded at first mint 2026-08-28; a reclassification updates this attribute and retires the handle to an alias - the uid never changes,,,2026-08-29,active
CE-000F5-9D,BIE-JNCNDY-00,,Ojo Encino Day School,BIE School,as recorded at first mint 2026-08-28; a reclassification updates this attribute and retires the handle to an alias - the uid never changes,,,2026-08-29,active
CE-000F6-F6,BIE-JNSCDM-00,,Jones Academy,BIE School,as recorded at first mint 2026-08-28; a reclassification updates this attribute and retires the handle to an alias - the uid never changes,,,2026-08-29,active
CE-000F7-NZ,BIE-JSPHKL-00,,Joseph K. Lumsden Bahweting Anishnabe PSA,BIE School,as recorded at first mint 2026-08-28; a reclassification updates this attribute and retires the handle to an alias - the uid never changes,,,2026-08-29,active
CE-000F8-VR,BIE-KAYENT-00,,Kayenta Community School,BIE School,as recorded at first mint 2026-08-28; a reclassification updates this attribute and retires the handle to an alias - the uid never changes,,,2026-08-29,active
CE-000F9-1H,BIE-KBTBRD-00,,Kaibeto Boarding School,BIE School,as recorded at first mint 2026-08-28; a reclassification updates this attribute and retires the handle to an alias - the uid never changes,,,2026-08-29,active
CE-000FA-7A,BIE-KCKPNT-00,,Kickapoo Nation School,BIE School,as recorded at first mint 2026-08-28; a reclassification updates this attribute and retires the handle to an alias - the uid never changes,,,2026-08-29,active
CE-000FB-D3,BIE-KHAPOX-00,,Kha'p'o Community School,BIE School,as recorded at first mint 2026-08-28; a reclassification updates this attribute and retires the handle to an alias - the uid never changes,,,2026-08-29,active
CE-000FC-KW,BIE-KMSCNY-00,,Keams Canyon Elementary School,BIE School,as recorded at first mint 2026-08-28; a reclassification updates this attribute and retires the handle to an alias - the uid never changes,,,2026-08-29,active
CE-000FD-SN,BIE-KNDHLC-00,,Kin Dah Lichi'i Olta',BIE School,as recorded at first mint 2026-08-28; a reclassification updates this attribute and retires the handle to an alias - the uid never changes,,,2026-08-29,active
CE-000FE-ZE,BIE-KNTLRS-00,,"Kinteel Residential Campus, Inc.",BIE School,as recorded at first mint 2026-08-28; a reclassification updates this attribute and retires the handle to an alias - the uid never changes,,,2026-08-29,active
CE-000FF-57,BIE-LCCRT2-00,,Lac Courte Oreilles Ojibwe School,BIE School,as recorded at first mint 2026-08-28; a reclassification updates this attribute and retires the handle to an alias - the uid never changes,,,2026-08-29,active
CE-000FG-B0,BIE-LEUPPX-00,,"Leupp Schools, Inc",BIE School,as recorded at first mint 2026-08-28; a reclassification updates this attribute and retires the handle to an alias - the uid never changes,,,2026-08-29,active
CE-000FH-HS,BIE-LGNLMN-00,,Laguna Elementary School,BIE School,as recorded at first mint 2026-08-28; a reclassification updates this attribute and retires the handle to an alias - the uid never changes,,,2026-08-29,active
CE-000FJ-QJ,BIE-LGNMDD-00,,Laguna Middle School,BIE School,as recorded at first mint 2026-08-28; a reclassification updates this attribute and retires the handle to an alias - the uid never changes,,,2026-08-29,active
CE-000FK-XB,BIE-LKVLLY-00,,Lake Valley Navajo School,BIE School,as recorded at first mint 2026-08-28; a reclassification updates this attribute and retires the handle to an alias - the uid never changes,,,2026-08-29,active
CE-000FM-34,BIE-LMMNTN-00,,Lummi Nation School,BIE School,as recorded at first mint 2026-08-28; a reclassification updates this attribute and retires the handle to an alias - the uid never changes,,,2026-08-29,active
CE-000FN-9X,BIE-LTTLGL-00,,Little Eagle School,BIE School,as recorded at first mint 2026-08-28; a reclassification updates this attribute and retires the handle to an alias - the uid never changes,,,2026-08-29,active
CE-000FP-FP,BIE-LTTLSN-00,,Little Singer Community School,BIE School,as recorded at first mint 2026-08-28; a reclassification updates this attribute and retires the handle to an alias - the uid never changes,,,2026-08-29,active
CE-000FQ-NF,BIE-LTTLWN-00,,Little Wound School,BIE School,as recorded at first mint 2026-08-28; a reclassification updates this attribute and retires the handle to an alias - the uid never changes,,,2026-08-29,active
CE-000FR-V8,BIE-LUKACH-00,,Lukachukai Community School,BIE School,as recorded at first mint 2026-08-28; a reclassification updates this attribute and retires the handle to an alias - the uid never changes,,,2026-08-29,active
CE-000FS-11,BIE-LWRBR1-00,,Lower Brule Schools,BIE School,as recorded at first mint 2026-08-28; a reclassification updates this attribute and retires the handle to an alias - the uid never changes,,,2026-08-29,active
CE-000FT-7T,BIE-MARIAN-00,,Mariano Lake Community School,BIE School,as recorded at first mint 2026-08-28; a reclassification updates this attribute and retires the handle to an alias - the uid never changes,,,2026-08-29,active
CE-000FV-DK,BIE-MARTYX-00,,Marty Indian School,BIE School,as recorded at first mint 2026-08-28; a reclassification updates this attribute and retires the handle to an alias - the uid never changes,,,2026-08-29,active
CE-000FW-KC,BIE-MCKLS1-00,,Muckleshoot Tribal School,BIE School,as recorded at first mint 2026-08-28; a reclassification updates this attribute and retires the handle to an alias - the uid never changes,,,2026-08-29,active
CE-000FX-S5,BIE-MICCOS-00,,Miccosukee Indian School,BIE School,as recorded at first mint 2026-08-28; a reclassification updates this attribute and retires the handle to an alias - the uid never changes,,,2026-08-29,active
CE-000FY-ZY,BIE-MNCPDY-00,,Moencopi Day School,BIE School,as recorded at first mint 2026-08-28; a reclassification updates this attribute and retires the handle to an alias - the uid never changes,,,2026-08-29,active
CE-000FZ-5Q,BIE-MNDRDS-00,,Mandaree School District,BIE School,as recorded at first mint 2026-08-28; a reclassification updates this attribute and retires the handle to an alias - the uid never changes,,,2026-08-29,active
CE-000G0-G0,BIE-MNMNTR-00,,Menominee Tribal School,BIE School,as recorded at first mint 2026-08-28; a reclassification updates this attribute and retires the handle to an alias - the uid never changes,,,2026-08-29,active
CE-000G1-PS,BIE-MNYFR1-00,,Many Farms Community School,BIE School,as recorded at first mint 2026-08-28; a reclassification updates this attribute and retires the handle to an alias - the uid never changes,,,2026-08-29,active
CE-000G2-WJ,BIE-MNYFRM-00,,Many Farms High School,BIE School,as recorded at first mint 2026-08-28; a reclassification updates this attribute and retires the handle to an alias - the uid never changes,,,2026-08-29,active
CE-000G3-2B,BIE-MRCNHR-00,,American Horse School,BIE School,as recorded at first mint 2026-08-28; a reclassification updates this attribute and retires the handle to an alias - the uid never changes,,,2026-08-29,active
CE-000G4-84,BIE-MSCLRP-00,,Mescalero Apache School,BIE School,as recorded at first mint 2026-08-28; a reclassification updates this attribute and retires the handle to an alias - the uid never changes,,,2026-08-29,active
CE-000G5-EX,BIE-MSKWKS-00,,Meskwaki Settlement School,BIE School,as recorded at first mint 2026-08-28; a reclassification updates this attribute and retires the handle to an alias - the uid never changes,,,2026-08-29,active
CE-000G6-MP,BIE-NAATSI-00,,Naatsis'Aan Community School,BIE School,as recorded at first mint 2026-08-28; a reclassification updates this attribute and retires the handle to an alias - the uid never changes,,,2026-08-29,active
CE-000G7-TF,BIE-NAZLIN-00,,Nazlini Community School,BIE School,as recorded at first mint 2026-08-28; a reclassification updates this attribute and retires the handle to an alias - the uid never changes,,,2026-08-29,active
CE-000G8-08,BIE-NMYSWM-00,,Enemy Swim Day School,BIE School,as recorded at first mint 2026-08-28; a reclassification updates this attribute and retires the handle to an alias - the uid never changes,,,2026-08-29,active
CE-000G9-61,BIE-NNHNZD-00,,Nenahnezad Community School,BIE School,as recorded at first mint 2026-08-28; a reclassification updates this attribute and retires the handle to an alias - the uid never changes,,,2026-08-29,active
CE-000GA-CT,BIE-NNLZHN-00,,Na' Neelzhiin Ji Olta' School,BIE School,as recorded at first mint 2026-08-28; a reclassification updates this attribute and retires the handle to an alias - the uid never changes,,,2026-08-29,active
CE-000GB-JK,BIE-NOLIXX-00,,Noli Indian School,BIE School,as recorded at first mint 2026-08-28; a reclassification updates this attribute and retires the handle to an alias - the uid never changes,,,2026-08-29,active
CE-000GC-RC,BIE-NRTHR1-00,,Northern Cheyenne Tribal School,BIE School,as recorded at first mint 2026-08-28; a reclassification updates this attribute and retires the handle to an alias - the uid never changes,,,2026-08-29,active
CE-000GD-Y5,BIE-NVJPRP-00,,Navajo Preparatory School,BIE School,as recorded at first mint 2026-08-28; a reclassification updates this attribute and retires the handle to an alias - the uid never changes,,,2026-08-29,active
CE-000GE-4Y,BIE-NYHSHN-00,,Nay Ah Shing / Pine Grove Schools,BIE School,as recorded at first mint 2026-08-28; a reclassification updates this attribute and retires the handle to an alias - the uid never changes,,,2026-08-29,active
CE-000GF-AQ,BIE-OJIBWA-00,,Ojibwa Indian School,BIE School,as recorded at first mint 2026-08-28; a reclassification updates this attribute and retires the handle to an alias - the uid never changes,,,2026-08-29,active
CE-000GG-GG,BIE-ONEIDA-00,,Oneida Nation School,BIE School,as recorded at first mint 2026-08-28; a reclassification updates this attribute and retires the handle to an alias - the uid never changes,,,2026-08-29,active
CE-000GH-P9,BIE-PBLPNT-00,,Pueblo Pintado Community School,BIE School,as recorded at first mint 2026-08-28; a reclassification updates this attribute and retires the handle to an alias - the uid never changes,,,2026-08-29,active
CE-000GJ-W2,BIE-PHNSNT-00,,Pahin Sinte Owayawa School (Porcupine School),BIE School,as recorded at first mint 2026-08-28; a reclassification updates this attribute and retires the handle to an alias - the uid never changes,,,2026-08-29,active
CE-000GK-2V,BIE-PINEHI-00,,Pine Hill Schools,BIE School,as recorded at first mint 2026-08-28; a reclassification updates this attribute and retires the handle to an alias - the uid never changes,,,2026-08-29,active
CE-000GM-8M,BIE-PINERI-00,,Pine Ridge School,BIE School,as recorded at first mint 2026-08-28; a reclassification updates this attribute and retires the handle to an alias - the uid never changes,,,2026-08-29,active
CE-000GN-ED,BIE-PINONX-00,,Pinon Community School,BIE School,as recorded at first mint 2026-08-28; a reclassification updates this attribute and retires the handle to an alias - the uid never changes,,,2026-08-29,active
CE-000GP-M6,BIE-PNSPRN-00,,Pine Springs Day School,BIE School,as recorded at first mint 2026-08-28; a reclassification updates this attribute and retires the handle to an alias - the uid never changes,,,2026-08-29,active
CE-000GQ-TZ,BIE-PRLRVR-00,,Pearl River Elementary School,BIE School,as recorded at first mint 2026-08-28; a reclassification updates this attribute and retires the handle to an alias - the uid never changes,,,2026-08-29,active
CE-000GR-0R,BIE-PRRLRN-00,,Pierre Indian School Learning Center,BIE School,as recorded at first mint 2026-08-28; a reclassification updates this attribute and retires the handle to an alias - the uid never changes,,,2026-08-29,active
CE-000GS-6H,BIE-PSCHLS-00,,Paschal Sherman Indian School,BIE School,as recorded at first mint 2026-08-28; a reclassification updates this attribute and retires the handle to an alias - the uid never changes,,,2026-08-29,active
CE-000GT-CA,BIE-PYRMD1-00,,Pyramid Lake Schools,BIE School,as recorded at first mint 2026-08-28; a reclassification updates this attribute and retires the handle to an alias - the uid never changes,,,2026-08-29,active
CE-000GV-J3,BIE-QLTTRB-00,,Quileute Tribal School,BIE School,as recorded at first mint 2026-08-28; a reclassification updates this attribute and retires the handle to an alias - the uid never changes,,,2026-08-29,active
CE-000GW-RW,BIE-RCHFLD-00,,Richfield Residential Hall,BIE School,as recorded at first mint 2026-08-28; a reclassification updates this attribute and retires the handle to an alias - the uid never changes,,,2026-08-29,active
CE-000GX-YN,BIE-RCKCRK-00,,Rock Creek Grant School,BIE School,as recorded at first mint 2026-08-28; a reclassification updates this attribute and retires the handle to an alias - the uid never changes,,,2026-08-29,active
CE-000GY-4E,BIE-RCKPNT-00,,Rock Point Community School,BIE School,as recorded at first mint 2026-08-28; a reclassification updates this attribute and retires the handle to an alias - the uid never changes,,,2026-08-29,active
CE-000GZ-A7,BIE-RCKYRD-00,,Rocky Ridge Boarding School,BIE School,as recorded at first mint 2026-08-28; a reclassification updates this attribute and retires the handle to an alias - the uid never changes,,,2026-08-29,active
CE-000H0-NG,BIE-RDRCKD-00,,Red Rock Day School,BIE School,as recorded at first mint 2026-08-28; a reclassification updates this attribute and retires the handle to an alias - the uid never changes,,,2026-08-29,active
CE-000H1-V9,BIE-RDWTRL-00,,Red Water Elementary School,BIE School,as recorded at first mint 2026-08-28; a reclassification updates this attribute and retires the handle to an alias - the uid never changes,,,2026-08-29,active
CE-000H2-12,BIE-RGHRCK-00,,Rough Rock Community School,BIE School,as recorded at first mint 2026-08-28; a reclassification updates this attribute and retires the handle to an alias - the uid never changes,,,2026-08-29,active
CE-000H3-7V,BIE-RIVERS-00,,Riverside Indian School,BIE School,as recorded at first mint 2026-08-28; a reclassification updates this attribute and retires the handle to an alias - the uid never changes,,,2026-08-29,active
CE-000H4-DM,BIE-SANTAF-00,,Santa Fe Indian School,BIE School,as recorded at first mint 2026-08-28; a reclassification updates this attribute and retires the handle to an alias - the uid never changes,,,2026-08-29,active
CE-000H5-KD,BIE-SBDLKB-00,,Seba Dalkai Boarding School,BIE School,as recorded at first mint 2026-08-28; a reclassification updates this attribute and retires the handle to an alias - the uid never changes,,,2026-08-29,active
CE-000H6-S6,BIE-SCNDMS-00,,Second Mesa Day School,BIE School,as recorded at first mint 2026-08-28; a reclassification updates this attribute and retires the handle to an alias - the uid never changes,,,2026-08-29,active
CE-000H7-ZZ,BIE-SCNGWY-00,,Sicangu Owayawa Oti (Rosebud Dormitory),BIE School,as recorded at first mint 2026-08-28; a reclassification updates this attribute and retires the handle to an alias - the uid never changes,,,2026-08-29,active
CE-000H8-5R,BIE-SHNTPR-00,,Shonto Preparatory School,BIE School,as recorded at first mint 2026-08-28; a reclassification updates this attribute and retires the handle to an alias - the uid never changes,,,2026-08-29,active
CE-000H9-BH,BIE-SHPRC1-00,,Shiprock Reservation Dormitory,BIE School,as recorded at first mint 2026-08-28; a reclassification updates this attribute and retires the handle to an alias - the uid never changes,,,2026-08-29,active
CE-000HA-HA,BIE-SHPRCK-00,,Shiprock Northwest Middle/High School,BIE School,as recorded at first mint 2026-08-28; a reclassification updates this attribute and retires the handle to an alias - the uid never changes,,,2026-08-29,active
CE-000HB-Q3,BIE-SHRMNH-00,,Sherman Indian High School,BIE School,as recorded at first mint 2026-08-28; a reclassification updates this attribute and retires the handle to an alias - the uid never changes,,,2026-08-29,active
CE-000HC-XW,BIE-SHSHNB-00,,Shoshone-Bannock Jr/Sr High School,BIE School,as recorded at first mint 2026-08-28; a reclassification updates this attribute and retires the handle to an alias - the uid never changes,,,2026-08-29,active
CE-000HD-3N,BIE-SLTLMN-00,,Isleta Elementary School,BIE School,as recorded at first mint 2026-08-28; a reclassification updates this attribute and retires the handle to an alias - the uid never changes,,,2026-08-29,active
CE-000HE-9E,BIE-SLTRVR-00,,Salt River Elementary School,BIE School,as recorded at first mint 2026-08-28; a reclassification updates this attribute and retires the handle to an alias - the uid never changes,,,2026-08-29,active
CE-000HF-F7,BIE-SNFLPP-00,,San Felipe Pueblo Elementary School,BIE School,as recorded at first mint 2026-08-28; a reclassification updates this attribute and retires the handle to an alias - the uid never changes,,,2026-08-29,active
CE-000HG-N0,BIE-SNLDFN-00,,San Ildefonso Day School,BIE School,as recorded at first mint 2026-08-28; a reclassification updates this attribute and retires the handle to an alias - the uid never changes,,,2026-08-29,active
CE-000HH-VS,BIE-SNSMNT-00,,San Simon School (Tohono O'odham),BIE School,as recorded at first mint 2026-08-28; a reclassification updates this attribute and retires the handle to an alias - the uid never changes,,,2026-08-29,active
CE-000HJ-1J,BIE-SNSTDY-00,,Sanostee Day School,BIE School,as recorded at first mint 2026-08-28; a reclassification updates this attribute and retires the handle to an alias - the uid never changes,,,2026-08-29,active
CE-000HK-7B,BIE-SNTRSD-00,,Santa Rosa Day School,BIE School,as recorded at first mint 2026-08-28; a reclassification updates this attribute and retires the handle to an alias - the uid never changes,,,2026-08-29,active
CE-000HM-D4,BIE-SNTRSR-00,,Santa Rosa Ranch School,BIE School,as recorded at first mint 2026-08-28; a reclassification updates this attribute and retires the handle to an alias - the uid never changes,,,2026-08-29,active
CE-000HN-KX,BIE-SNWCWY-00,,Isna Wica Owayawa (Loneman School),BIE School,as recorded at first mint 2026-08-28; a reclassification updates this attribute and retires the handle to an alias - the uid never changes,,,2026-08-29,active
CE-000HP-SP,BIE-SPYKLM-00,,Sipayik Elementary School,BIE School,as recorded at first mint 2026-08-28; a reclassification updates this attribute and retires the handle to an alias - the uid never changes,,,2026-08-29,active
CE-000HQ-ZF,BIE-SQYHHG-00,,Sequoyah High School,BIE School,as recorded at first mint 2026-08-28; a reclassification updates this attribute and retires the handle to an alias - the uid never changes,,,2026-08-29,active
CE-000HR-58,BIE-STFRNC-00,,St. Francis Indian School,BIE School,as recorded at first mint 2026-08-28; a reclassification updates this attribute and retires the handle to an alias - the uid never changes,,,2026-08-29,active
CE-000HS-B1,BIE-STNDN1-00,,Standing Rock Community School,BIE School,as recorded at first mint 2026-08-28; a reclassification updates this attribute and retires the handle to an alias - the uid never changes,,,2026-08-29,active
CE-000HT-HT,BIE-STNDNG-00,,Standing Pine Elementary School,BIE School,as recorded at first mint 2026-08-28; a reclassification updates this attribute and retires the handle to an alias - the uid never changes,,,2026-08-29,active
CE-000HV-QK,BIE-STSTPH-00,,St. Stephens Indian School,BIE School,as recorded at first mint 2026-08-28; a reclassification updates this attribute and retires the handle to an alias - the uid never changes,,,2026-08-29,active
CE-000HW-XC,BIE-TAKINI-00,,Takini School,BIE School,as recorded at first mint 2026-08-28; a reclassification updates this attribute and retires the handle to an alias - the uid never changes,,,2026-08-29,active
CE-000HX-35,BIE-TAOSDA-00,,Taos Day School,BIE School,as recorded at first mint 2026-08-28; a reclassification updates this attribute and retires the handle to an alias - the uid never changes,,,2026-08-29,active
CE-000HY-9Y,BIE-TBCTYB-00,,Tuba City Boarding School,BIE School,as recorded at first mint 2026-08-28; a reclassification updates this attribute and retires the handle to an alias - the uid never changes,,,2026-08-29,active
CE-000HZ-FQ,BIE-TCKRLM-00,,Tucker Elementary School,BIE School,as recorded at first mint 2026-08-28; a reclassification updates this attribute and retires the handle to an alias - the uid never changes,,,2026-08-29,active
CE-000J0-T0,BIE-THDRJM-00,,Theodore Jamerson Elementary,BIE School,as recorded at first mint 2026-08-28; a reclassification updates this attribute and retires the handle to an alias - the uid never changes,,,2026-08-29,active
CE-000J1-0S,BIE-THDRRS-00,,Theodore Roosevelt School,BIE School,as recorded at first mint 2026-08-28; a reclassification updates this attribute and retires the handle to an alias - the uid never changes,,,2026-08-29,active
CE-000J2-6J,BIE-THNDH1-00,,Tohono O'odham High School,BIE School,as recorded at first mint 2026-08-28; a reclassification updates this attribute and retires the handle to an alias - the uid never changes,,,2026-08-29,active
CE-000J3-CB,BIE-TOHAAL-00,,Tohaali' Community School,BIE School,as recorded at first mint 2026-08-28; a reclassification updates this attribute and retires the handle to an alias - the uid never changes,,,2026-08-29,active
CE-000J4-J4,BIE-TOHAJI-00,,TóHajiilee Community School,BIE School,as recorded at first mint 2026-08-28; a reclassification updates this attribute and retires the handle to an alias - the uid never changes,,,2026-08-29,active
CE-000J5-RX,BIE-TONALE-00,,Tonalea Day School,BIE School,as recorded at first mint 2026-08-28; a reclassification updates this attribute and retires the handle to an alias - the uid never changes,,,2026-08-29,active
CE-000J6-YP,BIE-TRTLM2-00,,Turtle Mountain Community Middle School,BIE School,as recorded at first mint 2026-08-28; a reclassification updates this attribute and retires the handle to an alias - the uid never changes,,,2026-08-29,active
CE-000J7-4F,BIE-TRTLM3-00,,Turtle Mountain Elementary School,BIE School,as recorded at first mint 2026-08-28; a reclassification updates this attribute and retires the handle to an alias - the uid never changes,,,2026-08-29,active
CE-000J8-A8,BIE-TRTLM4-00,,Turtle Mountain Community High School,BIE School,as recorded at first mint 2026-08-28; a reclassification updates this attribute and retires the handle to an alias - the uid never changes,,,2026-08-29,active
CE-000J9-G1,BIE-TSBYZH-00,,Atsá Biyáázh Community School,BIE School,as recorded at first mint 2026-08-28; a reclassification updates this attribute and retires the handle to an alias - the uid never changes,,,2026-08-29,active
CE-000JA-PT,BIE-TSEIIA-00,,Tse'ii'ahi' Community School,BIE School,as recorded at first mint 2026-08-28; a reclassification updates this attribute and retires the handle to an alias - the uid never changes,,,2026-08-29,active
CE-000JB-WK,BIE-TSIYAD-00,,T'siya Day School,BIE School,as recorded at first mint 2026-08-28; a reclassification updates this attribute and retires the handle to an alias - the uid never changes,,,2026-08-29,active
CE-000JC-2C,BIE-TSNZBS-00,,T'iis Nazbas Community School,BIE School,as recorded at first mint 2026-08-28; a reclassification updates this attribute and retires the handle to an alias - the uid never changes,,,2026-08-29,active
CE-000JD-85,BIE-TSPYTP-00,,Tiospaye Topa School,BIE School,as recorded at first mint 2026-08-28; a reclassification updates this attribute and retires the handle to an alias - the uid never changes,,,2026-08-29,active
CE-000JE-EY,BIE-TSPZNT-00,,Tiospa Zina Tribal School,BIE School,as recorded at first mint 2026-08-28; a reclassification updates this attribute and retires the handle to an alias - the uid never changes,,,2026-08-29,active
CE-000JF-MQ,BIE-TSTSZB-00,,T'iis Ts'ozi Bi'Olta' Community School,BIE School,as recorded at first mint 2026-08-28; a reclassification updates this attribute and retires the handle to an alias - the uid never changes,,,2026-08-29,active
CE-000JG-TG,BIE-TSYKNR-00,,T'iisyaakin Residential Hall,BIE School,as recorded at first mint 2026-08-28; a reclassification updates this attribute and retires the handle to an alias - the uid never changes,,,2026-08-29,active
CE-000JH-09,BIE-TTSGHW-00,,Te Tsu Geh Oweenge Day School,BIE School,as recorded at first mint 2026-08-28; a reclassification updates this attribute and retires the handle to an alias - the uid never changes,,,2026-08-29,active
CE-000JJ-62,BIE-TTTPTR-00,,Tate Topa Tribal School (Four Winds),BIE School,as recorded at first mint 2026-08-28; a reclassification updates this attribute and retires the handle to an alias - the uid never changes,,,2026-08-29,active
CE-000JK-CV,BIE-TWGLRV-00,,Two Eagle River School,BIE School,as recorded at first mint 2026-08-28; a reclassification updates this attribute and retires the handle to an alias - the uid never changes,,,2026-08-29,active
CE-000JM-JM,BIE-TWNBTT-00,,Twin Buttes Elementary School,BIE School,as recorded at first mint 2026-08-28; a reclassification updates this attribute and retires the handle to an alias - the uid never changes,,,2026-08-29,active
CE-000JN-RD,BIE-TWNSHP-00,,Indian Township School,BIE School,as recorded at first mint 2026-08-28; a reclassification updates this attribute and retires the handle to an alias - the uid never changes,,,2026-08-29,active
CE-000JP-Y6,BIE-WAHELU-00,,Wa He Lut Indian School,BIE School,as recorded at first mint 2026-08-28; a reclassification updates this attribute and retires the handle to an alias - the uid never changes,,,2026-08-29,active
CE-000JQ-4Z,BIE-WHTSHL-00,,White Shield School District,BIE School,as recorded at first mint 2026-08-28; a reclassification updates this attribute and retires the handle to an alias - the uid never changes,,,2026-08-29,active
CE-000JR-AR,BIE-WIDERU-00,,Wide Ruins Community School,BIE School,as recorded at first mint 2026-08-28; a reclassification updates this attribute and retires the handle to an alias - the uid never changes,,,2026-08-29,active
CE-000JS-GH,BIE-WNDDKN-00,,Wounded Knee District School,BIE School,as recorded at first mint 2026-08-28; a reclassification updates this attribute and retires the handle to an alias - the uid never changes,,,2026-08-29,active
CE-000JT-PA,BIE-WNGTHG-00,,Wingate High School,BIE School,as recorded at first mint 2026-08-28; a reclassification updates this attribute and retires the handle to an alias - the uid never changes,,,2026-08-29,active
CE-000JV-W3,BIE-WNGTLM-00,,Wingate Elementary School,BIE School,as recorded at first mint 2026-08-28; a reclassification updates this attribute and retires the handle to an alias - the uid never changes,,,2026-08-29,active
CE-000JW-2W,BIE-WNSLWR-00,,Winslow Residential Hall,BIE School,as recorded at first mint 2026-08-28; a reclassification updates this attribute and retires the handle to an alias - the uid never changes,,,2026-08-29,active
CE-000JX-8N,BIE-YKMNTN-00,,Yakama Nation Tribal School,BIE School,as recorded at first mint 2026-08-28; a reclassification updates this attribute and retires the handle to an alias - the uid never changes,,,2026-08-29,active
CE-000JY-EE,CDFI-AKIPTA-00,,"Akiptan, Inc.",Native Community Development Financial Institution,as recorded at first mint 2026-08-28; a reclassification updates this attribute and retires the handle to an alias - the uid never changes,,,2026-08-29,active
CE-000JZ-M7,CDFI-BAYBAN-00,,Bay Bank,Native Community Development Financial Institution,as recorded at first mint 2026-08-28; a reclassification updates this attribute and retires the handle to an alias - the uid never changes,,,2026-08-29,active
CE-000K0-ZG,CDFI-BLCKHL-00,,Black Hills Community Loan Fund,Native Financial Institution,as recorded at first mint 2026-08-28; a reclassification updates this attribute and retires the handle to an alias - the uid never changes,,,2026-08-29,active
CE-000K1-59,CDFI-BYBNCR-00,,Bay Bancorporation,Native Community Development Financial Institution,as recorded at first mint 2026-08-28; a reclassification updates this attribute and retires the handle to an alias - the uid never changes,,,2026-08-29,active
CE-000K2-B2,CDFI-CDFNTW-00,,Native CDFI Network,Native Financial Institution,as recorded at first mint 2026-08-28; a reclassification updates this attribute and retires the handle to an alias - the uid never changes,,,2026-08-29,active
CE-000K3-HV,CDFI-CDRGRW-00,,Cedar Growth Corporation,Native Community Development Financial Institution,as recorded at first mint 2026-08-28; a reclassification updates this attribute and retires the handle to an alias - the uid never changes,,,2026-08-29,active
CE-000K4-QM,CDFI-CHCKS1-00,,Chickasaw Community Bank,Native Community Development Financial Institution,as recorded at first mint 2026-08-28; a reclassification updates this attribute and retires the handle to an alias - the uid never changes,,,2026-08-29,active
CE-000K5-XD,CDFI-CHCKSW-00,,Chickasaw Banc Holding Company,Native Community Development Financial Institution,as recorded at first mint 2026-08-28; a reclassification updates this attribute and retires the handle to an alias - the uid never changes,,,2026-08-29,active
CE-000K6-36,CDFI-CHCTWF-00,,Choctaw Federal Credit Union,Native Community Development Financial Institution,as recorded at first mint 2026-08-28; a reclassification updates this attribute and retires the handle to an alias - the uid never changes,,,2026-08-29,active
CE-000K7-9Z,CDFI-CHCTWH-00,,Choctaw Home Finance Corporation,Native Community Development Financial Institution,as recorded at first mint 2026-08-28; a reclassification updates this attribute and retires the handle to an alias - the uid never changes,,,2026-08-29,active
CE-000K8-FR,CDFI-CHHLST-00,,Chehalis Tribal Loan Fund,Native Community Development Financial Institution,as recorded at first mint 2026-08-28; a reclassification updates this attribute and retires the handle to an alias - the uid never changes,,,2026-08-29,active
CE-000K9-NH,CDFI-CHRKNT-00,,"The Cherokee Nation d/b/a Cherokee Nation Economic Development Trust Authority, Inc",Native Community Development Financial Institution,as recorded at first mint 2026-08-28; a reclassification updates this attribute and retires the handle to an alias - the uid never changes,,,2026-08-29,active
CE-000KA-VA,CDFI-CHSHBK-00,,"Chi Ishobak, Inc.",Native Community Development Financial Institution,as recorded at first mint 2026-08-28; a reclassification updates this attribute and retires the handle to an alias - the uid never changes,,,2026-08-29,active
CE-000KB-13,CDFI-CKNLTL-00,,"Cook Inlet Lending Center, Inc.",Native Community Development Financial Institution,as recorded at first mint 2026-08-28; a reclassification updates this attribute and retires the handle to an alias - the uid never changes,,,2026-08-29,active
CE-000KC-7W,CDFI-CMMNTY-00,,Native Community Capital,Native Community Development Financial Institution,as recorded at first mint 2026-08-28; a reclassification updates this attribute and retires the handle to an alias - the uid never changes,,,2026-08-29,active
CE-000KD-DN,CDFI-CRSNCM-00,,Carson Community Bank,Native Financial Institution,as recorded at first mint 2026-08-28; a reclassification updates this attribute and retires the handle to an alias - the uid never changes,,,2026-08-29,active
CE-000KE-KE,CDFI-CTZNPT-00,,Citizen Potawatomi Community Development Corporation,Native Community Development Financial Institution,as recorded at first mint 2026-08-28; a reclassification updates this attribute and retires the handle to an alias - the uid never changes,,,2026-08-29,active
CE-000KF-S7,CDFI-EAGLEB-00,,Eagle Bank,Native Financial Institution,as recorded at first mint 2026-08-28; a reclassification updates this attribute and retires the handle to an alias - the uid never changes,,,2026-08-29,active
CE-000KG-Z0,CDFI-FMBANK-00,,F&M Bank,Native Financial Institution,as recorded at first mint 2026-08-28; a reclassification updates this attribute and retires the handle to an alias - the uid never changes,,,2026-08-29,active
CE-000KH-5S,CDFI-FRBNDS-00,,"Four Bands Community Fund, Incorporated",Native Community Development Financial Institution,as recorded at first mint 2026-08-28; a reclassification updates this attribute and retires the handle to an alias - the uid never changes,,,2026-08-29,active
CE-000KJ-BJ,CDFI-FRCRNR-00,,Four Corners Federal Credit Union,Native Financial Institution,as recorded at first mint 2026-08-28; a reclassification updates this attribute and retires the handle to an alias - the uid never changes,,,2026-08-29,active
CE-000KK-HB,CDFI-FRDRCT-00,,Four Directions Development Corporation,Native Community Development Financial Institution,as recorded at first mint 2026-08-28; a reclassification updates this attribute and retires the handle to an alias - the uid never changes,,,2026-08-29,active
CE-000KM-Q4,CDFI-FRSTBN-00,,FirstBank,Native Financial Institution,as recorded at first mint 2026-08-28; a reclassification updates this attribute and retires the handle to an alias - the uid never changes,,,2026-08-29,active
CE-000KN-XX,CDFI-FRSTMR-00,,"First American Capital Corporation, Inc.",Native Community Development Financial Institution,as recorded at first mint 2026-08-28; a reclassification updates this attribute and retires the handle to an alias - the uid never changes,,,2026-08-29,active
CE-000KP-3P,CDFI-FRSTST-00,,First State Bank,Native Financial Institution,as recorded at first mint 2026-08-28; a reclassification updates this attribute and retires the handle to an alias - the uid never changes,,,2026-08-29,active
CE-000KQ-9F,CDFI-FVRVRS-00,,"FIVE RIVERS LOAN FUND, INC",Native Community Development Financial Institution,as recorded at first mint 2026-08-28; a reclassification updates this attribute and retires the handle to an alias - the uid never changes,,,2026-08-29,active
CE-000KR-F8,CDFI-GTWYFR-00,,Gateway First Bank,Native Financial Institution,as recorded at first mint 2026-08-28; a reclassification updates this attribute and retires the handle to an alias - the uid never changes,,,2026-08-29,active
CE-000KS-N1,CDFI-HCHNKC-00,,Ho-Chunk Community Capital Inc.,Native Community Development Financial Institution,as recorded at first mint 2026-08-28; a reclassification updates this attribute and retires the handle to an alias - the uid never changes,,,2026-08-29,active
CE-000KT-VT,CDFI-HPCRDT-00,,Hopi Credit Association,Native Community Development Financial Institution,as recorded at first mint 2026-08-28; a reclassification updates this attribute and retires the handle to an alias - the uid never changes,,,2026-08-29,active
CE-000KV-1K,CDFI-HWCNTR-00,,Hawaii Central Federal Credit Union,Native Community Development Financial Institution,as recorded at first mint 2026-08-28; a reclassification updates this attribute and retires the handle to an alias - the uid never changes,,,2026-08-29,active
CE-000KW-7C,CDFI-HWFRST-00,,HAWAII FIRST FCU,Native Community Development Financial Institution,as recorded at first mint 2026-08-28; a reclassification updates this attribute and retires the handle to an alias - the uid never changes,,,2026-08-29,active
CE-000KX-D5,CDFI-HWNLND-00,,Hawaiian Lending & Investments,Native Community Development Financial Institution,as recorded at first mint 2026-08-28; a reclassification updates this attribute and retires the handle to an alias - the uid never changes,,,2026-08-29,active
CE-000KY-KY,CDFI-HYKWFN-00,,Haa Yakaawu Financial Corporation,Native Community Development Financial Institution,as recorded at first mint 2026-08-28; a reclassification updates this attribute and retires the handle to an alias - the uid never changes,,,2026-08-29,active
CE-000KZ-SQ,CDFI-JMSTWN-00,,"Jamestown S'Klallam Tribal Capital, Incorporated",Native Community Development Financial Institution,as recorded at first mint 2026-08-28; a reclassification updates this attribute and retires the handle to an alias - the uid never changes,,,2026-08-29,active
CE-000M0-40,CDFI-KFDRLC-00,,Kauai Federal Credit Union,Native Financial Institution,as recorded at first mint 2026-08-28; a reclassification updates this attribute and retires the handle to an alias - the uid never changes,,,2026-08-29,active
CE-000M1-AS,CDFI-KHKFDR-00,,Kahuku Federal Credit Union,Native Financial Institution,as recorded at first mint 2026-08-28; a reclassification updates this attribute and retires the handle to an alias - the uid never changes,,,2026-08-29,active
CE-000M2-GJ,CDFI-LCCRT1-00,,Lac Courte Oreilles Federal Credit Union,Native Financial Institution,as recorded at first mint 2026-08-28; a reclassification updates this attribute and retires the handle to an alias - the uid never changes,,,2026-08-29,active
CE-000M3-PB,CDFI-LCHLKF-00,,"Leech Lake Financial Services, Inc.",Native Financial Institution,as recorded at first mint 2026-08-28; a reclassification updates this attribute and retires the handle to an alias - the uid never changes,,,2026-08-29,active
CE-000M4-W4,CDFI-LCLBNK-00,,Local Bank,Native Community Development Financial Institution,as recorded at first mint 2026-08-28; a reclassification updates this attribute and retires the handle to an alias - the uid never changes,,,2026-08-29,active
CE-000M5-2X,CDFI-LEIHOO-00,,Lei Ho‘olaha,Native Financial Institution,as recorded at first mint 2026-08-28; a reclassification updates this attribute and retires the handle to an alias - the uid never changes,,,2026-08-29,active
CE-000M6-8P,CDFI-LGCYBN-00,,Legacy Bank,Native Financial Institution,as recorded at first mint 2026-08-28; a reclassification updates this attribute and retires the handle to an alias - the uid never changes,,,2026-08-29,active
CE-000M7-EF,CDFI-LKSPRR-00,,Lake Superior Community Development Corp.,Native Community Development Financial Institution,as recorded at first mint 2026-08-28; a reclassification updates this attribute and retires the handle to an alias - the uid never changes,,,2026-08-29,active
CE-000M8-M8,CDFI-LKTFDR-00,,Lakota Federal Credit Union,Native Community Development Financial Institution,as recorded at first mint 2026-08-28; a reclassification updates this attribute and retires the handle to an alias - the uid never changes,,,2026-08-29,active
CE-000M9-T1,CDFI-LKTFND-00,,"Lakota Fund, Inc., The",Native Community Development Financial Institution,as recorded at first mint 2026-08-28; a reclassification updates this attribute and retires the handle to an alias - the uid never changes,,,2026-08-29,active
CE-000MA-0T,CDFI-LLNTNS-00,,AllNations Bank,Native Financial Institution,as recorded at first mint 2026-08-28; a reclassification updates this attribute and retires the handle to an alias - the uid never changes,,,2026-08-29,active
CE-000MB-6K,CDFI-LMBGRN-00,,Lumbee Guaranty Bank,Native Financial Institution,as recorded at first mint 2026-08-28; a reclassification updates this attribute and retires the handle to an alias - the uid never changes,,,2026-08-29,active
CE-000MC-CC,CDFI-LSKGRW-00,,"Alaska Growth Capital BIDCO, Inc.",Native Community Development Financial Institution,as recorded at first mint 2026-08-28; a reclassification updates this attribute and retires the handle to an alias - the uid never changes,,,2026-08-29,active
CE-000MD-J5,CDFI-LWRBRL-00,,"Lower Brule Community Development Enterprise, LLC",Native Community Development Financial Institution,as recorded at first mint 2026-08-28; a reclassification updates this attribute and retires the handle to an alias - the uid never changes,,,2026-08-29,active
CE-000ME-RY,CDFI-MLKCMM-00,,Molokai Community Federal Credit Union,Native Community Development Financial Institution,as recorded at first mint 2026-08-28; a reclassification updates this attribute and retires the handle to an alias - the uid never changes,,,2026-08-29,active
CE-000MF-YQ,CDFI-MNSTFN-00,,Mni Sota Fund,Native Community Development Financial Institution,as recorded at first mint 2026-08-28; a reclassification updates this attribute and retires the handle to an alias - the uid never changes,,,2026-08-29,active
CE-000MG-4G,CDFI-MNTNHM-00,,"Montana Homeownership Network, Inc. The",Native Community Development Financial Institution,as recorded at first mint 2026-08-28; a reclassification updates this attribute and retires the handle to an alias - the uid never changes,,,2026-08-29,active
CE-000MH-A9,CDFI-MRCNB1-00,,"Native American Bank, N.A.",Native Community Development Financial Institution,as recorded at first mint 2026-08-28; a reclassification updates this attribute and retires the handle to an alias - the uid never changes,,,2026-08-29,active
CE-000MJ-G2,CDFI-MRCNBN-00,,"Native American Bancorporation, Co.",Native Community Development Financial Institution,as recorded at first mint 2026-08-28; a reclassification updates this attribute and retires the handle to an alias - the uid never changes,,,2026-08-29,active
CE-000MK-PV,CDFI-MRNNGS-00,,Morning Star Federal Credit Union,Native Financial Institution,as recorded at first mint 2026-08-28; a reclassification updates this attribute and retires the handle to an alias - the uid never changes,,,2026-08-29,active
CE-000MM-WM,CDFI-MVSKKL-00,,Mvskoke Loan Fund,Native Community Development Financial Institution,as recorded at first mint 2026-08-28; a reclassification updates this attribute and retires the handle to an alias - the uid never changes,,,2026-08-29,active
CE-000MN-2D,CDFI-MZSKWC-00,,"Mazaska Owecaso Otipi Financial, Inc",Native Community Development Financial Institution,as recorded at first mint 2026-08-28; a reclassification updates this attribute and retires the handle to an alias - the uid never changes,,,2026-08-29,active
CE-000MP-86,CDFI-NCDCFN-00,,NACDC Financial Services Inc.,Native Community Development Financial Institution,as recorded at first mint 2026-08-28; a reclassification updates this attribute and retires the handle to an alias - the uid never changes,,,2026-08-29,active
CE-000MQ-EZ,CDFI-NDNLND-00,,Indian Land Capital Company LLC,Native Community Development Financial Institution,as recorded at first mint 2026-08-28; a reclassification updates this attribute and retires the handle to an alias - the uid never changes,,,2026-08-29,active
CE-000MR-MR,CDFI-NMPCMM-00,,Nimiipuu Community Development Fund,Native Community Development Financial Institution,as recorded at first mint 2026-08-28; a reclassification updates this attribute and retires the handle to an alias - the uid never changes,,,2026-08-29,active
CE-000MS-TH,CDFI-NRTHRN-00,,"Northern Shores Community Development, Inc.",Native Community Development Financial Institution,as recorded at first mint 2026-08-28; a reclassification updates this attribute and retires the handle to an alias - the uid never changes,,,2026-08-29,active
CE-000MT-0A,CDFI-NRTHW4-00,,Northwest Native Development Fund,Native Community Development Financial Institution,as recorded at first mint 2026-08-28; a reclassification updates this attribute and retires the handle to an alias - the uid never changes,,,2026-08-29,active
CE-000MV-63,CDFI-NTV360-00,,"Native360 Loan Fund, Inc.",Native Community Development Financial Institution,as recorded at first mint 2026-08-28; a reclassification updates this attribute and retires the handle to an alias - the uid never changes,,,2026-08-29,active
CE-000MW-CW,CDFI-NVJCMM-00,,Navajo community Development Financial Institution Inc Non Profit,Native Community Development Financial Institution,as recorded at first mint 2026-08-28; a reclassification updates this attribute and retires the handle to an alias - the uid never changes,,,2026-08-29,active
CE-000MX-JN,CDFI-NXYWCM-00,,Nixyaawii Community Financial Services,Native Community Development Financial Institution,as recorded at first mint 2026-08-28; a reclassification updates this attribute and retires the handle to an alias - the uid never changes,,,2026-08-29,active
CE-000MY-RE,CDFI-OWEEST-00,,Oweesta Corporation,Native Community Development Financial Institution,as recorded at first mint 2026-08-28; a reclassification updates this attribute and retires the handle to an alias - the uid never changes,,,2026-08-29,active
CE-000MZ-Y7,CDFI-PCFCNR-00,,"Pacific Northwest Tribal Lending, a Community Development Financial Institution",Native Community Development Financial Institution,as recorded at first mint 2026-08-28; a reclassification updates this attribute and retires the handle to an alias - the uid never changes,,,2026-08-29,active
CE-000N0-9G,CDFI-PLNTYD-00,,Plenty Doors Community Development Corporation,Native Financial Institution,as recorded at first mint 2026-08-28; a reclassification updates this attribute and retires the handle to an alias - the uid never changes,,,2026-08-29,active
CE-000N1-F9,CDFI-PLSVLL-00,,Pauls Valley National Bank,Native Financial Institution,as recorded at first mint 2026-08-28; a reclassification updates this attribute and retires the handle to an alias - the uid never changes,,,2026-08-29,active
CE-000N2-N2,CDFI-PNNCLB-00,,Pinnacle Bank,Native Financial Institution,as recorded at first mint 2026-08-28; a reclassification updates this attribute and retires the handle to an alias - the uid never changes,,,2026-08-29,active
CE-000N3-VV,CDFI-PPLSBN-00,,People's Bank of Seneca,Native Financial Institution,as recorded at first mint 2026-08-28; a reclassification updates this attribute and retires the handle to an alias - the uid never changes,,,2026-08-29,active
CE-000N4-1M,CDFI-PPLSPR-00,,Peoples Partners for Community Development,Native Community Development Financial Institution,as recorded at first mint 2026-08-28; a reclassification updates this attribute and retires the handle to an alias - the uid never changes,,,2026-08-29,active
CE-000N5-7D,CDFI-PRTNRS-00,,"Native Partnership for Housing, Inc.",Native Community Development Financial Institution,as recorded at first mint 2026-08-28; a reclassification updates this attribute and retires the handle to an alias - the uid never changes,,,2026-08-29,active
CE-000N6-D6,CDFI-SCRTYS-00,,Security State Bank of Oklahoma,Native Financial Institution,as recorded at first mint 2026-08-28; a reclassification updates this attribute and retires the handle to an alias - the uid never changes,,,2026-08-29,active
CE-000N7-KZ,CDFI-SLNDMN-00,,"Island Mountain Community Development Financial Institution, Inc.",Native Financial Institution,as recorded at first mint 2026-08-28; a reclassification updates this attribute and retires the handle to an alias - the uid never changes,,,2026-08-29,active
CE-000N8-SR,CDFI-SNCNT1-00,,Seneca Nation of Indians Federal Credit Union,Native Financial Institution,as recorded at first mint 2026-08-28; a reclassification updates this attribute and retires the handle to an alias - the uid never changes,,,2026-08-29,active
CE-000N9-ZH,CDFI-SNCNTN-00,,Seneca Nation of Indians Economic Development Company,Native Community Development Financial Institution,as recorded at first mint 2026-08-28; a reclassification updates this attribute and retires the handle to an alias - the uid never changes,,,2026-08-29,active
CE-000NA-5A,CDFI-SNCRL2-00,,San Carlos Apache Tribe Relending Enterprise,Native Community Development Financial Institution,as recorded at first mint 2026-08-28; a reclassification updates this attribute and retires the handle to an alias - the uid never changes,,,2026-08-29,active
CE-000NB-B3,CDFI-SPRCRT-00,,"Spruce Root, Inc.",Native Community Development Financial Institution,as recorded at first mint 2026-08-28; a reclassification updates this attribute and retires the handle to an alias - the uid never changes,,,2026-08-29,active
CE-000NC-HW,CDFI-SQYHFN-00,,"Sequoyah Fund Inc., The",Native Community Development Financial Institution,as recorded at first mint 2026-08-28; a reclassification updates this attribute and retires the handle to an alias - the uid never changes,,,2026-08-29,active
CE-000ND-QN,CDFI-SSSTN1-00,,Sisseton Wahpeton Federal Credit Union,Native Community Development Financial Institution,as recorded at first mint 2026-08-28; a reclassification updates this attribute and retires the handle to an alias - the uid never changes,,,2026-08-29,active
CE-000NE-XE,CDFI-STHWS1-00,,Southwest Native Asset Coalition Corporation (Arizona Native Asset Coalition Corporation),Native Financial Institution,as recorded at first mint 2026-08-28; a reclassification updates this attribute and retires the handle to an alias - the uid never changes,,,2026-08-29,active
CE-000NF-37,CDFI-SVRGNB-00,,Sovereign Bank (formerly First National Bank and Trust Co.),Native Financial Institution,as recorded at first mint 2026-08-28; a reclassification updates this attribute and retires the handle to an alias - the uid never changes,,,2026-08-29,active
CE-000NG-90,CDFI-TAALAF-00,,Taala Fund,Native Community Development Financial Institution,as recorded at first mint 2026-08-28; a reclassification updates this attribute and retires the handle to an alias - the uid never changes,,,2026-08-29,active
CE-000NH-FS,CDFI-TGCMMN-00,,Tigua Community Development Corporation,Native Community Development Financial Institution,as recorded at first mint 2026-08-28; a reclassification updates this attribute and retires the handle to an alias - the uid never changes,,,2026-08-29,active
CE-000NJ-NJ,CDFI-TRTLM1-00,,Turtle Mountain State Bank,Native Financial Institution,as recorded at first mint 2026-08-28; a reclassification updates this attribute and retires the handle to an alias - the uid never changes,,,2026-08-29,active
CE-000NK-VB,CDFI-TWLNDN-00,,Tiwa Lending Services,Native Community Development Financial Institution,as recorded at first mint 2026-08-28; a reclassification updates this attribute and retires the handle to an alias - the uid never changes,,,2026-08-29,active
CE-000NM-14,CDFI-WDLNDF-00,,Woodland Financial Partners Inc,Native Community Development Financial Institution,as recorded at first mint 2026-08-28; a reclassification updates this attribute and retires the handle to an alias - the uid never changes,,,2026-08-29,active
CE-000NN-7X,CDFI-WDLNDS-00,,Woodlands National Bank,Native Financial Institution,as recorded at first mint 2026-08-28; a reclassification updates this attribute and retires the handle to an alias - the uid never changes,,,2026-08-29,active
CE-000NP-DP,CDFI-WHTRT1-00,,White Earth Investment Initiative,Native Community Development Financial Institution,as recorded at first mint 2026-08-28; a reclassification updates this attribute and retires the handle to an alias - the uid never changes,,,2026-08-29,active
CE-000NQ-KF,CDFI-WNDRVR-00,,Wind River Development Fund,Native Community Development Financial Institution,as recorded at first mint 2026-08-28; a reclassification updates this attribute and retires the handle to an alias - the uid never changes,,,2026-08-29,active
CE-000NR-S8,CDFI-WSCNSN-00,,"Wisconsin Native Loan Fund, Inc.",Native Community Development Financial Institution,as recorded at first mint 2026-08-28; a reclassification updates this attribute and retires the handle to an alias - the uid never changes,,,2026-08-29,active
CE-000NS-Z1,CDFI-WSTWTR-00,,"Westwater Financial, Inc.",Native Community Development Financial Institution,as recorded at first mint 2026-08-28; a reclassification updates this attribute and retires the handle to an alias - the uid never changes,,,2026-08-29,active
CE-000NT-5T,CDFI-YRKLLN-00,,Yurok Alliance for Northern California Housing,Native Community Development Financial Institution,as recorded at first mint 2026-08-28; a reclassification updates this attribute and retires the handle to an alias - the uid never changes,,,2026-08-29,active
CE-000NV-BK,CEDAR-ENT-000048,,Bank Of Cherokee County,Individually Native-owned business,as recorded at first mint 2026-08-28; a reclassification updates this attribute and retires the handle to an alias - the uid never changes,,,2026-08-29,active
CE-000NW-HC,CEDAR-ENT-000049,,"Cherokee Unlimited, Inc",Individually Native-owned business,as recorded at first mint 2026-08-28; a reclassification updates this attribute and retires the handle to an alias - the uid never changes,,,2026-08-29,active
CE-000NX-Q5,CEDAR-ENT-000050,,Cherokee Termite And Pest Control,Individually Native-owned business,as recorded at first mint 2026-08-28; a reclassification updates this attribute and retires the handle to an alias - the uid never changes,,,2026-08-29,active
CE-000NY-XY,CEDAR-ENT-000051,,"Cherokee Components, Llc",Individually Native-owned business,as recorded at first mint 2026-08-28; a reclassification updates this attribute and retires the handle to an alias - the uid never changes,,,2026-08-29,active
CE-000NZ-3Q,CEDAR-ENT-000052,,Cherokee - Technical Specialis,Individually Native-owned business,as recorded at first mint 2026-08-28; a reclassification updates this attribute and retires the handle to an alias - the uid never changes,,,2026-08-29,active
CE-000P0-E0,CEDAR-ENT-000053,,"Cherokee Advanced Systems, Inc",Individually Native-owned business,as recorded at first mint 2026-08-28; a reclassification updates this attribute and retires the handle to an alias - the uid never changes,,,2026-08-29,active
CE-000P1-MS,CEDAR-ENT-000054,,Cherokee Chainlink And Construction Incorporated,Individually Native-owned business,as recorded at first mint 2026-08-28; a reclassification updates this attribute and retires the handle to an alias - the uid never changes,,,2026-08-29,active
CE-000P2-TJ,CEDAR-ENT-000055,,The Cherokee 8A Group Incorporated,Individually Native-owned business,as recorded at first mint 2026-08-28; a reclassification updates this attribute and retires the handle to an alias - the uid never changes,,,2026-08-29,active
CE-000P3-0B,CEDAR-ENT-000056,,"Cherokee Construction, Inc.",Individually Native-owned business,as recorded at first mint 2026-08-28; a reclassification updates this attribute and retires the handle to an alias - the uid never changes,,,2026-08-29,active
CE-000P4-64,CEDAR-ENT-000057,,Cherokee Asphalt Solutions Llc,Individually Native-owned business,as recorded at first mint 2026-08-28; a reclassification updates this attribute and retires the handle to an alias - the uid never changes,,,2026-08-29,active
CE-000P5-CX,CEDAR-ENT-000058,,Cherokee Hardware,Individually Native-owned business,as recorded at first mint 2026-08-28; a reclassification updates this attribute and retires the handle to an alias - the uid never changes,,,2026-08-29,active
CE-000P6-JP,CEDAR-ENT-000059,,Cherokee Joint Venture Limited Liability Company,Individually Native-owned business,as recorded at first mint 2026-08-28; a reclassification updates this attribute and retires the handle to an alias - the uid never changes,,,2026-08-29,active
CE-000P7-RF,CEDAR-ENT-000060,,Cherokee Energy Management & Construction Inc,Individually Native-owned business,as recorded at first mint 2026-08-28; a reclassification updates this attribute and retires the handle to an alias - the uid never changes,,,2026-08-29,active
CE-000P8-Y8,CEDAR-ENT-000061,,Cherokee Enterprises Inc,Individually Native-owned business,as recorded at first mint 2026-08-28; a reclassification updates this attribute and retires the handle to an alias - the uid never changes,,,2026-08-29,active
CE-000P9-41,CEDAR-ENT-000062,,"Cherokee Construction Services, Llc",Individually Native-owned business,as recorded at first mint 2026-08-28; a reclassification updates this attribute and retires the handle to an alias - the uid never changes,,,2026-08-29,active
CE-000PA-AT,CEDAR-ENT-000063,,Cherokee Holdings Llc,Individually Native-owned business,as recorded at first mint 2026-08-28; a reclassification updates this attribute and retires the handle to an alias - the uid never changes,,,2026-08-29,active
CE-000PB-GK,CEDAR-ENT-000064,,Cherokee Veterans Construction,Individually Native-owned business,as recorded at first mint 2026-08-28; a reclassification updates this attribute and retires the handle to an alias - the uid never changes,,,2026-08-29,active
CE-000PC-PC,CEDAR-ENT-000065,,"Cherokee Enterprises, Inc.",Individually Native-owned business,as recorded at first mint 2026-08-28; a reclassification updates this attribute and retires the handle to an alias - the uid never changes,,,2026-08-29,active
CE-000PD-W5,CEDAR-ENT-000066,,Cherokee Midwest Exterminating Company,Individually Native-owned business,as recorded at first mint 2026-08-28; a reclassification updates this attribute and retires the handle to an alias - the uid never changes,,,2026-08-29,active
CE-000PE-2Y,CEDAR-ENT-000067,,Cherokee Products Incorporated,Individually Native-owned business,as recorded at first mint 2026-08-28; a reclassification updates this attribute and retires the handle to an alias - the uid never changes,,,2026-08-29,active
CE-000PF-8Q,CEDAR-ENT-000068,,Cherokee Construction Inc,Individually Native-owned business,as recorded at first mint 2026-08-28; a reclassification updates this attribute and retires the handle to an alias - the uid never changes,,,2026-08-29,active
CE-000PG-EG,CEDAR-ENT-000069,,"C.I.S. Contracting, Llc",Individually Native-owned business,as recorded at first mint 2026-08-28; a reclassification updates this attribute and retires the handle to an alias - the uid never changes,,,2026-08-29,active
CE-000PH-M9,CEDAR-ENT-000070,,"Cherokee Controls, Inc",Individually Native-owned business,as recorded at first mint 2026-08-28; a reclassification updates this attribute and retires the handle to an alias - the uid never changes,,,2026-08-29,active
CE-000PJ-T2,CEDAR-ENT-000071,,"Cherokee Fire Protection, Llc",Individually Native-owned business,as recorded at first mint 2026-08-28; a reclassification updates this attribute and retires the handle to an alias - the uid never changes,,,2026-08-29,active
CE-000PK-0V,CEDAR-ENT-000072,,Cherokee Integrated Technologi,Individually Native-owned business,as recorded at first mint 2026-08-28; a reclassification updates this attribute and retires the handle to an alias - the uid never changes,,,2026-08-29,active
CE-000PM-6M,CEDAR-ENT-000073,,Cherokee Information Systems Limited Liability Company,Individually Native-owned business,as recorded at first mint 2026-08-28; a reclassification updates this attribute and retires the handle to an alias - the uid never changes,,,2026-08-29,active
CE-000PN-CD,CEDAR-ENT-000074,,Cherokee Mechanical Inc,Individually Native-owned business,as recorded at first mint 2026-08-28; a reclassification updates this attribute and retires the handle to an alias - the uid never changes,,,2026-08-29,active
CE-000PP-J6,CEDAR-ENT-000075,,Cherokee Government Applications Llc,Individually Native-owned business,as recorded at first mint 2026-08-28; a reclassification updates this attribute and retires the handle to an alias - the uid never changes,,,2026-08-29,active
CE-000PQ-RZ,CEDAR-ENT-000076,,"Cherokee Information Services,",Individually Native-owned business,as recorded at first mint 2026-08-28; a reclassification updates this attribute and retires the handle to an alias - the uid never changes,,,2026-08-29,active
CE-000PR-YR,CEDAR-ENT-000077,,Cherokee Construction And Excavating Llc,Individually Native-owned business,as recorded at first mint 2026-08-28; a reclassification updates this attribute and retires the handle to an alias - the uid never changes,,,2026-08-29,active
CE-000PS-4H,CEDAR-ENT-000078,,Cherokee Construction Enterprises,Individually Native-owned business,as recorded at first mint 2026-08-28; a reclassification updates this attribute and retires the handle to an alias - the uid never changes,,,2026-08-29,active
CE-000PT-AA,CEDAR-ENT-000079,,Hidden Water Inc,Individually Native-owned business,as recorded at first mint 2026-08-28; a reclassification updates this attribute and retires the handle to an alias - the uid never changes,,,2026-08-29,active
CE-000PV-G3,CEDAR-ENT-000080,,Mitchell Consulting Services Group Inc,Individually Native-owned business,as recorded at first mint 2026-08-28; a reclassification updates this attribute and retires the handle to an alias - the uid never changes,,,2026-08-29,active
CE-000PW-PW,CEDAR-ENT-000081,,"Northcon, Inc.",Individually Native-owned business,as recorded at first mint 2026-08-28; a reclassification updates this attribute and retires the handle to an alias - the uid never changes,,,2026-08-29,active
CE-000PX-WN,CEDAR-ENT-000082,,"Diversified Service Contracting, Inc.",Individually Native-owned business,as recorded at first mint 2026-08-28; a reclassification updates this attribute and retires the handle to an alias - the uid never changes,,,2026-08-29,active
CE-000PY-2E,CEDAR-ENT-000083,,Frontier Electronic Systems Corp.,Individually Native-owned business,as recorded at first mint 2026-08-28; a reclassification updates this attribute and retires the handle to an alias - the uid never changes,,,2026-08-29,active
CE-000PZ-87,CEDAR-ENT-000084,,"Hal Hays Construction, Inc.",Individually Native-owned business,as recorded at first mint 2026-08-28; a reclassification updates this attribute and retires the handle to an alias - the uid never changes,,,2026-08-29,active
CE-000Q0-KG,CEDAR-ENT-000085,,"Polu Kai Services, Llc",Individually Native-owned business,as recorded at first mint 2026-08-28; a reclassification updates this attribute and retires the handle to an alias - the uid never changes,,,2026-08-29,active
CE-000Q1-S9,CEDAR-ENT-000086,,"Bmi Defense Systems, Inc.",Individually Native-owned business,as recorded at first mint 2026-08-28; a reclassification updates this attribute and retires the handle to an alias - the uid never changes,,,2026-08-29,active
CE-000Q2-Z2,CEDAR-ENT-000087,,"Northwind Engineering, Llc",Individually Native-owned business,as recorded at first mint 2026-08-28; a reclassification updates this attribute and retires the handle to an alias - the uid never changes,,,2026-08-29,active
CE-000Q3-5V,CEDAR-ENT-000088,,Tallsalt Advisors / Mette Associates,Individually Native-owned business,as recorded at first mint 2026-08-28; a reclassification updates this attribute and retires the handle to an alias - the uid never changes,,,2026-08-29,active
CE-000Q4-BM,CEDAR-ENT-000089,,Tribal Energy Alternatives,Individually Native-owned business,as recorded at first mint 2026-08-28; a reclassification updates this attribute and retires the handle to an alias - the uid never changes,,,2026-08-29,active
CE-000Q5-HD,CEDAR-ENT-000090,,SAN JUAN SERVICES LLC,Individually Native-owned business,as recorded at first mint 2026-08-28; a reclassification updates this attribute and retires the handle to an alias - the uid never changes,,,2026-08-29,active
CE-000Q6-Q6,CEDAR-ENT-000091,,FOUR CORNER PEST CONTROL LLC,Individually Native-owned business,as recorded at first mint 2026-08-28; a reclassification updates this attribute and retires the handle to an alias - the uid never changes,,,2026-08-29,active
CE-000Q7-XZ,CEDAR-ENT-000092,,Laguna Creek LLC,Individually Native-owned business,as recorded at first mint 2026-08-28; a reclassification updates this attribute and retires the handle to an alias - the uid never changes,,,2026-08-29,active
CE-000Q8-3R,CNSF-CPTNGR-BA,T-0045,Capitan Grande,Federal-level constituency entity,as recorded at first mint 2026-08-28; a reclassification updates this attribute and retires the handle to an alias - the uid never changes,,35,2026-08-29,active
CE-000Q9-9H,CNSF-CPTNGR-VJ,T-0047,Viejas,Federal-level constituency entity,as recorded at first mint 2026-08-28; a reclassification updates this attribute and retires the handle to an alias - the uid never changes,,354,2026-08-29,active
CE-000QA-FA,CNSF-FTHALL-BK,,Shoshone-Bannock Tribes of the Fort Hall Reservation – Fort Hall Bannock Band,Federal-level constituency entity,as recorded at first mint 2026-08-28; a reclassification updates this attribute and retires the handle to an alias - the uid never changes,,,2026-08-29,active
CE-000QB-N3,CNSF-FTHALL-SH,,Shoshone-Bannock Tribes of the Fort Hall Reservation – Fort Hall Shoshone Band,Federal-level constituency entity,as recorded at first mint 2026-08-28; a reclassification updates this attribute and retires the handle to an alias - the uid never changes,,,2026-08-29,active
CE-000QC-VW,CNSF-MINNCH-BF,T-0229,Bois Forte,Federal-level constituency entity,as recorded at first mint 2026-08-28; a reclassification updates this attribute and retires the handle to an alias - the uid never changes,,24,2026-08-29,active
CE-000QD-1N,CNSF-MINNCH-FL,T-0230,Fond du Lac,Federal-level constituency entity,as recorded at first mint 2026-08-28; a reclassification updates this attribute and retires the handle to an alias - the uid never changes,,91,2026-08-29,active
CE-000QE-7E,CNSF-MINNCH-GP,T-0231,Grand Portage,Federal-level constituency entity,as recorded at first mint 2026-08-28; a reclassification updates this attribute and retires the handle to an alias - the uid never changes,,101,2026-08-29,active
CE-000QF-D7,CNSF-MINNCH-LL,T-0232,Leech Lake,Federal-level constituency entity,as recorded at first mint 2026-08-28; a reclassification updates this attribute and retires the handle to an alias - the uid never changes,,151,2026-08-29,active
CE-000QG-K0,CNSF-MINNCH-ML,T-0233,Mille Lacs,Federal-level constituency entity,as recorded at first mint 2026-08-28; a reclassification updates this attribute and retires the handle to an alias - the uid never changes,,179,2026-08-29,active
CE-000QH-SS,CNSF-MINNCH-WE,T-0234,White Earth,Federal-level constituency entity,as recorded at first mint 2026-08-28; a reclassification updates this attribute and retires the handle to an alias - the uid never changes,,,2026-08-29,active
CE-000QJ-ZJ,CNSF-NAVAJO-RM,,Ramah Navajo Chapter,Federal-level constituency entity,as recorded at first mint 2026-08-28; a reclassification updates this attribute and retires the handle to an alias - the uid never changes,,,2026-08-29,active
CE-000QK-5B,CNSF-PSMQDY-IT,T-0384,Passamaquoddy Indian Township,Federal-level constituency entity,as recorded at first mint 2026-08-28; a reclassification updates this attribute and retires the handle to an alias - the uid never changes,,,2026-08-29,active
CE-000QM-B4,CNSF-PSMQDY-PP,T-0385,Passamaquoddy Pleasant Point,Federal-level constituency entity,as recorded at first mint 2026-08-28; a reclassification updates this attribute and retires the handle to an alias - the uid never changes,,215,2026-08-29,active
CE-000QN-HX,CNSF-PTTRUT-CD,,Paiute Indian Tribe of Utah – Cedar Band of Paiutes,Federal-level constituency entity,as recorded at first mint 2026-08-28; a reclassification updates this attribute and retires the handle to an alias - the uid never changes,,39,2026-08-29,active
CE-000QP-QP,CNSF-PTTRUT-IP,,Paiute Indian Tribe of Utah – Indian Peaks Band of Paiutes,Federal-level constituency entity,as recorded at first mint 2026-08-28; a reclassification updates this attribute and retires the handle to an alias - the uid never changes,,118,2026-08-29,active
CE-000QQ-XF,CNSF-PTTRUT-KN,,Paiute Indian Tribe of Utah – Kanosh Band of Paiutes,Federal-level constituency entity,as recorded at first mint 2026-08-28; a reclassification updates this attribute and retires the handle to an alias - the uid never changes,,129,2026-08-29,active
CE-000QR-38,CNSF-PTTRUT-KS,,Paiute Indian Tribe of Utah – Koosharem Band of Paiutes,Federal-level constituency entity,as recorded at first mint 2026-08-28; a reclassification updates this attribute and retires the handle to an alias - the uid never changes,,,2026-08-29,active
CE-000QS-91,CNSF-PTTRUT-SW,,Paiute Indian Tribe of Utah – Shivwits Band of Paiutes,Federal-level constituency entity,as recorded at first mint 2026-08-28; a reclassification updates this attribute and retires the handle to an alias - the uid never changes,,296,2026-08-29,active
CE-000QT-FT,CNSF-TEMOAK-BT,,Te-Moak Tribe of Western Shoshone Indians of Nevada – Battle Mountain Band,Federal-level constituency entity,as recorded at first mint 2026-08-28; a reclassification updates this attribute and retires the handle to an alias - the uid never changes,,323,2026-08-29,active
CE-000QV-NK,CNSF-TEMOAK-EK,,Te-Moak Tribe of Western Shoshone Indians of Nevada – Elko Band,Federal-level constituency entity,as recorded at first mint 2026-08-28; a reclassification updates this attribute and retires the handle to an alias - the uid never changes,,85,2026-08-29,active
CE-000QW-VC,CNSF-TEMOAK-SF,,Te-Moak Tribe of Western Shoshone Indians of Nevada – South Fork Band,Federal-level constituency entity,as recorded at first mint 2026-08-28; a reclassification updates this attribute and retires the handle to an alias - the uid never changes,,306,2026-08-29,active
CE-000QX-15,CNSF-TEMOAK-WL,,Te-Moak Tribe of Western Shoshone Indians of Nevada – Wells Band,Federal-level constituency entity,as recorded at first mint 2026-08-28; a reclassification updates this attribute and retires the handle to an alias - the uid never changes,,360,2026-08-29,active
CE-000QY-7Y,CNSS-SHGTCK-TN,,Schaghticoke Tribal Nation,State-level constituency entity,as recorded at first mint 2026-08-28; a reclassification updates this attribute and retires the handle to an alias - the uid never changes,,,2026-08-29,active
CE-000QZ-DQ,CNSS-SHGTCK-TR,,Schaghticoke Indian Tribe,State-level constituency entity,as recorded at first mint 2026-08-28; a reclassification updates this attribute and retires the handle to an alias - the uid never changes,,,2026-08-29,active
CE-000R0-R0,CNSS-TURTLM-TR,,Trenton Indian Service Area,State-level constituency entity,as recorded at first mint 2026-08-28; a reclassification updates this attribute and retires the handle to an alias - the uid never changes,,,2026-08-29,active
CE-000R1-YS,ITO-ARIZON-00,I-023,"Inter Tribal Council of Arizona, Inc.",Intertribal Organization,as recorded at first mint 2026-08-28; a reclassification updates this attribute and retires the handle to an alias - the uid never changes,,,2026-08-29,active
CE-000R2-4J,ITO-BRSTL1-00,,Bristol Bay Housing Authority,Intertribal Organization,as recorded at first mint 2026-08-28; a reclassification updates this attribute and retires the handle to an alias - the uid never changes,,,2026-08-29,active
CE-000R3-AB,ITO-CALIFO-00,I-032,"Inter-Tribal Council of California, Inc.",Intertribal Organization,as recorded at first mint 2026-08-28; a reclassification updates this attribute and retires the handle to an alias - the uid never changes,,,2026-08-29,active
CE-000R4-G4,ITO-CLFRNN-00,I-053,California Nations Indian Gaming Association,Intertribal Organization,as recorded at first mint 2026-08-28; a reclassification updates this attribute and retires the handle to an alias - the uid never changes,,,2026-08-29,active
CE-000R5-PX,ITO-CLFRNR-00,I-041,"California Rural Indian Health Board, Inc.",Intertribal Organization,as recorded at first mint 2026-08-28; a reclassification updates this attribute and retires the handle to an alias - the uid never changes,,,2026-08-29,active
CE-000R6-WP,ITO-CLMBRV-00,I-026,Columbia River Inter-Tribal Fish Commission,Intertribal Organization,as recorded at first mint 2026-08-28; a reclassification updates this attribute and retires the handle to an alias - the uid never changes,,,2026-08-29,active
CE-000R7-2F,ITO-CLTNLR-00,I-034,Coalition of Large Tribes,Intertribal Organization,as recorded at first mint 2026-08-28; a reclassification updates this attribute and retires the handle to an alias - the uid never changes,,,2026-08-29,active
CE-000R8-88,ITO-CNGRSS-00,I-001,National Congress of American Indians,Intertribal Organization,as recorded at first mint 2026-08-28; a reclassification updates this attribute and retires the handle to an alias - the uid never changes,,,2026-08-29,active
CE-000R9-E1,ITO-CNTRCT-00,I-011,Native American Contractors Association,Intertribal Organization,as recorded at first mint 2026-08-28; a reclassification updates this attribute and retires the handle to an alias - the uid never changes,,,2026-08-29,active
CE-000RA-MT,ITO-CNTRFR-00,I-004,National Center for American Indian Enterprise Development,Intertribal Organization,as recorded at first mint 2026-08-28; a reclassification updates this attribute and retires the handle to an alias - the uid never changes,,,2026-08-29,active
CE-000RB-TK,ITO-EDUCAT-00,I-006,National Indian Education Association,Intertribal Organization,as recorded at first mint 2026-08-28; a reclassification updates this attribute and retires the handle to an alias - the uid never changes,,,2026-08-29,active
CE-000RC-0C,ITO-ENERGY-00,I-055,"National Inter-Tribal Energy Council, Inc.",Intertribal Organization,as recorded at first mint 2026-08-28; a reclassification updates this attribute and retires the handle to an alias - the uid never changes,,,2026-08-29,active
CE-000RD-65,ITO-FFLTDN-00,I-022,Affiliated Tribes of Northwest Indians,Intertribal Organization,as recorded at first mint 2026-08-28; a reclassification updates this attribute and retires the handle to an alias - the uid never changes,,,2026-08-29,active
CE-000RE-CY,ITO-FRHWND-00,I-012,Council for Native Hawaiian Advancement,Intertribal Organization,as recorded at first mint 2026-08-28; a reclassification updates this attribute and retires the handle to an alias - the uid never changes,,,2026-08-29,active
CE-000RF-JQ,ITO-GAMING-00,I-002,Indian Gaming Association,Intertribal Organization,as recorded at first mint 2026-08-28; a reclassification updates this attribute and retires the handle to an alias - the uid never changes,,,2026-08-29,active
CE-000RG-RG,ITO-GRCLTR-00,I-017,Intertribal Agriculture Council,Intertribal Organization,as recorded at first mint 2026-08-28; a reclassification updates this attribute and retires the handle to an alias - the uid never changes,,,2026-08-29,active
CE-000RH-Y9,ITO-GRTLK1-00,I-030,"Great Lakes Inter-Tribal Council, Inc.",Intertribal Organization,as recorded at first mint 2026-08-28; a reclassification updates this attribute and retires the handle to an alias - the uid never changes,,,2026-08-29,active
CE-000RJ-42,ITO-GRTLK2-00,I-047,"Great Lakes Area Tribal Health Board, Inc.",Intertribal Organization,as recorded at first mint 2026-08-28; a reclassification updates this attribute and retires the handle to an alias - the uid never changes,,,2026-08-29,active
CE-000RK-AV,ITO-GRTLKS-00,I-028,Great Lakes Indian Fish & Wildlife Commission,Intertribal Organization,as recorded at first mint 2026-08-28; a reclassification updates this attribute and retires the handle to an alias - the uid never changes,,,2026-08-29,active
CE-000RM-GM,ITO-GRTPL1-00,I-043,Great Plains Tribal Leaders Health Board,Intertribal Organization,as recorded at first mint 2026-08-28; a reclassification updates this attribute and retires the handle to an alias - the uid never changes,,,2026-08-29,active
CE-000RN-PD,ITO-GRTPLN-00,I-024,Great Plains Tribal Chairmen's Association,Intertribal Organization,as recorded at first mint 2026-08-28; a reclassification updates this attribute and retires the handle to an alias - the uid never changes,,,2026-08-29,active
CE-000RP-W6,ITO-HGHRDC-00,I-014,American Indian Higher Education Consortium,Intertribal Organization,as recorded at first mint 2026-08-28; a reclassification updates this attribute and retires the handle to an alias - the uid never changes,,,2026-08-29,active
CE-000RQ-2Z,ITO-HLTHBR-00,I-005,National Indian Health Board,Intertribal Organization,as recorded at first mint 2026-08-28; a reclassification updates this attribute and retires the handle to an alias - the uid never changes,,,2026-08-29,active
CE-000RR-8R,ITO-HOUSIN-00,I-007,National American Indian Housing Council,Intertribal Organization,as recorded at first mint 2026-08-28; a reclassification updates this attribute and retires the handle to an alias - the uid never changes,,,2026-08-29,active
CE-000RS-EH,ITO-HSTRCP-00,I-019,National Association of Tribal Historic Preservation Officers,Intertribal Organization,as recorded at first mint 2026-08-28; a reclassification updates this attribute and retires the handle to an alias - the uid never changes,,,2026-08-29,active
CE-000RT-MA,ITO-HWNRG1-00,I-009,Native Hawaiian Organizations Association,Intertribal Organization,as recorded at first mint 2026-08-28; a reclassification updates this attribute and retires the handle to an alias - the uid never changes,,,2026-08-29,active
CE-000RV-T3,ITO-KLHMGM-00,I-050,Oklahoma Indian Gaming Association,Intertribal Organization,as recorded at first mint 2026-08-28; a reclassification updates this attribute and retires the handle to an alias - the uid never changes,,,2026-08-29,active
CE-000RW-0W,ITO-LBQRQR-00,I-045,"Albuquerque Area Indian Health Board, Inc.",Intertribal Organization,as recorded at first mint 2026-08-28; a reclassification updates this attribute and retires the handle to an alias - the uid never changes,,,2026-08-29,active
CE-000RX-6N,ITO-LLPBLG-00,I-033,All Pueblo Council of Governors,Intertribal Organization,as recorded at first mint 2026-08-28; a reclassification updates this attribute and retires the handle to an alias - the uid never changes,,,2026-08-29,active
CE-000RY-CE,ITO-LSKFDR-00,I-008,Alaska Federation of Natives,Intertribal Organization,as recorded at first mint 2026-08-28; a reclassification updates this attribute and retires the handle to an alias - the uid never changes,,,2026-08-29,active
CE-000RZ-J7,ITO-LSKHLT-00,I-044,Alaska Native Tribal Health Consortium,Intertribal Organization,as recorded at first mint 2026-08-28; a reclassification updates this attribute and retires the handle to an alias - the uid never changes,,,2026-08-29,active
CE-000S0-XG,ITO-LSKVLL-00,I-039,Alaska Native Village Corporation Association,Intertribal Organization,as recorded at first mint 2026-08-28; a reclassification updates this attribute and retires the handle to an alias - the uid never changes,,,2026-08-29,active
CE-000S1-39,ITO-MDWSTL-00,I-025,Midwest Alliance of Sovereign Tribes,Intertribal Organization,as recorded at first mint 2026-08-28; a reclassification updates this attribute and retires the handle to an alias - the uid never changes,,,2026-08-29,active
CE-000S2-92,ITO-MDWSTN-00,I-054,"Midwest Tribal Energy Resources Association, Inc.",Intertribal Organization,as recorded at first mint 2026-08-28; a reclassification updates this attribute and retires the handle to an alias - the uid never changes,,,2026-08-29,active
CE-000S3-FV,ITO-MICHIG-00,I-029,"Inter-Tribal Council of Michigan, Inc.",Intertribal Organization,as recorded at first mint 2026-08-28; a reclassification updates this attribute and retires the handle to an alias - the uid never changes,,,2026-08-29,active
CE-000S4-NM,ITO-MNNSTG-00,I-052,Minnesota Indian Gaming Association,Intertribal Organization,as recorded at first mint 2026-08-28; a reclassification updates this attribute and retires the handle to an alias - the uid never changes,,,2026-08-29,active
CE-000S5-VD,ITO-MRCNSN-00,I-016,Native Americans in Philanthropy,Intertribal Organization,as recorded at first mint 2026-08-28; a reclassification updates this attribute and retires the handle to an alias - the uid never changes,,,2026-08-29,active
CE-000S6-16,ITO-NAFOAX-00,I-003,NAFOA,Intertribal Organization,as recorded at first mint 2026-08-28; a reclassification updates this attribute and retires the handle to an alias - the uid never changes,,,2026-08-29,active
CE-000S7-7Z,ITO-NCSRGN-00,I-010,ANCSA Regional Association,Intertribal Organization,as recorded at first mint 2026-08-28; a reclassification updates this attribute and retires the handle to an alias - the uid never changes,,,2026-08-29,active
CE-000S8-DR,ITO-NEVADA-00,I-031,"Inter-Tribal Council of Nevada, Incorporated",Intertribal Organization,as recorded at first mint 2026-08-28; a reclassification updates this attribute and retires the handle to an alias - the uid never changes,,,2026-08-29,active
CE-000S9-KH,ITO-NRGYRS-00,I-056,Council of Energy Resource Tribes,Intertribal Organization,as recorded at first mint 2026-08-28; a reclassification updates this attribute and retires the handle to an alias - the uid never changes,,,2026-08-29,active
CE-000SA-SA,ITO-NRTHW2-00,I-040,Northwest Portland Area Indian Health Board,Intertribal Organization,as recorded at first mint 2026-08-28; a reclassification updates this attribute and retires the handle to an alias - the uid never changes,,,2026-08-29,active
CE-000SB-Z3,ITO-NRTHWS-00,I-027,Northwest Indian Fisheries Commission,Intertribal Organization,as recorded at first mint 2026-08-28; a reclassification updates this attribute and retires the handle to an alias - the uid never changes,,,2026-08-29,active
CE-000SC-5W,ITO-NTDMCH-00,I-036,United Tribes of Michigan,Intertribal Organization,as recorded at first mint 2026-08-28; a reclassification updates this attribute and retires the handle to an alias - the uid never changes,,,2026-08-29,active
CE-000SD-BN,ITO-NTDSTH-00,I-021,"United South and Eastern Tribes, Inc.",Intertribal Organization,as recorded at first mint 2026-08-28; a reclassification updates this attribute and retires the handle to an alias - the uid never changes,,,2026-08-29,active
CE-000SE-HE,ITO-NVRNMN-00,I-057,National Tribal Environmental Council,Intertribal Organization,as recorded at first mint 2026-08-28; a reclassification updates this attribute and retires the handle to an alias - the uid never changes,,,2026-08-29,active
CE-000SF-Q7,ITO-RBNHLT-00,I-013,National Council of Urban Indian Health,Intertribal Organization,as recorded at first mint 2026-08-28; a reclassification updates this attribute and retires the handle to an alias - the uid never changes,,,2026-08-29,active
CE-000SG-X0,ITO-RCKYMN-00,I-046,Rocky Mountain Tribal Leaders Council,Intertribal Organization,as recorded at first mint 2026-08-28; a reclassification updates this attribute and retires the handle to an alias - the uid never changes,,,2026-08-29,active
CE-000SH-3S,ITO-RGHTSF-00,I-015,Native American Rights Fund,Intertribal Organization,as recorded at first mint 2026-08-28; a reclassification updates this attribute and retires the handle to an alias - the uid never changes,,,2026-08-29,active
CE-000SJ-9J,ITO-RZNGMN-00,I-051,Arizona Indian Gaming Association,Intertribal Organization,as recorded at first mint 2026-08-28; a reclassification updates this attribute and retires the handle to an alias - the uid never changes,,,2026-08-29,active
CE-000SK-FB,ITO-SLFGVR-00,I-048,Self-Governance Communication and Educational Tribal Consortium,Intertribal Organization,as recorded at first mint 2026-08-28; a reclassification updates this attribute and retires the handle to an alias - the uid never changes,,,2026-08-29,active
CE-000SM-N4,ITO-STHRNC-00,I-035,Southern California Tribal Chairmen's Association,Intertribal Organization,as recorded at first mint 2026-08-28; a reclassification updates this attribute and retires the handle to an alias - the uid never changes,,,2026-08-29,active
CE-000SN-VX,ITO-STHRNP-00,I-042,Southern Plains Tribal Health Board,Intertribal Organization,as recorded at first mint 2026-08-28; a reclassification updates this attribute and retires the handle to an alias - the uid never changes,,,2026-08-29,active
CE-000SP-1P,ITO-TIMBER-00,I-018,Intertribal Timber Council,Intertribal Organization,as recorded at first mint 2026-08-28; a reclassification updates this attribute and retires the handle to an alias - the uid never changes,,,2026-08-29,active
CE-000SQ-7F,ITO-TLCMMN-00,I-020,National Tribal Telecommunications Association,Intertribal Organization,as recorded at first mint 2026-08-28; a reclassification updates this attribute and retires the handle to an alias - the uid never changes,,,2026-08-29,active
CE-000SR-D8,ITO-WSHNGT-00,I-049,Washington Indian Gaming Association,Intertribal Organization,as recorded at first mint 2026-08-28; a reclassification updates this attribute and retires the handle to an alias - the uid never changes,,,2026-08-29,active
CE-000SS-K1,NHO-AHAKAN-00,N-0213,‘Aha Kāne,Native Hawaiian Organization,as recorded at first mint 2026-08-28; a reclassification updates this attribute and retires the handle to an alias - the uid never changes,,,2026-08-29,active
CE-000ST-ST,NHO-AHAMAL-00,N-0214,"‘Aha Mālama, Corp",Native Hawaiian Organization,as recorded at first mint 2026-08-28; a reclassification updates this attribute and retires the handle to an alias - the uid never changes,,,2026-08-29,active
CE-000SV-ZK,NHO-AHAMOK-00,N-0036,Aha Moku o Maui Inc,Native Hawaiian Organization,as recorded at first mint 2026-08-28; a reclassification updates this attribute and retires the handle to an alias - the uid never changes,,,2026-08-29,active
CE-000SW-5C,NHO-AHAPUN-00,N-0206,ʻAha Pūnana Leo,Native Hawaiian Organization,as recorded at first mint 2026-08-28; a reclassification updates this attribute and retires the handle to an alias - the uid never changes,,,2026-08-29,active
CE-000SX-B5,NHO-AHAWAH-00,N-0037,Aha Wahine,Native Hawaiian Organization,as recorded at first mint 2026-08-28; a reclassification updates this attribute and retires the handle to an alias - the uid never changes,,,2026-08-29,active
CE-000SY-HY,NHO-AHUPUA-00,N-0040,Ahupua‘a o Moloka‘i,Native Hawaiian Organization,as recorded at first mint 2026-08-28; a reclassification updates this attribute and retires the handle to an alias - the uid never changes,,,2026-08-29,active
CE-000SZ-QQ,NHO-AINAMO-00,N-0218,‘Āina Momona,Native Hawaiian Organization,as recorded at first mint 2026-08-28; a reclassification updates this attribute and retires the handle to an alias - the uid never changes,,,2026-08-29,active
CE-000T0-20,NHO-AINOAX-00,N-0207,ʻAi Noa Foundation,Native Hawaiian Organization,as recorded at first mint 2026-08-28; a reclassification updates this attribute and retires the handle to an alias - the uid never changes,,,2026-08-29,active
CE-000T1-8S,NHO-ALAKA1-00,N-0018,"Alaka`i Foundation, Inc.",Native Hawaiian Organization,as recorded at first mint 2026-08-28; a reclassification updates this attribute and retires the handle to an alias - the uid never changes,,,2026-08-29,active
CE-000T2-EJ,NHO-ALAKAI-00,N-0007,Alaka'ina Foundation,Native Hawaiian Organization,as recorded at first mint 2026-08-28; a reclassification updates this attribute and retires the handle to an alias - the uid never changes,,,2026-08-29,active
CE-000T3-MB,NHO-ALEPAH-00,N-0042,Alepa Hou Foundation,Native Hawaiian Organization,as recorded at first mint 2026-08-28; a reclassification updates this attribute and retires the handle to an alias - the uid never changes,,,2026-08-29,active
CE-000T4-T4,NHO-ALIIGR-00,N-0029,The Ali`i Group,Native Hawaiian Organization,as recorded at first mint 2026-08-28; a reclassification updates this attribute and retires the handle to an alias - the uid never changes,,,2026-08-29,active
CE-000T5-0X,NHO-ALOHAA-00,N-0044,"Aloha ʻĀina o Hawaiʻi, Inc",Native Hawaiian Organization,as recorded at first mint 2026-08-28; a reclassification updates this attribute and retires the handle to an alias - the uid never changes,,,2026-08-29,active
CE-000T6-6P,NHO-AOAOON-00,N-0208,ʻAoʻao O Nā Loko Iʻa O Maui,Native Hawaiian Organization,as recorded at first mint 2026-08-28; a reclassification updates this attribute and retires the handle to an alias - the uid never changes,,,2026-08-29,active
CE-000T7-CF,NHO-AUPUNI-00,N-0047,Au Puni O Hawaiʻi,Native Hawaiian Organization,as recorded at first mint 2026-08-28; a reclassification updates this attribute and retires the handle to an alias - the uid never changes,,,2026-08-29,active
CE-000T8-J8,NHO-CHRLSP-00,N-0050,Charles Pelenui Mahi Ohana,Native Hawaiian Organization,as recorded at first mint 2026-08-28; a reclassification updates this attribute and retires the handle to an alias - the uid never changes,,,2026-08-29,active
CE-000T9-R1,NHO-CPTNKM-00,N-0049,Captain Kimo's Hawaiian Adventures,Native Hawaiian Organization,as recorded at first mint 2026-08-28; a reclassification updates this attribute and retires the handle to an alias - the uid never changes,,,2026-08-29,active
CE-000TA-YT,NHO-EAOHAW-00,N-0053,EAO Hawaii Inc,Native Hawaiian Organization,as recorded at first mint 2026-08-28; a reclassification updates this attribute and retires the handle to an alias - the uid never changes,,,2026-08-29,active
CE-000TB-4K,NHO-EOLAKA-00,N-0052,E Ola Kākou Hawaiʻi,Native Hawaiian Organization,as recorded at first mint 2026-08-28; a reclassification updates this attribute and retires the handle to an alias - the uid never changes,,,2026-08-29,active
CE-000TC-AC,NHO-FFCHWN-00,N-0169,Office of Hawaiian Affairs,Native Hawaiian Organization,as recorded at first mint 2026-08-28; a reclassification updates this attribute and retires the handle to an alias - the uid never changes,,,2026-08-29,active
CE-000TD-G5,NHO-FLRSCS-00,N-0054,Flores-Case ʻOhana,Native Hawaiian Organization,as recorded at first mint 2026-08-28; a reclassification updates this attribute and retires the handle to an alias - the uid never changes,,,2026-08-29,active
CE-000TE-PY,NHO-FRNDS1-00,N-0193,The Friends of Hokule‘a and Hawai‘iloa,Native Hawaiian Organization,as recorded at first mint 2026-08-28; a reclassification updates this attribute and retires the handle to an alias - the uid never changes,,,2026-08-29,active
CE-000TF-WQ,NHO-FRNDSL-00,N-0055,Friends of ‘Iolani Palace,Native Hawaiian Organization,as recorded at first mint 2026-08-28; a reclassification updates this attribute and retires the handle to an alias - the uid never changes,,,2026-08-29,active
CE-000TG-2G,NHO-GDSCNT-00,N-0057,God's Country Waimanalo,Native Hawaiian Organization,as recorded at first mint 2026-08-28; a reclassification updates this attribute and retires the handle to an alias - the uid never changes,,,2026-08-29,active
CE-000TH-89,NHO-GRGKCY-00,N-0056,George K. Cypher ‘Ohana,Native Hawaiian Organization,as recorded at first mint 2026-08-28; a reclassification updates this attribute and retires the handle to an alias - the uid never changes,,,2026-08-29,active
CE-000TJ-E2,NHO-HANONA-00,N-0061,Hanona,Native Hawaiian Organization,as recorded at first mint 2026-08-28; a reclassification updates this attribute and retires the handle to an alias - the uid never changes,,,2026-08-29,active
CE-000TK-MV,NHO-HAWAII-00,N-0002,Hawaiian Native Corporation,Native Hawaiian Organization,as recorded at first mint 2026-08-28; a reclassification updates this attribute and retires the handle to an alias - the uid never changes,,,2026-08-29,active
CE-000TM-TM,NHO-HCNRCN-00,N-0172,Oʻahu Canoe Racing Association,Native Hawaiian Organization,as recorded at first mint 2026-08-28; a reclassification updates this attribute and retires the handle to an alias - the uid never changes,,,2026-08-29,active
CE-000TN-0D,NHO-HHNHNN-00,N-0084,Hui ʻOhana O Hōnaunau,Native Hawaiian Organization,as recorded at first mint 2026-08-28; a reclassification updates this attribute and retires the handle to an alias - the uid never changes,,,2026-08-29,active
CE-000TP-66,NHO-HHNPKH-00,N-0074,Hui Hana Paʻakai o Hanapēpē,Native Hawaiian Organization,as recorded at first mint 2026-08-28; a reclassification updates this attribute and retires the handle to an alias - the uid never changes,,,2026-08-29,active
CE-000TQ-CZ,NHO-HHSWLH-00,N-0215,‘Ahahui Siwila Hawai‘i O Kapōlei,Native Hawaiian Organization,as recorded at first mint 2026-08-28; a reclassification updates this attribute and retires the handle to an alias - the uid never changes,,,2026-08-29,active
CE-000TR-JR,NHO-HKKNLK-00,N-0034,Aha Kukaniloko Koa Mana mea ola kanaka mauli,Native Hawaiian Organization,as recorded at first mint 2026-08-28; a reclassification updates this attribute and retires the handle to an alias - the uid never changes,,,2026-08-29,active
CE-000TS-RH,NHO-HKLLKH-00,N-0078,Hui Kaleleiki Ohana,Native Hawaiian Organization,as recorded at first mint 2026-08-28; a reclassification updates this attribute and retires the handle to an alias - the uid never changes,,,2026-08-29,active
CE-000TT-YA,NHO-HKNFML-00,N-0071,Ho‘okano Family Land Trust,Native Hawaiian Organization,as recorded at first mint 2026-08-28; a reclassification updates this attribute and retires the handle to an alias - the uid never changes,,,2026-08-29,active
CE-000TV-43,NHO-HLHKHL-00,N-0073,Hui Aloha Kīholo,Native Hawaiian Organization,as recorded at first mint 2026-08-28; a reclassification updates this attribute and retires the handle to an alias - the uid never changes,,,2026-08-29,active
CE-000TW-AW,NHO-HLHLWH-00,N-0058,Hale Halawai ʻOhana O Hanalei,Native Hawaiian Organization,as recorded at first mint 2026-08-28; a reclassification updates this attribute and retires the handle to an alias - the uid never changes,,,2026-08-29,active
CE-000TX-GN,NHO-HLLHHW-00,N-0070,Hoʻōla Lāhui Hawaiʻi,Native Hawaiian Organization,as recorded at first mint 2026-08-28; a reclassification updates this attribute and retires the handle to an alias - the uid never changes,,,2026-08-29,active
CE-000TY-PE,NHO-HLMCLT-00,N-0059,Hale Mua Cultural Group,Native Hawaiian Organization,as recorded at first mint 2026-08-28; a reclassification updates this attribute and retires the handle to an alias - the uid never changes,,,2026-08-29,active
CE-000TZ-W7,NHO-HMKKHK-00,N-0035,Aha Moku O Kahikinui,Native Hawaiian Organization,as recorded at first mint 2026-08-28; a reclassification updates this attribute and retires the handle to an alias - the uid never changes,,,2026-08-29,active
CE-000V0-7G,NHO-HMKNNM-00,N-0079,Hui Makaʻāinana o Makana,Native Hawaiian Organization,as recorded at first mint 2026-08-28; a reclassification updates this attribute and retires the handle to an alias - the uid never changes,,,2026-08-29,active
CE-000V1-D9,NHO-HMLMKN-00,N-0080,Hui Mālama O Kāneiolouma,Native Hawaiian Organization,as recorded at first mint 2026-08-28; a reclassification updates this attribute and retires the handle to an alias - the uid never changes,,,2026-08-29,active
CE-000V2-K2,NHO-HMLMLN-00,N-0081,Hui Mālama Ola Nā ‘Ōiwi,Native Hawaiian Organization,as recorded at first mint 2026-08-28; a reclassification updates this attribute and retires the handle to an alias - the uid never changes,,,2026-08-29,active
CE-000V3-SV,NHO-HNCNSL-00,N-0069,"Honua Consulting, LLC",Native Hawaiian Organization,as recorded at first mint 2026-08-28; a reclassification updates this attribute and retires the handle to an alias - the uid never changes,,,2026-08-29,active
CE-000V4-ZM,NHO-HNHMST-00,N-0038,Ahonui Homestead Association,Native Hawaiian Organization,as recorded at first mint 2026-08-28; a reclassification updates this attribute and retires the handle to an alias - the uid never changes,,,2026-08-29,active
CE-000V5-5D,NHO-HNKHKL-00,N-0217,‘Ohana Keohokālole,Native Hawaiian Organization,as recorded at first mint 2026-08-28; a reclassification updates this attribute and retires the handle to an alias - the uid never changes,,,2026-08-29,active
CE-000V6-B6,NHO-HNKWMH-00,N-0216,‘Ohana Keaweamahi,Native Hawaiian Organization,as recorded at first mint 2026-08-28; a reclassification updates this attribute and retires the handle to an alias - the uid never changes,,,2026-08-29,active
CE-000V7-HZ,NHO-HNLRVR-00,N-0060,Hanalei River Heritage Foundation,Native Hawaiian Organization,as recorded at first mint 2026-08-28; a reclassification updates this attribute and retires the handle to an alias - the uid never changes,,,2026-08-29,active
CE-000V8-QR,NHO-HNNMPC-00,N-0072,Hua Nani Impact,Native Hawaiian Organization,as recorded at first mint 2026-08-28; a reclassification updates this attribute and retires the handle to an alias - the uid never changes,,,2026-08-29,active
CE-000V9-XH,NHO-HOOHAN-00,N-0068,Ho Ohana,Native Hawaiian Organization,as recorded at first mint 2026-08-28; a reclassification updates this attribute and retires the handle to an alias - the uid never changes,,,2026-08-29,active
CE-000VA-3A,NHO-HOOMAK-00,N-0008,Ho'omaka Foundation,Native Hawaiian Organization,as recorded at first mint 2026-08-28; a reclassification updates this attribute and retires the handle to an alias - the uid never changes,,,2026-08-29,active
CE-000VB-93,NHO-HPNNKL-00,N-0039,Ahupuaʻa O Nānākuli Homestead,Native Hawaiian Organization,as recorded at first mint 2026-08-28; a reclassification updates this attribute and retires the handle to an alias - the uid never changes,,,2026-08-29,active
CE-000VC-FW,NHO-HSTRCH-00,N-0067,Historic Hawaiʻi Foundation,Native Hawaiian Organization,as recorded at first mint 2026-08-28; a reclassification updates this attribute and retires the handle to an alias - the uid never changes,,,2026-08-29,active
CE-000VD-NN,NHO-HUIHOO-00,N-0075,Hui Hoʻoleimaluō,Native Hawaiian Organization,as recorded at first mint 2026-08-28; a reclassification updates this attribute and retires the handle to an alias - the uid never changes,,,2026-08-29,active
CE-000VE-VE,NHO-HUIHUL-00,N-0004,Hui Huliau,Native Hawaiian Organization,as recorded at first mint 2026-08-28; a reclassification updates this attribute and retires the handle to an alias - the uid never changes,,,2026-08-29,active
CE-000VF-17,NHO-HUIIWI-00,N-0077,Hui Iwi Kuamoʻo,Native Hawaiian Organization,as recorded at first mint 2026-08-28; a reclassification updates this attribute and retires the handle to an alias - the uid never changes,,,2026-08-29,active
CE-000VG-70,NHO-HUIOHA-00,N-0019,Hui O Hana Pono,Native Hawaiian Organization,as recorded at first mint 2026-08-28; a reclassification updates this attribute and retires the handle to an alias - the uid never changes,,,2026-08-29,active
CE-000VH-DS,NHO-HUIOKU-00,N-0082,Hui o Kuapā,Native Hawaiian Organization,as recorded at first mint 2026-08-28; a reclassification updates this attribute and retires the handle to an alias - the uid never changes,,,2026-08-29,active
CE-000VJ-KJ,NHO-HUIOWA-00,N-0083,Hui O Wa‘a Kaulua,Native Hawaiian Organization,as recorded at first mint 2026-08-28; a reclassification updates this attribute and retires the handle to an alias - the uid never changes,,,2026-08-29,active
CE-000VK-SB,NHO-HWHMST-00,N-0062,Hau‘ouiwi Homestead Association on Lāna‘i,Native Hawaiian Organization,as recorded at first mint 2026-08-28; a reclassification updates this attribute and retires the handle to an alias - the uid never changes,,,2026-08-29,active
CE-000VM-Z4,NHO-HWNCH1-00,N-0194,The Hawaiian Church of Hawaiʻi Nei,Native Hawaiian Organization,as recorded at first mint 2026-08-28; a reclassification updates this attribute and retires the handle to an alias - the uid never changes,,,2026-08-29,active
CE-000VN-5X,NHO-HWNCHM-00,N-0157,Native Hawaiian Chamber of Commerce,Native Hawaiian Organization,as recorded at first mint 2026-08-28; a reclassification updates this attribute and retires the handle to an alias - the uid never changes,,,2026-08-29,active
CE-000VP-BP,NHO-HWNCHR-00,N-0158,Native Hawaiian Church,Native Hawaiian Organization,as recorded at first mint 2026-08-28; a reclassification updates this attribute and retires the handle to an alias - the uid never changes,,,2026-08-29,active
CE-000VQ-HF,NHO-HWNCM1-00,N-0064,"Hawaiian Community Assets, Inc",Native Hawaiian Organization,as recorded at first mint 2026-08-28; a reclassification updates this attribute and retires the handle to an alias - the uid never changes,,,2026-08-29,active
CE-000VR-Q8,NHO-HWNCMM-00,N-0003,Native Hawaiian Community Development Corporation,Native Hawaiian Organization,as recorded at first mint 2026-08-28; a reclassification updates this attribute and retires the handle to an alias - the uid never changes,,,2026-08-29,active
CE-000VS-X1,NHO-HWNCV1-00,N-0063,Hawaiian Civic Club of Wahiawa,Native Hawaiian Organization,as recorded at first mint 2026-08-28; a reclassification updates this attribute and retires the handle to an alias - the uid never changes,,,2026-08-29,active
CE-000VT-3T,NHO-HWNCVC-00,N-0045,Association of Hawaiian Civic Clubs,Native Hawaiian Organization,as recorded at first mint 2026-08-28; a reclassification updates this attribute and retires the handle to an alias - the uid never changes,,,2026-08-29,active
CE-000VV-9K,NHO-HWNDCT-00,N-0159,Native Hawaiian Education Council,Native Hawaiian Organization,as recorded at first mint 2026-08-28; a reclassification updates this attribute and retires the handle to an alias - the uid never changes,,,2026-08-29,active
CE-000VW-FC,NHO-HWNHSP-00,N-0160,Native Hawaiian Hospitality Association,Native Hawaiian Organization,as recorded at first mint 2026-08-28; a reclassification updates this attribute and retires the handle to an alias - the uid never changes,,,2026-08-29,active
CE-000VX-N5,NHO-HWNKNG-00,N-0066,Hawaiian Kingdom Task Force,Native Hawaiian Organization,as recorded at first mint 2026-08-28; a reclassification updates this attribute and retires the handle to an alias - the uid never changes,,,2026-08-29,active
CE-000VY-VY,NHO-HWNLGL-00,N-0161,Native Hawaiian Legal Corporation,Native Hawaiian Organization,as recorded at first mint 2026-08-28; a reclassification updates this attribute and retires the handle to an alias - the uid never changes,,,2026-08-29,active
CE-000VZ-1Q,NHO-HWNNST-00,N-0027,Native Hawaiian Institute for Technology and Business,Native Hawaiian Organization,as recorded at first mint 2026-08-28; a reclassification updates this attribute and retires the handle to an alias - the uid never changes,,,2026-08-29,active
CE-000W0-C0,NHO-HWNPHL-00,N-0162,Native Hawaiian Philanthropy,Native Hawaiian Organization,as recorded at first mint 2026-08-28; a reclassification updates this attribute and retires the handle to an alias - the uid never changes,,,2026-08-29,active
CE-000W1-JS,NHO-HWNRGN-00,N-0031,Native Hawaiian Organization Charity,Native Hawaiian Organization,as recorded at first mint 2026-08-28; a reclassification updates this attribute and retires the handle to an alias - the uid never changes,,,2026-08-29,active
CE-000W2-RJ,NHO-HWNSFR-00,N-0046,Association of Hawaiians for Homestead Lands,Native Hawaiian Organization,as recorded at first mint 2026-08-28; a reclassification updates this attribute and retires the handle to an alias - the uid never changes,,,2026-08-29,active
CE-000W3-YB,NHO-HWNSLN-00,N-0065,Hawaiian Islands Land Trust,Native Hawaiian Organization,as recorded at first mint 2026-08-28; a reclassification updates this attribute and retires the handle to an alias - the uid never changes,,,2026-08-29,active
CE-000W4-44,NHO-HWPCFC-00,N-0005,"The Hawai'i Pacific Foundation, Inc.",Native Hawaiian Organization,as recorded at first mint 2026-08-28; a reclassification updates this attribute and retires the handle to an alias - the uid never changes,,,2026-08-29,active
CE-000W5-AX,NHO-IKELAW-00,N-0210,ʻIke Lawaiʻa,Native Hawaiian Organization,as recorded at first mint 2026-08-28; a reclassification updates this attribute and retires the handle to an alias - the uid never changes,,,2026-08-29,active
CE-000W6-GP,NHO-IMUAGR-00,N-0195,The I Mua Group,Native Hawaiian Organization,as recorded at first mint 2026-08-28; a reclassification updates this attribute and retires the handle to an alias - the uid never changes,,,2026-08-29,active
CE-000W7-PF,NHO-IMUAHA-00,N-0085,Imua Hawaii,Native Hawaiian Organization,as recorded at first mint 2026-08-28; a reclassification updates this attribute and retires the handle to an alias - the uid never changes,,,2026-08-29,active
CE-000W8-W8,NHO-KAEHUX-00,N-0107,KAʻEHU,Native Hawaiian Organization,as recorded at first mint 2026-08-28; a reclassification updates this attribute and retires the handle to an alias - the uid never changes,,,2026-08-29,active
CE-000W9-21,NHO-KAHULI-00,N-0127,Kāhuli Leo Leʻa,Native Hawaiian Organization,as recorded at first mint 2026-08-28; a reclassification updates this attribute and retires the handle to an alias - the uid never changes,,,2026-08-29,active
CE-000WA-8T,NHO-KAKOOO-00,N-0128,Kāko‘o ‘Ōiwi,Native Hawaiian Organization,as recorded at first mint 2026-08-28; a reclassification updates this attribute and retires the handle to an alias - the uid never changes,,,2026-08-29,active
CE-000WB-EK,NHO-KALINO-00,N-0020,Kalino Foundation,Native Hawaiian Organization,as recorded at first mint 2026-08-28; a reclassification updates this attribute and retires the handle to an alias - the uid never changes,,,2026-08-29,active
CE-000WC-MC,NHO-KAMEAL-00,N-0093,Kamealoha,Native Hawaiian Organization,as recorded at first mint 2026-08-28; a reclassification updates this attribute and retires the handle to an alias - the uid never changes,,,2026-08-29,active
CE-000WD-T5,NHO-KANAKA-00,N-0097,Kanaka Kauila,Native Hawaiian Organization,as recorded at first mint 2026-08-28; a reclassification updates this attribute and retires the handle to an alias - the uid never changes,,,2026-08-29,active
CE-000WE-0Y,NHO-KAPONO-00,N-0016,Kapono Foundation,Native Hawaiian Organization,as recorded at first mint 2026-08-28; a reclassification updates this attribute and retires the handle to an alias - the uid never changes,,,2026-08-29,active
CE-000WF-6Q,NHO-KAUAIS-00,N-0101,Kauaʻi Sea Farm,Native Hawaiian Organization,as recorded at first mint 2026-08-28; a reclassification updates this attribute and retires the handle to an alias - the uid never changes,,,2026-08-29,active
CE-000WG-CG,NHO-KAUHAK-00,N-0102,Kauhakō Ohana Association,Native Hawaiian Organization,as recorded at first mint 2026-08-28; a reclassification updates this attribute and retires the handle to an alias - the uid never changes,,,2026-08-29,active
CE-000WH-J9,NHO-KAUIKI-00,N-0108,Kaʻuikiokapō,Native Hawaiian Organization,as recorded at first mint 2026-08-28; a reclassification updates this attribute and retires the handle to an alias - the uid never changes,,,2026-08-29,active
CE-000WJ-R2,NHO-KAULUA-00,N-0103,Kauluakalana,Native Hawaiian Organization,as recorded at first mint 2026-08-28; a reclassification updates this attribute and retires the handle to an alias - the uid never changes,,,2026-08-29,active
CE-000WK-YV,NHO-KEKOAX-00,N-0006,Kekoa Foundation,Native Hawaiian Organization,as recorded at first mint 2026-08-28; a reclassification updates this attribute and retires the handle to an alias - the uid never changes,,,2026-08-29,active
CE-000WM-4M,NHO-KEKUMU-00,N-0010,Ke Kumu 'Ulu,Native Hawaiian Organization,as recorded at first mint 2026-08-28; a reclassification updates this attribute and retires the handle to an alias - the uid never changes,,,2026-08-29,active
CE-000WN-AD,NHO-KHKPNK-00,N-0088,Kaha I Ka Panoa Kaleponi Hawaiian Civic Club,Native Hawaiian Organization,as recorded at first mint 2026-08-28; a reclassification updates this attribute and retires the handle to an alias - the uid never changes,,,2026-08-29,active
CE-000WP-G6,NHO-KHMLML-00,N-0118,Kohe Malamalama O Kanaloa Protect Kahoʻolawe Fund,Native Hawaiian Organization,as recorded at first mint 2026-08-28; a reclassification updates this attribute and retires the handle to an alias - the uid never changes,,,2026-08-29,active
CE-000WQ-PZ,NHO-KIAIKA-00,N-0113,Kiaʻi Kanaloa,Native Hawaiian Organization,as recorded at first mint 2026-08-28; a reclassification updates this attribute and retires the handle to an alias - the uid never changes,,,2026-08-29,active
CE-000WR-WR,NHO-KIMOKE-00,N-0114,Kimokeo Foundation,Native Hawaiian Organization,as recorded at first mint 2026-08-28; a reclassification updates this attribute and retires the handle to an alias - the uid never changes,,,2026-08-29,active
CE-000WS-2H,NHO-KINAIE-00,N-0022,Kinai `Eha,Native Hawaiian Organization,as recorded at first mint 2026-08-28; a reclassification updates this attribute and retires the handle to an alias - the uid never changes,,,2026-08-29,active
CE-000WT-8A,NHO-KINAOL-00,N-0021,Kina`ole Foundation,Native Hawaiian Organization,as recorded at first mint 2026-08-28; a reclassification updates this attribute and retires the handle to an alias - the uid never changes,,,2026-08-29,active
CE-000WV-E3,NHO-KKHCMM-00,N-0111,Keaukaha Community Association,Native Hawaiian Organization,as recorded at first mint 2026-08-28; a reclassification updates this attribute and retires the handle to an alias - the uid never changes,,,2026-08-29,active
CE-000WW-MW,NHO-KKLNWM-00,N-0109,Ke Kula Nui O Waimānalo,Native Hawaiian Organization,as recorded at first mint 2026-08-28; a reclassification updates this attribute and retires the handle to an alias - the uid never changes,,,2026-08-29,active
CE-000WX-TN,NHO-KLHPL1-00,N-0092,Kalihi Palama Hawaiian Civic Club,Native Hawaiian Organization,as recorded at first mint 2026-08-28; a reclassification updates this attribute and retires the handle to an alias - the uid never changes,,,2026-08-29,active
CE-000WY-0E,NHO-KLHPLM-00,N-0091,Kalihi Palama Culture & Arts Society,Native Hawaiian Organization,as recorded at first mint 2026-08-28; a reclassification updates this attribute and retires the handle to an alias - the uid never changes,,,2026-08-29,active
CE-000WZ-67,NHO-KLLHRT-00,N-0089,Kalaeloa Heritage and Legacy Foundation,Native Hawaiian Organization,as recorded at first mint 2026-08-28; a reclassification updates this attribute and retires the handle to an alias - the uid never changes,,,2026-08-29,active
CE-000X0-HG,NHO-KLLLNG-00,N-0124,Kuloloi‘a Lineage - I ke Kai ‘o Kuloloi‘a,Native Hawaiian Organization,as recorded at first mint 2026-08-28; a reclassification updates this attribute and retires the handle to an alias - the uid never changes,,,2026-08-29,active
CE-000X1-Q9,NHO-KLMKHK-00,N-0014,Ka Lama Kuhikuhi Foundation,Native Hawaiian Organization,as recorded at first mint 2026-08-28; a reclassification updates this attribute and retires the handle to an alias - the uid never changes,,,2026-08-29,active
CE-000X2-X2,NHO-KLMLHM-00,N-0090,Kalama‘ula Homesteaders Association,Native Hawaiian Organization,as recorded at first mint 2026-08-28; a reclassification updates this attribute and retires the handle to an alias - the uid never changes,,,2026-08-29,active
CE-000X3-3V,NHO-KLNNPH-00,N-0123,Kula no na Po‘e Hawaii,Native Hawaiian Organization,as recorded at first mint 2026-08-28; a reclassification updates this attribute and retires the handle to an alias - the uid never changes,,,2026-08-29,active
CE-000X4-9M,NHO-KLPKHW-00,N-0121,Ko‘olaupoko Hawaiian Civic Club,Native Hawaiian Organization,as recorded at first mint 2026-08-28; a reclassification updates this attribute and retires the handle to an alias - the uid never changes,,,2026-08-29,active
CE-000X5-FD,NHO-KMHMHS-00,N-0094,Kamehameha Schools,Native Hawaiian Organization,as recorded at first mint 2026-08-28; a reclassification updates this attribute and retires the handle to an alias - the uid never changes,,,2026-08-29,active
CE-000X6-N6,NHO-KMLLNL-00,N-0095,Kamiloloa One Ali‘i Homestead Association,Native Hawaiian Organization,as recorded at first mint 2026-08-28; a reclassification updates this attribute and retires the handle to an alias - the uid never changes,,,2026-08-29,active
CE-000X7-VZ,NHO-KNGDMH-00,N-0115,Kingdom of Hawai‘i,Native Hawaiian Organization,as recorded at first mint 2026-08-28; a reclassification updates this attribute and retires the handle to an alias - the uid never changes,,,2026-08-29,active
CE-000X8-1R,NHO-KNHNMK-00,N-0129,Kānehūnāmoku Voyaging Academy,Native Hawaiian Organization,as recorded at first mint 2026-08-28; a reclassification updates this attribute and retires the handle to an alias - the uid never changes,,,2026-08-29,active
CE-000X9-7H,NHO-KNKCNM-00,N-0096,Kanaka Economic Development Alliance,Native Hawaiian Organization,as recorded at first mint 2026-08-28; a reclassification updates this attribute and retires the handle to an alias - the uid never changes,,,2026-08-29,active
CE-000XA-DA,NHO-KNKKHH-00,N-0110,Ke One O Kākuhihewa,Native Hawaiian Organization,as recorded at first mint 2026-08-28; a reclassification updates this attribute and retires the handle to an alias - the uid never changes,,,2026-08-29,active
CE-000XB-K3,NHO-KNKNLR-00,N-0098,Kanu o ka ‘Āina Learning ‘Ohana,Native Hawaiian Organization,as recorded at first mint 2026-08-28; a reclassification updates this attribute and retires the handle to an alias - the uid never changes,,,2026-08-29,active
CE-000XC-SW,NHO-KOAIKE-00,N-0117,Koa Ike,Native Hawaiian Organization,as recorded at first mint 2026-08-28; a reclassification updates this attribute and retires the handle to an alias - the uid never changes,,,2026-08-29,active
CE-000XD-ZN,NHO-KOIULA-00,N-0119,Koʻiʻula,Native Hawaiian Organization,as recorded at first mint 2026-08-28; a reclassification updates this attribute and retires the handle to an alias - the uid never changes,,,2026-08-29,active
CE-000XE-5E,NHO-KOOLAU-00,N-0120,Ko‘olau Foundation,Native Hawaiian Organization,as recorded at first mint 2026-08-28; a reclassification updates this attribute and retires the handle to an alias - the uid never changes,,,2026-08-29,active
CE-000XF-B7,NHO-KPKLWL-00,N-0116,Kipuka Olowalu,Native Hawaiian Organization,as recorded at first mint 2026-08-28; a reclassification updates this attribute and retires the handle to an alias - the uid never changes,,,2026-08-29,active
CE-000XG-H0,NHO-KPLCMM-00,N-0099,Kapolei Community Development Corporation,Native Hawaiian Organization,as recorded at first mint 2026-08-28; a reclassification updates this attribute and retires the handle to an alias - the uid never changes,,,2026-08-29,active
CE-000XH-QS,NHO-KPLRGN-00,N-0100,Kapule Organization,Native Hawaiian Organization,as recorded at first mint 2026-08-28; a reclassification updates this attribute and retires the handle to an alias - the uid never changes,,,2026-08-29,active
CE-000XJ-XJ,NHO-KRLLKL-00,N-0030,Krilla Kaleiwahea Foundation,Native Hawaiian Organization,as recorded at first mint 2026-08-28; a reclassification updates this attribute and retires the handle to an alias - the uid never changes,,,2026-08-29,active
CE-000XK-3B,NHO-KUAAIN-00,N-0122,Kuaʻāina Ulu ʻAuamo,Native Hawaiian Organization,as recorded at first mint 2026-08-28; a reclassification updates this attribute and retires the handle to an alias - the uid never changes,,,2026-08-29,active
CE-000XM-94,NHO-KUKANA-00,N-0023,Ku Kanaka Foundation,Native Hawaiian Organization,as recorded at first mint 2026-08-28; a reclassification updates this attribute and retires the handle to an alias - the uid never changes,,,2026-08-29,active
CE-000XN-FX,NHO-KULIAX-00,N-0024,Kulia Foundation,Native Hawaiian Organization,as recorded at first mint 2026-08-28; a reclassification updates this attribute and retires the handle to an alias - the uid never changes,,,2026-08-29,active
CE-000XP-NP,NHO-KUPAOW-00,N-0125,Kupa O Waiheʻe,Native Hawaiian Organization,as recorded at first mint 2026-08-28; a reclassification updates this attribute and retires the handle to an alias - the uid never changes,,,2026-08-29,active
CE-000XQ-VF,NHO-KUPEKE-00,N-0126,Kupeke Ahupua‘a,Native Hawaiian Organization,as recorded at first mint 2026-08-28; a reclassification updates this attribute and retires the handle to an alias - the uid never changes,,,2026-08-29,active
CE-000XR-18,NHO-KWHNNH-00,N-0104,Kauwahi ‘Anaina Hawai‘i Hawaiian Civic Club,Native Hawaiian Organization,as recorded at first mint 2026-08-28; a reclassification updates this attribute and retires the handle to an alias - the uid never changes,,,2026-08-29,active
CE-000XS-71,NHO-KWHPHN-00,N-0105,Kawaihapai Ohana,Native Hawaiian Organization,as recorded at first mint 2026-08-28; a reclassification updates this attribute and retires the handle to an alias - the uid never changes,,,2026-08-29,active
CE-000XT-DT,NHO-KWLLWL-00,N-0106,Kawaileo Law A Limited Liability Law Company,Native Hawaiian Organization,as recorded at first mint 2026-08-28; a reclassification updates this attribute and retires the handle to an alias - the uid never changes,,,2026-08-29,active
CE-000XV-KK,NHO-LHFRST-00,N-0043,Aloha First,Native Hawaiian Organization,as recorded at first mint 2026-08-28; a reclassification updates this attribute and retires the handle to an alias - the uid never changes,,,2026-08-29,active
CE-000XW-SC,NHO-LHKKKH-00,N-0130,Lahui Kaka‘ikahi,Native Hawaiian Organization,as recorded at first mint 2026-08-28; a reclassification updates this attribute and retires the handle to an alias - the uid never changes,,,2026-08-29,active
CE-000XX-Z5,NHO-LKHKTR-00,N-0041,Ala Kahakai Trail Association,Native Hawaiian Organization,as recorded at first mint 2026-08-28; a reclassification updates this attribute and retires the handle to an alias - the uid never changes,,,2026-08-29,active
CE-000XY-5Y,NHO-LP2020-00,N-0133,La‘i‘Ōpua 2020,Native Hawaiian Organization,as recorded at first mint 2026-08-28; a reclassification updates this attribute and retires the handle to an alias - the uid never changes,,,2026-08-29,active
CE-000XZ-BQ,NHO-LPCMMN-00,N-0132,Laʻiʻōpua Community Development Corporation,Native Hawaiian Organization,as recorded at first mint 2026-08-28; a reclassification updates this attribute and retires the handle to an alias - the uid never changes,,,2026-08-29,active
CE-000Y0-P0,NHO-LSVGSH-00,N-0131,Las Vegas Hawaiian Civic Club,Native Hawaiian Organization,as recorded at first mint 2026-08-28; a reclassification updates this attribute and retires the handle to an alias - the uid never changes,,,2026-08-29,active
CE-000Y1-WS,NHO-MAHUOH-00,N-0136,Mahu Ohana,Native Hawaiian Organization,as recorded at first mint 2026-08-28; a reclassification updates this attribute and retires the handle to an alias - the uid never changes,,,2026-08-29,active
CE-000Y2-2J,NHO-MAKUAG-00,N-0011,The Makua Group,Native Hawaiian Organization,as recorded at first mint 2026-08-28; a reclassification updates this attribute and retires the handle to an alias - the uid never changes,,,2026-08-29,active
CE-000Y3-8B,NHO-MALAM1-00,N-0148,Mālama Hulēʻia,Native Hawaiian Organization,as recorded at first mint 2026-08-28; a reclassification updates this attribute and retires the handle to an alias - the uid never changes,,,2026-08-29,active
CE-000Y4-E4,NHO-MALAM2-00,N-0149,Mālama Loko Ea Foundation,Native Hawaiian Organization,as recorded at first mint 2026-08-28; a reclassification updates this attribute and retires the handle to an alias - the uid never changes,,,2026-08-29,active
CE-000Y5-MX,NHO-MALAMA-00,N-0141,Malama Kaʻu Foundation,Native Hawaiian Organization,as recorded at first mint 2026-08-28; a reclassification updates this attribute and retires the handle to an alias - the uid never changes,,,2026-08-29,active
CE-000Y6-TP,NHO-MANAON-00,N-0009,Mana'o Nui Inc.,Native Hawaiian Organization,as recorded at first mint 2026-08-28; a reclassification updates this attribute and retires the handle to an alias - the uid never changes,,,2026-08-29,active
CE-000Y7-0F,NHO-MARAEH-00,N-0144,Marae Ha‘a Koa,Native Hawaiian Organization,as recorded at first mint 2026-08-28; a reclassification updates this attribute and retires the handle to an alias - the uid never changes,,,2026-08-29,active
CE-000Y8-68,NHO-MCHDKN-00,N-0134,Machado-Akana-Aona-Namakaeha Ohana,Native Hawaiian Organization,as recorded at first mint 2026-08-28; a reclassification updates this attribute and retires the handle to an alias - the uid never changes,,,2026-08-29,active
CE-000Y9-C1,NHO-MEJEXX-00,N-0146,"Meje, Inc",Native Hawaiian Organization,as recorded at first mint 2026-08-28; a reclassification updates this attribute and retires the handle to an alias - the uid never changes,,,2026-08-29,active
CE-000YA-JT,NHO-MELEAN-00,N-0147,"Meleana Kawaiaea, LLC",Native Hawaiian Organization,as recorded at first mint 2026-08-28; a reclassification updates this attribute and retires the handle to an alias - the uid never changes,,,2026-08-29,active
CE-000YB-RK,NHO-MENEHU-00,N-0012,Menehune Foundation,Native Hawaiian Organization,as recorded at first mint 2026-08-28; a reclassification updates this attribute and retires the handle to an alias - the uid never changes,,,2026-08-29,active
CE-000YC-YC,NHO-MHMKHN-00,N-0135,Mahamoku Ohana Council,Native Hawaiian Organization,as recorded at first mint 2026-08-28; a reclassification updates this attribute and retires the handle to an alias - the uid never changes,,,2026-08-29,active
CE-000YD-45,NHO-MKFRMR-00,N-0139,Maku‘u Farmers Association,Native Hawaiian Organization,as recorded at first mint 2026-08-28; a reclassification updates this attribute and retires the handle to an alias - the uid never changes,,,2026-08-29,active
CE-000YE-AY,NHO-MKHCLT-00,N-0025,Makaha Cultural Learning Center,Native Hawaiian Organization,as recorded at first mint 2026-08-28; a reclassification updates this attribute and retires the handle to an alias - the uid never changes,,,2026-08-29,active
CE-000YF-GQ,NHO-MKHHWN-00,N-0138,Makaha Hawaiian Civic Club,Native Hawaiian Organization,as recorded at first mint 2026-08-28; a reclassification updates this attribute and retires the handle to an alias - the uid never changes,,,2026-08-29,active
CE-000YG-PG,NHO-MKKKHC-00,N-0211,ʻO Makuʻu Ke Kahua Community Center,Native Hawaiian Organization,as recorded at first mint 2026-08-28; a reclassification updates this attribute and retires the handle to an alias - the uid never changes,,,2026-08-29,active
CE-000YH-W9,NHO-MLHRSD-00,N-0142,Malu‘ōhai Residents Association,Native Hawaiian Organization,as recorded at first mint 2026-08-28; a reclassification updates this attribute and retires the handle to an alias - the uid never changes,,,2026-08-29,active
CE-000YJ-22,NHO-MLMMLK-00,N-0026,Malama Moloka`i Foundation,Native Hawaiian Organization,as recorded at first mint 2026-08-28; a reclassification updates this attribute and retires the handle to an alias - the uid never changes,,,2026-08-29,active
CE-000YK-8V,NHO-MLMNHL-00,N-0140,Malama Anahola,Native Hawaiian Organization,as recorded at first mint 2026-08-28; a reclassification updates this attribute and retires the handle to an alias - the uid never changes,,,2026-08-29,active
CE-000YM-EM,NHO-MNHLTH-00,N-0143,"Mana Health Services, Inc",Native Hawaiian Organization,as recorded at first mint 2026-08-28; a reclassification updates this attribute and retires the handle to an alias - the uid never changes,,,2026-08-29,active
CE-000YN-MD,NHO-MNLNDH-00,N-0137,Mainland Council Association of Hawaiian Civic Clubs,Native Hawaiian Organization,as recorded at first mint 2026-08-28; a reclassification updates this attribute and retires the handle to an alias - the uid never changes,,,2026-08-29,active
CE-000YP-T6,NHO-MNWKPN-00,N-0015,Manawa Kūpono,Native Hawaiian Organization,as recorded at first mint 2026-08-28; a reclassification updates this attribute and retires the handle to an alias - the uid never changes,,,2026-08-29,active
CE-000YQ-0Z,NHO-MRYKWN-00,N-0196,The Mary Kawena Pūku‘i Cultural Preservation Society,Native Hawaiian Organization,as recorded at first mint 2026-08-28; a reclassification updates this attribute and retires the handle to an alias - the uid never changes,,,2026-08-29,active
CE-000YR-6R,NHO-NAAIKA-00,N-0150,Na Aikane O Maui,Native Hawaiian Organization,as recorded at first mint 2026-08-28; a reclassification updates this attribute and retires the handle to an alias - the uid never changes,,,2026-08-29,active
CE-000YS-CH,NHO-NAKUPUNA-00,N-0001,Nakupuna Foundation,Native Hawaiian Organization,as recorded at first mint 2026-08-28; a reclassification updates this attribute and retires the handle to an alias - the uid never changes,,,2026-08-29,active
CE-000YT-JA,NHO-NAMANU-00,N-0167,Nā Manu o Kaiona,Native Hawaiian Organization,as recorded at first mint 2026-08-28; a reclassification updates this attribute and retires the handle to an alias - the uid never changes,,,2026-08-29,active
CE-000YV-R3,NHO-NAOIWI-00,N-0013,Na 'Oiwi Kane,Native Hawaiian Organization,as recorded at first mint 2026-08-28; a reclassification updates this attribute and retires the handle to an alias - the uid never changes,,,2026-08-29,active
CE-000YW-YW,NHO-NAPUUW-00,N-0168,Nā Puʻuwai,Native Hawaiian Organization,as recorded at first mint 2026-08-28; a reclassification updates this attribute and retires the handle to an alias - the uid never changes,,,2026-08-29,active
CE-000YX-4N,NHO-NDPNDN-00,N-0086,Independent District of Puna,Native Hawaiian Organization,as recorded at first mint 2026-08-28; a reclassification updates this attribute and retires the handle to an alias - the uid never changes,,,2026-08-29,active
CE-000YY-AE,NHO-NHNHLT-00,N-0164,"Nohona Health, Inc",Native Hawaiian Organization,as recorded at first mint 2026-08-28; a reclassification updates this attribute and retires the handle to an alias - the uid never changes,,,2026-08-29,active
CE-000YZ-G7,NHO-NHNPMH-00,N-0155,Na Ohana o Puaoi a me Hanawahine,Native Hawaiian Organization,as recorded at first mint 2026-08-28; a reclassification updates this attribute and retires the handle to an alias - the uid never changes,,,2026-08-29,active
CE-000Z0-VG,NHO-NHPPHW-00,N-0165,"Nohopapa Hawaiʻi, LLC",Native Hawaiian Organization,as recorded at first mint 2026-08-28; a reclassification updates this attribute and retires the handle to an alias - the uid never changes,,,2026-08-29,active
CE-000Z1-19,NHO-NKFSHN-00,N-0163,Nekaifes Ohana,Native Hawaiian Organization,as recorded at first mint 2026-08-28; a reclassification updates this attribute and retires the handle to an alias - the uid never changes,,,2026-08-29,active
CE-000Z2-72,NHO-NKHKHW-00,N-0153,Na Ku‘auhau ‘o Kahiwakaneikopolei,Native Hawaiian Organization,as recorded at first mint 2026-08-28; a reclassification updates this attribute and retires the handle to an alias - the uid never changes,,,2026-08-29,active
CE-000Z3-DV,NHO-NKKKKL-00,N-0151,Na Koa Ikaika Ka Lahui Hawaii,Native Hawaiian Organization,as recorded at first mint 2026-08-28; a reclassification updates this attribute and retires the handle to an alias - the uid never changes,,,2026-08-29,active
CE-000Z4-KM,NHO-NKLNKN-00,N-0166,Nā Kuleana o Kānaka ‘Ōiwi,Native Hawaiian Organization,as recorded at first mint 2026-08-28; a reclassification updates this attribute and retires the handle to an alias - the uid never changes,,,2026-08-29,active
CE-000Z5-SD,NHO-NKPNMK-00,N-0152,Na Kupuna Moku O Keawe,Native Hawaiian Organization,as recorded at first mint 2026-08-28; a reclassification updates this attribute and retires the handle to an alias - the uid never changes,,,2026-08-29,active
CE-000Z6-Z6,NHO-NMKPNW-00,N-0154,Na Mookupuna O Wailua,Native Hawaiian Organization,as recorded at first mint 2026-08-28; a reclassification updates this attribute and retires the handle to an alias - the uid never changes,,,2026-08-29,active
CE-000Z7-5Z,NHO-NNKLHS-00,N-0156,Nanakuli Housing Corporation,Native Hawaiian Organization,as recorded at first mint 2026-08-28; a reclassification updates this attribute and retires the handle to an alias - the uid never changes,,,2026-08-29,active
CE-000Z8-BR,NHO-NSTTTF-00,N-0087,Institute for Native Pacific Education and Culture,Native Hawaiian Organization,as recorded at first mint 2026-08-28; a reclassification updates this attribute and retires the handle to an alias - the uid never changes,,,2026-08-29,active
CE-000Z9-HH,NHO-OHANAL-00,N-0212,ʻOhana Lo,Native Hawaiian Organization,as recorded at first mint 2026-08-28; a reclassification updates this attribute and retires the handle to an alias - the uid never changes,,,2026-08-29,active
CE-000ZA-QA,NHO-PAEPAE-00,N-0175,Paepae o Heʻeia,Native Hawaiian Organization,as recorded at first mint 2026-08-28; a reclassification updates this attribute and retires the handle to an alias - the uid never changes,,,2026-08-29,active
CE-000ZB-X3,NHO-PAIXXX-00,N-0181,PA‘I Foundation,Native Hawaiian Organization,as recorded at first mint 2026-08-28; a reclassification updates this attribute and retires the handle to an alias - the uid never changes,,,2026-08-29,active
CE-000ZC-3W,NHO-PCFCGR-00,N-0173,Pacific Agricultural Land Management Systems,Native Hawaiian Organization,as recorded at first mint 2026-08-28; a reclassification updates this attribute and retires the handle to an alias - the uid never changes,,,2026-08-29,active
CE-000ZD-9N,NHO-PCFCJS-00,N-0174,Pacific Justice & Reconciliation Center,Native Hawaiian Organization,as recorded at first mint 2026-08-28; a reclassification updates this attribute and retires the handle to an alias - the uid never changes,,,2026-08-29,active
CE-000ZE-FE,NHO-PEAHIO-00,N-0182,Peahi Ohana,Native Hawaiian Organization,as recorded at first mint 2026-08-28; a reclassification updates this attribute and retires the handle to an alias - the uid never changes,,,2026-08-29,active
CE-000ZF-N7,NHO-PHKPLM-00,N-0189,Pōhaku Pelemaka,Native Hawaiian Organization,as recorded at first mint 2026-08-28; a reclassification updates this attribute and retires the handle to an alias - the uid never changes,,,2026-08-29,active
CE-000ZG-V0,NHO-PHNHWN-00,N-0184,Piihonua Hawaiian Homestead Community Association,Native Hawaiian Organization,as recorded at first mint 2026-08-28; a reclassification updates this attribute and retires the handle to an alias - the uid never changes,,,2026-08-29,active
CE-000ZH-1S,NHO-PHNWLP-00,N-0188,Puʻuhonua o Wailupe,Native Hawaiian Organization,as recorded at first mint 2026-08-28; a reclassification updates this attribute and retires the handle to an alias - the uid never changes,,,2026-08-29,active
CE-000ZJ-7J,NHO-PKHWNN-00,N-0209,ʻApoākea Native Hawaiian Innovation Institute,Native Hawaiian Organization,as recorded at first mint 2026-08-28; a reclassification updates this attribute and retires the handle to an alias - the uid never changes,,,2026-08-29,active
CE-000ZK-DB,NHO-PKKLHW-00,N-0180,Paukukalo Hawaiian Homes Community Association,Native Hawaiian Organization,as recorded at first mint 2026-08-28; a reclassification updates this attribute and retires the handle to an alias - the uid never changes,,,2026-08-29,active
CE-000ZM-K4,NHO-PLDFNS-00,N-0183,Pele Defense Fund,Native Hawaiian Organization,as recorded at first mint 2026-08-28; a reclassification updates this attribute and retires the handle to an alias - the uid never changes,,,2026-08-29,active
CE-000ZN-SX,NHO-PLTRNC-00,N-0028,Pelatron Center for Economic Development,Native Hawaiian Organization,as recorded at first mint 2026-08-28; a reclassification updates this attribute and retires the handle to an alias - the uid never changes,,,2026-08-29,active
CE-000ZP-ZP,NHO-PNWHWN-00,N-0176,Panaewa Hawaiian Home Lands Community Association,Native Hawaiian Organization,as recorded at first mint 2026-08-28; a reclassification updates this attribute and retires the handle to an alias - the uid never changes,,,2026-08-29,active
CE-000ZQ-5F,NHO-PPKLCM-00,N-0178,Papakōlea Community Development Corporation,Native Hawaiian Organization,as recorded at first mint 2026-08-28; a reclassification updates this attribute and retires the handle to an alias - the uid never changes,,,2026-08-29,active
CE-000ZR-B8,NHO-PPLLKH-00,N-0177,Papa Ola Lokahi,Native Hawaiian Organization,as recorded at first mint 2026-08-28; a reclassification updates this attribute and retires the handle to an alias - the uid never changes,,,2026-08-29,active
CE-000ZS-H1,NHO-PRTCT1-00,N-0186,Protect Keopuka Ohana,Native Hawaiian Organization,as recorded at first mint 2026-08-28; a reclassification updates this attribute and retires the handle to an alias - the uid never changes,,,2026-08-29,active
CE-000ZT-QT,NHO-PRTCTK-00,N-0185,Protect Kahoʻolawe ʻOhana,Native Hawaiian Organization,as recorded at first mint 2026-08-28; a reclassification updates this attribute and retires the handle to an alias - the uid never changes,,,2026-08-29,active
CE-000ZV-XK,NHO-PRTNR1-00,N-0179,Partners in Development Foundation,Native Hawaiian Organization,as recorded at first mint 2026-08-28; a reclassification updates this attribute and retires the handle to an alias - the uid never changes,,,2026-08-29,active
CE-000ZW-3C,NHO-PURPLE-00,N-0187,Purple Maiʻa Foundation,Native Hawaiian Organization,as recorded at first mint 2026-08-28; a reclassification updates this attribute and retires the handle to an alias - the uid never changes,,,2026-08-29,active
CE-000ZX-95,NHO-RDRKMH-00,N-0171,Order of Kamehameha I,Native Hawaiian Organization,as recorded at first mint 2026-08-28; a reclassification updates this attribute and retires the handle to an alias - the uid never changes,,,2026-08-29,active
CE-000ZY-FY,NHO-RYLHWN-00,N-0190,Royal Hawaiian Academy of Traditional Arts,Native Hawaiian Organization,as recorded at first mint 2026-08-28; a reclassification updates this attribute and retires the handle to an alias - the uid never changes,,,2026-08-29,active
CE-000ZZ-NQ,NHO-SLNDMP-00,N-0017,Island Empire Community Development,Native Hawaiian Organization,as recorded at first mint 2026-08-28; a reclassification updates this attribute and retires the handle to an alias - the uid never changes,,,2026-08-29,active
CE-00100-49,NHO-SSTNHW-00,N-0192,Sustain Hawaiʻi,Native Hawaiian Organization,as recorded at first mint 2026-08-28; a reclassification updates this attribute and retires the handle to an alias - the uid never changes,,,2026-08-29,active
CE-00101-A2,NHO-SVRGNH-00,N-0191,Sovereign Council of Hawaiian Homestead Associations,Native Hawaiian Organization,as recorded at first mint 2026-08-28; a reclassification updates this attribute and retires the handle to an alias - the uid never changes,,,2026-08-29,active
CE-00102-GV,NHO-WAIKOA-00,N-0198,Wai Koa Kauaʻi,Native Hawaiian Organization,as recorded at first mint 2026-08-28; a reclassification updates this attribute and retires the handle to an alias - the uid never changes,,,2026-08-29,active
CE-00103-PM,NHO-WHKPHS-00,N-0199,Waiehu Kou Phase 3 Association,Native Hawaiian Organization,as recorded at first mint 2026-08-28; a reclassification updates this attribute and retires the handle to an alias - the uid never changes,,,2026-08-29,active
CE-00104-WD,NHO-WHWHPL-00,N-0197,Wahiawa Ahupuaa LCA 7714B Apana 6 RP 7813,Native Hawaiian Organization,as recorded at first mint 2026-08-28; a reclassification updates this attribute and retires the handle to an alias - the uid never changes,,,2026-08-29,active
CE-00105-26,NHO-WMHWNH-00,N-0200,"Waimea Hawaiian Homesteaders’ Association, Inc",Native Hawaiian Organization,as recorded at first mint 2026-08-28; a reclassification updates this attribute and retires the handle to an alias - the uid never changes,,,2026-08-29,active
CE-00106-8Z,NHO-WMNLCN-00,N-0201,Waimānalo Canoe Club,Native Hawaiian Organization,as recorded at first mint 2026-08-28; a reclassification updates this attribute and retires the handle to an alias - the uid never changes,,,2026-08-29,active
CE-00107-ER,NHO-WMNLHL-00,N-0203,Waimānalo Health Center,Native Hawaiian Organization,as recorded at first mint 2026-08-28; a reclassification updates this attribute and retires the handle to an alias - the uid never changes,,,2026-08-29,active
CE-00108-MH,NHO-WMNLHW-00,N-0202,Waimānalo Hawaiian Homes Association,Native Hawaiian Organization,as recorded at first mint 2026-08-28; a reclassification updates this attribute and retires the handle to an alias - the uid never changes,,,2026-08-29,active
CE-00109-TA,NHO-WNHWNC-00,N-0204,Wai‘anae Hawaiian Civic Club,Native Hawaiian Organization,as recorded at first mint 2026-08-28; a reclassification updates this attribute and retires the handle to an alias - the uid never changes,,,2026-08-29,active
CE-0010A-03,NHO-WTRRSG-00,N-0205,WATRRS GROUP,Native Hawaiian Organization,as recorded at first mint 2026-08-28; a reclassification updates this attribute and retires the handle to an alias - the uid never changes,,,2026-08-29,active
CE-0010B-6W,SGVF-ASVCPR-00,,Association of Village Council Presidents,Federal-level self-governance consortium,as recorded at first mint 2026-08-28; a reclassification updates this attribute and retires the handle to an alias - the uid never changes,,,2026-08-29,active
CE-0010C-CN,SGVF-BRBYAS-00,,Bristol Bay Native Association,Federal-level self-governance consortium,as recorded at first mint 2026-08-28; a reclassification updates this attribute and retires the handle to an alias - the uid never changes,,,2026-08-29,active
CE-0010D-JE,SGVF-BRSTLB-00,,Bristol Bay Area Health Corporation,Federal-level self-governance consortium,as recorded at first mint 2026-08-28; a reclassification updates this attribute and retires the handle to an alias - the uid never changes,,,2026-08-29,active
CE-0010E-R7,SGVF-CATHTG-00,,Council of Athabascan Tribal Governments,Federal-level self-governance consortium,as recorded at first mint 2026-08-28; a reclassification updates this attribute and retires the handle to an alias - the uid never changes,,,2026-08-29,active
CE-0010F-Y0,SGVF-CHGCMT-00,,Chugachmiut self-governance consortium,Federal-level self-governance consortium,as recorded at first mint 2026-08-28; a reclassification updates this attribute and retires the handle to an alias - the uid never changes,,,2026-08-29,active
CE-0010G-4S,SGVF-CPPRRV-00,,Copper River Native Association,Federal-level self-governance consortium,as recorded at first mint 2026-08-28; a reclassification updates this attribute and retires the handle to an alias - the uid never changes,,,2026-08-29,active
CE-0010H-AJ,SGVF-KAWRAK-00,,Kawerak Incorporated,Federal-level self-governance consortium,as recorded at first mint 2026-08-28; a reclassification updates this attribute and retires the handle to an alias - the uid never changes,,,2026-08-29,active
CE-0010J-GB,SGVF-MANLLQ-00,,Maniilaq Association,Federal-level self-governance consortium,as recorded at first mint 2026-08-28; a reclassification updates this attribute and retires the handle to an alias - the uid never changes,,,2026-08-29,active
CE-0010K-P4,SGVF-PRBLFA-00,,Aleutian Pribilof Islands Association,Federal-level self-governance consortium,as recorded at first mint 2026-08-28; a reclassification updates this attribute and retires the handle to an alias - the uid never changes,,,2026-08-29,active
CE-0010M-WX,SGVF-TNNACH-00,,"Tanana Chiefs Conference, Incorporated",Federal-level self-governance consortium,as recorded at first mint 2026-08-28; a reclassification updates this attribute and retires the handle to an alias - the uid never changes,,,2026-08-29,active
CE-0010N-2P,TCU-BLCKF1-00,,Blackfeet Community College,Tribal College or University,as recorded at first mint 2026-08-28; a reclassification updates this attribute and retires the handle to an alias - the uid never changes,,,2026-08-29,active
CE-0010P-8F,TCU-BYMLL1-00,,Bay Mills Community College,Tribal College or University,as recorded at first mint 2026-08-28; a reclassification updates this attribute and retires the handle to an alias - the uid never changes,,,2026-08-29,active
CE-0010Q-E8,TCU-CHFDLL-00,,Chief Dull Knife College,Tribal College or University,as recorded at first mint 2026-08-28; a reclassification updates this attribute and retires the handle to an alias - the uid never changes,,,2026-08-29,active
CE-0010R-M1,TCU-CLFRN1-00,,California Indian Nations College,Tribal College or University,as recorded at first mint 2026-08-28; a reclassification updates this attribute and retires the handle to an alias - the uid never changes,,,2026-08-29,active
CE-0010S-TT,TCU-CLFRNT-00,,California Tribal College,Tribal College or University,as recorded at first mint 2026-08-28; a reclassification updates this attribute and retires the handle to an alias - the uid never changes,,,2026-08-29,active
CE-0010T-0K,TCU-CLLGMN-00,,College of Menominee Nation,Tribal College or University,as recorded at first mint 2026-08-28; a reclassification updates this attribute and retires the handle to an alias - the uid never changes,,,2026-08-29,active
CE-0010V-6C,TCU-CLLGMS-00,,College of the Muscogee Nation,Tribal College or University,as recorded at first mint 2026-08-28; a reclassification updates this attribute and retires the handle to an alias - the uid never changes,,,2026-08-29,active
CE-0010W-C5,TCU-CNKDSK-00,,Cankdeska Cikana Community College,Tribal College or University,as recorded at first mint 2026-08-28; a reclassification updates this attribute and retires the handle to an alias - the uid never changes,,,2026-08-29,active
CE-0010X-JY,TCU-DNCLLG-00,,Diné College,Tribal College or University,as recorded at first mint 2026-08-28; a reclassification updates this attribute and retires the handle to an alias - the uid never changes,,,2026-08-29,active
CE-0010Y-RQ,TCU-FRTPCK-00,,Fort Peck Community College,Tribal College or University,as recorded at first mint 2026-08-28; a reclassification updates this attribute and retires the handle to an alias - the uid never changes,,,2026-08-29,active
CE-0010Z-YG,TCU-GLLLKT-00,,Oglala Lakota College,Tribal College or University,as recorded at first mint 2026-08-28; a reclassification updates this attribute and retires the handle to an alias - the uid never changes,,,2026-08-29,active
CE-00110-9S,TCU-HSKLLN-00,,Haskell Indian Nations University,Tribal College or University,as recorded at first mint 2026-08-28; a reclassification updates this attribute and retires the handle to an alias - the uid never changes,,,2026-08-29,active
CE-00111-FJ,TCU-KWNWB1-00,,Keweenaw Bay Ojibwa Community College,Tribal College or University,as recorded at first mint 2026-08-28; a reclassification updates this attribute and retires the handle to an alias - the uid never changes,,,2026-08-29,active
CE-00112-NB,TCU-LCCRTR-00,,Lac Courte Oreilles Ojibwe University,Tribal College or University,as recorded at first mint 2026-08-28; a reclassification updates this attribute and retires the handle to an alias - the uid never changes,,,2026-08-29,active
CE-00113-V4,TCU-LCHLKT-00,,Leech Lake Tribal College,Tribal College or University,as recorded at first mint 2026-08-28; a reclassification updates this attribute and retires the handle to an alias - the uid never changes,,,2026-08-29,active
CE-00114-1X,TCU-LSGVKC-00,,Iḷisaġvik College,Tribal College or University,as recorded at first mint 2026-08-28; a reclassification updates this attribute and retires the handle to an alias - the uid never changes,,,2026-08-29,active
CE-00115-7P,TCU-LTTLBG-00,,Little Big Horn College,Tribal College or University,as recorded at first mint 2026-08-28; a reclassification updates this attribute and retires the handle to an alias - the uid never changes,,,2026-08-29,active
CE-00116-DF,TCU-LTTLPR-00,,Little Priest Tribal College,Tribal College or University,as recorded at first mint 2026-08-28; a reclassification updates this attribute and retires the handle to an alias - the uid never changes,,,2026-08-29,active
CE-00117-K8,TCU-NBRSKN-00,,Nebraska Indian Community College,Tribal College or University,as recorded at first mint 2026-08-28; a reclassification updates this attribute and retires the handle to an alias - the uid never changes,,,2026-08-29,active
CE-00118-S1,TCU-NHNKDC-00,,Aaniiih Nakoda College,Tribal College or University,as recorded at first mint 2026-08-28; a reclassification updates this attribute and retires the handle to an alias - the uid never changes,,,2026-08-29,active
CE-00119-ZT,TCU-NRTHW3-00,,Northwest Indian College,Tribal College or University,as recorded at first mint 2026-08-28; a reclassification updates this attribute and retires the handle to an alias - the uid never changes,,,2026-08-29,active
CE-0011A-5K,TCU-NSTTTM-00,,Institute of American Indian Arts,Tribal College or University,as recorded at first mint 2026-08-28; a reclassification updates this attribute and retires the handle to an alias - the uid never changes,,,2026-08-29,active
CE-0011B-BC,TCU-NTDTRB-00,,United Tribes Technical College,Tribal College or University,as recorded at first mint 2026-08-28; a reclassification updates this attribute and retires the handle to an alias - the uid never changes,,,2026-08-29,active
CE-0011C-H5,TCU-NTHDTS-00,,Nueta Hidatsa Sahnish College,Tribal College or University,as recorded at first mint 2026-08-28; a reclassification updates this attribute and retires the handle to an alias - the uid never changes,,,2026-08-29,active
CE-0011D-QY,TCU-NVJTCH-00,,Navajo Technical University,Tribal College or University,as recorded at first mint 2026-08-28; a reclassification updates this attribute and retires the handle to an alias - the uid never changes,,,2026-08-29,active
CE-0011E-XQ,TCU-RDLKNT-00,,Red Lake Nation College,Tribal College or University,as recorded at first mint 2026-08-28; a reclassification updates this attribute and retires the handle to an alias - the uid never changes,,,2026-08-29,active
CE-0011F-3G,TCU-SGNWCH-00,,Saginaw Chippewa Tribal College,Tribal College or University,as recorded at first mint 2026-08-28; a reclassification updates this attribute and retires the handle to an alias - the uid never changes,,,2026-08-29,active
CE-0011G-99,TCU-SLSHKT-00,,Salish Kootenai College,Tribal College or University,as recorded at first mint 2026-08-28; a reclassification updates this attribute and retires the handle to an alias - the uid never changes,,,2026-08-29,active
CE-0011H-F2,TCU-SNCRL1-00,,San Carlos Apache College,Tribal College or University,as recorded at first mint 2026-08-28; a reclassification updates this attribute and retires the handle to an alias - the uid never changes,,,2026-08-29,active
CE-0011J-NV,TCU-SNTGLS-00,,Sinte Gleska University,Tribal College or University,as recorded at first mint 2026-08-28; a reclassification updates this attribute and retires the handle to an alias - the uid never changes,,,2026-08-29,active
CE-0011K-VM,TCU-SSSTNW-00,,Sisseton Wahpeton College,Tribal College or University,as recorded at first mint 2026-08-28; a reclassification updates this attribute and retires the handle to an alias - the uid never changes,,,2026-08-29,active
CE-0011M-1D,TCU-STHWST-00,,Southwestern Indian Polytechnic Institute,Tribal College or University,as recorded at first mint 2026-08-28; a reclassification updates this attribute and retires the handle to an alias - the uid never changes,,,2026-08-29,active
CE-0011N-76,TCU-STNCHL-00,,Stone Child College,Tribal College or University,as recorded at first mint 2026-08-28; a reclassification updates this attribute and retires the handle to an alias - the uid never changes,,,2026-08-29,active
CE-0011P-DZ,TCU-STTNGB-00,,Sitting Bull College,Tribal College or University,as recorded at first mint 2026-08-28; a reclassification updates this attribute and retires the handle to an alias - the uid never changes,,,2026-08-29,active
CE-0011Q-KR,TCU-THNDHM-00,,Tohono O’odham Community College,Tribal College or University,as recorded at first mint 2026-08-28; a reclassification updates this attribute and retires the handle to an alias - the uid never changes,,,2026-08-29,active
CE-0011R-SH,TCU-TRTLMN-00,,Turtle Mountain College,Tribal College or University,as recorded at first mint 2026-08-28; a reclassification updates this attribute and retires the handle to an alias - the uid never changes,,,2026-08-29,active
CE-0011S-ZA,TCU-WHTRTH-00,,White Earth Tribal and Community College,Tribal College or University,as recorded at first mint 2026-08-28; a reclassification updates this attribute and retires the handle to an alias - the uid never changes,,361,2026-08-29,active
CE-0011T-53,TRBF-ABSXFP-00,T-0020,Assiniboine and Sioux,Federally recognized tribe,as recorded at first mint 2026-08-28; a reclassification updates this attribute and retires the handle to an alias - the uid never changes,,8,2026-08-29,active
CE-0011V-BW,TRBF-ACLNTE-00,T-0003,Agua Caliente,Federally recognized tribe,as recorded at first mint 2026-08-28; a reclassification updates this attribute and retires the handle to an alias - the uid never changes,,2,2026-08-29,active
CE-0011W-HN,TRBF-ACOMAP-00,T-0410,Pueblo of Acoma,Federally recognized tribe,as recorded at first mint 2026-08-28; a reclassification updates this attribute and retires the handle to an alias - the uid never changes,,234,2026-08-29,active
CE-0011X-QE,TRBF-AGSTNE-00,T-0021,Augustine,Federally recognized tribe,as recorded at first mint 2026-08-28; a reclassification updates this attribute and retires the handle to an alias - the uid never changes,,9,2026-08-29,active
CE-0011Y-X7,TRBF-AKCHIN-00,T-0004,Ak Chin,Federally recognized tribe,as recorded at first mint 2026-08-28; a reclassification updates this attribute and retires the handle to an alias - the uid never changes,,3,2026-08-29,active
CE-0011Z-30,TRBF-ALCOUS-00,T-0007,Alabama-Coushatta,Federally recognized tribe,as recorded at first mint 2026-08-28; a reclassification updates this attribute and retires the handle to an alias - the uid never changes,,4,2026-08-29,active
CE-00120-E9,TRBF-ALQSRT-00,T-0008,Alabama-Quassarte Tribal Town,Federally recognized tribe,as recorded at first mint 2026-08-28; a reclassification updates this attribute and retires the handle to an alias - the uid never changes,,5,2026-08-29,active
CE-00121-M2,TRBF-ALTURS-00,T-0013,Alturas,Federally recognized tribe,as recorded at first mint 2026-08-28; a reclassification updates this attribute and retires the handle to an alias - the uid never changes,,6,2026-08-29,active
CE-00122-TV,TRBF-APCHOK-00,T-0017,Apache Tribe of Oklahoma,Federally recognized tribe,as recorded at first mint 2026-08-28; a reclassification updates this attribute and retires the handle to an alias - the uid never changes,,7,2026-08-29,active
CE-00123-0M,TRBF-AQNNAH-00,,Wampanoag,Federally recognized tribe,as recorded at first mint 2026-08-28; a reclassification updates this attribute and retires the handle to an alias - the uid never changes,,357,2026-08-29,active
CE-00124-6D,TRBF-ASHAWN-00,T-0001,Absentee-Shawnee,Federally recognized tribe,as recorded at first mint 2026-08-28; a reclassification updates this attribute and retires the handle to an alias - the uid never changes,,1,2026-08-29,active
CE-00125-C6,TRBF-AUBURN-00,T-0537,United Auburn,Federally recognized tribe,as recorded at first mint 2026-08-28; a reclassification updates this attribute and retires the handle to an alias - the uid never changes,,346,2026-08-29,active
CE-00126-JZ,TRBF-BADRVR-00,T-0022,Bad River Band,Federally recognized tribe,as recorded at first mint 2026-08-28; a reclassification updates this attribute and retires the handle to an alias - the uid never changes,,10,2026-08-29,active
CE-00127-RR,TRBF-BEARRV-00,T-0024,Bear River,Federally recognized tribe,as recorded at first mint 2026-08-28; a reclassification updates this attribute and retires the handle to an alias - the uid never changes,,14,2026-08-29,active
CE-00128-YH,TRBF-BELKNP-00,T-0119,Assiniboine and Gros Ventre Tribes,Federally recognized tribe,as recorded at first mint 2026-08-28; a reclassification updates this attribute and retires the handle to an alias - the uid never changes,,93,2026-08-29,active
CE-00129-4A,TRBF-BERRYC-00,T-0026,Berry Creek,Federally recognized tribe,as recorded at first mint 2026-08-28; a reclassification updates this attribute and retires the handle to an alias - the uid never changes,,15,2026-08-29,active
CE-0012A-A3,TRBF-BGLAGN-00,T-0027,Big Lagoon,Federally recognized tribe,as recorded at first mint 2026-08-28; a reclassification updates this attribute and retires the handle to an alias - the uid never changes,,17,2026-08-29,active
CE-0012B-GW,TRBF-BGPINE-00,T-0028,Big Pine Reservation,Federally recognized tribe,as recorded at first mint 2026-08-28; a reclassification updates this attribute and retires the handle to an alias - the uid never changes,,18,2026-08-29,active
CE-0012C-PN,TRBF-BGSNDY-00,T-0029,Big Sandy,Federally recognized tribe,as recorded at first mint 2026-08-28; a reclassification updates this attribute and retires the handle to an alias - the uid never changes,,19,2026-08-29,active
CE-0012D-WE,TRBF-BGVALY-00,T-0030,Big Valley Rancheria,Federally recognized tribe,as recorded at first mint 2026-08-28; a reclassification updates this attribute and retires the handle to an alias - the uid never changes,,20,2026-08-29,active
CE-0012E-27,TRBF-BIDWLL-00,T-0120,Fort Bidwell,Federally recognized tribe,as recorded at first mint 2026-08-28; a reclassification updates this attribute and retires the handle to an alias - the uid never changes,,94,2026-08-29,active
CE-0012F-80,TRBF-BISHOP-00,T-0032,Bishop Paiute,Federally recognized tribe,as recorded at first mint 2026-08-28; a reclassification updates this attribute and retires the handle to an alias - the uid never changes,,21,2026-08-29,active
CE-0012G-ES,TRBF-BLCKFT-00,T-0033,Blackfeet,Federally recognized tribe,as recorded at first mint 2026-08-28; a reclassification updates this attribute and retires the handle to an alias - the uid never changes,,22,2026-08-29,active
CE-0012H-MJ,TRBF-BLULKE-00,T-0034,Blue Lake,Federally recognized tribe,as recorded at first mint 2026-08-28; a reclassification updates this attribute and retires the handle to an alias - the uid never changes,,23,2026-08-29,active
CE-0012J-TB,TRBF-BNVSTA-00,T-0036,Buena Vista Rancheria,Federally recognized tribe,as recorded at first mint 2026-08-28; a reclassification updates this attribute and retires the handle to an alias - the uid never changes,,26,2026-08-29,active
CE-0012K-04,TRBF-BRGPRT-00,T-0035,Bridgeport,Federally recognized tribe,as recorded at first mint 2026-08-28; a reclassification updates this attribute and retires the handle to an alias - the uid never changes,,25,2026-08-29,active
CE-0012M-6X,TRBF-BURNST-00,T-0037,Burns Paiute,Federally recognized tribe,as recorded at first mint 2026-08-28; a reclassification updates this attribute and retires the handle to an alias - the uid never changes,,27,2026-08-29,active
CE-0012N-CP,TRBF-BYMLLS-00,T-0023,Bay Mills,Federally recognized tribe,as recorded at first mint 2026-08-28; a reclassification updates this attribute and retires the handle to an alias - the uid never changes,,13,2026-08-29,active
CE-0012P-JF,TRBF-CABAZN-00,T-0038,Cabazon,Federally recognized tribe,as recorded at first mint 2026-08-28; a reclassification updates this attribute and retires the handle to an alias - the uid never changes,,28,2026-08-29,active
CE-0012Q-R8,TRBF-CACHLD-00,T-0039,Cachil DeHe,Federally recognized tribe,as recorded at first mint 2026-08-28; a reclassification updates this attribute and retires the handle to an alias - the uid never changes,Colusa Indian Community (short form),29,2026-08-29,active
CE-0012R-Y1,TRBF-CADDON-00,T-0040,Caddo,Federally recognized tribe,as recorded at first mint 2026-08-28; a reclassification updates this attribute and retires the handle to an alias - the uid never changes,,30,2026-08-29,active
CE-0012S-4T,TRBF-CAHTOT-00,T-0041,Cahto,Federally recognized tribe,as recorded at first mint 2026-08-28; a reclassification updates this attribute and retires the handle to an alias - the uid never changes,,31,2026-08-29,active
CE-0012T-AK,TRBF-CAMPOB-00,T-0044,Campo,Federally recognized tribe,as recorded at first mint 2026-08-28; a reclassification updates this attribute and retires the handle to an alias - the uid never changes,,34,2026-08-29,active
CE-0012V-GC,TRBF-CATWBA-00,T-0048,Catawba,Federally recognized tribe,as recorded at first mint 2026-08-28; a reclassification updates this attribute and retires the handle to an alias - the uid never changes,,37,2026-08-29,active
CE-0012W-P5,TRBF-CAVLLY-00,T-0043,California Valley,Federally recognized tribe,as recorded at first mint 2026-08-28; a reclassification updates this attribute and retires the handle to an alias - the uid never changes,,,2026-08-29,active
CE-0012X-WY,TRBF-CAYUGA-00,T-0049,Cayuga Nation of New York,Federally recognized tribe,as recorded at first mint 2026-08-28; a reclassification updates this attribute and retires the handle to an alias - the uid never changes,,38,2026-08-29,active
CE-0012Y-2Q,TRBF-CEDARV-00,T-0050,Cedarville,Federally recognized tribe,as recorded at first mint 2026-08-28; a reclassification updates this attribute and retires the handle to an alias - the uid never changes,,40,2026-08-29,active
CE-0012Z-8G,TRBF-CFTGSH-00,T-0086,Confederated Goshute,Federally recognized tribe,as recorded at first mint 2026-08-28; a reclassification updates this attribute and retires the handle to an alias - the uid never changes,,64,2026-08-29,active
CE-00130-KS,TRBF-CHCKHE-00,T-0061,Chickahominy Indians-Eastern Division,Federally recognized tribe,as recorded at first mint 2026-08-28; a reclassification updates this attribute and retires the handle to an alias - the uid never changes,,47,2026-08-29,active
CE-00131-SJ,TRBF-CHCKHT-00,T-0060,"Chickahominy Indian Tribe, Inc.",Federally recognized tribe,as recorded at first mint 2026-08-28; a reclassification updates this attribute and retires the handle to an alias - the uid never changes,,46,2026-08-29,active
CE-00132-ZB,TRBF-CHCKNR-00,T-0063,Chicken Ranch,Federally recognized tribe,as recorded at first mint 2026-08-28; a reclassification updates this attribute and retires the handle to an alias - the uid never changes,,48,2026-08-29,active
CE-00133-54,TRBF-CHEHLS-00,T-0083,Chehalis,Federally recognized tribe,as recorded at first mint 2026-08-28; a reclassification updates this attribute and retires the handle to an alias - the uid never changes,,61,2026-08-29,active
CE-00134-BX,TRBF-CHKNAT-00,T-0056,Cherokee Nation,Federally recognized tribe,as recorded at first mint 2026-08-28; a reclassification updates this attribute and retires the handle to an alias - the uid never changes,,"347,43",2026-08-29,active
CE-00135-HP,TRBF-CHKSWN-00,T-0511,The Chickasaw Nation,Federally recognized tribe,as recorded at first mint 2026-08-28; a reclassification updates this attribute and retires the handle to an alias - the uid never changes,,325,2026-08-29,active
CE-00136-QF,TRBF-CHLLAB-00,T-0042,Cahuilla,Federally recognized tribe,as recorded at first mint 2026-08-28; a reclassification updates this attribute and retires the handle to an alias - the uid never changes,,32,2026-08-29,active
CE-00137-X8,TRBF-CHMHVI-00,T-0054,Chemehuevi,Federally recognized tribe,as recorded at first mint 2026-08-28; a reclassification updates this attribute and retires the handle to an alias - the uid never changes,,41,2026-08-29,active
CE-00138-31,TRBF-CHRAEH-00,T-0055,Cher-Ae Heights,Federally recognized tribe,as recorded at first mint 2026-08-28; a reclassification updates this attribute and retires the handle to an alias - the uid never changes,,42,2026-08-29,active
CE-00139-9T,TRBF-CHTMCH-00,T-0070,Chitimacha,Federally recognized tribe,as recorded at first mint 2026-08-28; a reclassification updates this attribute and retires the handle to an alias - the uid never changes,,50,2026-08-29,active
CE-0013A-FK,TRBF-CHYARP-00,T-0059,Cheyenne and Arapaho Tribes,Federally recognized tribe,as recorded at first mint 2026-08-28; a reclassification updates this attribute and retires the handle to an alias - the uid never changes,,44,2026-08-29,active
CE-0013B-NC,TRBF-CHYNRV-00,T-0058,Cheyenne River Sioux Tribe,Federally recognized tribe,as recorded at first mint 2026-08-28; a reclassification updates this attribute and retires the handle to an alias - the uid never changes,,45,2026-08-29,active
CE-0013C-V5,TRBF-CITIZN-00,T-0073,Citizen Potawatomi Nation,Federally recognized tribe,as recorded at first mint 2026-08-28; a reclassification updates this attribute and retires the handle to an alias - the uid never changes,,51,2026-08-29,active
CE-0013D-1Y,TRBF-CLDSPR-00,T-0077,Cold Springs,Federally recognized tribe,as recorded at first mint 2026-08-28; a reclassification updates this attribute and retires the handle to an alias - the uid never changes,,55,2026-08-29,active
CE-0013E-7Q,TRBF-CLUSLW-00,T-0085,Confederated Coos,Federally recognized tribe,as recorded at first mint 2026-08-28; a reclassification updates this attribute and retires the handle to an alias - the uid never changes,,63,2026-08-29,active
CE-0013F-DG,TRBF-CLVRDL-00,T-0074,Cloverdale,Federally recognized tribe,as recorded at first mint 2026-08-28; a reclassification updates this attribute and retires the handle to an alias - the uid never changes,,52,2026-08-29,active
CE-0013G-K9,TRBF-CMNCHE-00,T-0079,Comanche Nation,Federally recognized tribe,as recorded at first mint 2026-08-28; a reclassification updates this attribute and retires the handle to an alias - the uid never changes,,57,2026-08-29,active
CE-0013H-S2,TRBF-COCHTI-00,T-0411,Pueblo of Cochiti,Federally recognized tribe,as recorded at first mint 2026-08-28; a reclassification updates this attribute and retires the handle to an alias - the uid never changes,,235,2026-08-29,active
CE-0013J-ZV,TRBF-COCOPH-00,T-0075,Cocopah,Federally recognized tribe,as recorded at first mint 2026-08-28; a reclassification updates this attribute and retires the handle to an alias - the uid never changes,,53,2026-08-29,active
CE-0013K-5M,TRBF-COLVLL-00,T-0084,Confederated Colville,Federally recognized tribe,as recorded at first mint 2026-08-28; a reclassification updates this attribute and retires the handle to an alias - the uid never changes,,62,2026-08-29,active
CE-0013M-BD,TRBF-COQLLE-00,T-0090,Coquille,Federally recognized tribe,as recorded at first mint 2026-08-28; a reclassification updates this attribute and retires the handle to an alias - the uid never changes,,68,2026-08-29,active
CE-0013N-H6,TRBF-CORIVR-00,T-0078,Colorado River,Federally recognized tribe,as recorded at first mint 2026-08-28; a reclassification updates this attribute and retires the handle to an alias - the uid never changes,,56,2026-08-29,active
CE-0013P-QZ,TRBF-COUSLA-00,T-0091,Coushatta,Federally recognized tribe,as recorded at first mint 2026-08-28; a reclassification updates this attribute and retires the handle to an alias - the uid never changes,,69,2026-08-29,active
CE-0013Q-XR,TRBF-COWCRU-00,T-0092,Cow Creek,Federally recognized tribe,as recorded at first mint 2026-08-28; a reclassification updates this attribute and retires the handle to an alias - the uid never changes,,70,2026-08-29,active
CE-0013R-3H,TRBF-COWLTZ-00,T-0093,Cowlitz,Federally recognized tribe,as recorded at first mint 2026-08-28; a reclassification updates this attribute and retires the handle to an alias - the uid never changes,,71,2026-08-29,active
CE-0013S-9A,TRBF-CPTNGR-00,,Capitan Grande Band,Federally recognized tribe,as recorded at first mint 2026-08-28; a reclassification updates this attribute and retires the handle to an alias - the uid never changes,,,2026-08-29,active
CE-0013T-F3,TRBF-CRDALN-00,T-0076,Coeur D'Alene,Federally recognized tribe,as recorded at first mint 2026-08-28; a reclassification updates this attribute and retires the handle to an alias - the uid never changes,,54,2026-08-29,active
CE-0013V-NW,TRBF-CROWCR-00,T-0096,Crow Creek,Federally recognized tribe,as recorded at first mint 2026-08-28; a reclassification updates this attribute and retires the handle to an alias - the uid never changes,,73,2026-08-29,active
CE-0013W-VN,TRBF-CROWMT-00,T-0097,Crow,Federally recognized tribe,as recorded at first mint 2026-08-28; a reclassification updates this attribute and retires the handle to an alias - the uid never changes,,74,2026-08-29,active
CE-0013X-1E,TRBF-CSKTFR-00,T-0080,Confederated Salish,Federally recognized tribe,as recorded at first mint 2026-08-28; a reclassification updates this attribute and retires the handle to an alias - the uid never changes,,58,2026-08-29,active
CE-0013Y-77,TRBF-CTWNAT-00,T-0512,The Choctaw Nation of Oklahoma,Federally recognized tribe,as recorded at first mint 2026-08-28; a reclassification updates this attribute and retires the handle to an alias - the uid never changes,,326,2026-08-29,active
CE-0013Z-D0,TRBF-CVERDE-00,T-0579,Yavapai-Apache,Federally recognized tribe,as recorded at first mint 2026-08-28; a reclassification updates this attribute and retires the handle to an alias - the uid never changes,,373,2026-08-29,active
CE-00140-R9,TRBF-CYOTEV-00,T-0094,Coyote Valley,Federally recognized tribe,as recorded at first mint 2026-08-28; a reclassification updates this attribute and retires the handle to an alias - the uid never changes,,72,2026-08-29,active
CE-00141-Y2,TRBF-DELAWN-00,T-0099,Delaware Nation,Federally recognized tribe,as recorded at first mint 2026-08-28; a reclassification updates this attribute and retires the handle to an alias - the uid never changes,,75,2026-08-29,active
CE-00142-4V,TRBF-DELAWT-00,T-0100,Delaware Tribe of Indians,Federally recognized tribe,as recorded at first mint 2026-08-28; a reclassification updates this attribute and retires the handle to an alias - the uid never changes,,76,2026-08-29,active
CE-00143-AM,TRBF-DRYCRK-00,T-0102,Dry Creek,Federally recognized tribe,as recorded at first mint 2026-08-28; a reclassification updates this attribute and retires the handle to an alias - the uid never changes,,78,2026-08-29,active
CE-00144-GD,TRBF-DUCKVY-00,T-0481,Shoshone-Paiute,Federally recognized tribe,as recorded at first mint 2026-08-28; a reclassification updates this attribute and retires the handle to an alias - the uid never changes,,299,2026-08-29,active
CE-00145-P6,TRBF-DUCKWT-00,T-0103,Duckwater,Federally recognized tribe,as recorded at first mint 2026-08-28; a reclassification updates this attribute and retires the handle to an alias - the uid never changes,,79,2026-08-29,active
CE-00146-WZ,TRBF-ELEMCL-00,T-0109,Elem,Federally recognized tribe,as recorded at first mint 2026-08-28; a reclassification updates this attribute and retires the handle to an alias - the uid never changes,,83,2026-08-29,active
CE-00147-2R,TRBF-ELKVLY-00,T-0110,Elk Valley,Federally recognized tribe,as recorded at first mint 2026-08-28; a reclassification updates this attribute and retires the handle to an alias - the uid never changes,,84,2026-08-29,active
CE-00148-8H,TRBF-ELYTNV-00,T-0111,Ely Shoshone,Federally recognized tribe,as recorded at first mint 2026-08-28; a reclassification updates this attribute and retires the handle to an alias - the uid never changes,,86,2026-08-29,active
CE-00149-EA,TRBF-ENTPRS-00,T-0113,Enterprise,Federally recognized tribe,as recorded at first mint 2026-08-28; a reclassification updates this attribute and retires the handle to an alias - the uid never changes,,87,2026-08-29,active
CE-0014A-M3,TRBF-ESHAWN-00,T-0105,Eastern Shawnee Tribe of Oklahoma,Federally recognized tribe,as recorded at first mint 2026-08-28; a reclassification updates this attribute and retires the handle to an alias - the uid never changes,,81,2026-08-29,active
CE-0014B-TW,TRBF-ESTCHK-00,T-0104,Eastern Cherokee,Federally recognized tribe,as recorded at first mint 2026-08-28; a reclassification updates this attribute and retires the handle to an alias - the uid never changes,,80,2026-08-29,active
CE-0014C-0N,TRBF-ESWNDR-00,T-0106,Eastern Shoshone,Federally recognized tribe,as recorded at first mint 2026-08-28; a reclassification updates this attribute and retires the handle to an alias - the uid never changes,,82,2026-08-29,active
CE-0014D-6E,TRBF-FALLON-00,T-0378,Paiute-Shoshone,Federally recognized tribe,as recorded at first mint 2026-08-28; a reclassification updates this attribute and retires the handle to an alias - the uid never changes,,210,2026-08-29,active
CE-0014E-C7,TRBF-FLANDR-00,T-0117,Flandreau,Federally recognized tribe,as recorded at first mint 2026-08-28; a reclassification updates this attribute and retires the handle to an alias - the uid never changes,,90,2026-08-29,active
CE-0014F-J0,TRBF-FMCDWL-00,T-0123,Fort McDowell,Federally recognized tribe,as recorded at first mint 2026-08-28; a reclassification updates this attribute and retires the handle to an alias - the uid never changes,Ft. McDowell Yavapai Nation (spelling variant),97,2026-08-29,active
CE-0014G-RS,TRBF-FSCWSA-00,T-0125,Fort Sill-Chiricahua-Warm Springs-Apache Tribe,Federally recognized tribe,as recorded at first mint 2026-08-28; a reclassification updates this attribute and retires the handle to an alias - the uid never changes,Fort Sill Apache Tribe (short form),99,2026-08-29,active
CE-0014H-YJ,TRBF-FSTCTY-00,T-0118,Forest County,Federally recognized tribe,as recorded at first mint 2026-08-28; a reclassification updates this attribute and retires the handle to an alias - the uid never changes,,"186,92",2026-08-29,active
CE-0014J-4B,TRBF-FTHALL-00,T-0480,Shoshone-Bannock,Federally recognized tribe,as recorded at first mint 2026-08-28; a reclassification updates this attribute and retires the handle to an alias - the uid never changes,,298,2026-08-29,active
CE-0014K-A4,TRBF-FTINDP-00,T-0121,Fort Independence,Federally recognized tribe,as recorded at first mint 2026-08-28; a reclassification updates this attribute and retires the handle to an alias - the uid never changes,,95,2026-08-29,active
CE-0014M-GX,TRBF-FTMCDM-00,T-0122,Fort McDermitt,Federally recognized tribe,as recorded at first mint 2026-08-28; a reclassification updates this attribute and retires the handle to an alias - the uid never changes,,96,2026-08-29,active
CE-0014N-PP,TRBF-GILARV-00,T-0126,Gila River,Federally recognized tribe,as recorded at first mint 2026-08-28; a reclassification updates this attribute and retires the handle to an alias - the uid never changes,,100,2026-08-29,active
CE-0014P-WF,TRBF-GRATON-00,T-0116,Federated Indians of Graton,Federally recognized tribe,as recorded at first mint 2026-08-28; a reclassification updates this attribute and retires the handle to an alias - the uid never changes,,89,2026-08-29,active
CE-0014Q-28,TRBF-GREENV-00,T-0128,Greenville,Federally recognized tribe,as recorded at first mint 2026-08-28; a reclassification updates this attribute and retires the handle to an alias - the uid never changes,,103,2026-08-29,active
CE-0014R-81,TRBF-GRNDST-00,T-0129,Grindstone,Federally recognized tribe,as recorded at first mint 2026-08-28; a reclassification updates this attribute and retires the handle to an alias - the uid never changes,,104,2026-08-29,active
CE-0014S-ET,TRBF-GRNRND-00,T-0087,Grand Ronde Tribes,Federally recognized tribe,as recorded at first mint 2026-08-28; a reclassification updates this attribute and retires the handle to an alias - the uid never changes,,65,2026-08-29,active
CE-0014T-MK,TRBF-GRTRVS-00,T-0127,Grand Traverse,Federally recognized tribe,as recorded at first mint 2026-08-28; a reclassification updates this attribute and retires the handle to an alias - the uid never changes,,102,2026-08-29,active
CE-0014V-TC,TRBF-GUIDIV-00,T-0130,Guidiville,Federally recognized tribe,as recorded at first mint 2026-08-28; a reclassification updates this attribute and retires the handle to an alias - the uid never changes,,105,2026-08-29,active
CE-0014W-05,TRBF-HANNHV-00,T-0133,Hannahville,Federally recognized tribe,as recorded at first mint 2026-08-28; a reclassification updates this attribute and retires the handle to an alias - the uid never changes,,107,2026-08-29,active
CE-0014X-6Y,TRBF-HAVASP-00,T-0134,Havasupai,Federally recognized tribe,as recorded at first mint 2026-08-28; a reclassification updates this attribute and retires the handle to an alias - the uid never changes,,108,2026-08-29,active
CE-0014Y-CQ,TRBF-HBMTLL-00,T-0132,Habematolel,Federally recognized tribe,as recorded at first mint 2026-08-28; a reclassification updates this attribute and retires the handle to an alias - the uid never changes,,106,2026-08-29,active
CE-0014Z-JG,TRBF-HLTNML-00,T-0143,Houlton,Federally recognized tribe,as recorded at first mint 2026-08-28; a reclassification updates this attribute and retires the handle to an alias - the uid never changes,,114,2026-08-29,active
CE-00150-XS,TRBF-HOCHNK-00,T-0136,Ho-Chunk,Federally recognized tribe,as recorded at first mint 2026-08-28; a reclassification updates this attribute and retires the handle to an alias - the uid never changes,,109,2026-08-29,active
CE-00151-3J,TRBF-HOHTRB-00,T-0137,Hoh,Federally recognized tribe,as recorded at first mint 2026-08-28; a reclassification updates this attribute and retires the handle to an alias - the uid never changes,,110,2026-08-29,active
CE-00152-9B,TRBF-HOOPAV-00,T-0140,Hoopa,Federally recognized tribe,as recorded at first mint 2026-08-28; a reclassification updates this attribute and retires the handle to an alias - the uid never changes,,111,2026-08-29,active
CE-00153-F4,TRBF-HOPIAZ-00,T-0141,Hopi,Federally recognized tribe,as recorded at first mint 2026-08-28; a reclassification updates this attribute and retires the handle to an alias - the uid never changes,,112,2026-08-29,active
CE-00154-NX,TRBF-HPLAND-00,T-0142,Hopland,Federally recognized tribe,as recorded at first mint 2026-08-28; a reclassification updates this attribute and retires the handle to an alias - the uid never changes,,113,2026-08-29,active
CE-00155-VP,TRBF-HUALAP-00,T-0144,Hualapai,Federally recognized tribe,as recorded at first mint 2026-08-28; a reclassification updates this attribute and retires the handle to an alias - the uid never changes,,115,2026-08-29,active
CE-00156-1F,TRBF-IIPAYN-00,T-0149,Iipay Nation of Santa Ysabel,Federally recognized tribe,as recorded at first mint 2026-08-28; a reclassification updates this attribute and retires the handle to an alias - the uid never changes,,116,2026-08-29,active
CE-00157-78,TRBF-INAJAB-00,T-0150,Inaja,Federally recognized tribe,as recorded at first mint 2026-08-28; a reclassification updates this attribute and retires the handle to an alias - the uid never changes,,117,2026-08-29,active
CE-00158-D1,TRBF-IONEBD-00,T-0152,Ione,Federally recognized tribe,as recorded at first mint 2026-08-28; a reclassification updates this attribute and retires the handle to an alias - the uid never changes,,119,2026-08-29,active
CE-00159-KT,TRBF-IOWAKN-00,T-0153,Iowa of Kansas,Federally recognized tribe,as recorded at first mint 2026-08-28; a reclassification updates this attribute and retires the handle to an alias - the uid never changes,,120,2026-08-29,active
CE-0015A-SK,TRBF-IOWAOK-00,T-0154,Iowa of Oklahoma,Federally recognized tribe,as recorded at first mint 2026-08-28; a reclassification updates this attribute and retires the handle to an alias - the uid never changes,,121,2026-08-29,active
CE-0015B-ZC,TRBF-ISLETA-00,T-0412,Pueblo of Isleta,Federally recognized tribe,as recorded at first mint 2026-08-28; a reclassification updates this attribute and retires the handle to an alias - the uid never changes,,236,2026-08-29,active
CE-0015C-55,TRBF-JAMULV-00,T-0159,Jamul,Federally recognized tribe,as recorded at first mint 2026-08-28; a reclassification updates this attribute and retires the handle to an alias - the uid never changes,,124,2026-08-29,active
CE-0015D-BY,TRBF-JCKMWK-00,T-0157,Jackson,Federally recognized tribe,as recorded at first mint 2026-08-28; a reclassification updates this attribute and retires the handle to an alias - the uid never changes,,122,2026-08-29,active
CE-0015E-HQ,TRBF-JCRLLA-00,T-0161,Jicarilla Apache Nation,Federally recognized tribe,as recorded at first mint 2026-08-28; a reclassification updates this attribute and retires the handle to an alias - the uid never changes,,126,2026-08-29,active
CE-0015F-QG,TRBF-JEMEZP-00,T-0413,Pueblo of Jemez,Federally recognized tribe,as recorded at first mint 2026-08-28; a reclassification updates this attribute and retires the handle to an alias - the uid never changes,,237,2026-08-29,active
CE-0015G-X9,TRBF-JMSTSK-00,T-0158,Jamestown,Federally recognized tribe,as recorded at first mint 2026-08-28; a reclassification updates this attribute and retires the handle to an alias - the uid never changes,,123,2026-08-29,active
CE-0015H-32,TRBF-JNACTW-00,T-0160,Jena,Federally recognized tribe,as recorded at first mint 2026-08-28; a reclassification updates this attribute and retires the handle to an alias - the uid never changes,,125,2026-08-29,active
CE-0015J-9V,TRBF-KAIBAB-00,T-0163,Kaibab,Federally recognized tribe,as recorded at first mint 2026-08-28; a reclassification updates this attribute and retires the handle to an alias - the uid never changes,,127,2026-08-29,active
CE-0015K-FM,TRBF-KALSPL-00,T-0165,Kalispel,Federally recognized tribe,as recorded at first mint 2026-08-28; a reclassification updates this attribute and retires the handle to an alias - the uid never changes,,128,2026-08-29,active
CE-0015M-ND,TRBF-KARUKT-00,T-0166,Karuk,Federally recognized tribe,as recorded at first mint 2026-08-28; a reclassification updates this attribute and retires the handle to an alias - the uid never changes,,130,2026-08-29,active
CE-0015N-V6,TRBF-KASHIA-00,T-0167,Kashia,Federally recognized tribe,as recorded at first mint 2026-08-28; a reclassification updates this attribute and retires the handle to an alias - the uid never changes,Stewarts Point Rancheria (historical filings),"131,313",2026-08-29,active
CE-0015P-1Z,TRBF-KAWNOK-00,T-0169,Kaw,Federally recognized tribe,as recorded at first mint 2026-08-28; a reclassification updates this attribute and retires the handle to an alias - the uid never changes,,132,2026-08-29,active
CE-0015Q-7R,TRBF-KCKPKS-00,T-0175,Kickapoo Tribe in Kansas,Federally recognized tribe,as recorded at first mint 2026-08-28; a reclassification updates this attribute and retires the handle to an alias - the uid never changes,,137,2026-08-29,active
CE-0015R-DH,TRBF-KCKPOK-00,T-0176,Kickapoo of Oklahoma,Federally recognized tribe,as recorded at first mint 2026-08-28; a reclassification updates this attribute and retires the handle to an alias - the uid never changes,,138,2026-08-29,active
CE-0015S-KA,TRBF-KCKPTX-00,T-0174,Kickapoo of Texas,Federally recognized tribe,as recorded at first mint 2026-08-28; a reclassification updates this attribute and retires the handle to an alias - the uid never changes,,136,2026-08-29,active
CE-0015T-S3,TRBF-KILGEE-00,T-0173,Kialegee Tribal Town,Federally recognized tribe,as recorded at first mint 2026-08-28; a reclassification updates this attribute and retires the handle to an alias - the uid never changes,,135,2026-08-29,active
CE-0015V-ZW,TRBF-KIOWAT-00,T-0179,Kiowa Tribe,Federally recognized tribe,as recorded at first mint 2026-08-28; a reclassification updates this attribute and retires the handle to an alias - the uid never changes,,139,2026-08-29,active
CE-0015W-5N,TRBF-KLAMTH-00,T-0180,Klamath,Federally recognized tribe,as recorded at first mint 2026-08-28; a reclassification updates this attribute and retires the handle to an alias - the uid never changes,,140,2026-08-29,active
CE-0015X-BE,TRBF-KLTSLD-00,T-0182,Kletsel Dehe Wintun,Federally recognized tribe,as recorded at first mint 2026-08-28; a reclassification updates this attribute and retires the handle to an alias - the uid never changes,Cortina Band of Wintun Indians (until 2021),141,2026-08-29,active
CE-0015Y-H7,TRBF-KOINCA-00,T-0184,Koi,Federally recognized tribe,as recorded at first mint 2026-08-28; a reclassification updates this attribute and retires the handle to an alias - the uid never changes,,142,2026-08-29,active
CE-0015Z-Q0,TRBF-KTNIID-00,T-0186,Kootenai,Federally recognized tribe,as recorded at first mint 2026-08-28; a reclassification updates this attribute and retires the handle to an alias - the uid never changes,,144,2026-08-29,active
CE-00160-29,TRBF-KWNWBY-00,T-0172,Keweenaw,Federally recognized tribe,as recorded at first mint 2026-08-28; a reclassification updates this attribute and retires the handle to an alias - the uid never changes,,134,2026-08-29,active
CE-00161-82,TRBF-LAGUNA-00,T-0414,Pueblo of Laguna,Federally recognized tribe,as recorded at first mint 2026-08-28; a reclassification updates this attribute and retires the handle to an alias - the uid never changes,,238,2026-08-29,active
CE-00162-EV,TRBF-LBRULE-00,T-0203,Lower Brule,Federally recognized tribe,as recorded at first mint 2026-08-28; a reclassification updates this attribute and retires the handle to an alias - the uid never changes,,160,2026-08-29,active
CE-00163-MM,TRBF-LCORLS-00,T-0190,Lac Courte Oreilles,Federally recognized tribe,as recorded at first mint 2026-08-28; a reclassification updates this attribute and retires the handle to an alias - the uid never changes,,147,2026-08-29,active
CE-00164-TD,TRBF-LCYTES-00,T-0200,Los Coyotes,Federally recognized tribe,as recorded at first mint 2026-08-28; a reclassification updates this attribute and retires the handle to an alias - the uid never changes,,158,2026-08-29,active
CE-00165-06,TRBF-LELWHA-00,T-0204,Lower Elwha,Federally recognized tribe,as recorded at first mint 2026-08-28; a reclassification updates this attribute and retires the handle to an alias - the uid never changes,,161,2026-08-29,active
CE-00166-6Z,TRBF-LFLAMB-00,T-0192,Lac du Flambeau,Federally recognized tribe,as recorded at first mint 2026-08-28; a reclassification updates this attribute and retires the handle to an alias - the uid never changes,,148,2026-08-29,active
CE-00167-CR,TRBF-LJOLLA-00,T-0188,La Jolla,Federally recognized tribe,as recorded at first mint 2026-08-28; a reclassification updates this attribute and retires the handle to an alias - the uid never changes,,145,2026-08-29,active
CE-00168-JH,TRBF-LNPINE-00,T-0199,Lone Pine,Federally recognized tribe,as recorded at first mint 2026-08-28; a reclassification updates this attribute and retires the handle to an alias - the uid never changes,,156,2026-08-29,active
CE-00169-RA,TRBF-LPOSTA-00,T-0189,La Posta,Federally recognized tribe,as recorded at first mint 2026-08-28; a reclassification updates this attribute and retires the handle to an alias - the uid never changes,,146,2026-08-29,active
CE-0016A-Y3,TRBF-LRIVER-00,T-0196,Little River,Federally recognized tribe,as recorded at first mint 2026-08-28; a reclassification updates this attribute and retires the handle to an alias - the uid never changes,,153,2026-08-29,active
CE-0016B-4W,TRBF-LSHELL-00,T-0197,Little Shell Tribe,Federally recognized tribe,as recorded at first mint 2026-08-28; a reclassification updates this attribute and retires the handle to an alias - the uid never changes,,154,2026-08-29,active
CE-0016C-AN,TRBF-LSVGAS-00,T-0193,Las Vegas,Federally recognized tribe,as recorded at first mint 2026-08-28; a reclassification updates this attribute and retires the handle to an alias - the uid never changes,,150,2026-08-29,active
CE-0016D-GE,TRBF-LTRVRS-00,T-0198,Little Traverse,Federally recognized tribe,as recorded at first mint 2026-08-28; a reclassification updates this attribute and retires the handle to an alias - the uid never changes,,155,2026-08-29,active
CE-0016E-P7,TRBF-LUMBEE-00,T-0206,Lumbee,Federally recognized tribe,as recorded at first mint 2026-08-28; a reclassification updates this attribute and retires the handle to an alias - the uid never changes,,,2026-08-29,active
CE-0016F-W0,TRBF-LUMMIT-00,T-0207,Lummi,Federally recognized tribe,as recorded at first mint 2026-08-28; a reclassification updates this attribute and retires the handle to an alias - the uid never changes,,163,2026-08-29,active
CE-0016G-2S,TRBF-LVDSRT-00,T-0191,Lac Vieux,Federally recognized tribe,as recorded at first mint 2026-08-28; a reclassification updates this attribute and retires the handle to an alias - the uid never changes,,149,2026-08-29,active
CE-0016H-8J,TRBF-LVLOCK-00,T-0202,Lovelock,Federally recognized tribe,as recorded at first mint 2026-08-28; a reclassification updates this attribute and retires the handle to an alias - the uid never changes,,159,2026-08-29,active
CE-0016J-EB,TRBF-LWSXMN-00,T-0205,Lower Sioux,Federally recognized tribe,as recorded at first mint 2026-08-28; a reclassification updates this attribute and retires the handle to an alias - the uid never changes,,162,2026-08-29,active
CE-0016K-M4,TRBF-LYTTON-00,T-0208,Lytton,Federally recognized tribe,as recorded at first mint 2026-08-28; a reclassification updates this attribute and retires the handle to an alias - the uid never changes,,164,2026-08-29,active
CE-0016M-TX,TRBF-MAKAHN-00,T-0209,Makah,Federally recognized tribe,as recorded at first mint 2026-08-28; a reclassification updates this attribute and retires the handle to an alias - the uid never changes,,165,2026-08-29,active
CE-0016N-0P,TRBF-MCHPDA-00,T-0218,Mechoopda,Federally recognized tribe,as recorded at first mint 2026-08-28; a reclassification updates this attribute and retires the handle to an alias - the uid never changes,,171,2026-08-29,active
CE-0016P-6F,TRBF-MCHSTR-00,T-0210,Manchester,Federally recognized tribe,as recorded at first mint 2026-08-28; a reclassification updates this attribute and retires the handle to an alias - the uid never changes,,166,2026-08-29,active
CE-0016Q-C8,TRBF-MCKLSH-00,T-0242,Muckleshoot,Federally recognized tribe,as recorded at first mint 2026-08-28; a reclassification updates this attribute and retires the handle to an alias - the uid never changes,,189,2026-08-29,active
CE-0016R-J1,TRBF-MCSKEE-00,T-0226,Miccosukee,Federally recognized tribe,as recorded at first mint 2026-08-28; a reclassification updates this attribute and retires the handle to an alias - the uid never changes,,177,2026-08-29,active
CE-0016S-RT,TRBF-MDDLTN-00,T-0227,Middletown,Federally recognized tribe,as recorded at first mint 2026-08-28; a reclassification updates this attribute and retires the handle to an alias - the uid never changes,,178,2026-08-29,active
CE-0016T-YK,TRBF-MEBNSW-00,T-0216,Match-e-be-nash-she-wish Band,Federally recognized tribe,as recorded at first mint 2026-08-28; a reclassification updates this attribute and retires the handle to an alias - the uid never changes,,170,2026-08-29,active
CE-0016V-4C,TRBF-MESAGR-00,T-0221,Mesa Grande,Federally recognized tribe,as recorded at first mint 2026-08-28; a reclassification updates this attribute and retires the handle to an alias - the uid never changes,,173,2026-08-29,active
CE-0016W-A5,TRBF-MHATAT-00,T-0517,Three Affiliated,Federally recognized tribe,as recorded at first mint 2026-08-28; a reclassification updates this attribute and retires the handle to an alias - the uid never changes,"MHA Nation; Mandan, Hidatsa and Arikara Nation",331,2026-08-29,active
CE-0016X-GY,TRBF-MHEGAN-00,T-0238,Mohegan,Federally recognized tribe,as recorded at first mint 2026-08-28; a reclassification updates this attribute and retires the handle to an alias - the uid never changes,,184,2026-08-29,active
CE-0016Y-PQ,TRBF-MIAMIT-00,T-0225,Miami Tribe of Oklahoma,Federally recognized tribe,as recorded at first mint 2026-08-28; a reclassification updates this attribute and retires the handle to an alias - the uid never changes,,176,2026-08-29,active
CE-0016Z-WG,TRBF-MIKMAQ-00,T-0224,Mi'kmaq,Federally recognized tribe,as recorded at first mint 2026-08-28; a reclassification updates this attribute and retires the handle to an alias - the uid never changes,Aroostook Band of Micmacs (until 2021),175,2026-08-29,active
CE-00170-7S,TRBF-MINNCH-00,T-0228,Minnesota Chippewa,Federally recognized tribe,as recorded at first mint 2026-08-28; a reclassification updates this attribute and retires the handle to an alias - the uid never changes,,180,2026-08-29,active
CE-00171-DJ,TRBF-MNACAN-00,T-0239,Monacan Indian Nation,Federally recognized tribe,as recorded at first mint 2026-08-28; a reclassification updates this attribute and retires the handle to an alias - the uid never changes,,185,2026-08-29,active
CE-00172-KB,TRBF-MNMNEE-00,T-0219,Menominee,Federally recognized tribe,as recorded at first mint 2026-08-28; a reclassification updates this attribute and retires the handle to an alias - the uid never changes,,172,2026-08-29,active
CE-00173-S4,TRBF-MNZNTA-00,T-0213,Manzanita,Federally recognized tribe,as recorded at first mint 2026-08-28; a reclassification updates this attribute and retires the handle to an alias - the uid never changes,,167,2026-08-29,active
CE-00174-ZX,TRBF-MOAPAT-00,T-0236,Moapa,Federally recognized tribe,as recorded at first mint 2026-08-28; a reclassification updates this attribute and retires the handle to an alias - the uid never changes,,182,2026-08-29,active
CE-00175-5P,TRBF-MODOCN-00,T-0237,Modoc Nation,Federally recognized tribe,as recorded at first mint 2026-08-28; a reclassification updates this attribute and retires the handle to an alias - the uid never changes,,183,2026-08-29,active
CE-00176-BF,TRBF-MOJAVE-00,T-0124,Fort Mojave,Federally recognized tribe,as recorded at first mint 2026-08-28; a reclassification updates this attribute and retires the handle to an alias - the uid never changes,,98,2026-08-29,active
CE-00177-H8,TRBF-MOORTN-00,T-0240,Mooretown,Federally recognized tribe,as recorded at first mint 2026-08-28; a reclassification updates this attribute and retires the handle to an alias - the uid never changes,,187,2026-08-29,active
CE-00178-Q1,TRBF-MORNGO-00,T-0241,Morongo,Federally recognized tribe,as recorded at first mint 2026-08-28; a reclassification updates this attribute and retires the handle to an alias - the uid never changes,,188,2026-08-29,active
CE-00179-XT,TRBF-MSBCTW-00,T-0235,Mississippi Choctaw,Federally recognized tribe,as recorded at first mint 2026-08-28; a reclassification updates this attribute and retires the handle to an alias - the uid never changes,,181,2026-08-29,active
CE-0017A-3K,TRBF-MSCLRO-00,T-0222,Mescalero Apache,Federally recognized tribe,as recorded at first mint 2026-08-28; a reclassification updates this attribute and retires the handle to an alias - the uid never changes,,174,2026-08-29,active
CE-0017B-9C,TRBF-MSENAT-00,T-0513,The Muscogee (Creek) Nation,Federally recognized tribe,as recorded at first mint 2026-08-28; a reclassification updates this attribute and retires the handle to an alias - the uid never changes,,327,2026-08-29,active
CE-0017C-F5,TRBF-MSHNTK-00,T-0214,Mashantucket Pequot,Federally recognized tribe,as recorded at first mint 2026-08-28; a reclassification updates this attribute and retires the handle to an alias - the uid never changes,,168,2026-08-29,active
CE-0017D-NY,TRBF-MSHPEE-00,T-0215,Mashpee,Federally recognized tribe,as recorded at first mint 2026-08-28; a reclassification updates this attribute and retires the handle to an alias - the uid never changes,,169,2026-08-29,active
CE-0017E-VQ,TRBF-NAMBEP-00,T-0415,Pueblo of Nambe,Federally recognized tribe,as recorded at first mint 2026-08-28; a reclassification updates this attribute and retires the handle to an alias - the uid never changes,,239,2026-08-29,active
CE-0017F-1G,TRBF-NAVAJO-00,T-0340,Navajo,Federally recognized tribe,as recorded at first mint 2026-08-28; a reclassification updates this attribute and retires the handle to an alias - the uid never changes,,192,2026-08-29,active
CE-0017G-79,TRBF-NAWNDR-00,T-0354,Northern Arapaho,Federally recognized tribe,as recorded at first mint 2026-08-28; a reclassification updates this attribute and retires the handle to an alias - the uid never changes,,196,2026-08-29,active
CE-0017H-D2,TRBF-NEZPRC-00,T-0346,Nez Perce,Federally recognized tribe,as recorded at first mint 2026-08-28; a reclassification updates this attribute and retires the handle to an alias - the uid never changes,,193,2026-08-29,active
CE-0017J-KV,TRBF-NISQLL-00,T-0349,Nisqually,Federally recognized tribe,as recorded at first mint 2026-08-28; a reclassification updates this attribute and retires the handle to an alias - the uid never changes,,194,2026-08-29,active
CE-0017K-SM,TRBF-NNSMND-00,T-0244,Nansemond Indian Tribe,Federally recognized tribe,as recorded at first mint 2026-08-28; a reclassification updates this attribute and retires the handle to an alias - the uid never changes,,190,2026-08-29,active
CE-0017M-ZD,TRBF-NOOKSK-00,T-0352,Nooksack,Federally recognized tribe,as recorded at first mint 2026-08-28; a reclassification updates this attribute and retires the handle to an alias - the uid never changes,,195,2026-08-29,active
CE-0017N-56,TRBF-NORCHY-00,T-0355,Northern Cheyenne,Federally recognized tribe,as recorded at first mint 2026-08-28; a reclassification updates this attribute and retires the handle to an alias - the uid never changes,,197,2026-08-29,active
CE-0017P-BZ,TRBF-NORFRK-00,T-0356,North Fork,Federally recognized tribe,as recorded at first mint 2026-08-28; a reclassification updates this attribute and retires the handle to an alias - the uid never changes,Northfork Rancheria (spelling variant),198,2026-08-29,active
CE-0017Q-HR,TRBF-NRGNST-00,T-0245,Narragansett,Federally recognized tribe,as recorded at first mint 2026-08-28; a reclassification updates this attribute and retires the handle to an alias - the uid never changes,,191,2026-08-29,active
CE-0017R-QH,TRBF-NTWSPH-00,T-0359,Nottawaseppi Potawatomi,Federally recognized tribe,as recorded at first mint 2026-08-28; a reclassification updates this attribute and retires the handle to an alias - the uid never changes,,200,2026-08-29,active
CE-0017S-XA,TRBF-NWSSHN-00,T-0358,Northwestern Shoshone,Federally recognized tribe,as recorded at first mint 2026-08-28; a reclassification updates this attribute and retires the handle to an alias - the uid never changes,Northwestern Band of the Shoshon Nation (filing typo),199,2026-08-29,active
CE-0017T-33,TRBF-OGLALA-00,T-0362,Oglala Sioux,Federally recognized tribe,as recorded at first mint 2026-08-28; a reclassification updates this attribute and retires the handle to an alias - the uid never changes,,201,2026-08-29,active
CE-0017V-9W,TRBF-OKYOWG-00,T-0363,Ohkay Owingeh,Federally recognized tribe,as recorded at first mint 2026-08-28; a reclassification updates this attribute and retires the handle to an alias - the uid never changes,San Juan Pueblo (until 2005),202,2026-08-29,active
CE-0017W-FN,TRBF-OMAHAT-00,T-0364,Omaha,Federally recognized tribe,as recorded at first mint 2026-08-28; a reclassification updates this attribute and retires the handle to an alias - the uid never changes,,203,2026-08-29,active
CE-0017X-NE,TRBF-ONDANY-00,,Oneida,Federally recognized tribe,as recorded at first mint 2026-08-28; a reclassification updates this attribute and retires the handle to an alias - the uid never changes,,204,2026-08-29,active
CE-0017Y-V7,TRBF-ONDAWI-00,,Oneida Nation (Wisconsin),Federally recognized tribe,as recorded at first mint 2026-08-28; a reclassification updates this attribute and retires the handle to an alias - the uid never changes,,205,2026-08-29,active
CE-0017Z-10,TRBF-ONNDGA-00,T-0367,Onondaga,Federally recognized tribe,as recorded at first mint 2026-08-28; a reclassification updates this attribute and retires the handle to an alias - the uid never changes,,206,2026-08-29,active
CE-00180-C9,TRBF-OSAGEN-00,T-0514,The Osage Nation,Federally recognized tribe,as recorded at first mint 2026-08-28; a reclassification updates this attribute and retires the handle to an alias - the uid never changes,,328,2026-08-29,active
CE-00181-J2,TRBF-OTOMSA-00,T-0375,Otoe-Missouria,Federally recognized tribe,as recorded at first mint 2026-08-28; a reclassification updates this attribute and retires the handle to an alias - the uid never changes,,207,2026-08-29,active
CE-00182-RV,TRBF-OWATOK-00,T-0376,Ottawa Tribe of Oklahoma,Federally recognized tribe,as recorded at first mint 2026-08-28; a reclassification updates this attribute and retires the handle to an alias - the uid never changes,,208,2026-08-29,active
CE-00183-YM,TRBF-PALABD-00,T-0379,Pala,Federally recognized tribe,as recorded at first mint 2026-08-28; a reclassification updates this attribute and retires the handle to an alias - the uid never changes,,211,2026-08-29,active
CE-00184-4D,TRBF-PAMNKY-00,T-0380,Pamunkey,Federally recognized tribe,as recorded at first mint 2026-08-28; a reclassification updates this attribute and retires the handle to an alias - the uid never changes,,212,2026-08-29,active
CE-00185-A6,TRBF-PAUMAB-00,T-0387,Pauma,Federally recognized tribe,as recorded at first mint 2026-08-28; a reclassification updates this attribute and retires the handle to an alias - the uid never changes,,218,2026-08-29,active
CE-00186-GZ,TRBF-PAWNEE-00,T-0388,Pawnee Nation of Oklahoma,Federally recognized tribe,as recorded at first mint 2026-08-28; a reclassification updates this attribute and retires the handle to an alias - the uid never changes,,219,2026-08-29,active
CE-00187-PR,TRBF-PCHNGA-00,T-0389,Pechanga,Federally recognized tribe,as recorded at first mint 2026-08-28; a reclassification updates this attribute and retires the handle to an alias - the uid never changes,,220,2026-08-29,active
CE-00188-WH,TRBF-PCURIS-00,T-0416,Pueblo of Picuris,Federally recognized tribe,as recorded at first mint 2026-08-28; a reclassification updates this attribute and retires the handle to an alias - the uid never changes,,240,2026-08-29,active
CE-00189-2A,TRBF-PEORIA-00,T-0392,Peoria Tribe of Indians of Oklahoma,Federally recognized tribe,as recorded at first mint 2026-08-28; a reclassification updates this attribute and retires the handle to an alias - the uid never changes,,222,2026-08-29,active
CE-0018A-83,TRBF-PGMBSK-00,T-0404,Port Gamble,Federally recognized tribe,as recorded at first mint 2026-08-28; a reclassification updates this attribute and retires the handle to an alias - the uid never changes,,230,2026-08-29,active
CE-0018B-EW,TRBF-PITRVR-00,,Pit River,Federally recognized tribe,as recorded at first mint 2026-08-28; a reclassification updates this attribute and retires the handle to an alias - the uid never changes,,225,2026-08-29,active
CE-0018C-MN,TRBF-PLKLYK-00,T-0426,Resighini,Federally recognized tribe,as recorded at first mint 2026-08-28; a reclassification updates this attribute and retires the handle to an alias - the uid never changes,,264,2026-08-29,active
CE-0018D-TE,TRBF-PNBSCT-00,T-0391,Penobscot,Federally recognized tribe,as recorded at first mint 2026-08-28; a reclassification updates this attribute and retires the handle to an alias - the uid never changes,,221,2026-08-29,active
CE-0018E-07,TRBF-PNCANE-00,T-0403,Ponca of Nebraska,Federally recognized tribe,as recorded at first mint 2026-08-28; a reclassification updates this attribute and retires the handle to an alias - the uid never changes,,229,2026-08-29,active
CE-0018F-60,TRBF-PNCAOK-00,T-0402,Ponca Tribe of Indians of Oklahoma,Federally recognized tribe,as recorded at first mint 2026-08-28; a reclassification updates this attribute and retires the handle to an alias - the uid never changes,,228,2026-08-29,active
CE-0018G-CS,TRBF-PNOLVL-00,T-0396,Pinoleville,Federally recognized tribe,as recorded at first mint 2026-08-28; a reclassification updates this attribute and retires the handle to an alias - the uid never changes,,224,2026-08-29,active
CE-0018H-JJ,TRBF-POARCH-00,T-0400,Poarch,Federally recognized tribe,as recorded at first mint 2026-08-28; a reclassification updates this attribute and retires the handle to an alias - the uid never changes,,226,2026-08-29,active
CE-0018J-RB,TRBF-POJOAQ-00,T-0417,Pueblo of Pojoaque,Federally recognized tribe,as recorded at first mint 2026-08-28; a reclassification updates this attribute and retires the handle to an alias - the uid never changes,,241,2026-08-29,active
CE-0018K-Y4,TRBF-POKAGN-00,T-0401,Pokagon,Federally recognized tribe,as recorded at first mint 2026-08-28; a reclassification updates this attribute and retires the handle to an alias - the uid never changes,,227,2026-08-29,active
CE-0018M-4X,TRBF-PRAIRB-00,T-0407,Prairie Band,Federally recognized tribe,as recorded at first mint 2026-08-28; a reclassification updates this attribute and retires the handle to an alias - the uid never changes,,232,2026-08-29,active
CE-0018N-AP,TRBF-PRAIRI-00,T-0408,Prairie Island,Federally recognized tribe,as recorded at first mint 2026-08-28; a reclassification updates this attribute and retires the handle to an alias - the uid never changes,,233,2026-08-29,active
CE-0018P-GF,TRBF-PRSCTT-00,T-0580,Yavapai-Prescott,Federally recognized tribe,as recorded at first mint 2026-08-28; a reclassification updates this attribute and retires the handle to an alias - the uid never changes,,374,2026-08-29,active
CE-0018Q-P8,TRBF-PSKNML-00,T-0382,Paskenta,Federally recognized tribe,as recorded at first mint 2026-08-28; a reclassification updates this attribute and retires the handle to an alias - the uid never changes,,214,2026-08-29,active
CE-0018R-W1,TRBF-PSMQDY-00,T-0383,Passamaquoddy,Federally recognized tribe,as recorded at first mint 2026-08-28; a reclassification updates this attribute and retires the handle to an alias - the uid never changes,,,2026-08-29,active
CE-0018S-2T,TRBF-PSQYQI-00,T-0381,Pascua Yaqui,Federally recognized tribe,as recorded at first mint 2026-08-28; a reclassification updates this attribute and retires the handle to an alias - the uid never changes,,213,2026-08-29,active
CE-0018T-8K,TRBF-PTTERV-00,T-0406,Potter Valley,Federally recognized tribe,as recorded at first mint 2026-08-28; a reclassification updates this attribute and retires the handle to an alias - the uid never changes,,231,2026-08-29,active
CE-0018V-EC,TRBF-PTTRUT-00,,Paiute of Utah,Federally recognized tribe,as recorded at first mint 2026-08-28; a reclassification updates this attribute and retires the handle to an alias - the uid never changes,,209,2026-08-29,active
CE-0018W-M5,TRBF-PUYLLP-00,T-0427,Puyallup,Federally recognized tribe,as recorded at first mint 2026-08-28; a reclassification updates this attribute and retires the handle to an alias - the uid never changes,,250,2026-08-29,active
CE-0018X-TY,TRBF-PYCKCH-00,T-0394,Picayune,Federally recognized tribe,as recorded at first mint 2026-08-28; a reclassification updates this attribute and retires the handle to an alias - the uid never changes,,223,2026-08-29,active
CE-0018Y-0Q,TRBF-PYRMDL-00,T-0428,Pyramid Lake,Federally recognized tribe,as recorded at first mint 2026-08-28; a reclassification updates this attribute and retires the handle to an alias - the uid never changes,,251,2026-08-29,active
CE-0018Z-6G,TRBF-QUAPAW-00,T-0431,Quapaw Nation,Federally recognized tribe,as recorded at first mint 2026-08-28; a reclassification updates this attribute and retires the handle to an alias - the uid never changes,,252,2026-08-29,active
CE-00190-HS,TRBF-QUARTZ-00,T-0432,Quartz Valley,Federally recognized tribe,as recorded at first mint 2026-08-28; a reclassification updates this attribute and retires the handle to an alias - the uid never changes,,253,2026-08-29,active
CE-00191-QJ,TRBF-QUECHN-00,T-0433,Quechan,Federally recognized tribe,as recorded at first mint 2026-08-28; a reclassification updates this attribute and retires the handle to an alias - the uid never changes,,254,2026-08-29,active
CE-00192-XB,TRBF-QUILTE-00,T-0434,Quileute,Federally recognized tribe,as recorded at first mint 2026-08-28; a reclassification updates this attribute and retires the handle to an alias - the uid never changes,,255,2026-08-29,active
CE-00193-34,TRBF-QUINLT-00,T-0435,Quinault,Federally recognized tribe,as recorded at first mint 2026-08-28; a reclassification updates this attribute and retires the handle to an alias - the uid never changes,,256,2026-08-29,active
CE-00194-9X,TRBF-RAMONA-00,T-0437,Ramona,Federally recognized tribe,as recorded at first mint 2026-08-28; a reclassification updates this attribute and retires the handle to an alias - the uid never changes,,257,2026-08-29,active
CE-00195-FP,TRBF-RDDING-00,T-0442,Redding,Federally recognized tribe,as recorded at first mint 2026-08-28; a reclassification updates this attribute and retires the handle to an alias - the uid never changes,,261,2026-08-29,active
CE-00196-NF,TRBF-REDCLF-00,T-0440,Red Cliff,Federally recognized tribe,as recorded at first mint 2026-08-28; a reclassification updates this attribute and retires the handle to an alias - the uid never changes,,259,2026-08-29,active
CE-00197-V8,TRBF-REDLKE-00,T-0441,Red Lake,Federally recognized tribe,as recorded at first mint 2026-08-28; a reclassification updates this attribute and retires the handle to an alias - the uid never changes,,260,2026-08-29,active
CE-00198-11,TRBF-REDWDV-00,T-0443,Redwood Valley,Federally recognized tribe,as recorded at first mint 2026-08-28; a reclassification updates this attribute and retires the handle to an alias - the uid never changes,,262,2026-08-29,active
CE-00199-7T,TRBF-RINCON-00,T-0445,Rincon,Federally recognized tribe,as recorded at first mint 2026-08-28; a reclassification updates this attribute and retires the handle to an alias - the uid never changes,,265,2026-08-29,active
CE-0019A-DK,TRBF-RNDVLY-00,T-0448,Round Valley,Federally recognized tribe,as recorded at first mint 2026-08-28; a reclassification updates this attribute and retires the handle to an alias - the uid never changes,,269,2026-08-29,active
CE-0019B-KC,TRBF-RNOSPK-00,T-0444,Reno-Sparks,Federally recognized tribe,as recorded at first mint 2026-08-28; a reclassification updates this attribute and retires the handle to an alias - the uid never changes,,263,2026-08-29,active
CE-0019C-S5,TRBF-ROBNSN-00,T-0446,Robinson,Federally recognized tribe,as recorded at first mint 2026-08-28; a reclassification updates this attribute and retires the handle to an alias - the uid never changes,,267,2026-08-29,active
CE-0019D-ZY,TRBF-ROCKYB-00,T-0069,Chippewa-Cree,Federally recognized tribe,as recorded at first mint 2026-08-28; a reclassification updates this attribute and retires the handle to an alias - the uid never changes,,49,2026-08-29,active
CE-0019E-5Q,TRBF-ROSEBD-00,T-0447,Rosebud,Federally recognized tribe,as recorded at first mint 2026-08-28; a reclassification updates this attribute and retires the handle to an alias - the uid never changes,,268,2026-08-29,active
CE-0019F-BG,TRBF-RPHNCK-00,T-0439,Rappahannock,Federally recognized tribe,as recorded at first mint 2026-08-28; a reclassification updates this attribute and retires the handle to an alias - the uid never changes,,258,2026-08-29,active
CE-0019G-H9,TRBF-SAMISH-00,T-0457,Samish,Federally recognized tribe,as recorded at first mint 2026-08-28; a reclassification updates this attribute and retires the handle to an alias - the uid never changes,,276,2026-08-29,active
CE-0019H-Q2,TRBF-SANDIA-00,T-0420,Pueblo of Sandia,Federally recognized tribe,as recorded at first mint 2026-08-28; a reclassification updates this attribute and retires the handle to an alias - the uid never changes,,244,2026-08-29,active
CE-0019J-XV,TRBF-SANTSX-00,T-0464,Santee Sioux,Federally recognized tribe,as recorded at first mint 2026-08-28; a reclassification updates this attribute and retires the handle to an alias - the uid never changes,,283,2026-08-29,active
CE-0019K-3M,TRBF-SBRMNS-00,T-0498,Stockbridge,Federally recognized tribe,as recorded at first mint 2026-08-28; a reclassification updates this attribute and retires the handle to an alias - the uid never changes,,315,2026-08-29,active
CE-0019M-9D,TRBF-SCFXMO-00,T-0449,Sac & Fox of Missouri,Federally recognized tribe,as recorded at first mint 2026-08-28; a reclassification updates this attribute and retires the handle to an alias - the uid never changes,,270,2026-08-29,active
CE-0019N-F6,TRBF-SCFXMS-00,T-0451,Sac & Fox of Mississippi,Federally recognized tribe,as recorded at first mint 2026-08-28; a reclassification updates this attribute and retires the handle to an alias - the uid never changes,,272,2026-08-29,active
CE-0019P-NZ,TRBF-SCFXOK-00,T-0450,Sac and Fox Nation,Federally recognized tribe,as recorded at first mint 2026-08-28; a reclassification updates this attribute and retires the handle to an alias - the uid never changes,,271,2026-08-29,active
CE-0019Q-VR,TRBF-SCLARA-00,T-0422,Pueblo of Santa Clara,Federally recognized tribe,as recorded at first mint 2026-08-28; a reclassification updates this attribute and retires the handle to an alias - the uid never changes,,246,2026-08-29,active
CE-0019R-1H,TRBF-SCROIX-00,T-0494,St. Croix,Federally recognized tribe,as recorded at first mint 2026-08-28; a reclassification updates this attribute and retires the handle to an alias - the uid never changes,,311,2026-08-29,active
CE-0019S-7A,TRBF-SCTTSV-00,T-0468,Scotts Valley,Federally recognized tribe,as recorded at first mint 2026-08-28; a reclassification updates this attribute and retires the handle to an alias - the uid never changes,,287,2026-08-29,active
CE-0019T-D3,TRBF-SDMNGO-00,T-0465,Santo Domingo,Federally recognized tribe,as recorded at first mint 2026-08-28; a reclassification updates this attribute and retires the handle to an alias - the uid never changes,,284,2026-08-29,active
CE-0019V-KW,TRBF-SFLIPE-00,T-0418,Pueblo of San Felipe,Federally recognized tribe,as recorded at first mint 2026-08-28; a reclassification updates this attribute and retires the handle to an alias - the uid never changes,,242,2026-08-29,active
CE-0019W-SN,TRBF-SGINAW-00,T-0452,Saginaw Chippewa,Federally recognized tribe,as recorded at first mint 2026-08-28; a reclassification updates this attribute and retires the handle to an alias - the uid never changes,,273,2026-08-29,active
CE-0019X-ZE,TRBF-SHAWNT-00,T-0475,Shawnee Tribe,Federally recognized tribe,as recorded at first mint 2026-08-28; a reclassification updates this attribute and retires the handle to an alias - the uid never changes,,292,2026-08-29,active
CE-0019Y-57,TRBF-SHLWBY-00,T-0479,Shoalwater,Federally recognized tribe,as recorded at first mint 2026-08-28; a reclassification updates this attribute and retires the handle to an alias - the uid never changes,,297,2026-08-29,active
CE-0019Z-B0,TRBF-SHNNCK-00,T-0478,Shinnecock,Federally recognized tribe,as recorded at first mint 2026-08-28; a reclassification updates this attribute and retires the handle to an alias - the uid never changes,,295,2026-08-29,active
CE-001A0-P9,TRBF-SHRWDV-00,T-0476,Sherwood Valley,Federally recognized tribe,as recorded at first mint 2026-08-28; a reclassification updates this attribute and retires the handle to an alias - the uid never changes,,293,2026-08-29,active
CE-001A1-W2,TRBF-SHSMWK-00,T-0477,Shingle Springs,Federally recognized tribe,as recorded at first mint 2026-08-28; a reclassification updates this attribute and retires the handle to an alias - the uid never changes,,294,2026-08-29,active
CE-001A2-2V,TRBF-SILDFN-00,T-0419,Pueblo of San Ildefonso,Federally recognized tribe,as recorded at first mint 2026-08-28; a reclassification updates this attribute and retires the handle to an alias - the uid never changes,,243,2026-08-29,active
CE-001A3-8M,TRBF-SILETZ-00,T-0082,Siletz Tribe,Federally recognized tribe,as recorded at first mint 2026-08-28; a reclassification updates this attribute and retires the handle to an alias - the uid never changes,,60,2026-08-29,active
CE-001A4-ED,TRBF-SKLLVY-00,T-0486,Skull Valley,Federally recognized tribe,as recorded at first mint 2026-08-28; a reclassification updates this attribute and retires the handle to an alias - the uid never changes,,302,2026-08-29,active
CE-001A5-M6,TRBF-SKOKOM-00,T-0485,Skokomish,Federally recognized tribe,as recorded at first mint 2026-08-28; a reclassification updates this attribute and retires the handle to an alias - the uid never changes,,301,2026-08-29,active
CE-001A6-TZ,TRBF-SKSTTL-00,T-0466,Sauk-Suiattle,Federally recognized tribe,as recorded at first mint 2026-08-28; a reclassification updates this attribute and retires the handle to an alias - the uid never changes,,285,2026-08-29,active
CE-001A7-0R,TRBF-SMARIE-00,T-0467,Sault Ste. Marie,Federally recognized tribe,as recorded at first mint 2026-08-28; a reclassification updates this attribute and retires the handle to an alias - the uid never changes,,286,2026-08-29,active
CE-001A8-6H,TRBF-SMMTLK-00,T-0499,Summit Lake,Federally recognized tribe,as recorded at first mint 2026-08-28; a reclassification updates this attribute and retires the handle to an alias - the uid never changes,,316,2026-08-29,active
CE-001A9-CA,TRBF-SMNLFL-00,T-0470,Seminole,Federally recognized tribe,as recorded at first mint 2026-08-28; a reclassification updates this attribute and retires the handle to an alias - the uid never changes,,288,2026-08-29,active
CE-001AA-J3,TRBF-SMNLOK-00,T-0515,The Seminole Nation of Oklahoma,Federally recognized tribe,as recorded at first mint 2026-08-28; a reclassification updates this attribute and retires the handle to an alias - the uid never changes,,329,2026-08-29,active
CE-001AB-RW,TRBF-SNCCYG-00,T-0472,Seneca-Cayuga Nation,Federally recognized tribe,as recorded at first mint 2026-08-28; a reclassification updates this attribute and retires the handle to an alias - the uid never changes,,290,2026-08-29,active
CE-001AC-YN,TRBF-SNCNAT-00,T-0471,Seneca,Federally recognized tribe,as recorded at first mint 2026-08-28; a reclassification updates this attribute and retires the handle to an alias - the uid never changes,,289,2026-08-29,active
CE-001AD-4E,TRBF-SNCRLS-00,T-0458,San Carlos,Federally recognized tribe,as recorded at first mint 2026-08-28; a reclassification updates this attribute and retires the handle to an alias - the uid never changes,,277,2026-08-29,active
CE-001AE-A7,TRBF-SNJUAN-00,T-0459,San Juan,Federally recognized tribe,as recorded at first mint 2026-08-28; a reclassification updates this attribute and retires the handle to an alias - the uid never changes,,278,2026-08-29,active
CE-001AF-G0,TRBF-SNOQLM-00,T-0487,Snoqualmie,Federally recognized tribe,as recorded at first mint 2026-08-28; a reclassification updates this attribute and retires the handle to an alias - the uid never changes,,303,2026-08-29,active
CE-001AG-PS,TRBF-SNPSQL-00,T-0460,San Pasqual,Federally recognized tribe,as recorded at first mint 2026-08-28; a reclassification updates this attribute and retires the handle to an alias - the uid never changes,,279,2026-08-29,active
CE-001AH-WJ,TRBF-SOBOBA-00,T-0488,Soboba,Federally recognized tribe,as recorded at first mint 2026-08-28; a reclassification updates this attribute and retires the handle to an alias - the uid never changes,,304,2026-08-29,active
CE-001AJ-2B,TRBF-SOKGON-00,T-0489,Sokaogon,Federally recognized tribe,as recorded at first mint 2026-08-28; a reclassification updates this attribute and retires the handle to an alias - the uid never changes,Sokaogan Chippewa Community (spelling variant),305,2026-08-29,active
CE-001AK-84,TRBF-SPKANE-00,T-0492,Spokane,Federally recognized tribe,as recorded at first mint 2026-08-28; a reclassification updates this attribute and retires the handle to an alias - the uid never changes,,309,2026-08-29,active
CE-001AM-EX,TRBF-SPMWKN-00,T-0474,Shakopee,Federally recognized tribe,as recorded at first mint 2026-08-28; a reclassification updates this attribute and retires the handle to an alias - the uid never changes,,291,2026-08-29,active
CE-001AN-MP,TRBF-SPRTLK-00,T-0491,Spirit Lake,Federally recognized tribe,as recorded at first mint 2026-08-28; a reclassification updates this attribute and retires the handle to an alias - the uid never changes,,308,2026-08-29,active
CE-001AP-TF,TRBF-SQUXIN-00,T-0493,Squaxin,Federally recognized tribe,as recorded at first mint 2026-08-28; a reclassification updates this attribute and retires the handle to an alias - the uid never changes,,310,2026-08-29,active
CE-001AQ-08,TRBF-SRMHWK-00,T-0454,Saint Regis,Federally recognized tribe,as recorded at first mint 2026-08-28; a reclassification updates this attribute and retires the handle to an alias - the uid never changes,,274,2026-08-29,active
CE-001AR-61,TRBF-SROSAB-00,T-0461,Santa Rosa of Cahuilla,Federally recognized tribe,as recorded at first mint 2026-08-28; a reclassification updates this attribute and retires the handle to an alias - the uid never changes,,280,2026-08-29,active
CE-001AS-CT,TRBF-SROSAR-00,T-0462,Santa Rosa,Federally recognized tribe,as recorded at first mint 2026-08-28; a reclassification updates this attribute and retires the handle to an alias - the uid never changes,,281,2026-08-29,active
CE-001AT-JK,TRBF-SRPMCP-00,T-0456,Salt River,Federally recognized tribe,as recorded at first mint 2026-08-28; a reclassification updates this attribute and retires the handle to an alias - the uid never changes,,275,2026-08-29,active
CE-001AV-RC,TRBF-STAANA-00,T-0421,Pueblo of Santa Ana,Federally recognized tribe,as recorded at first mint 2026-08-28; a reclassification updates this attribute and retires the handle to an alias - the uid never changes,,245,2026-08-29,active
CE-001AW-Y5,TRBF-STAYNZ-00,T-0463,Santa Ynez,Federally recognized tribe,as recorded at first mint 2026-08-28; a reclassification updates this attribute and retires the handle to an alias - the uid never changes,,282,2026-08-29,active
CE-001AX-4Y,TRBF-STHUTE-00,T-0490,Southern Ute,Federally recognized tribe,as recorded at first mint 2026-08-28; a reclassification updates this attribute and retires the handle to an alias - the uid never changes,,307,2026-08-29,active
CE-001AY-AQ,TRBF-STLMSH-00,T-0497,Stillaguamish,Federally recognized tribe,as recorded at first mint 2026-08-28; a reclassification updates this attribute and retires the handle to an alias - the uid never changes,,314,2026-08-29,active
CE-001AZ-GG,TRBF-STNDRK-00,T-0495,Standing Rock,Federally recognized tribe,as recorded at first mint 2026-08-28; a reclassification updates this attribute and retires the handle to an alias - the uid never changes,,312,2026-08-29,active
CE-001B0-VS,TRBF-SUQUAM-00,T-0501,Suquamish,Federally recognized tribe,as recorded at first mint 2026-08-28; a reclassification updates this attribute and retires the handle to an alias - the uid never changes,,317,2026-08-29,active
CE-001B1-1J,TRBF-SUSANV-00,T-0502,Susanville,Federally recognized tribe,as recorded at first mint 2026-08-28; a reclassification updates this attribute and retires the handle to an alias - the uid never changes,,318,2026-08-29,active
CE-001B2-7B,TRBF-SWINOM-00,T-0503,Swinomish,Federally recognized tribe,as recorded at first mint 2026-08-28; a reclassification updates this attribute and retires the handle to an alias - the uid never changes,,319,2026-08-29,active
CE-001B3-D4,TRBF-SWOYTE-00,T-0482,Sisseton-Wahpeton,Federally recognized tribe,as recorded at first mint 2026-08-28; a reclassification updates this attribute and retires the handle to an alias - the uid never changes,,300,2026-08-29,active
CE-001B4-KX,TRBF-SYCUAN-00,T-0504,Sycuan,Federally recognized tribe,as recorded at first mint 2026-08-28; a reclassification updates this attribute and retires the handle to an alias - the uid never changes,,320,2026-08-29,active
CE-001B5-SP,TRBF-TABLEM-00,T-0505,Table Mountain,Federally recognized tribe,as recorded at first mint 2026-08-28; a reclassification updates this attribute and retires the handle to an alias - the uid never changes,,321,2026-08-29,active
CE-001B6-ZF,TRBF-TAOSPB-00,T-0423,Pueblo of Taos,Federally recognized tribe,as recorded at first mint 2026-08-28; a reclassification updates this attribute and retires the handle to an alias - the uid never changes,,247,2026-08-29,active
CE-001B7-58,TRBF-TEJONT-00,T-0509,Tejon,Federally recognized tribe,as recorded at first mint 2026-08-28; a reclassification updates this attribute and retires the handle to an alias - the uid never changes,,324,2026-08-29,active
CE-001B8-B1,TRBF-TEMOAK-00,,Te-Moak,Federally recognized tribe,as recorded at first mint 2026-08-28; a reclassification updates this attribute and retires the handle to an alias - the uid never changes,,,2026-08-29,active
CE-001B9-HT,TRBF-THNODM-00,T-0519,Tohono O'odham,Federally recognized tribe,as recorded at first mint 2026-08-28; a reclassification updates this attribute and retires the handle to an alias - the uid never changes,,333,2026-08-29,active
CE-001BA-QK,TRBF-TIMBSH-00,T-0518,Timbi-sha Shoshone,Federally recognized tribe,as recorded at first mint 2026-08-28; a reclassification updates this attribute and retires the handle to an alias - the uid never changes,,332,2026-08-29,active
CE-001BB-XC,TRBF-TLPLCO-00,T-0516,Thlopthlocco Tribal Town,Federally recognized tribe,as recorded at first mint 2026-08-28; a reclassification updates this attribute and retires the handle to an alias - the uid never changes,,330,2026-08-29,active
CE-001BC-35,TRBF-TLWDNI-00,T-0520,Tolowa Dee-ni',Federally recognized tribe,as recorded at first mint 2026-08-28; a reclassification updates this attribute and retires the handle to an alias - the uid never changes,,334,2026-08-29,active
CE-001BD-9Y,TRBF-TNKAWA-00,T-0522,Tonkawa,Federally recognized tribe,as recorded at first mint 2026-08-28; a reclassification updates this attribute and retires the handle to an alias - the uid never changes,,336,2026-08-29,active
CE-001BE-FQ,TRBF-TNWNDA-00,T-0521,Tonawanda,Federally recognized tribe,as recorded at first mint 2026-08-28; a reclassification updates this attribute and retires the handle to an alias - the uid never changes,,,2026-08-29,active
CE-001BF-NG,TRBF-TONTOA-00,T-0523,Tonto Apache,Federally recognized tribe,as recorded at first mint 2026-08-28; a reclassification updates this attribute and retires the handle to an alias - the uid never changes,,337,2026-08-29,active
CE-001BG-V9,TRBF-TRSMTZ-00,T-0524,Torres Martinez,Federally recognized tribe,as recorded at first mint 2026-08-28; a reclassification updates this attribute and retires the handle to an alias - the uid never changes,,338,2026-08-29,active
CE-001BH-12,TRBF-TSCARA-00,T-0532,Tuscarora,Federally recognized tribe,as recorded at first mint 2026-08-28; a reclassification updates this attribute and retires the handle to an alias - the uid never changes,,,2026-08-29,active
CE-001BJ-7V,TRBF-TSUQUE-00,T-0424,Pueblo of Tesuque,Federally recognized tribe,as recorded at first mint 2026-08-28; a reclassification updates this attribute and retires the handle to an alias - the uid never changes,,248,2026-08-29,active
CE-001BK-DM,TRBF-TULALP-00,T-0526,Tulalip,Federally recognized tribe,as recorded at first mint 2026-08-28; a reclassification updates this attribute and retires the handle to an alias - the uid never changes,,339,2026-08-29,active
CE-001BM-KD,TRBF-TULERV-00,T-0527,Tule River,Federally recognized tribe,as recorded at first mint 2026-08-28; a reclassification updates this attribute and retires the handle to an alias - the uid never changes,,340,2026-08-29,active
CE-001BN-S6,TRBF-TUNBIL-00,T-0529,Tunica-Biloxi,Federally recognized tribe,as recorded at first mint 2026-08-28; a reclassification updates this attribute and retires the handle to an alias - the uid never changes,,341,2026-08-29,active
CE-001BP-ZZ,TRBF-TUOLMN-00,T-0530,Tuolumne,Federally recognized tribe,as recorded at first mint 2026-08-28; a reclassification updates this attribute and retires the handle to an alias - the uid never changes,,342,2026-08-29,active
CE-001BQ-5R,TRBF-TURTLM-00,T-0531,Turtle Mountain,Federally recognized tribe,as recorded at first mint 2026-08-28; a reclassification updates this attribute and retires the handle to an alias - the uid never changes,,343,2026-08-29,active
CE-001BR-BH,TRBF-TWNPLM-00,T-0533,Twenty-Nine Palms,Federally recognized tribe,as recorded at first mint 2026-08-28; a reclassification updates this attribute and retires the handle to an alias - the uid never changes,,345,2026-08-29,active
CE-001BS-HA,TRBF-UKEETW-00,T-0538,United Keetoowah Band of Cherokee Indians in Oklahoma,Federally recognized tribe,as recorded at first mint 2026-08-28; a reclassification updates this attribute and retires the handle to an alias - the uid never changes,,,2026-08-29,active
CE-001BT-Q3,TRBF-UMATLL-00,T-0088,Umatilla Tribe,Federally recognized tribe,as recorded at first mint 2026-08-28; a reclassification updates this attribute and retires the handle to an alias - the uid never changes,,66,2026-08-29,active
CE-001BV-XW,TRBF-UMTPNI-00,T-0539,Upper Mattaponi,Federally recognized tribe,as recorded at first mint 2026-08-28; a reclassification updates this attribute and retires the handle to an alias - the uid never changes,,348,2026-08-29,active
CE-001BW-3N,TRBF-UNTHOR-00,T-0542,Ute,Federally recognized tribe,as recorded at first mint 2026-08-28; a reclassification updates this attribute and retires the handle to an alias - the uid never changes,,351,2026-08-29,active
CE-001BX-9E,TRBF-UPSXMN-00,T-0540,Upper Sioux,Federally recognized tribe,as recorded at first mint 2026-08-28; a reclassification updates this attribute and retires the handle to an alias - the uid never changes,,349,2026-08-29,active
CE-001BY-F7,TRBF-USKAGT-00,T-0541,Upper Skagit,Federally recognized tribe,as recorded at first mint 2026-08-28; a reclassification updates this attribute and retires the handle to an alias - the uid never changes,,350,2026-08-29,active
CE-001BZ-N0,TRBF-UTEMTN-00,T-0543,Ute Mountain,Federally recognized tribe,as recorded at first mint 2026-08-28; a reclassification updates this attribute and retires the handle to an alias - the uid never changes,,352,2026-08-29,active
CE-001C0-09,TRBF-UUGWTU-00,T-0544,Benton,Federally recognized tribe,as recorded at first mint 2026-08-28; a reclassification updates this attribute and retires the handle to an alias - the uid never changes,,353,2026-08-29,active
CE-001C1-62,TRBF-WASHOE-00,,Washoe,Federally recognized tribe,as recorded at first mint 2026-08-28; a reclassification updates this attribute and retires the handle to an alias - the uid never changes,,359,2026-08-29,active
CE-001C2-CV,TRBF-WIAPYP-00,T-0115,Ewiiaapaayp,Federally recognized tribe,as recorded at first mint 2026-08-28; a reclassification updates this attribute and retires the handle to an alias - the uid never changes,,88,2026-08-29,active
CE-001C3-JM,TRBF-WILTON-00,T-0571,Wilton,Federally recognized tribe,as recorded at first mint 2026-08-28; a reclassification updates this attribute and retires the handle to an alias - the uid never changes,,365,2026-08-29,active
CE-001C4-RD,TRBF-WIYOTT-00,T-0574,Wiyot,Federally recognized tribe,as recorded at first mint 2026-08-28; a reclassification updates this attribute and retires the handle to an alias - the uid never changes,,368,2026-08-29,active
CE-001C5-Y6,TRBF-WKWTOK-00,,Wichita,Federally recognized tribe,as recorded at first mint 2026-08-28; a reclassification updates this attribute and retires the handle to an alias - the uid never changes,,364,2026-08-29,active
CE-001C6-4Z,TRBF-WLKRRV-00,T-0566,Walker River,Federally recognized tribe,as recorded at first mint 2026-08-28; a reclassification updates this attribute and retires the handle to an alias - the uid never changes,,356,2026-08-29,active
CE-001C7-AR,TRBF-WMTNAZ-00,T-0569,White Mountain,Federally recognized tribe,as recorded at first mint 2026-08-28; a reclassification updates this attribute and retires the handle to an alias - the uid never changes,,362,2026-08-29,active
CE-001C8-GH,TRBF-WNNBGO-00,T-0572,Winnebago,Federally recognized tribe,as recorded at first mint 2026-08-28; a reclassification updates this attribute and retires the handle to an alias - the uid never changes,,366,2026-08-29,active
CE-001C9-PA,TRBF-WNNMCA-00,T-0573,Winnemucca,Federally recognized tribe,as recorded at first mint 2026-08-28; a reclassification updates this attribute and retires the handle to an alias - the uid never changes,,367,2026-08-29,active
CE-001CA-W3,TRBF-WRMSPR-00,T-0089,Warm Springs Tribe,Federally recognized tribe,as recorded at first mint 2026-08-28; a reclassification updates this attribute and retires the handle to an alias - the uid never changes,,67,2026-08-29,active
CE-001CB-2W,TRBF-WYNDTT-00,T-0576,Wyandotte Nation,Federally recognized tribe,as recorded at first mint 2026-08-28; a reclassification updates this attribute and retires the handle to an alias - the uid never changes,,370,2026-08-29,active
CE-001CC-8N,TRBF-YAKAMA-00,T-0081,Confederated Yakama,Federally recognized tribe,as recorded at first mint 2026-08-28; a reclassification updates this attribute and retires the handle to an alias - the uid never changes,,59,2026-08-29,active
CE-001CD-EE,TRBF-YANKTN-00,T-0578,Yankton,Federally recognized tribe,as recorded at first mint 2026-08-28; a reclassification updates this attribute and retires the handle to an alias - the uid never changes,,372,2026-08-29,active
CE-001CE-M7,TRBF-YHVTSM-00,T-0585,Yuhaaviatam,Federally recognized tribe,as recorded at first mint 2026-08-28; a reclassification updates this attribute and retires the handle to an alias - the uid never changes,San Manuel Band of Mission Indians (until 2022),379,2026-08-29,active
CE-001CF-T0,TRBF-YLSTSR-00,T-0584,Ysleta del Sur,Federally recognized tribe,as recorded at first mint 2026-08-28; a reclassification updates this attribute and retires the handle to an alias - the uid never changes,,378,2026-08-29,active
CE-001CG-0S,TRBF-YOCHAD-00,T-0582,Yocha Dehe,Federally recognized tribe,as recorded at first mint 2026-08-28; a reclassification updates this attribute and retires the handle to an alias - the uid never changes,,376,2026-08-29,active
CE-001CH-6J,TRBF-YOMBAT-00,T-0583,Yomba Shoshone,Federally recognized tribe,as recorded at first mint 2026-08-28; a reclassification updates this attribute and retires the handle to an alias - the uid never changes,,377,2026-08-29,active
CE-001CJ-CB,TRBF-YRNGTN-00,T-0581,Yerington,Federally recognized tribe,as recorded at first mint 2026-08-28; a reclassification updates this attribute and retires the handle to an alias - the uid never changes,,375,2026-08-29,active
CE-001CK-J4,TRBF-YUROKT-00,T-0587,Yurok,Federally recognized tribe,as recorded at first mint 2026-08-28; a reclassification updates this attribute and retires the handle to an alias - the uid never changes,,380,2026-08-29,active
CE-001CM-RX,TRBF-ZIAPBL-00,T-0425,Pueblo of Zia,Federally recognized tribe,as recorded at first mint 2026-08-28; a reclassification updates this attribute and retires the handle to an alias - the uid never changes,,249,2026-08-29,active
CE-001CN-YP,TRBF-ZUNINM-00,T-0588,Zuni,Federally recognized tribe,as recorded at first mint 2026-08-28; a reclassification updates this attribute and retires the handle to an alias - the uid never changes,,381,2026-08-29,active
CE-001CP-4F,TRBS-ACCHNK-00,,Accohannock Indian Tribe,State-recognized tribe,as recorded at first mint 2026-08-28; a reclassification updates this attribute and retires the handle to an alias - the uid never changes,,,2026-08-29,active
CE-001CQ-A8,TRBS-ADCDDO-00,,Adai Caddo Indians of Louisiana,State-recognized tribe,as recorded at first mint 2026-08-28; a reclassification updates this attribute and retires the handle to an alias - the uid never changes,,,2026-08-29,active
CE-001CR-G1,TRBS-ANYNWY-00,,United Cherokee Ani-Yun-WiYa Nation,State-recognized tribe,as recorded at first mint 2026-08-28; a reclassification updates this attribute and retires the handle to an alias - the uid never changes,,,2026-08-29,active
CE-001CS-PT,TRBS-BLFBCH-00,,Bayou Lafourche Band of BiloxiChitimacha Confederation of Muskogees,State-recognized tribe,as recorded at first mint 2026-08-28; a reclassification updates this attribute and retires the handle to an alias - the uid never changes,,,2026-08-29,active
CE-001CT-WK,TRBS-BVRCRK-00,,Beaver Creek Indians,State-recognized tribe,as recorded at first mint 2026-08-28; a reclassification updates this attribute and retires the handle to an alias - the uid never changes,,,2026-08-29,active
CE-001CV-2C,TRBS-CHBGMG-00,,Chaubunagungamaug Band of Nipmuck Indians,State-recognized tribe,as recorded at first mint 2026-08-28; a reclassification updates this attribute and retires the handle to an alias - the uid never changes,,,2026-08-29,active
CE-001CW-85,TRBS-CHEROC-00,,Cher-O-Creek Intratribal Indians,State-recognized tribe,as recorded at first mint 2026-08-28; a reclassification updates this attribute and retires the handle to an alias - the uid never changes,,,2026-08-29,active
CE-001CX-EY,TRBS-CHKGAT-00,,Cherokee of Georgia Tribal Council,State-recognized tribe,as recorded at first mint 2026-08-28; a reclassification updates this attribute and retires the handle to an alias - the uid never changes,,,2026-08-29,active
CE-001CY-MQ,TRBS-CHKNAL-00,,Cherokee Tribe of Northeast Alabama,State-recognized tribe,as recorded at first mint 2026-08-28; a reclassification updates this attribute and retires the handle to an alias - the uid never changes,,,2026-08-29,active
CE-001CZ-TG,TRBS-CHPQDK-00,,Chappaquiddick Tribe of the Wampanoag Indian Nation,State-recognized tribe,as recorded at first mint 2026-08-28; a reclassification updates this attribute and retires the handle to an alias - the uid never changes,,,2026-08-29,active
CE-001D0-5S,TRBS-CLIFTN-00,,Clifton Choctaw Tribe of Louisiana,State-recognized tribe,as recorded at first mint 2026-08-28; a reclassification updates this attribute and retires the handle to an alias - the uid never changes,,,2026-08-29,active
CE-001D1-BJ,TRBS-COHRIE-00,,Coharie Indian Tribe,State-recognized tribe,as recorded at first mint 2026-08-28; a reclassification updates this attribute and retires the handle to an alias - the uid never changes,,,2026-08-29,active
CE-001D2-HB,TRBS-CRNHKA-00,,Cheroenhaka (Nottoway) Indian Tribe,State-recognized tribe,as recorded at first mint 2026-08-28; a reclassification updates this attribute and retires the handle to an alias - the uid never changes,,,2026-08-29,active
CE-001D3-Q4,TRBS-ECHOTA-00,,Echota Cherokee Tribe of Alabama,State-recognized tribe,as recorded at first mint 2026-08-28; a reclassification updates this attribute and retires the handle to an alias - the uid never changes,,,2026-08-29,active
CE-001D4-XX,TRBS-ECSIUT-00,,"Eastern Cherokee, Southern Iroquois, and United Tribes of South Carolina",State-recognized tribe,as recorded at first mint 2026-08-28; a reclassification updates this attribute and retires the handle to an alias - the uid never changes,,,2026-08-29,active
CE-001D5-3P,TRBS-EDISTO-00,,Edisto Natchez-Kusso Tribe of South Carolina,State-recognized tribe,as recorded at first mint 2026-08-28; a reclassification updates this attribute and retires the handle to an alias - the uid never changes,,,2026-08-29,active
CE-001D6-9F,TRBS-ELNUAB-00,,Elnu Abenaki Tribe,State-recognized tribe,as recorded at first mint 2026-08-28; a reclassification updates this attribute and retires the handle to an alias - the uid never changes,,,2026-08-29,active
CE-001D7-F8,TRBS-EPQUOT-00,,Eastern Pequot Tribal Nation,State-recognized tribe,as recorded at first mint 2026-08-28; a reclassification updates this attribute and retires the handle to an alias - the uid never changes,,,2026-08-29,active
CE-001D8-N1,TRBS-FRWIND-00,,Four Winds Cherokee,State-recognized tribe,as recorded at first mint 2026-08-28; a reclassification updates this attribute and retires the handle to an alias - the uid never changes,,,2026-08-29,active
CE-001D9-VT,TRBS-GAECHK-00,,Georgia Tribe of Eastern Cherokee,State-recognized tribe,as recorded at first mint 2026-08-28; a reclassification updates this attribute and retires the handle to an alias - the uid never changes,,,2026-08-29,active
CE-001DA-1K,TRBS-GCDLAC-00,,Grand Caillou/Dulac Band of Biloxi Chitimacha Choctaw,State-recognized tribe,as recorded at first mint 2026-08-28; a reclassification updates this attribute and retires the handle to an alias - the uid never changes,,,2026-08-29,active
CE-001DB-7C,TRBS-GHPGST-00,,Golden Hill Paugussett,State-recognized tribe,as recorded at first mint 2026-08-28; a reclassification updates this attribute and retires the handle to an alias - the uid never changes,,,2026-08-29,active
CE-001DC-D5,TRBS-HLWSAP-00,,Haliwa-Saponi Indian Tribe,State-recognized tribe,as recorded at first mint 2026-08-28; a reclassification updates this attribute and retires the handle to an alias - the uid never changes,,,2026-08-29,active
CE-001DD-KY,TRBS-HRRNGP-00,,Herring Pond Wampanoag Tribe,State-recognized tribe,as recorded at first mint 2026-08-28; a reclassification updates this attribute and retires the handle to an alias - the uid never changes,,,2026-08-29,active
CE-001DE-SQ,TRBS-HSSNMS-00,,Hassanamisco Nipmuc Band,State-recognized tribe,as recorded at first mint 2026-08-28; a reclassification updates this attribute and retires the handle to an alias - the uid never changes,,,2026-08-29,active
CE-001DF-ZG,TRBS-JNCHLS-00,,Jean Charles Choctaw Nation,State-recognized tribe,as recorded at first mint 2026-08-28; a reclassification updates this attribute and retires the handle to an alias - the uid never changes,,,2026-08-29,active
CE-001DG-59,TRBS-KOASEK-00,,Koasek Traditional Band of the Koas Abenaki Nation,State-recognized tribe,as recorded at first mint 2026-08-28; a reclassification updates this attribute and retires the handle to an alias - the uid never changes,,,2026-08-29,active
CE-001DH-B2,TRBS-LABCTW-00,,Louisiana Band of Choctaw,State-recognized tribe,as recorded at first mint 2026-08-28; a reclassification updates this attribute and retires the handle to an alias - the uid never changes,,,2026-08-29,active
CE-001DJ-HV,TRBS-LNPEDE-00,,Lenape Indian Tribe of Delaware,State-recognized tribe,as recorded at first mint 2026-08-28; a reclassification updates this attribute and retires the handle to an alias - the uid never changes,,,2026-08-29,active
CE-001DK-QM,TRBS-LWRMSE-00,,Lower Muskogee Creek Tribe,State-recognized tribe,as recorded at first mint 2026-08-28; a reclassification updates this attribute and retires the handle to an alias - the uid never changes,,,2026-08-29,active
CE-001DM-XD,TRBS-MACHIS-00,,Ma-Chis Lower Creek Indian Tribe of Alabama,State-recognized tribe,as recorded at first mint 2026-08-28; a reclassification updates this attribute and retires the handle to an alias - the uid never changes,,,2026-08-29,active
CE-001DN-36,TRBS-MHRRIN-00,,Meherrin Indian Tribe,State-recognized tribe,as recorded at first mint 2026-08-28; a reclassification updates this attribute and retires the handle to an alias - the uid never changes,,,2026-08-29,active
CE-001DP-9Z,TRBS-MSSISQ-00,,Abenaki Nation of Missisquoi,State-recognized tribe,as recorded at first mint 2026-08-28; a reclassification updates this attribute and retires the handle to an alias - the uid never changes,,,2026-08-29,active
CE-001DQ-FR,TRBS-MTPNIT-00,,Mattaponi,State-recognized tribe,as recorded at first mint 2026-08-28; a reclassification updates this attribute and retires the handle to an alias - the uid never changes,,,2026-08-29,active
CE-001DR-NH,TRBS-MWACTW-00,,MOWA Band of Chocktaw Indians,State-recognized tribe,as recorded at first mint 2026-08-28; a reclassification updates this attribute and retires the handle to an alias - the uid never changes,,,2026-08-29,active
CE-001DS-VA,TRBS-NANTCK-00,,Nanticoke Lenni-Lenape Tribal Nation,State-recognized tribe,as recorded at first mint 2026-08-28; a reclassification updates this attribute and retires the handle to an alias - the uid never changes,,,2026-08-29,active
CE-001DT-13,TRBS-NCHTCH-00,,Natchitoches Tribe of Louisiana,State-recognized tribe,as recorded at first mint 2026-08-28; a reclassification updates this attribute and retires the handle to an alias - the uid never changes,,,2026-08-29,active
CE-001DV-7W,TRBS-NIPMCN-00,,Nipmuc Nation,State-recognized tribe,as recorded at first mint 2026-08-28; a reclassification updates this attribute and retires the handle to an alias - the uid never changes,,,2026-08-29,active
CE-001DW-DN,TRBS-NLHEGN-00,,Nulhegan Band of the Coosuk Abenaki Nation,State-recognized tribe,as recorded at first mint 2026-08-28; a reclassification updates this attribute and retires the handle to an alias - the uid never changes,,,2026-08-29,active
CE-001DX-KE,TRBS-NNTCKE-00,,Nanticoke Indian Tribe,State-recognized tribe,as recorded at first mint 2026-08-28; a reclassification updates this attribute and retires the handle to an alias - the uid never changes,,,2026-08-29,active
CE-001DY-S7,TRBS-NTWYVA-00,,Nottoway Indian Tribe of Virginia,State-recognized tribe,as recorded at first mint 2026-08-28; a reclassification updates this attribute and retires the handle to an alias - the uid never changes,,,2026-08-29,active
CE-001DZ-Z0,TRBS-OCCNCH-00,,Occaneechi Band of the Saponi Nation,State-recognized tribe,as recorded at first mint 2026-08-28; a reclassification updates this attribute and retires the handle to an alias - the uid never changes,,,2026-08-29,active
CE-001E0-A9,TRBS-PCWCNY-00,,Piscataway Conoy Tribe,State-recognized tribe,as recorded at first mint 2026-08-28; a reclassification updates this attribute and retires the handle to an alias - the uid never changes,,,2026-08-29,active
CE-001E1-G2,TRBS-PCWNAT-00,,Piscataway Indian Nation,State-recognized tribe,as recorded at first mint 2026-08-28; a reclassification updates this attribute and retires the handle to an alias - the uid never changes,,,2026-08-29,active
CE-001E2-PV,TRBS-PDMONT-00,,Piedmont American Indian Association Lower Eastern Cherokee Nation,State-recognized tribe,as recorded at first mint 2026-08-28; a reclassification updates this attribute and retires the handle to an alias - the uid never changes,,,2026-08-29,active
CE-001E3-WM,TRBS-PDTRIB-00,,Pee Dee Indian Tribe,State-recognized tribe,as recorded at first mint 2026-08-28; a reclassification updates this attribute and retires the handle to an alias - the uid never changes,,,2026-08-29,active
CE-001E4-2D,TRBS-POCSST-00,,Pocasset Wampanoag Tribe of the Pokanoket Nation,State-recognized tribe,as recorded at first mint 2026-08-28; a reclassification updates this attribute and retires the handle to an alias - the uid never changes,,,2026-08-29,active
CE-001E5-86,TRBS-PSHAWN-00,,Piqua Shawnee Tribe,State-recognized tribe,as recorded at first mint 2026-08-28; a reclassification updates this attribute and retires the handle to an alias - the uid never changes,,,2026-08-29,active
CE-001E6-EZ,TRBS-PTAUCH-00,,Pointe-au-Chien Indian Tribe,State-recognized tribe,as recorded at first mint 2026-08-28; a reclassification updates this attribute and retires the handle to an alias - the uid never changes,,,2026-08-29,active
CE-001E7-MR,TRBS-PTWMCK-00,,Patawomeck Indian Tribe of Virginia,State-recognized tribe,as recorded at first mint 2026-08-28; a reclassification updates this attribute and retires the handle to an alias - the uid never changes,,,2026-08-29,active
CE-001E8-TH,TRBS-PWHTAN-00,,Powhatan Renape Nation,State-recognized tribe,as recorded at first mint 2026-08-28; a reclassification updates this attribute and retires the handle to an alias - the uid never changes,,,2026-08-29,active
CE-001E9-0A,TRBS-RMAPGH-00,,Ramapough Lenape Nation,State-recognized tribe,as recorded at first mint 2026-08-28; a reclassification updates this attribute and retires the handle to an alias - the uid never changes,,,2026-08-29,active
CE-001EA-63,TRBS-SANTSC-00,,The Santee Indian Organization,State-recognized tribe,as recorded at first mint 2026-08-28; a reclassification updates this attribute and retires the handle to an alias - the uid never changes,,,2026-08-29,active
CE-001EB-CW,TRBS-SAPPNY-00,,Sappony,State-recognized tribe,as recorded at first mint 2026-08-28; a reclassification updates this attribute and retires the handle to an alias - the uid never changes,,,2026-08-29,active
CE-001EC-JN,TRBS-SEACNK-00,,Seaconke Wampanoag Tribe,State-recognized tribe,as recorded at first mint 2026-08-28; a reclassification updates this attribute and retires the handle to an alias - the uid never changes,,,2026-08-29,active
CE-001ED-RE,TRBS-SEMSEN-00,,Southeastern Mvskoke Nation,State-recognized tribe,as recorded at first mint 2026-08-28; a reclassification updates this attribute and retires the handle to an alias - the uid never changes,,,2026-08-29,active
CE-001EE-Y7,TRBS-STRCHW-00,,Sumter Tribe of Cheraw Indians,State-recognized tribe,as recorded at first mint 2026-08-28; a reclassification updates this attribute and retires the handle to an alias - the uid never changes,,,2026-08-29,active
CE-001EF-40,TRBS-TEBARB-00,,Choctaw-Apache Tribe of Ebarb,State-recognized tribe,as recorded at first mint 2026-08-28; a reclassification updates this attribute and retires the handle to an alias - the uid never changes,,,2026-08-29,active
CE-001EG-AS,TRBS-UHOUMA-00,,United Houma Nation,State-recognized tribe,as recorded at first mint 2026-08-28; a reclassification updates this attribute and retires the handle to an alias - the uid never changes,,,2026-08-29,active
CE-001EH-GJ,TRBS-UNKCHG-00,,Unkechaug Nation,State-recognized tribe,as recorded at first mint 2026-08-28; a reclassification updates this attribute and retires the handle to an alias - the uid never changes,,,2026-08-29,active
CE-001EJ-PB,TRBS-UPSCPD-00,,Pee Dee Indian Nation of Upper South Carolina,State-recognized tribe,as recorded at first mint 2026-08-28; a reclassification updates this attribute and retires the handle to an alias - the uid never changes,,,2026-08-29,active
CE-001EK-W4,TRBS-WCCMWP-00,,The Waccamaw Indian People,State-recognized tribe,as recorded at first mint 2026-08-28; a reclassification updates this attribute and retires the handle to an alias - the uid never changes,,,2026-08-29,active
CE-001EM-2X,TRBS-WCCMWS-00,,Waccamaw Siouan Indians,State-recognized tribe,as recorded at first mint 2026-08-28; a reclassification updates this attribute and retires the handle to an alias - the uid never changes,,,2026-08-29,active
CE-001EN-8P,TRBS-WSSMSW-00,,The Wassamasaw Tribe of Varnertown Indians,State-recognized tribe,as recorded at first mint 2026-08-28; a reclassification updates this attribute and retires the handle to an alias - the uid never changes,,,2026-08-29,active
CE-001EP-EF,UIO-BKRSFL-00,,Bakersfield American Indian Health Project,Urban Indian Organization,as recorded at first mint 2026-08-28; a reclassification updates this attribute and retires the handle to an alias - the uid never changes,,,2026-08-29,active
CE-001EQ-M8,UIO-BLLNGS-00,,Billings Urban Indian Health and Wellness Center,Urban Indian Organization,as recorded at first mint 2026-08-28; a reclassification updates this attribute and retires the handle to an alias - the uid never changes,,,2026-08-29,active
CE-001ER-T1,UIO-BTTWLL-00,,Butte Native Wellness Center,Urban Indian Organization,as recorded at first mint 2026-08-28; a reclassification updates this attribute and retires the handle to an alias - the uid never changes,,,2026-08-29,active
CE-001ES-0T,UIO-CLFRNC-00,,California Consortium for Urban Indian Health,Urban Indian Organization,as recorded at first mint 2026-08-28; a reclassification updates this attribute and retires the handle to an alias - the uid never changes,,,2026-08-29,active
CE-001ET-6K,UIO-DNVRHL-00,,"Denver Indian Health & Family Service, Inc.",Urban Indian Organization,as recorded at first mint 2026-08-28; a reclassification updates this attribute and retires the handle to an alias - the uid never changes,,,2026-08-29,active
CE-001EV-CC,UIO-DRCTNS-00,,"Native Directions, Inc.",Urban Indian Organization,as recorded at first mint 2026-08-28; a reclassification updates this attribute and retires the handle to an alias - the uid never changes,,,2026-08-29,active
CE-001EW-J5,UIO-FMLYHL-00,,Indian Family Health Clinic,Urban Indian Organization,as recorded at first mint 2026-08-28; a reclassification updates this attribute and retires the handle to an alias - the uid never changes,,,2026-08-29,active
CE-001EX-RY,UIO-FRNDSH-00,,Friendship House Association of American Indians,Urban Indian Organization,as recorded at first mint 2026-08-28; a reclassification updates this attribute and retires the handle to an alias - the uid never changes,,,2026-08-29,active
CE-001EY-YQ,UIO-FRSNMR-00,,Fresno American Indian Health Project,Urban Indian Organization,as recorded at first mint 2026-08-28; a reclassification updates this attribute and retires the handle to an alias - the uid never changes,,,2026-08-29,active
CE-001EZ-4G,UIO-FRSTNT-00,,First Nations Community HealthSource,Urban Indian Organization,as recorded at first mint 2026-08-28; a reclassification updates this attribute and retires the handle to an alias - the uid never changes,,,2026-08-29,active
CE-001F0-FS,UIO-GRLDLG-00,,Gerald L. Ignace Indian Health Center,Urban Indian Organization,as recorded at first mint 2026-08-28; a reclassification updates this attribute and retires the handle to an alias - the uid never changes,,,2026-08-29,active
CE-001F1-NJ,UIO-HEALTH-00,,Native Health,Urban Indian Organization,as recorded at first mint 2026-08-28; a reclassification updates this attribute and retires the handle to an alias - the uid never changes,,,2026-08-29,active
CE-001F2-VB,UIO-HLNLLN-00,,Helena Indian Alliance,Urban Indian Organization,as recorded at first mint 2026-08-28; a reclassification updates this attribute and retires the handle to an alias - the uid never changes,,,2026-08-29,active
CE-001F3-14,UIO-HLTHB1-00,,"Indian Health Board of Minneapolis, Inc.",Urban Indian Organization,as recorded at first mint 2026-08-28; a reclassification updates this attribute and retires the handle to an alias - the uid never changes,,,2026-08-29,active
CE-001F4-7X,UIO-HLTHCR-00,,Indian Health Care Resource Center of Tulsa,Urban Indian Organization,as recorded at first mint 2026-08-28; a reclassification updates this attribute and retires the handle to an alias - the uid never changes,,,2026-08-29,active
CE-001F5-DP,UIO-HLTHSN-00,,Indian Health Center of Santa Clara Valley,Urban Indian Organization,as recorded at first mint 2026-08-28; a reclassification updates this attribute and retires the handle to an alias - the uid never changes,,,2026-08-29,active
CE-001F6-KF,UIO-HNTRHL-00,,Hunter Health,Urban Indian Organization,as recorded at first mint 2026-08-28; a reclassification updates this attribute and retires the handle to an alias - the uid never changes,,,2026-08-29,active
CE-001F7-S8,UIO-JLFRBN-00,,Juel Fairbanks Recovery Services,Urban Indian Organization,as recorded at first mint 2026-08-28; a reclassification updates this attribute and retires the handle to an alias - the uid never changes,,,2026-08-29,active
CE-001F8-Z1,UIO-KLHMCT-00,,Oklahoma City Indian Clinic,Urban Indian Organization,as recorded at first mint 2026-08-28; a reclassification updates this attribute and retires the handle to an alias - the uid never changes,,,2026-08-29,active
CE-001F9-5T,UIO-KNSSCT-00,,Kansas City Indian Center,Urban Indian Organization,as recorded at first mint 2026-08-28; a reclassification updates this attribute and retires the handle to an alias - the uid never changes,,,2026-08-29,active
CE-001FA-BK,UIO-LLNTN1-00,,All Nations Health Center,Urban Indian Organization,as recorded at first mint 2026-08-28; a reclassification updates this attribute and retires the handle to an alias - the uid never changes,,,2026-08-29,active
CE-001FB-HC,UIO-MNTNCN-00,,Montana Consortium for Urban Indian Health,Urban Indian Organization,as recorded at first mint 2026-08-28; a reclassification updates this attribute and retires the handle to an alias - the uid never changes,,,2026-08-29,active
CE-001FC-Q5,UIO-MRCNC1-00,,Native American Connections,Urban Indian Organization,as recorded at first mint 2026-08-28; a reclassification updates this attribute and retires the handle to an alias - the uid never changes,,,2026-08-29,active
CE-001FD-XY,UIO-MRCNCN-00,,"American Indian Council on Alcoholism, Inc.",Urban Indian Organization,as recorded at first mint 2026-08-28; a reclassification updates this attribute and retires the handle to an alias - the uid never changes,,,2026-08-29,active
CE-001FE-3Q,UIO-MRCNH1-00,,American Indian Health & Family Services,Urban Indian Organization,as recorded at first mint 2026-08-28; a reclassification updates this attribute and retires the handle to an alias - the uid never changes,,,2026-08-29,active
CE-001FF-9G,UIO-MRCNH2-00,,American Indian Health & Services Corporation,Urban Indian Organization,as recorded at first mint 2026-08-28; a reclassification updates this attribute and retires the handle to an alias - the uid never changes,,,2026-08-29,active
CE-001FG-F9,UIO-MRCNH3-00,,"Native American Health Center, Inc.",Urban Indian Organization,as recorded at first mint 2026-08-28; a reclassification updates this attribute and retires the handle to an alias - the uid never changes,,,2026-08-29,active
CE-001FH-N2,UIO-MRCNHL-00,,American Indian Health Service of Chicago,Urban Indian Organization,as recorded at first mint 2026-08-28; a reclassification updates this attribute and retires the handle to an alias - the uid never changes,,,2026-08-29,active
CE-001FJ-VV,UIO-MRCNLF-00,,"Native American LifeLines, Inc.",Urban Indian Organization,as recorded at first mint 2026-08-28; a reclassification updates this attribute and retires the handle to an alias - the uid never changes,,,2026-08-29,active
CE-001FK-1M,UIO-MRCNRH-00,,"Native American Rehabilitation Association of the Northwest, Inc.",Urban Indian Organization,as recorded at first mint 2026-08-28; a reclassification updates this attribute and retires the handle to an alias - the uid never changes,,,2026-08-29,active
CE-001FM-7D,UIO-MRCNSF-00,,Native Americans for Community Action,Urban Indian Organization,as recorded at first mint 2026-08-28; a reclassification updates this attribute and retires the handle to an alias - the uid never changes,,,2026-08-29,active
CE-001FN-D6,UIO-NBRSKR-00,,Nebraska Urban Indian Health Coalition,Urban Indian Organization,as recorded at first mint 2026-08-28; a reclassification updates this attribute and retires the handle to an alias - the uid never changes,,,2026-08-29,active
CE-001FP-KZ,UIO-NVDRBN-00,,"Nevada Urban Indians, Inc.",Urban Indian Organization,as recorded at first mint 2026-08-28; a reclassification updates this attribute and retires the handle to an alias - the uid never changes,,,2026-08-29,active
CE-001FQ-SR,UIO-NWYRKC-00,,"New York Indian Council, Inc.",Urban Indian Organization,as recorded at first mint 2026-08-28; a reclassification updates this attribute and retires the handle to an alias - the uid never changes,,,2026-08-29,active
CE-001FR-ZH,UIO-PROJEC-00,,The NATIVE Project,Urban Indian Organization,as recorded at first mint 2026-08-28; a reclassification updates this attribute and retires the handle to an alias - the uid never changes,,,2026-08-29,active
CE-001FS-5A,UIO-RBNHL1-00,,Urban Indian Health Institute,Urban Indian Organization,as recorded at first mint 2026-08-28; a reclassification updates this attribute and retires the handle to an alias - the uid never changes,,,2026-08-29,active
CE-001FT-B3,UIO-RBNNTR-00,,Urban Inter-Tribal Center of Texas,Urban Indian Organization,as recorded at first mint 2026-08-28; a reclassification updates this attribute and retires the handle to an alias - the uid never changes,,,2026-08-29,active
CE-001FV-HW,UIO-RBNSLT-00,,Urban Indian Center of Salt Lake,Urban Indian Organization,as recorded at first mint 2026-08-28; a reclassification updates this attribute and retires the handle to an alias - the uid never changes,,,2026-08-29,active
CE-001FW-QN,UIO-SCRMNT-00,,"Sacramento Native American Health Center, Inc.",Urban Indian Organization,as recorded at first mint 2026-08-28; a reclassification updates this attribute and retires the handle to an alias - the uid never changes,,,2026-08-29,active
CE-001FX-XE,UIO-SNDGMR-00,,San Diego American Indian Health Center,Urban Indian Organization,as recorded at first mint 2026-08-28; a reclassification updates this attribute and retires the handle to an alias - the uid never changes,,,2026-08-29,active
CE-001FY-37,UIO-STHDKT-00,,South Dakota Urban Indian Health,Urban Indian Organization,as recorded at first mint 2026-08-28; a reclassification updates this attribute and retires the handle to an alias - the uid never changes,,,2026-08-29,active
CE-001FZ-90,UIO-STTLHL-00,,Seattle Indian Health Board,Urban Indian Organization,as recorded at first mint 2026-08-28; a reclassification updates this attribute and retires the handle to an alias - the uid never changes,,,2026-08-29,active
CE-001G0-M9,UIO-TUCSON-00,,Tucson Indian Center,Urban Indian Organization,as recorded at first mint 2026-08-28; a reclassification updates this attribute and retires the handle to an alias - the uid never changes,,,2026-08-29,active
