pair_key,owner_note_snapshot,resolution_status,decision_status,decision_id,owner_disposition,owner_decided_by,owner_decided_on,evidence_fingerprint,generated_assessment,cedar_uid,entity_name,entity_class,business_uid,business_name,business_identifiers,relationship_meaning,evidence_urls,evidence_status,supporting_ledger_rows_json,verification_protocol
CE-000BX-55|CB-1016544,,UNRESOLVED,,,,,,7392a71924a7403c3130825a8ce7faa1139ffaab7d786bf004477b0a4deaaa2f,ATTRIBUTION_REFUTED_OR_EXCLUDED,CE-000BX-55,"Shee Atika, Incorporated",Alaska Native Village Corporation,CB-1016544,"SHEE ATIKA, INCORPORATED",UEI:LRJDF5JLG4X5,(none) via unmatched tier X: REFUTED_OR_EXCLUDED,,UEI:LRJDF5JLG4X5 url=MISSING quarantined=N/- excluded=YES,"[{""attribution_method"": ""unmatched"", ""canonical_name"": """", ""cedar_uid"": """", ""confidence_tier"": ""X"", ""crossgov_name_collision_basis"": """", ""crossgov_name_collision_disposition"": """", ""crossgov_name_collision_flag"": """", ""crossgov_name_collision_proposed_entity_id"": """", ""entity_class"": """", ""evidence_source_file"": """", ""evidence_url"": """", ""evidence_url_integrity"": """", ""exclusion_evidence"": ""https://cage.dla.mil/Search/Details?id=714349"", ""exclusion_id"": ""EXCL-0068"", ""identifier"": ""LRJDF5JLG4X5"", ""identifier_type"": ""UEI"", ""is_authority"": """", ""joint_ownership_flag"": """", ""joint_ownership_note"": """", ""legal_business_name"": ""Shee Atika, Incorporated"", ""method_quarantined"": ""N"", ""prime_dollars_M"": ""1.304"", ""quarantine_disposition"": """", ""quarantine_disposition_basis"": """", ""source_file"": ""master_tribal_entity_registry.csv"", ""state"": ""AK"", ""tier_rationale"": ""EXCLUDED by ruling EXCL-0068: nonprofit_not_tribally_owned"", ""tribe_id"": """", ""verified_date"": """"}]","sam.gov entity search: paste UEI LRJDF5JLG4X5; expect the legal business name Shee Atika, Incorporated itself"
CE-000C8-C8|CB-1012396,,UNRESOLVED,,,,,,6c0f8f86e0f216c505c0cd53734991ae960985cbf615045e0c78d9236e493fcb,CONFLICT_ATTRIBUTED_TO_OTHER_ENTITY,CE-000C8-C8,St. George Tanaq Corporation,Alaska Native Village Corporation,CB-1012396,ST GEORGE TANAQ CORP,CAGE:1Q0D3 | UEI:DD76ANKVJKY8,CE-00053-BV via cluster_v3 tier X: REFUTED_OR_EXCLUDED | CE-00053-BV via cross_dataset_propagation:contracting tier B: ATTRIBUTED_TO_OTHER_ENTITY,,UEI:DD76ANKVJKY8 url=MISSING quarantined=Y/WITHDRAW excluded=no | CAGE:1Q0D3 url=MISSING quarantined=N/- excluded=no,"[{""attribution_method"": ""cluster_v3"", ""canonical_name"": ""Pribilof Islands"", ""cedar_uid"": ""CE-00053-BV"", ""confidence_tier"": ""X"", ""crossgov_name_collision_basis"": """", ""crossgov_name_collision_disposition"": """", ""crossgov_name_collision_flag"": """", ""crossgov_name_collision_proposed_entity_id"": """", ""entity_class"": ""Federally recognized Alaska Native Village"", ""evidence_source_file"": ""sam_uei_to_tribe_assignment_v3.csv"", ""evidence_url"": """", ""evidence_url_integrity"": ""Reclassified 2026-08-06: this was a local file path, not a retrievable URL. The attribution may still be correct; the claim of web verification was not."", ""exclusion_evidence"": """", ""exclusion_id"": """", ""identifier"": ""DD76ANKVJKY8"", ""identifier_type"": ""UEI"", ""is_authority"": """", ""joint_ownership_flag"": """", ""joint_ownership_note"": """", ""legal_business_name"": ""St George Tanaq Corporation"", ""method_quarantined"": ""Y"", ""prime_dollars_M"": ""0.097"", ""quarantine_disposition"": ""WITHDRAW"", ""quarantine_disposition_basis"": ""no rung of the corroboration ladder reached and the firm matched a FRAGMENT: `george` is one token of `Pribilof Islands`'s 7-token name (aleut|george|island|islands|paul|pribilof|saint). A fragment of a name is not a name (docs/ENTITY_MATCH_RULES.md, the opening defect table)"", ""source_file"": ""master_tribal_entity_registry.csv"", ""state"": ""AK"", ""tier_rationale"": ""WITHDRAWN 2026-09-02 by code/1079_quarantine_method_exposure.py. no rung of the corroboration ladder reached and the firm matched a FRAGMENT: `george` is one token of `Pribilof Islands`'s 7-token name (aleut|george|island|islands|paul|pribilof|saint). A fragment of a name is not a name (docs/ENTITY_MATCH_RULES.md, the opening defect table). This refuses THIS PAIRING and is not a ruling that the firm is non-Native (docs/ENTITY_MATCH_RULES.md). No exclusion_id is minted: data/spine/cedar_exclusion_rulings.csv is the owner's register."", ""tribe_id"": ""AKNF-PRBLFC-00"", ""verified_date"": ""2026-04-27""}, {""attribution_method"": ""cross_dataset_propagation:contracting"", ""canonical_name"": ""Pribilof Islands"", ""cedar_uid"": ""CE-00053-BV"", ""confidence_tier"": ""B"", ""crossgov_name_collision_basis"": """", ""crossgov_name_collision_disposition"": """", ""crossgov_name_collision_flag"": """", ""crossgov_name_collision_proposed_entity_id"": """", ""entity_class"": """", ""evidence_source_file"": """", ""evidence_url"": """", ""evidence_url_integrity"": """", ""exclusion_evidence"": """", ""exclusion_id"": """", ""identifier"": ""1Q0D3"", ""identifier_type"": ""CAGE"", ""is_authority"": """", ""joint_ownership_flag"": """", ""joint_ownership_note"": """", ""legal_business_name"": ""St. George Tanaq Corporation"", ""method_quarantined"": ""N"", ""prime_dollars_M"": """", ""quarantine_disposition"": """", ""quarantine_disposition_basis"": """", ""source_file"": ""contracting"", ""state"": """", ""tier_rationale"": ""Established in the contracting dataset on 2026-08-06 and absent from the ledger. Propagated, not researched; inherits that dataset's confidence, so tier B."", ""tribe_id"": ""AKNF-PRBLFC-00"", ""verified_date"": """"}]","cage.dla.mil: paste CAGE 1Q0D3; expect the registrant to be St. George Tanaq Corporation itself, not a subsidiary or parent"
CE-0009Z-7Q|CB-1004872,,UNRESOLVED,,,,,,3a14e1e336dfe2941a664ae34441e179b457d37e615d168ea57f2c6b0d4d0733,CONFLICT_ATTRIBUTED_TO_OTHER_ENTITY,CE-0009Z-7Q,Ukpeaġvik Iñupiat Corporation,Alaska Native Village Corporation,CB-1004872,UKPEAGVIK INUPIAT CORPORATION,CAGE:1V2A5 | UEI:KZMRSJJJN1L6,CE-0002B-CK via cross_dataset_propagation:contracting tier B: ATTRIBUTED_TO_OTHER_ENTITY | CE-0009Z-7Q via elijah_ruling_redirect tier B: QUARANTINE_WITHDRAW,,CAGE:1V2A5 url=MISSING quarantined=N/- excluded=no | UEI:KZMRSJJJN1L6 url=MISSING quarantined=Y/WITHDRAW excluded=no,"[{""attribution_method"": ""cross_dataset_propagation:contracting"", ""canonical_name"": ""Inupiat"", ""cedar_uid"": ""CE-0002B-CK"", ""confidence_tier"": ""B"", ""crossgov_name_collision_basis"": """", ""crossgov_name_collision_disposition"": """", ""crossgov_name_collision_flag"": """", ""crossgov_name_collision_proposed_entity_id"": """", ""entity_class"": """", ""evidence_source_file"": """", ""evidence_url"": """", ""evidence_url_integrity"": """", ""exclusion_evidence"": """", ""exclusion_id"": """", ""identifier"": ""1V2A5"", ""identifier_type"": ""CAGE"", ""is_authority"": """", ""joint_ownership_flag"": """", ""joint_ownership_note"": """", ""legal_business_name"": ""Ukpeagvik Inupiat Corporation"", ""method_quarantined"": ""N"", ""prime_dollars_M"": """", ""quarantine_disposition"": """", ""quarantine_disposition_basis"": """", ""source_file"": ""contracting"", ""state"": """", ""tier_rationale"": ""Established in the contracting dataset on 2026-08-06 and absent from the ledger. Propagated, not researched; inherits that dataset's confidence, so tier B."", ""tribe_id"": ""AKNF-INPTAS-00-ARCSLO"", ""verified_date"": """"}, {""attribution_method"": ""elijah_ruling_redirect"", ""canonical_name"": ""Ukpeaġvik Iñupiat Corporation"", ""cedar_uid"": ""CE-0009Z-7Q"", ""confidence_tier"": ""B"", ""crossgov_name_collision_basis"": """", ""crossgov_name_collision_disposition"": """", ""crossgov_name_collision_flag"": """", ""crossgov_name_collision_proposed_entity_id"": """", ""entity_class"": ""Federally recognized Alaska Native Village"", ""evidence_source_file"": ""sam_uei_to_tribe_assignment_v3.csv"", ""evidence_url"": """", ""evidence_url_integrity"": ""Reclassified 2026-08-06: this was a local file path, not a retrievable URL. The attribution may still be correct; the claim of web verification was not."", ""exclusion_evidence"": """", ""exclusion_id"": """", ""identifier"": ""KZMRSJJJN1L6"", ""identifier_type"": ""UEI"", ""is_authority"": ""YES"", ""joint_ownership_flag"": """", ""joint_ownership_note"": """", ""legal_business_name"": ""Uic Development Company"", ""method_quarantined"": ""Y"", ""prime_dollars_M"": ""0.315"", ""quarantine_disposition"": ""WITHDRAW"", ""quarantine_disposition_basis"": ""no rung of the corroboration ladder reached and the firm matched a FRAGMENT: `inupiat` is one token of `Inupiat`'s 3-token name (arctic|inupiat|slope). A fragment of a name is not a name (docs/ENTITY_MATCH_RULES.md, the opening defect table)"", ""source_file"": ""review/agent_rulings_deals_2026-08-05.csv"", ""state"": ""AK"", ""tier_rationale"": ""Ruling applied in place 2026-09-03 by 174 from review/agent_rulings_deals_2026-08-05.csv; tier inherited (stated_on_ruling_row)"", ""tribe_id"": ""ANVC-KPVKPT-00"", ""verified_date"": ""2026-04-27""}]","cage.dla.mil: paste CAGE 1V2A5; expect the registrant to be Ukpeaġvik Iñupiat Corporation itself, not a subsidiary or parent"
CE-0009E-1E|CB-1015211,,UNRESOLVED,,,,,,a0c137e99ffba40fe8cbb9c006a8ba1a9a8336f8f8bf0e3b9ab877438e61551d,IDENTIFIER_NOT_IN_LEDGER,CE-0009E-1E,"Akhiok-Kaguyak, Inc.",Alaska Native Village Corporation,CB-1015211,"AKHIOK-KAGUYAK, INC.",UEI:LM6EN6AED963,"no ledger row; the ledger records attribution, never legal identity",,,[],"sam.gov entity search: paste UEI LM6EN6AED963; expect the legal business name Akhiok-Kaguyak, Inc. itself"
CE-0007M-V4|CB-1006980,,UNRESOLVED,,,,,,22e2eb0bf6360ca6099a2295cbf8dc51d1dab0b25d882ef8726ea0e9fc3701bb,IDENTIFIER_NOT_IN_LEDGER,CE-0007M-V4,Alakanuk Native Corporation,Alaska Native Village Corporation,CB-1006980,ALAKANUK NATIVE CORPORATION,UEI:KBSBRMMKYVF7,"no ledger row; the ledger records attribution, never legal identity",,,[],sam.gov entity search: paste UEI KBSBRMMKYVF7; expect the legal business name Alakanuk Native Corporation itself
CE-0007R-K8|CB-1004906,,UNRESOLVED,,,,,,0a48e0b9e119ddd08665fc7cc4cfd55e0eb1181f3b0b9697c55de0fc619a847f,IDENTIFIER_NOT_IN_LEDGER,CE-0007R-K8,Atxam Corporation,Alaska Native Village Corporation,CB-1004906,ATXAM CORPORATION,UEI:EJHYJMGWP7Y3,"no ledger row; the ledger records attribution, never legal identity",,,[],sam.gov entity search: paste UEI EJHYJMGWP7Y3; expect the legal business name Atxam Corporation itself
CE-0007Z-XQ|CB-1001005,,UNRESOLVED,,,,,,352b192563dfdf2e2a02eab29845c74af31e45713f639dd4a95653523c9fbf50,IDENTIFIER_NOT_IN_LEDGER,CE-0007Z-XQ,Baan O Yeel Kon Corporation,Alaska Native Village Corporation,CB-1001005,BAAN O YEEL KON CORPORATION,CAGE:1DUB9 | UEI:ZWR4BGFXLMR3,"no ledger row; the ledger records attribution, never legal identity",,,[],"cage.dla.mil: paste CAGE 1DUB9; expect the registrant to be Baan O Yeel Kon Corporation itself, not a subsidiary or parent"
CE-0007A-ZA|CB-1016143,,UNRESOLVED,,,,,,329f3a65fbbc8398db4f09a7b76473dc5138e0faf125af3174b66557a0602162,IDENTIFIER_NOT_IN_LEDGER,CE-0007A-ZA,Bristol Bay Native Corporation,Alaska Native Regional Corporation,CB-1016143,BRISTOL BAY NATIVE CORPORATION,UEI:PQUEL5MZFDJ3,"no ledger row; the ledger records attribution, never legal identity",,,[],sam.gov entity search: paste UEI PQUEL5MZFDJ3; expect the legal business name Bristol Bay Native Corporation itself
CE-00089-Y1|CB-1005696,,UNRESOLVED,,,,,,79c428db4068af58ab03acdc03cc7ddf58ba17b17ae97e01c4917752b36b9def,IDENTIFIER_NOT_IN_LEDGER,CE-00089-Y1,Chignik Lagoon Native Corporation,Alaska Native Village Corporation,CB-1005696,CHIGNIK LAGOON NATIVE CORPORATION,UEI:HZ8JCCY4N5E1,"no ledger row; the ledger records attribution, never legal identity",,,[],sam.gov entity search: paste UEI HZ8JCCY4N5E1; expect the legal business name Chignik Lagoon Native Corporation itself
CE-00095-BD|CB-1011137,,UNRESOLVED,,,,,,a3e8ccdd589cba2937b01338b104091882af1b0bc09eb6e0a1f086299021a02d,IDENTIFIER_NOT_IN_LEDGER,CE-00095-BD,Huna Totem Corporation,Alaska Native Village Corporation,CB-1011137,HUNA TOTEM CORP,UEI:H9NJJ5NGLL31,"no ledger row; the ledger records attribution, never legal identity",,,[],sam.gov entity search: paste UEI H9NJJ5NGLL31; expect the legal business name Huna Totem Corporation itself
CE-000A8-28|CB-1003437,,UNRESOLVED,,,,,,ee8c0ec55cc028f0fe21c1b52c3f7d04a7d997c5ee920ae56badbf0d63b66241,IDENTIFIER_NOT_IN_LEDGER,CE-000A8-28,"K'oyitl'ots'ina, Ltd.",Alaska Native Village Corporation,CB-1003437,"K'OYITL'OTS'INA, LIMITED",CAGE:1E0D5 | UEI:FKMWECSN4983,"no ledger row; the ledger records attribution, never legal identity",,,[],"cage.dla.mil: paste CAGE 1E0D5; expect the registrant to be K'oyitl'ots'ina, Ltd. itself, not a subsidiary or parent"
CE-0009T-9T|CB-1001852,,UNRESOLVED,,,,,,a96e7f5451b2348b09035fab6c4b0dc54ec35d40d869a6c966fc8926fa74b4ec,IDENTIFIER_NOT_IN_LEDGER,CE-0009T-9T,"Knikatnu, Inc.",Alaska Native Village Corporation,CB-1001852,"KNIKATNU, INC",UEI:SGMFJLNLCTU3,"no ledger row; the ledger records attribution, never legal identity",,,[],"sam.gov entity search: paste UEI SGMFJLNLCTU3; expect the legal business name Knikatnu, Inc. itself"
CE-0009R-X8|CB-1016044,,UNRESOLVED,,,,,,ac10fe93e19a5356865009c6857bd96c4517bd6fb4c31c9783dbbe0e43168bc5,IDENTIFIER_NOT_IN_LEDGER,CE-0009R-X8,Kongnikilnomuit Yuita Corporation,Alaska Native Village Corporation,CB-1016044,KONGNIKILNOMUIT YUITA CORPORATION,UEI:RH2SC4VRAG67,"no ledger row; the ledger records attribution, never legal identity",,,[],sam.gov entity search: paste UEI RH2SC4VRAG67; expect the legal business name Kongnikilnomuit Yuita Corporation itself
CE-0007F-X7|CB-1016339,,UNRESOLVED,,,,,,de4704d795555c53e21e5c35379a2b4a7ed132ad2e416198417533f0ed18c824,IDENTIFIER_NOT_IN_LEDGER,CE-0007F-X7,"Koniag, Incorporated",Alaska Native Regional Corporation,CB-1016339,"KONIAG, INC.",UEI:DRDKNY4L1T33,"no ledger row; the ledger records attribution, never legal identity",,,[],"sam.gov entity search: paste UEI DRDKNY4L1T33; expect the legal business name Koniag, Incorporated itself"
CE-000A4-A4|CB-1013105,,UNRESOLVED,,,,,,3cca7268fd67bd8489d6df3181453ef7f7bea40a7486337cffe97a016c01a88f,IDENTIFIER_NOT_IN_LEDGER,CE-000A4-A4,Kuukpik Corporation,Alaska Native Village Corporation,CB-1013105,KUUKPIK CORP,UEI:N2YAMGMC8LL7,"no ledger row; the ledger records attribution, never legal identity",,,[],sam.gov entity search: paste UEI N2YAMGMC8LL7; expect the legal business name Kuukpik Corporation itself
CE-000AM-AM|CB-1008838,,UNRESOLVED,,,,,,37b4ef2fbb393b78c47da3e0ed8415fd8b269d60f0d82cfd8be8810320de461d,IDENTIFIER_NOT_IN_LEDGER,CE-000AM-AM,"Manokotak Natives, Ltd.",Alaska Native Village Corporation,CB-1008838,MANOKOTAK NATIVES LIMITED,UEI:RU2ZH25ZMLJ1,"no ledger row; the ledger records attribution, never legal identity",,,[],"sam.gov entity search: paste UEI RU2ZH25ZMLJ1; expect the legal business name Manokotak Natives, Ltd. itself"
CE-000AX-0N|CB-1002196,,UNRESOLVED,,,,,,a99910e42ef5c8e4686e305ae3d80d1c1cebb75096b5b52ca24e5e4fc06bd630,IDENTIFIER_NOT_IN_LEDGER,CE-000AX-0N,Nima Corporation,Alaska Native Village Corporation,CB-1002196,NIMA CORPORATION,UEI:D6HCZJMB7H27,"no ledger row; the ledger records attribution, never legal identity",,,[],sam.gov entity search: paste UEI D6HCZJMB7H27; expect the legal business name Nima Corporation itself
CE-000C2-8J|CB-1012598,,UNRESOLVED,,,,,,a3050233ec3a3193824d980fc94b9c3d094aa792d1f0648663031bdfd4936fea,IDENTIFIER_NOT_IN_LEDGER,CE-000C2-8J,Sitnasuak Native Corporation,Alaska Native Village Corporation,CB-1012598,SITNASUAK NATIVE CORPORATION,UEI:DAZLA5JB21G8,"no ledger row; the ledger records attribution, never legal identity",,,[],sam.gov entity search: paste UEI DAZLA5JB21G8; expect the legal business name Sitnasuak Native Corporation itself
CE-000CB-YK|CB-1006761,,UNRESOLVED,,,,,,9b8bc3048f1c68eb1ad291efbf6921adecf022c04d98d631b79b52b81f723e56,IDENTIFIER_NOT_IN_LEDGER,CE-000CB-YK,St. Mary's Native Corporation,Alaska Native Village Corporation,CB-1006761,ST. MARY'S NATIVE CORPORATION,UEI:KMB8LMXHEKA6,"no ledger row; the ledger records attribution, never legal identity",,,[],sam.gov entity search: paste UEI KMB8LMXHEKA6; expect the legal business name St. Mary's Native Corporation itself
CE-000CX-AN|CB-1001854,,UNRESOLVED,,,,,,e4c18962ca21c48c5425d44b12fc47a2ea7b78f602ce141b9c179361cb088beb,IDENTIFIER_NOT_IN_LEDGER,CE-000CX-AN,Unalakleet Native Corporation,Alaska Native Village Corporation,CB-1001854,UNALAKLEET NATIVE CORP,UEI:DKBCT2HJKQB6,"no ledger row; the ledger records attribution, never legal identity",,,[],sam.gov entity search: paste UEI DKBCT2HJKQB6; expect the legal business name Unalakleet Native Corporation itself
CE-00076-76|CB-1008218,,UNRESOLVED,,,,,,92d5b39fcd5c72adae997b4d0078c829a719285403e0d652ab92e95d09b72cc3,NO_IDENTIFIER_ON_BUSINESS,CE-00076-76,"Ahtna, Incorporated",Alaska Native Regional Corporation,CB-1008218,"Ahtna, Inc.",,"no ledger row; the ledger records attribution, never legal identity",,,[],"Alaska corporations search: look up Ahtna, Incorporated; confirm the business record names that corporation itself"
CE-00082-MJ|CB-1015069,,UNRESOLVED,,,,,,74d2a5fc07681b6fc4836c9cc79f8b13673b73025cb97caea475518b10f13678,NO_IDENTIFIER_ON_BUSINESS,CE-00082-MJ,Cape Fox Corporation,Alaska Native Village Corporation,CB-1015069,Cape Fox Corporation,,"no ledger row; the ledger records attribution, never legal identity",,,[],Alaska corporations search: look up Cape Fox Corporation; confirm the business record names that corporation itself
CE-000A9-81|CB-1004943,,UNRESOLVED,,,,,,e2cf14506b7df039e884ed6a35c1960b23a0ee0a564a37a907880c0ff8d44af7,NO_IDENTIFIER_ON_BUSINESS,CE-000A9-81,Old Harbor Native Corporation,Alaska Native Village Corporation,CB-1004943,Old Harbor Native Corporation,,"no ledger row; the ledger records attribution, never legal identity",,,[],Alaska corporations search: look up Old Harbor Native Corporation; confirm the business record names that corporation itself
CE-0007J-FJ|CB-1000292,,UNRESOLVED,,,,,,d30daa05d4fbeefd8995c4331629815c6fdafb8fbadd9ef44d8d9a1e7ca86d4b,WEAK_OR_INSUFFICIENT_EVIDENCE_ONLY,CE-0007J-FJ,Afognak Native Corporation,Alaska Native Village Corporation,CB-1000292,AFOGNAK NATIVE CORP,CAGE:6Y5H3 | UEI:RQ13XQQKKQ67,CE-0007J-FJ via need_v6 tier B: QUARANTINED_METHOD_KEEP,https://search.certifications.sba.gov/,CAGE:6Y5H3 url=HOST_ROOT_ONLY quarantined=Y/KEEP excluded=no,"[{""attribution_method"": ""need_v6"", ""canonical_name"": ""Afognak Native Corporation"", ""cedar_uid"": ""CE-0007J-FJ"", ""confidence_tier"": ""B"", ""crossgov_name_collision_basis"": """", ""crossgov_name_collision_disposition"": """", ""crossgov_name_collision_flag"": """", ""crossgov_name_collision_proposed_entity_id"": """", ""entity_class"": ""FEDERAL_AK_VILLAGE"", ""evidence_source_file"": """", ""evidence_url"": ""https://search.certifications.sba.gov/"", ""evidence_url_integrity"": """", ""exclusion_evidence"": """", ""exclusion_id"": """", ""identifier"": ""6Y5H3"", ""identifier_type"": ""CAGE"", ""is_authority"": """", ""joint_ownership_flag"": """", ""joint_ownership_note"": """", ""legal_business_name"": ""AFOGNAK NATIVE CORP"", ""method_quarantined"": ""Y"", ""prime_dollars_M"": ""0.0"", ""quarantine_disposition"": ""KEEP"", ""quarantine_disposition_basis"": ""rule 7: exact whole-name match to the hub's own official name"", ""source_file"": ""need_v6_geocoded.csv"", ""state"": ""AK"", ""tier_rationale"": ""Corrected 2026-08-06: moved from the village government to the ANCSA corporation. NEED v6 attribution - review"", ""tribe_id"": ""ANVC-AFOGNA-00"", ""verified_date"": ""2026-04-30""}]","cage.dla.mil: paste CAGE 6Y5H3; expect the registrant to be Afognak Native Corporation itself, not a subsidiary or parent"
CE-000BD-5N|CB-1013462,,UNRESOLVED,,,,,,f616a3c1f3dabf7f7fc7e4a35db744e038b67ea3f3a2700caf13b09982e5ad4e,WEAK_OR_INSUFFICIENT_EVIDENCE_ONLY,CE-000BD-5N,Alaska Peninsula Corporation,Alaska Native Village Corporation,CB-1013462,ALASKA PENINSULA CORPORATION,CAGE:3H0R7 | UEI:RK6HMNMKS7Q8,CE-0005P-XP via need_v6 tier B: QUARANTINE_HOLD,https://search.certifications.sba.gov/,CAGE:3H0R7 url=HOST_ROOT_ONLY quarantined=Y/HOLD excluded=no,"[{""attribution_method"": ""need_v6"", ""canonical_name"": ""Sitka"", ""cedar_uid"": ""CE-0005P-XP"", ""confidence_tier"": ""B"", ""crossgov_name_collision_basis"": """", ""crossgov_name_collision_disposition"": """", ""crossgov_name_collision_flag"": """", ""crossgov_name_collision_proposed_entity_id"": """", ""entity_class"": ""FEDERAL_AK_VILLAGE"", ""evidence_source_file"": """", ""evidence_url"": ""https://search.certifications.sba.gov/"", ""evidence_url_integrity"": """", ""exclusion_evidence"": """", ""exclusion_id"": """", ""identifier"": ""3H0R7"", ""identifier_type"": ""CAGE"", ""is_authority"": """", ""joint_ownership_flag"": """", ""joint_ownership_note"": """", ""legal_business_name"": ""ALASKA PENINSULA CORPORATION"", ""method_quarantined"": ""Y"", ""prime_dollars_M"": ""0.0"", ""quarantine_disposition"": ""HOLD"", ""quarantine_disposition_basis"": ""REPORTED, NOT APPLIED - the CAGE leg is outside this pass's declared scope and is newly measured here -- no rung of the corroboration ladder reached and the firm shares NO distinctive token with `Sitka` (hub tokens: sitka); the link rests on nothing"", ""source_file"": ""need_v6_geocoded.csv"", ""state"": ""AK"", ""tier_rationale"": ""NEED v6 attribution - review"", ""tribe_id"": ""AKNF-SITKAT-00-SEALSK-TLNGHD"", ""verified_date"": ""2026-04-30""}]","cage.dla.mil: paste CAGE 3H0R7; expect the registrant to be Alaska Peninsula Corporation itself, not a subsidiary or parent"
CE-000AC-TC|CB-1006055,,UNRESOLVED,,,,,,dbd4ed15040e4612f5d6d1327b7bc1c6d37710176d644520172d6bd681ba9998,WEAK_OR_INSUFFICIENT_EVIDENCE_ONLY,CE-000AC-TC,"Aleknagik Natives, Ltd.",Alaska Native Village Corporation,CB-1006055,ALEKNAGIK NATIVES LIMITED,CAGE:4Q8G3 | UEI:NL18TFWJSBE1,CE-0000C-8C via need_v6 tier B: WEAK_ATTRIBUTION_TO_OTHER_ENTITY,https://search.certifications.sba.gov/,CAGE:4Q8G3 url=HOST_ROOT_ONLY quarantined=Y/KEEP excluded=no,"[{""attribution_method"": ""need_v6"", ""canonical_name"": ""Aleknagik"", ""cedar_uid"": ""CE-0000C-8C"", ""confidence_tier"": ""B"", ""crossgov_name_collision_basis"": """", ""crossgov_name_collision_disposition"": """", ""crossgov_name_collision_flag"": """", ""crossgov_name_collision_proposed_entity_id"": """", ""entity_class"": ""FEDERAL_AK_VILLAGE"", ""evidence_source_file"": """", ""evidence_url"": ""https://search.certifications.sba.gov/"", ""evidence_url_integrity"": """", ""exclusion_evidence"": """", ""exclusion_id"": """", ""identifier"": ""4Q8G3"", ""identifier_type"": ""CAGE"", ""is_authority"": """", ""joint_ownership_flag"": """", ""joint_ownership_note"": """", ""legal_business_name"": ""ALEKNAGIK NATIVES LIMITED"", ""method_quarantined"": ""Y"", ""prime_dollars_M"": ""0.0"", ""quarantine_disposition"": ""KEEP"", ""quarantine_disposition_basis"": ""rule 7: residue empty - every distinctive word in the filed name (aleknagik) is accounted for by the hub's own names"", ""source_file"": ""need_v6_geocoded.csv"", ""state"": ""AK"", ""tier_rationale"": ""NEED v6 attribution - review"", ""tribe_id"": ""AKNF-ALKNGK-00-BRBYCO-BRBYAS"", ""verified_date"": ""2026-04-30""}]","cage.dla.mil: paste CAGE 4Q8G3; expect the registrant to be Aleknagik Natives, Ltd. itself, not a subsidiary or parent"
CE-00078-KR|CB-1003942,,UNRESOLVED,,,,,,8691a63077fd0019e467a2b8a3ecf10e57f07bf9b14610927387b8852a474d46,WEAK_OR_INSUFFICIENT_EVIDENCE_ONLY,CE-00078-KR,Arctic Slope Regional Corporation,Alaska Native Regional Corporation,CB-1003942,ARCTIC SLOPE REGIONAL CORPORATION,UEI:CY16XXPHX213,CE-00078-KR via cluster_v3 tier B: QUARANTINED_METHOD_KEEP,,UEI:CY16XXPHX213 url=MISSING quarantined=Y/KEEP excluded=no,"[{""attribution_method"": ""cluster_v3"", ""canonical_name"": ""Arctic Slope Regional Corporation"", ""cedar_uid"": ""CE-00078-KR"", ""confidence_tier"": ""B"", ""crossgov_name_collision_basis"": """", ""crossgov_name_collision_disposition"": """", ""crossgov_name_collision_flag"": """", ""crossgov_name_collision_proposed_entity_id"": """", ""entity_class"": ""Alaska Native Regional Corporation"", ""evidence_source_file"": ""sam_uei_to_tribe_assignment_v3.csv"", ""evidence_url"": """", ""evidence_url_integrity"": ""Reclassified 2026-08-06: this was a local file path, not a retrievable URL. The attribution may still be correct; the claim of web verification was not."", ""exclusion_evidence"": """", ""exclusion_id"": """", ""identifier"": ""CY16XXPHX213"", ""identifier_type"": ""UEI"", ""is_authority"": """", ""joint_ownership_flag"": """", ""joint_ownership_note"": """", ""legal_business_name"": ""Arctic Slope Regional Corporation"", ""method_quarantined"": ""Y"", ""prime_dollars_M"": ""0.17"", ""quarantine_disposition"": ""KEEP"", ""quarantine_disposition_basis"": ""rule 7: exact whole-name match to the hub's own official name"", ""source_file"": ""master_tribal_entity_registry.csv"", ""state"": ""AK"", ""tier_rationale"": ""Algorithmic name clustering, unreviewed"", ""tribe_id"": ""ANRC-ARCSLO-00"", ""verified_date"": ""2026-04-27""}]",sam.gov entity search: paste UEI CY16XXPHX213; expect the legal business name Arctic Slope Regional Corporation itself
CE-0007N-1X|CB-1013747,,UNRESOLVED,,,,,,77abb07961fa310eaee9df24fd7b5d7188962e9378e80f6131d944ffb1b23e78,WEAK_OR_INSUFFICIENT_EVIDENCE_ONLY,CE-0007N-1X,Askinuk Corporation,Alaska Native Village Corporation,CB-1013747,ASKINUK CORPORATION,CAGE:60KX2 | UEI:LNKJSKAN1HG3,(none) via need_v6 tier C: WEAK_ATTRIBUTION_TO_OTHER_ENTITY,https://search.certifications.sba.gov/,CAGE:60KX2 url=HOST_ROOT_ONLY quarantined=Y/KEEP excluded=no,"[{""attribution_method"": ""need_v6"", ""canonical_name"": """", ""cedar_uid"": """", ""confidence_tier"": ""C"", ""crossgov_name_collision_basis"": """", ""crossgov_name_collision_disposition"": """", ""crossgov_name_collision_flag"": """", ""crossgov_name_collision_proposed_entity_id"": """", ""entity_class"": ""TRIBAL_UNCROSSWALKED_SBA"", ""evidence_source_file"": """", ""evidence_url"": ""https://search.certifications.sba.gov/"", ""evidence_url_integrity"": """", ""exclusion_evidence"": """", ""exclusion_id"": """", ""identifier"": ""60KX2"", ""identifier_type"": ""CAGE"", ""is_authority"": """", ""joint_ownership_flag"": """", ""joint_ownership_note"": """", ""legal_business_name"": ""ASKINUK CORPORATION"", ""method_quarantined"": ""Y"", ""prime_dollars_M"": ""0.0"", ""quarantine_disposition"": ""KEEP"", ""quarantine_disposition_basis"": ""ledger tier C - already non-attributing; 40_build_prime_contracts.py never keys it"", ""source_file"": ""need_v6_geocoded.csv"", ""state"": ""AK"", ""tier_rationale"": ""NEED v6 attribution - review"", ""tribe_id"": """", ""verified_date"": ""2026-04-30""}]","cage.dla.mil: paste CAGE 60KX2; expect the registrant to be Askinuk Corporation itself, not a subsidiary or parent"
CE-0007V-5K|CB-1004055,,UNRESOLVED,,,,,,cc77ec322486ffb272ce4832f3fd655181406fcce8b65fd6c719fc7c86d92c3e,WEAK_OR_INSUFFICIENT_EVIDENCE_ONLY,CE-0007V-5K,Bean Ridge Corporation,Alaska Native Village Corporation,CB-1004055,BEAN RIDGE CORPORATION,CAGE:5J8Q8 | UEI:EVFGELBFBLG9,CE-0007V-5K via agent_research_one_leg tier B: TIER_B_ATTRIBUTION | (none) via need_v6 tier C: WEAK_ATTRIBUTION_TO_OTHER_ENTITY,https://search.certifications.sba.gov/,UEI:EVFGELBFBLG9 url=MISSING quarantined=N/- excluded=no | CAGE:5J8Q8 url=HOST_ROOT_ONLY quarantined=Y/KEEP excluded=no,"[{""attribution_method"": ""agent_research_one_leg"", ""canonical_name"": ""Bean Ridge Corporation"", ""cedar_uid"": ""CE-0007V-5K"", ""confidence_tier"": ""B"", ""crossgov_name_collision_basis"": """", ""crossgov_name_collision_disposition"": """", ""crossgov_name_collision_flag"": """", ""crossgov_name_collision_proposed_entity_id"": """", ""entity_class"": """", ""evidence_source_file"": """", ""evidence_url"": """", ""evidence_url_integrity"": """", ""exclusion_evidence"": """", ""exclusion_id"": """", ""identifier"": ""EVFGELBFBLG9"", ""identifier_type"": ""UEI"", ""is_authority"": """", ""joint_ownership_flag"": """", ""joint_ownership_note"": """", ""legal_business_name"": ""Bean Ridge Corporation"", ""method_quarantined"": ""N"", ""prime_dollars_M"": ""0.012"", ""quarantine_disposition"": """", ""quarantine_disposition_basis"": """", ""source_file"": ""master_tribal_entity_registry.csv"", ""state"": ""AK"", ""tier_rationale"": ""Agent-researched 2026-08-06: single evidence leg"", ""tribe_id"": ""ANVC-BEANRI-00"", ""verified_date"": """"}, {""attribution_method"": ""need_v6"", ""canonical_name"": """", ""cedar_uid"": """", ""confidence_tier"": ""C"", ""crossgov_name_collision_basis"": """", ""crossgov_name_collision_disposition"": """", ""crossgov_name_collision_flag"": """", ""crossgov_name_collision_proposed_entity_id"": """", ""entity_class"": ""TRIBAL_UNCROSSWALKED_SBA"", ""evidence_source_file"": """", ""evidence_url"": ""https://search.certifications.sba.gov/"", ""evidence_url_integrity"": """", ""exclusion_evidence"": """", ""exclusion_id"": """", ""identifier"": ""5J8Q8"", ""identifier_type"": ""CAGE"", ""is_authority"": """", ""joint_ownership_flag"": """", ""joint_ownership_note"": """", ""legal_business_name"": ""BEAN RIDGE CORPORATION"", ""method_quarantined"": ""Y"", ""prime_dollars_M"": ""0.0"", ""quarantine_disposition"": ""KEEP"", ""quarantine_disposition_basis"": ""ledger tier C - already non-attributing; 40_build_prime_contracts.py never keys it"", ""source_file"": ""need_v6_geocoded.csv"", ""state"": ""AK"", ""tier_rationale"": ""NEED v6 attribution - review"", ""tribe_id"": """", ""verified_date"": ""2026-04-30""}]","cage.dla.mil: paste CAGE 5J8Q8; expect the registrant to be Bean Ridge Corporation itself, not a subsidiary or parent"
CE-00079-SH|CB-1014954,,UNRESOLVED,,,,,,04c8998ed8a07cce2e39584fc66f0681a0dbd31d59adb8893b0776baa3c2eef9,WEAK_OR_INSUFFICIENT_EVIDENCE_ONLY,CE-00079-SH,Bering Straits Native Corporation,Alaska Native Regional Corporation,CB-1014954,BERING STRAITS NATIVE CORPORATION,CAGE:3WDK7 | UEI:NWK9D2XDFGM8,CE-00079-SH via need_v6 tier B: QUARANTINED_METHOD_KEEP,https://search.certifications.sba.gov/,CAGE:3WDK7 url=HOST_ROOT_ONLY quarantined=Y/KEEP excluded=no,"[{""attribution_method"": ""need_v6"", ""canonical_name"": ""Bering Straits Native Corporation"", ""cedar_uid"": ""CE-00079-SH"", ""confidence_tier"": ""B"", ""crossgov_name_collision_basis"": """", ""crossgov_name_collision_disposition"": """", ""crossgov_name_collision_flag"": """", ""crossgov_name_collision_proposed_entity_id"": """", ""entity_class"": ""ANC_REGIONAL"", ""evidence_source_file"": """", ""evidence_url"": ""https://search.certifications.sba.gov/"", ""evidence_url_integrity"": """", ""exclusion_evidence"": """", ""exclusion_id"": """", ""identifier"": ""3WDK7"", ""identifier_type"": ""CAGE"", ""is_authority"": """", ""joint_ownership_flag"": """", ""joint_ownership_note"": """", ""legal_business_name"": ""BERING STRAITS NATIVE CORPORATION"", ""method_quarantined"": ""Y"", ""prime_dollars_M"": ""0.0"", ""quarantine_disposition"": ""KEEP"", ""quarantine_disposition_basis"": ""rule 7: exact whole-name match to the hub's own official name"", ""source_file"": ""need_v6_geocoded.csv"", ""state"": ""AK"", ""tier_rationale"": ""NEED v6 attribution - review"", ""tribe_id"": ""ANRC-BERSTR-00"", ""verified_date"": ""2026-04-30""}]","cage.dla.mil: paste CAGE 3WDK7; expect the registrant to be Bering Straits Native Corporation itself, not a subsidiary or parent"
CE-0007X-H5|CB-1008442,,UNRESOLVED,,,,,,c3a0afc8a01a55febd2bbbb7288e3f631aad163aa14fa8e2559c42938e07b5a5,WEAK_OR_INSUFFICIENT_EVIDENCE_ONLY,CE-0007X-H5,Bethel Native Corporation,Alaska Native Village Corporation,CB-1008442,BETHEL NATIVE CORPORATION,UEI:P5F8NW7UB7C8,CE-0007X-H5 via agent_research_one_leg tier B: TIER_B_ATTRIBUTION,,UEI:P5F8NW7UB7C8 url=MISSING quarantined=N/- excluded=no,"[{""attribution_method"": ""agent_research_one_leg"", ""canonical_name"": ""Bethel Native Corporation"", ""cedar_uid"": ""CE-0007X-H5"", ""confidence_tier"": ""B"", ""crossgov_name_collision_basis"": """", ""crossgov_name_collision_disposition"": """", ""crossgov_name_collision_flag"": """", ""crossgov_name_collision_proposed_entity_id"": """", ""entity_class"": """", ""evidence_source_file"": """", ""evidence_url"": """", ""evidence_url_integrity"": """", ""exclusion_evidence"": """", ""exclusion_id"": """", ""identifier"": ""P5F8NW7UB7C8"", ""identifier_type"": ""UEI"", ""is_authority"": """", ""joint_ownership_flag"": """", ""joint_ownership_note"": """", ""legal_business_name"": ""Bethel Native Corporation"", ""method_quarantined"": ""N"", ""prime_dollars_M"": ""0.006"", ""quarantine_disposition"": """", ""quarantine_disposition_basis"": """", ""source_file"": ""master_tribal_entity_registry.csv"", ""state"": ""AK"", ""tier_rationale"": ""Agent-researched 2026-08-06: single evidence leg"", ""tribe_id"": ""ANVC-BETHEL-00"", ""verified_date"": """"}]",sam.gov entity search: paste UEI P5F8NW7UB7C8; expect the legal business name Bethel Native Corporation itself
CE-0007B-53|CB-1010558,,UNRESOLVED,,,,,,dad00da3ff20885cb6747c61092d64e029fb70ac2bb511caa3842c9aa2386e81,WEAK_OR_INSUFFICIENT_EVIDENCE_ONLY,CE-0007B-53,Calista Corporation,Alaska Native Regional Corporation,CB-1010558,CALISTA CORP,CAGE:3C8B5 | UEI:JM61NJRD58C8,CE-0007B-53 via need_v6 tier B: QUARANTINED_METHOD_KEEP,https://search.certifications.sba.gov/,CAGE:3C8B5 url=HOST_ROOT_ONLY quarantined=Y/KEEP excluded=no,"[{""attribution_method"": ""need_v6"", ""canonical_name"": ""Calista Corporation"", ""cedar_uid"": ""CE-0007B-53"", ""confidence_tier"": ""B"", ""crossgov_name_collision_basis"": """", ""crossgov_name_collision_disposition"": """", ""crossgov_name_collision_flag"": """", ""crossgov_name_collision_proposed_entity_id"": """", ""entity_class"": ""ANC_REGIONAL"", ""evidence_source_file"": """", ""evidence_url"": ""https://search.certifications.sba.gov/"", ""evidence_url_integrity"": """", ""exclusion_evidence"": """", ""exclusion_id"": """", ""identifier"": ""3C8B5"", ""identifier_type"": ""CAGE"", ""is_authority"": """", ""joint_ownership_flag"": """", ""joint_ownership_note"": """", ""legal_business_name"": ""CALISTA CORP"", ""method_quarantined"": ""Y"", ""prime_dollars_M"": ""0.0"", ""quarantine_disposition"": ""KEEP"", ""quarantine_disposition_basis"": ""rule 7: exact whole-name match to the hub's own official name"", ""source_file"": ""need_v6_geocoded.csv"", ""state"": ""AK"", ""tier_rationale"": ""NEED v6 attribution - review"", ""tribe_id"": ""ANRC-CALSTA-00"", ""verified_date"": ""2026-04-30""}]","cage.dla.mil: paste CAGE 3C8B5; expect the registrant to be Calista Corporation itself, not a subsidiary or parent"
CE-0008C-GC|CB-1016276,,UNRESOLVED,,,,,,ad79045e3064115a99591c00dfc407794f60b0aefe9e54af43620233fa6be27c,WEAK_OR_INSUFFICIENT_EVIDENCE_ONLY,CE-0008C-GC,Chitina Native Corporation,Alaska Native Village Corporation,CB-1016276,CHITINA NATIVE CORP,UEI:LNCPPJ2AFB52,CE-0008C-GC via cluster_v3 tier B: QUARANTINED_METHOD_KEEP,,UEI:LNCPPJ2AFB52 url=MISSING quarantined=Y/KEEP excluded=no,"[{""attribution_method"": ""cluster_v3"", ""canonical_name"": ""Chitina Native Corporation"", ""cedar_uid"": ""CE-0008C-GC"", ""confidence_tier"": ""B"", ""crossgov_name_collision_basis"": """", ""crossgov_name_collision_disposition"": """", ""crossgov_name_collision_flag"": """", ""crossgov_name_collision_proposed_entity_id"": """", ""entity_class"": ""Federally recognized Alaska Native Village"", ""evidence_source_file"": ""sam_uei_to_tribe_assignment_v3.csv"", ""evidence_url"": """", ""evidence_url_integrity"": ""Reclassified 2026-08-06: this was a local file path, not a retrievable URL. The attribution may still be correct; the claim of web verification was not."", ""exclusion_evidence"": """", ""exclusion_id"": """", ""identifier"": ""LNCPPJ2AFB52"", ""identifier_type"": ""UEI"", ""is_authority"": """", ""joint_ownership_flag"": """", ""joint_ownership_note"": """", ""legal_business_name"": ""CHITINA NATIVE CORP"", ""method_quarantined"": ""Y"", ""prime_dollars_M"": ""0.0"", ""quarantine_disposition"": ""KEEP"", ""quarantine_disposition_basis"": ""rule 7: exact whole-name match to the hub's own official name"", ""source_file"": ""master_tribal_entity_registry.csv"", ""state"": """", ""tier_rationale"": ""Corrected 2026-08-06: moved from the village government to the ANCSA corporation. Algorithmic name clustering, unreviewed"", ""tribe_id"": ""ANVC-CHITIN-00"", ""verified_date"": ""2026-04-27""}]",sam.gov entity search: paste UEI LNCPPJ2AFB52; expect the legal business name Chitina Native Corporation itself
CE-00088-R8|CB-1005420,,UNRESOLVED,,,,,,7ab8cf9800c0f6771ee3fb050c658ed4d3769aca6229485865c78bb0b49d4b98,WEAK_OR_INSUFFICIENT_EVIDENCE_ONLY,CE-00088-R8,"Choggiung, Ltd.",Alaska Native Village Corporation,CB-1005420,CHOGGIUNG LTD,CAGE:0K471 | UEI:JVMBL1VNBCS8,(none) via need_v6 tier C: WEAK_ATTRIBUTION_TO_OTHER_ENTITY | (none) via unmatched tier C: WEAK_ATTRIBUTION_TO_OTHER_ENTITY,https://search.certifications.sba.gov/,CAGE:0K471 url=HOST_ROOT_ONLY quarantined=Y/KEEP excluded=no | UEI:JVMBL1VNBCS8 url=MISSING quarantined=N/- excluded=no,"[{""attribution_method"": ""need_v6"", ""canonical_name"": """", ""cedar_uid"": """", ""confidence_tier"": ""C"", ""crossgov_name_collision_basis"": """", ""crossgov_name_collision_disposition"": """", ""crossgov_name_collision_flag"": """", ""crossgov_name_collision_proposed_entity_id"": """", ""entity_class"": ""TRIBAL_UNCROSSWALKED_SBA"", ""evidence_source_file"": """", ""evidence_url"": ""https://search.certifications.sba.gov/"", ""evidence_url_integrity"": """", ""exclusion_evidence"": """", ""exclusion_id"": """", ""identifier"": ""0K471"", ""identifier_type"": ""CAGE"", ""is_authority"": """", ""joint_ownership_flag"": """", ""joint_ownership_note"": """", ""legal_business_name"": ""CHOGGIUNG LTD"", ""method_quarantined"": ""Y"", ""prime_dollars_M"": ""0.0"", ""quarantine_disposition"": ""KEEP"", ""quarantine_disposition_basis"": ""ledger tier C - already non-attributing; 40_build_prime_contracts.py never keys it"", ""source_file"": ""need_v6_geocoded.csv"", ""state"": ""AK"", ""tier_rationale"": ""NEED v6 attribution - review"", ""tribe_id"": """", ""verified_date"": ""2026-04-30""}, {""attribution_method"": ""unmatched"", ""canonical_name"": """", ""cedar_uid"": """", ""confidence_tier"": ""C"", ""crossgov_name_collision_basis"": """", ""crossgov_name_collision_disposition"": """", ""crossgov_name_collision_flag"": """", ""crossgov_name_collision_proposed_entity_id"": """", ""entity_class"": """", ""evidence_source_file"": """", ""evidence_url"": """", ""evidence_url_integrity"": """", ""exclusion_evidence"": """", ""exclusion_id"": """", ""identifier"": ""JVMBL1VNBCS8"", ""identifier_type"": ""UEI"", ""is_authority"": """", ""joint_ownership_flag"": """", ""joint_ownership_note"": """", ""legal_business_name"": ""Choggiung Ltd."", ""method_quarantined"": ""N"", ""prime_dollars_M"": ""0.634"", ""quarantine_disposition"": """", ""quarantine_disposition_basis"": """", ""source_file"": ""master_tribal_entity_registry.csv"", ""state"": ""AK"", ""tier_rationale"": ""No attribution - discovery candidate"", ""tribe_id"": """", ""verified_date"": """"}]","cage.dla.mil: paste CAGE 0K471; expect the registrant to be Choggiung, Ltd. itself, not a subsidiary or parent"
CE-0007C-BW|CB-1002885,,UNRESOLVED,,,,,,b2e7f3327ad9acca2e968852d0ef570920fe6ab3c3b6b0366228b5e7533d66cc,WEAK_OR_INSUFFICIENT_EVIDENCE_ONLY,CE-0007C-BW,Chugach Alaska Corporation,Alaska Native Regional Corporation,CB-1002885,Chugach Alaska Corporation,CAGE:44VJ9 | UEI:L2YMLW7SK3K8,CE-0007C-BW via need_v6 tier B: QUARANTINED_METHOD_KEEP,https://search.certifications.sba.gov/,CAGE:44VJ9 url=HOST_ROOT_ONLY quarantined=Y/KEEP excluded=no,"[{""attribution_method"": ""need_v6"", ""canonical_name"": ""Chugach Alaska Corporation"", ""cedar_uid"": ""CE-0007C-BW"", ""confidence_tier"": ""B"", ""crossgov_name_collision_basis"": """", ""crossgov_name_collision_disposition"": """", ""crossgov_name_collision_flag"": """", ""crossgov_name_collision_proposed_entity_id"": """", ""entity_class"": ""ANC_REGIONAL"", ""evidence_source_file"": """", ""evidence_url"": ""https://search.certifications.sba.gov/"", ""evidence_url_integrity"": """", ""exclusion_evidence"": """", ""exclusion_id"": """", ""identifier"": ""44VJ9"", ""identifier_type"": ""CAGE"", ""is_authority"": """", ""joint_ownership_flag"": """", ""joint_ownership_note"": """", ""legal_business_name"": ""CHUGACH ALASKA CORPORATION"", ""method_quarantined"": ""Y"", ""prime_dollars_M"": ""0.0"", ""quarantine_disposition"": ""KEEP"", ""quarantine_disposition_basis"": ""rule 7: exact whole-name match to the hub's own official name"", ""source_file"": ""need_v6_geocoded.csv"", ""state"": ""AK"", ""tier_rationale"": ""NEED v6 attribution - review"", ""tribe_id"": ""ANRC-CHGCCO-00"", ""verified_date"": ""2026-04-30""}]","cage.dla.mil: paste CAGE 44VJ9; expect the registrant to be Chugach Alaska Corporation itself, not a subsidiary or parent"
CE-0008H-E9|CB-1005925,,UNRESOLVED,,,,,,49cdb413eaa6a05aa0006ea7ea61050e1b357bbfc161ed712b2e2e012378d62b,WEAK_OR_INSUFFICIENT_EVIDENCE_ONLY,CE-0008H-E9,"Cully Corporation, Inc.",Alaska Native Village Corporation,CB-1005925,CULLY CORPORATION INC.,CAGE:76WW7 | UEI:FS44ND87ADK4,CE-0008H-E9 via agent_research_one_leg tier B: TIER_B_ATTRIBUTION | CE-0008H-E9 via agent_research_one_leg tier B: TIER_B_ATTRIBUTION,https://search.certifications.sba.gov/,UEI:FS44ND87ADK4 url=MISSING quarantined=N/- excluded=no | CAGE:76WW7 url=HOST_ROOT_ONLY quarantined=N/- excluded=no,"[{""attribution_method"": ""agent_research_one_leg"", ""canonical_name"": ""Cully Corporation, Inc."", ""cedar_uid"": ""CE-0008H-E9"", ""confidence_tier"": ""B"", ""crossgov_name_collision_basis"": """", ""crossgov_name_collision_disposition"": """", ""crossgov_name_collision_flag"": """", ""crossgov_name_collision_proposed_entity_id"": """", ""entity_class"": """", ""evidence_source_file"": """", ""evidence_url"": """", ""evidence_url_integrity"": """", ""exclusion_evidence"": """", ""exclusion_id"": """", ""identifier"": ""FS44ND87ADK4"", ""identifier_type"": ""UEI"", ""is_authority"": """", ""joint_ownership_flag"": """", ""joint_ownership_note"": """", ""legal_business_name"": ""Cully Corporation Inc."", ""method_quarantined"": ""N"", ""prime_dollars_M"": ""0.046"", ""quarantine_disposition"": """", ""quarantine_disposition_basis"": """", ""source_file"": ""master_tribal_entity_registry.csv"", ""state"": ""AK"", ""tier_rationale"": ""Agent-researched 2026-08-06: single evidence leg"", ""tribe_id"": ""ANVC-CULLYX-00"", ""verified_date"": """"}, {""attribution_method"": ""agent_research_one_leg"", ""canonical_name"": ""Cully Corporation, Inc."", ""cedar_uid"": ""CE-0008H-E9"", ""confidence_tier"": ""B"", ""crossgov_name_collision_basis"": """", ""crossgov_name_collision_disposition"": """", ""crossgov_name_collision_flag"": """", ""crossgov_name_collision_proposed_entity_id"": """", ""entity_class"": ""TRIBAL_UNCROSSWALKED_SBA"", ""evidence_source_file"": """", ""evidence_url"": ""https://search.certifications.sba.gov/"", ""evidence_url_integrity"": """", ""exclusion_evidence"": """", ""exclusion_id"": """", ""identifier"": ""76WW7"", ""identifier_type"": ""CAGE"", ""is_authority"": """", ""joint_ownership_flag"": """", ""joint_ownership_note"": """", ""legal_business_name"": ""CULLY CORPORATION INC."", ""method_quarantined"": ""N"", ""prime_dollars_M"": ""0.0"", ""quarantine_disposition"": """", ""quarantine_disposition_basis"": """", ""source_file"": ""need_v6_geocoded.csv"", ""state"": ""AK"", ""tier_rationale"": ""Agent-researched 2026-08-06: single evidence leg"", ""tribe_id"": ""ANVC-CULLYX-00"", ""verified_date"": ""2026-04-30""}]","cage.dla.mil: paste CAGE 76WW7; expect the registrant to be Cully Corporation, Inc. itself, not a subsidiary or parent"
CE-0007E-QE|CB-1016035,,UNRESOLVED,,,,,,d5e421502a9b348ba247738f27f17b46ec41e6838780fad90a01da0b75a57d63,WEAK_OR_INSUFFICIENT_EVIDENCE_ONLY,CE-0007E-QE,"Doyon, Limited",Alaska Native Regional Corporation,CB-1016035,"DOYON, LIMITED",CAGE:4Y2B6 | UEI:DGWUT8NL4LB4,CE-0007E-QE via cluster_v3 tier B: QUARANTINED_METHOD_KEEP,,UEI:DGWUT8NL4LB4 url=MISSING quarantined=Y/KEEP excluded=no,"[{""attribution_method"": ""cluster_v3"", ""canonical_name"": ""Doyon, Limited"", ""cedar_uid"": ""CE-0007E-QE"", ""confidence_tier"": ""B"", ""crossgov_name_collision_basis"": """", ""crossgov_name_collision_disposition"": """", ""crossgov_name_collision_flag"": """", ""crossgov_name_collision_proposed_entity_id"": """", ""entity_class"": ""Alaska Native Regional Corporation"", ""evidence_source_file"": ""sam_uei_to_tribe_assignment_v3.csv"", ""evidence_url"": """", ""evidence_url_integrity"": ""Reclassified 2026-08-06: this was a local file path, not a retrievable URL. The attribution may still be correct; the claim of web verification was not."", ""exclusion_evidence"": """", ""exclusion_id"": """", ""identifier"": ""DGWUT8NL4LB4"", ""identifier_type"": ""UEI"", ""is_authority"": """", ""joint_ownership_flag"": """", ""joint_ownership_note"": """", ""legal_business_name"": ""Doyon Limited"", ""method_quarantined"": ""Y"", ""prime_dollars_M"": ""0.002"", ""quarantine_disposition"": ""KEEP"", ""quarantine_disposition_basis"": ""rule 7: exact whole-name match to the hub's own official name"", ""source_file"": ""master_tribal_entity_registry.csv"", ""state"": ""AK"", ""tier_rationale"": ""Algorithmic name clustering, unreviewed"", ""tribe_id"": ""ANRC-DOYONL-00"", ""verified_date"": ""2026-04-27""}]","cage.dla.mil: paste CAGE 4Y2B6; expect the registrant to be Doyon, Limited itself, not a subsidiary or parent"
CE-0008R-RR|CB-1016725,,UNRESOLVED,,,,,,6ecca3fb2c04b81cd5a237e279a6426fb0b8d50f406eb73ea3f4d2e072597a29,WEAK_OR_INSUFFICIENT_EVIDENCE_ONLY,CE-0008R-RR,"Eklutna, Inc.",Alaska Native Village Corporation,CB-1016725,EKLUTNA INC,CAGE:38LY0 | UEI:JWA7LVNPBSM5,CE-0008R-RR via cluster_v3 tier B: QUARANTINED_METHOD_KEEP,,UEI:JWA7LVNPBSM5 url=MISSING quarantined=Y/KEEP excluded=no,"[{""attribution_method"": ""cluster_v3"", ""canonical_name"": ""Eklutna, Inc."", ""cedar_uid"": ""CE-0008R-RR"", ""confidence_tier"": ""B"", ""crossgov_name_collision_basis"": """", ""crossgov_name_collision_disposition"": """", ""crossgov_name_collision_flag"": """", ""crossgov_name_collision_proposed_entity_id"": """", ""entity_class"": ""Federally recognized Alaska Native Village"", ""evidence_source_file"": ""sam_uei_to_tribe_assignment_v3.csv"", ""evidence_url"": """", ""evidence_url_integrity"": ""Reclassified 2026-08-06: this was a local file path, not a retrievable URL. The attribution may still be correct; the claim of web verification was not."", ""exclusion_evidence"": """", ""exclusion_id"": """", ""identifier"": ""JWA7LVNPBSM5"", ""identifier_type"": ""UEI"", ""is_authority"": """", ""joint_ownership_flag"": """", ""joint_ownership_note"": """", ""legal_business_name"": ""Eklutna, Inc."", ""method_quarantined"": ""Y"", ""prime_dollars_M"": ""13.716"", ""quarantine_disposition"": ""KEEP"", ""quarantine_disposition_basis"": ""rule 7: exact whole-name match to the hub's own official name"", ""source_file"": ""master_tribal_entity_registry.csv"", ""state"": ""AK"", ""tier_rationale"": ""Corrected 2026-08-06: moved from the village government to the ANCSA corporation. Algorithmic name clustering, unreviewed"", ""tribe_id"": ""ANVC-EKLUTN-00"", ""verified_date"": ""2026-04-27""}]","cage.dla.mil: paste CAGE 38LY0; expect the registrant to be Eklutna, Inc. itself, not a subsidiary or parent"
CE-000A6-PP|CB-1007517,,UNRESOLVED,,,,,,7fffafa49f1ea70aea77853db467d893c476019c4a68868dccc15c390595084c,WEAK_OR_INSUFFICIENT_EVIDENCE_ONLY,CE-000A6-PP,"Ekwok Natives, Ltd.",Alaska Native Village Corporation,CB-1007517,EKWOK NATIVES LTD,CAGE:684D6 | UEI:QMVMSM5LHT99,CE-0006S-MH via need_v6 tier B: WEAK_ATTRIBUTION_TO_OTHER_ENTITY,https://search.certifications.sba.gov/,CAGE:684D6 url=HOST_ROOT_ONLY quarantined=Y/KEEP excluded=no,"[{""attribution_method"": ""need_v6"", ""canonical_name"": ""Ekwok"", ""cedar_uid"": ""CE-0006S-MH"", ""confidence_tier"": ""B"", ""crossgov_name_collision_basis"": """", ""crossgov_name_collision_disposition"": """", ""crossgov_name_collision_flag"": """", ""crossgov_name_collision_proposed_entity_id"": """", ""entity_class"": ""FEDERAL_AK_VILLAGE"", ""evidence_source_file"": """", ""evidence_url"": ""https://search.certifications.sba.gov/"", ""evidence_url_integrity"": """", ""exclusion_evidence"": """", ""exclusion_id"": """", ""identifier"": ""684D6"", ""identifier_type"": ""CAGE"", ""is_authority"": """", ""joint_ownership_flag"": """", ""joint_ownership_note"": """", ""legal_business_name"": ""EKWOK NATIVES LTD"", ""method_quarantined"": ""Y"", ""prime_dollars_M"": ""0.0"", ""quarantine_disposition"": ""KEEP"", ""quarantine_disposition_basis"": ""rule 7: residue empty - every distinctive word in the filed name (ekwok) is accounted for by the hub's own names"", ""source_file"": ""need_v6_geocoded.csv"", ""state"": ""AK"", ""tier_rationale"": ""NEED v6 attribution - review"", ""tribe_id"": ""AKNF-VEKWOK-00-BRBYCO-BRBYAS"", ""verified_date"": ""2026-04-30""}]","cage.dla.mil: paste CAGE 684D6; expect the registrant to be Ekwok Natives, Ltd. itself, not a subsidiary or parent"
CE-0008T-4A|CB-1014455,,UNRESOLVED,,,,,,4b2da03f0f991f814d5c75aacc9d1013371659b71ee1b3e7fd0aa8ccf6e6e837,WEAK_OR_INSUFFICIENT_EVIDENCE_ONLY,CE-0008T-4A,Emmonak Corporation,Alaska Native Village Corporation,CB-1014455,EMMONAK CORPORATION,CAGE:3MKH9 | UEI:NQE6F46KTGM6,CE-0008T-4A via cluster_v3 tier B: QUARANTINED_METHOD_KEEP,,UEI:NQE6F46KTGM6 url=MISSING quarantined=Y/KEEP excluded=no,"[{""attribution_method"": ""cluster_v3"", ""canonical_name"": ""Emmonak Corporation"", ""cedar_uid"": ""CE-0008T-4A"", ""confidence_tier"": ""B"", ""crossgov_name_collision_basis"": """", ""crossgov_name_collision_disposition"": """", ""crossgov_name_collision_flag"": """", ""crossgov_name_collision_proposed_entity_id"": """", ""entity_class"": ""Federally recognized Alaska Native Village"", ""evidence_source_file"": ""sam_uei_to_tribe_assignment_v3.csv"", ""evidence_url"": """", ""evidence_url_integrity"": ""Reclassified 2026-08-06: this was a local file path, not a retrievable URL. The attribution may still be correct; the claim of web verification was not."", ""exclusion_evidence"": """", ""exclusion_id"": """", ""identifier"": ""NQE6F46KTGM6"", ""identifier_type"": ""UEI"", ""is_authority"": """", ""joint_ownership_flag"": """", ""joint_ownership_note"": """", ""legal_business_name"": ""Emmonak Corporation"", ""method_quarantined"": ""Y"", ""prime_dollars_M"": ""0.04"", ""quarantine_disposition"": ""KEEP"", ""quarantine_disposition_basis"": ""rule 7: exact whole-name match to the hub's own official name"", ""source_file"": ""master_tribal_entity_registry.csv"", ""state"": ""AK"", ""tier_rationale"": ""Corrected 2026-08-06: moved from the village government to the ANCSA corporation. Algorithmic name clustering, unreviewed"", ""tribe_id"": ""ANVC-EMMONA-00"", ""verified_date"": ""2026-04-27""}]","cage.dla.mil: paste CAGE 3MKH9; expect the registrant to be Emmonak Corporation itself, not a subsidiary or parent"
CE-0008W-GW|CB-1005661,,UNRESOLVED,,,,,,9f23653926025f524a911a622314b0e279333304b821ff290c6e17e768b6d72b,WEAK_OR_INSUFFICIENT_EVIDENCE_ONLY,CE-0008W-GW,"Far West, Inc.",Alaska Native Village Corporation,CB-1005661,"FAR WEST, INC.",CAGE:4P2F1 | UEI:F7BANR2GYNM4,(none) via need_v6 tier C: WEAK_ATTRIBUTION_TO_OTHER_ENTITY,https://search.certifications.sba.gov/,CAGE:4P2F1 url=HOST_ROOT_ONLY quarantined=Y/KEEP excluded=no,"[{""attribution_method"": ""need_v6"", ""canonical_name"": """", ""cedar_uid"": """", ""confidence_tier"": ""C"", ""crossgov_name_collision_basis"": """", ""crossgov_name_collision_disposition"": """", ""crossgov_name_collision_flag"": """", ""crossgov_name_collision_proposed_entity_id"": """", ""entity_class"": ""TRIBAL_UNCROSSWALKED_SBA"", ""evidence_source_file"": """", ""evidence_url"": ""https://search.certifications.sba.gov/"", ""evidence_url_integrity"": """", ""exclusion_evidence"": """", ""exclusion_id"": """", ""identifier"": ""4P2F1"", ""identifier_type"": ""CAGE"", ""is_authority"": """", ""joint_ownership_flag"": """", ""joint_ownership_note"": """", ""legal_business_name"": ""FAR WEST, INC."", ""method_quarantined"": ""Y"", ""prime_dollars_M"": ""0.0"", ""quarantine_disposition"": ""KEEP"", ""quarantine_disposition_basis"": ""ledger tier C - already non-attributing; 40_build_prime_contracts.py never keys it"", ""source_file"": ""need_v6_geocoded.csv"", ""state"": ""AK"", ""tier_rationale"": ""NEED v6 attribution - review"", ""tribe_id"": """", ""verified_date"": ""2026-04-30""}]","cage.dla.mil: paste CAGE 4P2F1; expect the registrant to be Far West, Inc. itself, not a subsidiary or parent"
CE-0008X-PN|CB-1000681,,UNRESOLVED,,,,,,76c626983e619eb81ae3d74c0d77867b102239d517694e7700b35f6480d84333,WEAK_OR_INSUFFICIENT_EVIDENCE_ONLY,CE-0008X-PN,"Gana-A'Yoo, Ltd.",Alaska Native Village Corporation,CB-1000681,"GANA-A' YOO, LIMITED",CAGE:02JD6 | UEI:K3KWSY8WY8L5,(none) via need_v6 tier C: WEAK_ATTRIBUTION_TO_OTHER_ENTITY,https://search.certifications.sba.gov/,CAGE:02JD6 url=HOST_ROOT_ONLY quarantined=Y/KEEP excluded=no,"[{""attribution_method"": ""need_v6"", ""canonical_name"": """", ""cedar_uid"": """", ""confidence_tier"": ""C"", ""crossgov_name_collision_basis"": """", ""crossgov_name_collision_disposition"": """", ""crossgov_name_collision_flag"": """", ""crossgov_name_collision_proposed_entity_id"": """", ""entity_class"": ""TRIBAL_UNCROSSWALKED_SBA"", ""evidence_source_file"": """", ""evidence_url"": ""https://search.certifications.sba.gov/"", ""evidence_url_integrity"": """", ""exclusion_evidence"": """", ""exclusion_id"": """", ""identifier"": ""02JD6"", ""identifier_type"": ""CAGE"", ""is_authority"": """", ""joint_ownership_flag"": """", ""joint_ownership_note"": """", ""legal_business_name"": ""GANA-A' YOO, LIMITED"", ""method_quarantined"": ""Y"", ""prime_dollars_M"": ""0.0"", ""quarantine_disposition"": ""KEEP"", ""quarantine_disposition_basis"": ""ledger tier C - already non-attributing; 40_build_prime_contracts.py never keys it"", ""source_file"": ""need_v6_geocoded.csv"", ""state"": ""AK"", ""tier_rationale"": ""NEED v6 attribution - review"", ""tribe_id"": """", ""verified_date"": ""2026-04-30""}]","cage.dla.mil: paste CAGE 02JD6; expect the registrant to be Gana-A'Yoo, Ltd. itself, not a subsidiary or parent"
CE-0008Y-WE|CB-1001911,,UNRESOLVED,,,,,,b2602d31d25ac4d609b6c711962a7b24aa8316ec00f1e88991bad2b502ead2a2,WEAK_OR_INSUFFICIENT_EVIDENCE_ONLY,CE-0008Y-WE,"Goldbelt, Incorporated",Alaska Native Village Corporation,CB-1001911,"GOLDBELT, INCORPORATED",UEI:P9QQX7RT8E98,(none) via unmatched tier C: WEAK_ATTRIBUTION_TO_OTHER_ENTITY,,UEI:P9QQX7RT8E98 url=MISSING quarantined=N/- excluded=no,"[{""attribution_method"": ""unmatched"", ""canonical_name"": """", ""cedar_uid"": """", ""confidence_tier"": ""C"", ""crossgov_name_collision_basis"": """", ""crossgov_name_collision_disposition"": """", ""crossgov_name_collision_flag"": """", ""crossgov_name_collision_proposed_entity_id"": """", ""entity_class"": """", ""evidence_source_file"": """", ""evidence_url"": """", ""evidence_url_integrity"": """", ""exclusion_evidence"": """", ""exclusion_id"": """", ""identifier"": ""P9QQX7RT8E98"", ""identifier_type"": ""UEI"", ""is_authority"": """", ""joint_ownership_flag"": """", ""joint_ownership_note"": """", ""legal_business_name"": ""Goldbelt Incorporated"", ""method_quarantined"": ""N"", ""prime_dollars_M"": ""0.027"", ""quarantine_disposition"": """", ""quarantine_disposition_basis"": """", ""source_file"": ""master_tribal_entity_registry.csv"", ""state"": ""AK"", ""tier_rationale"": ""No attribution - discovery candidate"", ""tribe_id"": """", ""verified_date"": """"}]","sam.gov entity search: paste UEI P9QQX7RT8E98; expect the legal business name Goldbelt, Incorporated itself"
CE-00093-ZV|CB-1008433,,UNRESOLVED,,,,,,31ca16d0bdf1bab8db455894797fccd921be7e5d9762250923242f22984c19a6,WEAK_OR_INSUFFICIENT_EVIDENCE_ONLY,CE-00093-ZV,Haida Corporation,Alaska Native Village Corporation,CB-1008433,HAIDA CORPORATION,CAGE:4NAK5 | UEI:ZNCWC99LM3J6,CE-0006B-0K via need_v6 tier B: WEAK_ATTRIBUTION_TO_OTHER_ENTITY,https://search.certifications.sba.gov/,CAGE:4NAK5 url=HOST_ROOT_ONLY quarantined=Y/KEEP excluded=no,"[{""attribution_method"": ""need_v6"", ""canonical_name"": ""Tlingit & Haida"", ""cedar_uid"": ""CE-0006B-0K"", ""confidence_tier"": ""B"", ""crossgov_name_collision_basis"": """", ""crossgov_name_collision_disposition"": """", ""crossgov_name_collision_flag"": """", ""crossgov_name_collision_proposed_entity_id"": """", ""entity_class"": ""FEDERAL_AK_VILLAGE"", ""evidence_source_file"": """", ""evidence_url"": ""https://search.certifications.sba.gov/"", ""evidence_url_integrity"": """", ""exclusion_evidence"": """", ""exclusion_id"": """", ""identifier"": ""4NAK5"", ""identifier_type"": ""CAGE"", ""is_authority"": """", ""joint_ownership_flag"": """", ""joint_ownership_note"": """", ""legal_business_name"": ""HAIDA CORP"", ""method_quarantined"": ""Y"", ""prime_dollars_M"": ""0.0"", ""quarantine_disposition"": ""KEEP"", ""quarantine_disposition_basis"": ""deal ledger row deal names this firm alongside the hub"", ""source_file"": ""need_v6_geocoded.csv"", ""state"": ""AK"", ""tier_rationale"": ""NEED v6 attribution - review"", ""tribe_id"": ""AKNF-TLNGHD-00-SEALSK"", ""verified_date"": ""2026-04-30""}]","cage.dla.mil: paste CAGE 4NAK5; expect the registrant to be Haida Corporation itself, not a subsidiary or parent"
CE-0009J-SJ|CB-1009078,,UNRESOLVED,,,,,,b8783bb78b0d954f6493eb02087fd68d3b965910904ef7c662b6331f99a55b84,WEAK_OR_INSUFFICIENT_EVIDENCE_ONLY,CE-0009J-SJ,Kake Tribal Corporation,Alaska Native Village Corporation,CB-1009078,KAKE TRIBAL CORPORATION,UEI:L2G7BMDH5FT3,CE-0009J-SJ via cluster_v3 tier B: QUARANTINED_METHOD_KEEP,,UEI:L2G7BMDH5FT3 url=MISSING quarantined=Y/KEEP excluded=no,"[{""attribution_method"": ""cluster_v3"", ""canonical_name"": ""Kake Tribal Corporation"", ""cedar_uid"": ""CE-0009J-SJ"", ""confidence_tier"": ""B"", ""crossgov_name_collision_basis"": """", ""crossgov_name_collision_disposition"": """", ""crossgov_name_collision_flag"": """", ""crossgov_name_collision_proposed_entity_id"": """", ""entity_class"": ""Federally recognized Alaska Native Village"", ""evidence_source_file"": ""sam_uei_to_tribe_assignment_v3.csv"", ""evidence_url"": """", ""evidence_url_integrity"": ""Reclassified 2026-08-06: this was a local file path, not a retrievable URL. The attribution may still be correct; the claim of web verification was not."", ""exclusion_evidence"": """", ""exclusion_id"": """", ""identifier"": ""L2G7BMDH5FT3"", ""identifier_type"": ""UEI"", ""is_authority"": """", ""joint_ownership_flag"": """", ""joint_ownership_note"": """", ""legal_business_name"": ""KAKE TRIBAL CORPORATION"", ""method_quarantined"": ""Y"", ""prime_dollars_M"": ""0.0"", ""quarantine_disposition"": ""KEEP"", ""quarantine_disposition_basis"": ""rule 7: exact whole-name match to the hub's own official name"", ""source_file"": ""master_tribal_entity_registry.csv"", ""state"": ""AK"", ""tier_rationale"": ""Corrected 2026-08-06: moved from the village government to the ANCSA corporation. Algorithmic name clustering, unreviewed"", ""tribe_id"": ""ANVC-KKTRBL-00"", ""verified_date"": ""2026-04-27""}]",sam.gov entity search: paste UEI L2G7BMDH5FT3; expect the legal business name Kake Tribal Corporation itself
CE-0009K-ZB|CB-1006612,,UNRESOLVED,,,,,,2c0323b11703276affc4e1c1d5e53ab216d13ee8f5c48addb737600b53e87d00,WEAK_OR_INSUFFICIENT_EVIDENCE_ONLY,CE-0009K-ZB,Kaktovik Inupiat Corporation,Alaska Native Village Corporation,CB-1006612,KAKTOVIK INUPIAT CORPORATION,CAGE:48ME2 | UEI:HMJLHPHR61Q1,CE-0009K-ZB via agent_research_one_leg tier B: TIER_B_ATTRIBUTION | CE-0009K-ZB via cross_dataset_propagation:contracting tier B: TIER_B_ATTRIBUTION,,UEI:HMJLHPHR61Q1 url=MISSING quarantined=N/- excluded=no | CAGE:48ME2 url=MISSING quarantined=N/- excluded=no,"[{""attribution_method"": ""agent_research_one_leg"", ""canonical_name"": ""Kaktovik Inupiat Corporation"", ""cedar_uid"": ""CE-0009K-ZB"", ""confidence_tier"": ""B"", ""crossgov_name_collision_basis"": """", ""crossgov_name_collision_disposition"": """", ""crossgov_name_collision_flag"": """", ""crossgov_name_collision_proposed_entity_id"": """", ""entity_class"": ""Federally recognized Alaska Native Village"", ""evidence_source_file"": ""sam_uei_to_tribe_assignment_v3.csv"", ""evidence_url"": """", ""evidence_url_integrity"": ""Reclassified 2026-08-06: this was a local file path, not a retrievable URL. The attribution may still be correct; the claim of web verification was not."", ""exclusion_evidence"": """", ""exclusion_id"": """", ""identifier"": ""HMJLHPHR61Q1"", ""identifier_type"": ""UEI"", ""is_authority"": """", ""joint_ownership_flag"": """", ""joint_ownership_note"": """", ""legal_business_name"": ""Kaktovik Inupiat Corp"", ""method_quarantined"": ""N"", ""prime_dollars_M"": ""0.304"", ""quarantine_disposition"": """", ""quarantine_disposition_basis"": """", ""source_file"": ""master_tribal_entity_registry.csv"", ""state"": ""AK"", ""tier_rationale"": ""Agent-researched 2026-08-06: single evidence leg"", ""tribe_id"": ""ANVC-KKTVKN-00"", ""verified_date"": ""2026-04-27""}, {""attribution_method"": ""cross_dataset_propagation:contracting"", ""canonical_name"": ""Kaktovik Inupiat Corporation"", ""cedar_uid"": ""CE-0009K-ZB"", ""confidence_tier"": ""B"", ""crossgov_name_collision_basis"": """", ""crossgov_name_collision_disposition"": """", ""crossgov_name_collision_flag"": """", ""crossgov_name_collision_proposed_entity_id"": """", ""entity_class"": ""Alaska Native Village Corporation"", ""evidence_source_file"": """", ""evidence_url"": """", ""evidence_url_integrity"": """", ""exclusion_evidence"": """", ""exclusion_id"": """", ""identifier"": ""48ME2"", ""identifier_type"": ""CAGE"", ""is_authority"": """", ""joint_ownership_flag"": """", ""joint_ownership_note"": """", ""legal_business_name"": ""Kaktovik Inupiat Corp"", ""method_quarantined"": ""N"", ""prime_dollars_M"": """", ""quarantine_disposition"": """", ""quarantine_disposition_basis"": """", ""source_file"": ""contracting"", ""state"": """", ""tier_rationale"": ""Corrected 2026-08-26 under docs/ANCSA_OWNERSHIP_RULING.md, Elijah 2026-08-26: moved from the village GOVERNMENT to the ANCSA corporation. Rule 2 - a village government never owns an ANC; rule 1 - an ANCSA operating company is owned by the village corporation. The two names resemble each other by construction, both being named for the same village, and that is not evidence. The village-corporation/village-government link is ASSOCIATION and the association is ANCESTRAL, not membership: a shareholder is not necessarily enrolled in the tribe but necessarily has ancestry. TIER UNCHANGED - a tier is inherited from the source row. || Established in the contracting dataset on 2026-08-06 and absent from the ledger. Propagated, not researched; inherits that dataset's confidence, so tier B."", ""tribe_id"": ""ANVC-KKTVKN-00"", ""verified_date"": """"}]","cage.dla.mil: paste CAGE 48ME2; expect the registrant to be Kaktovik Inupiat Corporation itself, not a subsidiary or parent"
CE-0009B-F3|CB-1003541,,UNRESOLVED,,,,,,fb1eda68666d5828a7da56519d10a270c86bb1c1f620b16b9f1eace6ae165775,WEAK_OR_INSUFFICIENT_EVIDENCE_ONLY,CE-0009B-F3,"Kasigluk, Inc.",Alaska Native Village Corporation,CB-1003541,"KASIGLUK, INC.",CAGE:97JH1 | UEI:XRBBJMBRB1M4,CE-0009B-F3 via need_v6 tier B: QUARANTINED_METHOD_KEEP,https://search.certifications.sba.gov/,CAGE:97JH1 url=HOST_ROOT_ONLY quarantined=Y/KEEP excluded=no,"[{""attribution_method"": ""need_v6"", ""canonical_name"": ""Kasigluk, Inc."", ""cedar_uid"": ""CE-0009B-F3"", ""confidence_tier"": ""B"", ""crossgov_name_collision_basis"": """", ""crossgov_name_collision_disposition"": """", ""crossgov_name_collision_flag"": """", ""crossgov_name_collision_proposed_entity_id"": """", ""entity_class"": ""FEDERAL_AK_VILLAGE"", ""evidence_source_file"": """", ""evidence_url"": ""https://search.certifications.sba.gov/"", ""evidence_url_integrity"": """", ""exclusion_evidence"": """", ""exclusion_id"": """", ""identifier"": ""97JH1"", ""identifier_type"": ""CAGE"", ""is_authority"": """", ""joint_ownership_flag"": """", ""joint_ownership_note"": """", ""legal_business_name"": ""KASIGLUK, INC."", ""method_quarantined"": ""Y"", ""prime_dollars_M"": ""0.0"", ""quarantine_disposition"": ""KEEP"", ""quarantine_disposition_basis"": ""rule 7: exact whole-name match to the hub's own official name"", ""source_file"": ""need_v6_geocoded.csv"", ""state"": ""AK"", ""tier_rationale"": ""Corrected 2026-08-06: moved from the village government to the ANCSA corporation. NEED v6 attribution - review"", ""tribe_id"": ""ANVC-KASIGL-00"", ""verified_date"": ""2026-04-30""}]","cage.dla.mil: paste CAGE 97JH1; expect the registrant to be Kasigluk, Inc. itself, not a subsidiary or parent"
CE-0009G-D0|CB-1007153,,UNRESOLVED,,,,,,b720db92e11f8dd5c977495098f6bef1ee8a6d8e77e58eb64582ab438d96b8c5,WEAK_OR_INSUFFICIENT_EVIDENCE_ONLY,CE-0009G-D0,Kijik Corporation,Alaska Native Village Corporation,CB-1007153,KIJIK CORPORATION,CAGE:43N37 | UEI:CYJUJ5ALTKB5,CE-0009G-D0 via agent_research_one_leg tier B: TIER_B_ATTRIBUTION | (none) via need_v6 tier C: WEAK_ATTRIBUTION_TO_OTHER_ENTITY,https://search.certifications.sba.gov/,UEI:CYJUJ5ALTKB5 url=MISSING quarantined=N/- excluded=no | CAGE:43N37 url=HOST_ROOT_ONLY quarantined=Y/KEEP excluded=no,"[{""attribution_method"": ""agent_research_one_leg"", ""canonical_name"": ""Kijik Corporation"", ""cedar_uid"": ""CE-0009G-D0"", ""confidence_tier"": ""B"", ""crossgov_name_collision_basis"": """", ""crossgov_name_collision_disposition"": """", ""crossgov_name_collision_flag"": """", ""crossgov_name_collision_proposed_entity_id"": """", ""entity_class"": """", ""evidence_source_file"": """", ""evidence_url"": """", ""evidence_url_integrity"": """", ""exclusion_evidence"": """", ""exclusion_id"": """", ""identifier"": ""CYJUJ5ALTKB5"", ""identifier_type"": ""UEI"", ""is_authority"": """", ""joint_ownership_flag"": """", ""joint_ownership_note"": """", ""legal_business_name"": ""Kijik Corporation"", ""method_quarantined"": ""N"", ""prime_dollars_M"": ""0.013"", ""quarantine_disposition"": """", ""quarantine_disposition_basis"": """", ""source_file"": ""master_tribal_entity_registry.csv"", ""state"": ""AK"", ""tier_rationale"": ""Agent-researched 2026-08-06: single evidence leg"", ""tribe_id"": ""ANVC-KIJIKX-00"", ""verified_date"": """"}, {""attribution_method"": ""need_v6"", ""canonical_name"": """", ""cedar_uid"": """", ""confidence_tier"": ""C"", ""crossgov_name_collision_basis"": """", ""crossgov_name_collision_disposition"": """", ""crossgov_name_collision_flag"": """", ""crossgov_name_collision_proposed_entity_id"": """", ""entity_class"": ""TRIBAL_UNCROSSWALKED_SBA"", ""evidence_source_file"": """", ""evidence_url"": ""https://search.certifications.sba.gov/"", ""evidence_url_integrity"": """", ""exclusion_evidence"": """", ""exclusion_id"": """", ""identifier"": ""43N37"", ""identifier_type"": ""CAGE"", ""is_authority"": """", ""joint_ownership_flag"": """", ""joint_ownership_note"": """", ""legal_business_name"": ""KIJIK CORPORATION"", ""method_quarantined"": ""Y"", ""prime_dollars_M"": ""0.0"", ""quarantine_disposition"": ""KEEP"", ""quarantine_disposition_basis"": ""ledger tier C - already non-attributing; 40_build_prime_contracts.py never keys it"", ""source_file"": ""need_v6_geocoded.csv"", ""state"": ""AK"", ""tier_rationale"": ""NEED v6 attribution - review"", ""tribe_id"": """", ""verified_date"": ""2026-04-30""}]","cage.dla.mil: paste CAGE 43N37; expect the registrant to be Kijik Corporation itself, not a subsidiary or parent"
CE-0009H-KS|CB-1013594,,UNRESOLVED,,,,,,40962237467456ba0d33929b977d8eb95100e3b494d6caa4f9e4a2060b254b1d,WEAK_OR_INSUFFICIENT_EVIDENCE_ONLY,CE-0009H-KS,Kikiktagruk Inupiat Corporation,Alaska Native Village Corporation,CB-1013594,KIKIKTAGRUK INUPIAT CORP,UEI:H8ZXCH5PPEQ1,CE-0009H-KS via agent_research_two_leg tier A: TIER_A_ATTRIBUTION_EVIDENCE_URL_DOWNGRADED_BY_INTEGRITY_NOTE,https://,UEI:H8ZXCH5PPEQ1 url=DOWNGRADED_BY_INTEGRITY_NOTE quarantined=N/- excluded=no,"[{""attribution_method"": ""agent_research_two_leg"", ""canonical_name"": ""Kikiktagruk Inupiat Corporation"", ""cedar_uid"": ""CE-0009H-KS"", ""confidence_tier"": ""A"", ""crossgov_name_collision_basis"": """", ""crossgov_name_collision_disposition"": """", ""crossgov_name_collision_flag"": """", ""crossgov_name_collision_proposed_entity_id"": """", ""entity_class"": ""Federally recognized Alaska Native Village"", ""evidence_source_file"": ""sam_uei_to_tribe_assignment_v3.csv"", ""evidence_url"": ""https://"", ""evidence_url_integrity"": ""Reclassified 2026-08-06: this was a local file path, not a retrievable URL. The attribution may still be correct; the claim of web verification was not."", ""exclusion_evidence"": """", ""exclusion_id"": """", ""identifier"": ""H8ZXCH5PPEQ1"", ""identifier_type"": ""UEI"", ""is_authority"": """", ""joint_ownership_flag"": """", ""joint_ownership_note"": """", ""legal_business_name"": ""Kikiktagruk Inupiat Corporation"", ""method_quarantined"": ""N"", ""prime_dollars_M"": ""0.002"", ""quarantine_disposition"": """", ""quarantine_disposition_basis"": """", ""source_file"": ""master_tribal_entity_registry.csv"", ""state"": ""AK"", ""tier_rationale"": ""Agent-researched 2026-08-06: firm-declared parent + retrieved document"", ""tribe_id"": ""ANVC-KKKTGR-00"", ""verified_date"": ""2026-04-27""}]",sam.gov entity search: paste UEI H8ZXCH5PPEQ1; expect the legal business name Kikiktagruk Inupiat Corporation itself
CE-0009N-BX|CB-1011478,,UNRESOLVED,,,,,,486629d6ef8b1239b29ed3cd96c838c331a9291fd3ca7486dbca79fc27ffd272,WEAK_OR_INSUFFICIENT_EVIDENCE_ONLY,CE-0009N-BX,"Klukwan, Inc.",Alaska Native Village Corporation,CB-1011478,"KLUKWAN, INC.",CAGE:4M3J9 | UEI:VNF7P4WBV7F3,CE-00013-QV via need_v6 tier B: WEAK_ATTRIBUTION_TO_OTHER_ENTITY,https://search.certifications.sba.gov/,CAGE:4M3J9 url=HOST_ROOT_ONLY quarantined=Y/KEEP excluded=no,"[{""attribution_method"": ""need_v6"", ""canonical_name"": ""Chilkat"", ""cedar_uid"": ""CE-00013-QV"", ""confidence_tier"": ""B"", ""crossgov_name_collision_basis"": """", ""crossgov_name_collision_disposition"": """", ""crossgov_name_collision_flag"": """", ""crossgov_name_collision_proposed_entity_id"": """", ""entity_class"": ""FEDERAL_AK_VILLAGE"", ""evidence_source_file"": """", ""evidence_url"": ""https://search.certifications.sba.gov/"", ""evidence_url_integrity"": """", ""exclusion_evidence"": """", ""exclusion_id"": """", ""identifier"": ""4M3J9"", ""identifier_type"": ""CAGE"", ""is_authority"": """", ""joint_ownership_flag"": """", ""joint_ownership_note"": """", ""legal_business_name"": ""KLUKWAN, INC."", ""method_quarantined"": ""Y"", ""prime_dollars_M"": ""0.0"", ""quarantine_disposition"": ""KEEP"", ""quarantine_disposition_basis"": ""rule 7: exact whole-name match to the hub's own official name"", ""source_file"": ""need_v6_geocoded.csv"", ""state"": ""AK"", ""tier_rationale"": ""NEED v6 attribution - review"", ""tribe_id"": ""AKNF-CHLKAT-00-SEALSK-TLNGHD"", ""verified_date"": ""2026-04-30""}]","cage.dla.mil: paste CAGE 4M3J9; expect the registrant to be Klukwan, Inc. itself, not a subsidiary or parent"
CE-0009X-V5|CB-1002730,,UNRESOLVED,,,,,,a609c71c3ad849d24d0d31a4f1db5d6743a1d47312d86cd70a5726ade8359d06,WEAK_OR_INSUFFICIENT_EVIDENCE_ONLY,CE-0009X-V5,"Kootznoowoo, Inc.",Alaska Native Village Corporation,CB-1002730,KOOTZNOOWOO INC,CAGE:02RD6 | UEI:XQXMNDTKTDQ4,(none) via need_v6 tier C: WEAK_ATTRIBUTION_TO_OTHER_ENTITY,https://search.certifications.sba.gov/,CAGE:02RD6 url=HOST_ROOT_ONLY quarantined=Y/KEEP excluded=no,"[{""attribution_method"": ""need_v6"", ""canonical_name"": """", ""cedar_uid"": """", ""confidence_tier"": ""C"", ""crossgov_name_collision_basis"": """", ""crossgov_name_collision_disposition"": """", ""crossgov_name_collision_flag"": """", ""crossgov_name_collision_proposed_entity_id"": """", ""entity_class"": ""TRIBAL_UNCROSSWALKED_SBA"", ""evidence_source_file"": """", ""evidence_url"": ""https://search.certifications.sba.gov/"", ""evidence_url_integrity"": """", ""exclusion_evidence"": """", ""exclusion_id"": """", ""identifier"": ""02RD6"", ""identifier_type"": ""CAGE"", ""is_authority"": """", ""joint_ownership_flag"": """", ""joint_ownership_note"": """", ""legal_business_name"": ""KOOTZNOOWOO INC"", ""method_quarantined"": ""Y"", ""prime_dollars_M"": ""0.0"", ""quarantine_disposition"": ""KEEP"", ""quarantine_disposition_basis"": ""ledger tier C - already non-attributing; 40_build_prime_contracts.py never keys it"", ""source_file"": ""need_v6_geocoded.csv"", ""state"": ""AK"", ""tier_rationale"": ""NEED v6 attribution - review"", ""tribe_id"": """", ""verified_date"": ""2026-04-30""}]","cage.dla.mil: paste CAGE 02RD6; expect the registrant to be Kootznoowoo, Inc. itself, not a subsidiary or parent"
CE-000A7-WF|CB-1016099,,UNRESOLVED,,,,,,dc960f5aa44f37a4beffc835924a70f8471c21b45013af4fc4fc7cbade157e56,WEAK_OR_INSUFFICIENT_EVIDENCE_ONLY,CE-000A7-WF,"Kwethluk, Inc.",Alaska Native Village Corporation,CB-1016099,KWETHLUK INCORPORATED,CAGE:8J5F8 | UEI:SB22SQMJFEM3,CE-000A7-WF via need_v6 tier B: QUARANTINED_METHOD_KEEP,https://search.certifications.sba.gov/,CAGE:8J5F8 url=HOST_ROOT_ONLY quarantined=Y/KEEP excluded=no,"[{""attribution_method"": ""need_v6"", ""canonical_name"": ""Kwethluk, Inc."", ""cedar_uid"": ""CE-000A7-WF"", ""confidence_tier"": ""B"", ""crossgov_name_collision_basis"": """", ""crossgov_name_collision_disposition"": """", ""crossgov_name_collision_flag"": """", ""crossgov_name_collision_proposed_entity_id"": """", ""entity_class"": ""FEDERAL_AK_VILLAGE"", ""evidence_source_file"": """", ""evidence_url"": ""https://search.certifications.sba.gov/"", ""evidence_url_integrity"": """", ""exclusion_evidence"": """", ""exclusion_id"": """", ""identifier"": ""8J5F8"", ""identifier_type"": ""CAGE"", ""is_authority"": """", ""joint_ownership_flag"": """", ""joint_ownership_note"": """", ""legal_business_name"": ""KWETHLUK INCORPORATED"", ""method_quarantined"": ""Y"", ""prime_dollars_M"": ""0.0"", ""quarantine_disposition"": ""KEEP"", ""quarantine_disposition_basis"": ""rule 7: exact whole-name match to the hub's own official name"", ""source_file"": ""need_v6_geocoded.csv"", ""state"": ""AK"", ""tier_rationale"": ""Corrected 2026-08-06: moved from the village government to the ANCSA corporation. NEED v6 attribution - review"", ""tribe_id"": ""ANVC-KWTHL1-00"", ""verified_date"": ""2026-04-30""}]","cage.dla.mil: paste CAGE 8J5F8; expect the registrant to be Kwethluk, Inc. itself, not a subsidiary or parent"
CE-000AA-ET|CB-1008100,,UNRESOLVED,,,,,,27fa317a59e1c59b648b696058959bd86ca938280c8dd378afbb0d01ecddb5f9,WEAK_OR_INSUFFICIENT_EVIDENCE_ONLY,CE-000AA-ET,"Leisnoi, Inc.",Alaska Native Village Corporation,CB-1008100,"LEISNOI, INC.",CAGE:3EWS5 | UEI:E8LBJPHNCMZ3,CE-000AA-ET via agent_research_one_leg tier B: TIER_B_ATTRIBUTION | CE-000AA-ET via agent_research_two_leg tier A: TIER_A_ATTRIBUTION_EVIDENCE_URL_INVALID,https:// | https://search.certifications.sba.gov/,CAGE:3EWS5 url=HOST_ROOT_ONLY quarantined=N/- excluded=no | UEI:E8LBJPHNCMZ3 url=INVALID quarantined=N/- excluded=no,"[{""attribution_method"": ""agent_research_one_leg"", ""canonical_name"": ""Leisnoi, Inc."", ""cedar_uid"": ""CE-000AA-ET"", ""confidence_tier"": ""B"", ""crossgov_name_collision_basis"": """", ""crossgov_name_collision_disposition"": """", ""crossgov_name_collision_flag"": """", ""crossgov_name_collision_proposed_entity_id"": """", ""entity_class"": ""TRIBAL_UNCROSSWALKED_SBA"", ""evidence_source_file"": """", ""evidence_url"": ""https://search.certifications.sba.gov/"", ""evidence_url_integrity"": """", ""exclusion_evidence"": """", ""exclusion_id"": """", ""identifier"": ""3EWS5"", ""identifier_type"": ""CAGE"", ""is_authority"": """", ""joint_ownership_flag"": """", ""joint_ownership_note"": """", ""legal_business_name"": ""LEISNOI, INC."", ""method_quarantined"": ""N"", ""prime_dollars_M"": ""0.0"", ""quarantine_disposition"": """", ""quarantine_disposition_basis"": """", ""source_file"": ""need_v6_geocoded.csv"", ""state"": ""AK"", ""tier_rationale"": ""Agent-researched 2026-08-06: single evidence leg"", ""tribe_id"": ""ANVC-LEISNO-00"", ""verified_date"": ""2026-04-30""}, {""attribution_method"": ""agent_research_two_leg"", ""canonical_name"": ""Leisnoi, Inc."", ""cedar_uid"": ""CE-000AA-ET"", ""confidence_tier"": ""A"", ""crossgov_name_collision_basis"": """", ""crossgov_name_collision_disposition"": """", ""crossgov_name_collision_flag"": """", ""crossgov_name_collision_proposed_entity_id"": """", ""entity_class"": """", ""evidence_source_file"": """", ""evidence_url"": ""https://"", ""evidence_url_integrity"": """", ""exclusion_evidence"": """", ""exclusion_id"": """", ""identifier"": ""E8LBJPHNCMZ3"", ""identifier_type"": ""UEI"", ""is_authority"": """", ""joint_ownership_flag"": """", ""joint_ownership_note"": """", ""legal_business_name"": ""Leisnoi Incorporated"", ""method_quarantined"": ""N"", ""prime_dollars_M"": ""0.011"", ""quarantine_disposition"": """", ""quarantine_disposition_basis"": """", ""source_file"": ""master_tribal_entity_registry.csv"", ""state"": ""AK"", ""tier_rationale"": ""Agent-researched 2026-08-06: firm-declared parent + retrieved document"", ""tribe_id"": ""ANVC-LEISNO-00"", ""verified_date"": """"}]","cage.dla.mil: paste CAGE 3EWS5; expect the registrant to be Leisnoi, Inc. itself, not a subsidiary or parent"
CE-000AS-8H|CB-1011646,,UNRESOLVED,,,,,,517ca7abc33ee468aca225c5492cd760668ddd9e1b84915a99c357a8ab01c5a6,WEAK_OR_INSUFFICIENT_EVIDENCE_ONLY,CE-000AS-8H,"MTNT, Ltd.",Alaska Native Village Corporation,CB-1011646,"MTNT, LTD.",CAGE:3M1H4 | UEI:D476EBA2HJH5,CE-000AS-8H via agent_research_one_leg tier B: TIER_B_ATTRIBUTION | (none) via need_v6 tier C: WEAK_ATTRIBUTION_TO_OTHER_ENTITY,https://search.certifications.sba.gov/,UEI:D476EBA2HJH5 url=MISSING quarantined=N/- excluded=no | CAGE:3M1H4 url=HOST_ROOT_ONLY quarantined=Y/KEEP excluded=no,"[{""attribution_method"": ""agent_research_one_leg"", ""canonical_name"": ""MTNT, Ltd."", ""cedar_uid"": ""CE-000AS-8H"", ""confidence_tier"": ""B"", ""crossgov_name_collision_basis"": """", ""crossgov_name_collision_disposition"": """", ""crossgov_name_collision_flag"": """", ""crossgov_name_collision_proposed_entity_id"": """", ""entity_class"": """", ""evidence_source_file"": """", ""evidence_url"": """", ""evidence_url_integrity"": """", ""exclusion_evidence"": """", ""exclusion_id"": """", ""identifier"": ""D476EBA2HJH5"", ""identifier_type"": ""UEI"", ""is_authority"": """", ""joint_ownership_flag"": """", ""joint_ownership_note"": """", ""legal_business_name"": ""M T N T Limited"", ""method_quarantined"": ""N"", ""prime_dollars_M"": ""0.041"", ""quarantine_disposition"": """", ""quarantine_disposition_basis"": """", ""source_file"": ""master_tribal_entity_registry.csv"", ""state"": ""AK"", ""tier_rationale"": ""Agent-researched 2026-08-06: single evidence leg"", ""tribe_id"": ""ANVC-MTNTXX-00"", ""verified_date"": """"}, {""attribution_method"": ""need_v6"", ""canonical_name"": """", ""cedar_uid"": """", ""confidence_tier"": ""C"", ""crossgov_name_collision_basis"": """", ""crossgov_name_collision_disposition"": """", ""crossgov_name_collision_flag"": """", ""crossgov_name_collision_proposed_entity_id"": """", ""entity_class"": ""TRIBAL_UNCROSSWALKED_SBA"", ""evidence_source_file"": """", ""evidence_url"": ""https://search.certifications.sba.gov/"", ""evidence_url_integrity"": """", ""exclusion_evidence"": """", ""exclusion_id"": """", ""identifier"": ""3M1H4"", ""identifier_type"": ""CAGE"", ""is_authority"": """", ""joint_ownership_flag"": """", ""joint_ownership_note"": """", ""legal_business_name"": ""MTNT, LTD."", ""method_quarantined"": ""Y"", ""prime_dollars_M"": ""0.0"", ""quarantine_disposition"": ""KEEP"", ""quarantine_disposition_basis"": ""ledger tier C - already non-attributing; 40_build_prime_contracts.py never keys it"", ""source_file"": ""need_v6_geocoded.csv"", ""state"": ""AK"", ""tier_rationale"": ""NEED v6 attribution - review"", ""tribe_id"": """", ""verified_date"": ""2026-04-30""}]","cage.dla.mil: paste CAGE 3M1H4; expect the registrant to be MTNT, Ltd. itself, not a subsidiary or parent"
CE-000AR-2R|CB-1014823,,UNRESOLVED,,,,,,c4e699748f33a42b55edeed38396310d0f51a5757e7780da2f7e5cf6d9d8913d,WEAK_OR_INSUFFICIENT_EVIDENCE_ONLY,CE-000AR-2R,"Maserculiq, Inc.",Alaska Native Village Corporation,CB-1014823,MASERCULIQ INC,CAGE:3V1C0 | UEI:QLJMPG2UKF32,(none) via need_v6 tier C: WEAK_ATTRIBUTION_TO_OTHER_ENTITY,https://search.certifications.sba.gov/,CAGE:3V1C0 url=HOST_ROOT_ONLY quarantined=Y/KEEP excluded=no,"[{""attribution_method"": ""need_v6"", ""canonical_name"": """", ""cedar_uid"": """", ""confidence_tier"": ""C"", ""crossgov_name_collision_basis"": """", ""crossgov_name_collision_disposition"": """", ""crossgov_name_collision_flag"": """", ""crossgov_name_collision_proposed_entity_id"": """", ""entity_class"": ""TRIBAL_UNCROSSWALKED_SBA"", ""evidence_source_file"": """", ""evidence_url"": ""https://search.certifications.sba.gov/"", ""evidence_url_integrity"": """", ""exclusion_evidence"": """", ""exclusion_id"": """", ""identifier"": ""3V1C0"", ""identifier_type"": ""CAGE"", ""is_authority"": """", ""joint_ownership_flag"": """", ""joint_ownership_note"": """", ""legal_business_name"": ""MASERCULIQ INC"", ""method_quarantined"": ""Y"", ""prime_dollars_M"": ""0.0"", ""quarantine_disposition"": ""KEEP"", ""quarantine_disposition_basis"": ""ledger tier C - already non-attributing; 40_build_prime_contracts.py never keys it"", ""source_file"": ""need_v6_geocoded.csv"", ""state"": ""AK"", ""tier_rationale"": ""NEED v6 attribution - review"", ""tribe_id"": """", ""verified_date"": ""2026-04-30""}]","cage.dla.mil: paste CAGE 3V1C0; expect the registrant to be Maserculiq, Inc. itself, not a subsidiary or parent"
CE-000AK-4V|CB-1000344,,UNRESOLVED,,,,,,78fe1d1f23a7083d0b0cd183cb33e23c74d7cd4077ab26a9236e6ffcb598ea68,WEAK_OR_INSUFFICIENT_EVIDENCE_ONLY,CE-000AK-4V,Mendas Cha-ag Native Corporation,Alaska Native Village Corporation,CB-1000344,MENDAS CHA-AG NATIVE CORP,CAGE:945B6 | UEI:FDKTFRLBXFJ3,(none) via need_v6 tier C: WEAK_ATTRIBUTION_TO_OTHER_ENTITY,https://search.certifications.sba.gov/,CAGE:945B6 url=HOST_ROOT_ONLY quarantined=Y/KEEP excluded=no,"[{""attribution_method"": ""need_v6"", ""canonical_name"": """", ""cedar_uid"": """", ""confidence_tier"": ""C"", ""crossgov_name_collision_basis"": """", ""crossgov_name_collision_disposition"": """", ""crossgov_name_collision_flag"": """", ""crossgov_name_collision_proposed_entity_id"": """", ""entity_class"": ""TRIBAL_UNCROSSWALKED_SBA"", ""evidence_source_file"": """", ""evidence_url"": ""https://search.certifications.sba.gov/"", ""evidence_url_integrity"": """", ""exclusion_evidence"": """", ""exclusion_id"": """", ""identifier"": ""945B6"", ""identifier_type"": ""CAGE"", ""is_authority"": """", ""joint_ownership_flag"": """", ""joint_ownership_note"": """", ""legal_business_name"": ""MENDAS CHA-AG NATIVE CORP"", ""method_quarantined"": ""Y"", ""prime_dollars_M"": ""0.0"", ""quarantine_disposition"": ""KEEP"", ""quarantine_disposition_basis"": ""ledger tier C - already non-attributing; 40_build_prime_contracts.py never keys it"", ""source_file"": ""need_v6_geocoded.csv"", ""state"": ""AK"", ""tier_rationale"": ""NEED v6 attribution - review"", ""tribe_id"": """", ""verified_date"": ""2026-04-30""}]","cage.dla.mil: paste CAGE 945B6; expect the registrant to be Mendas Cha-ag Native Corporation itself, not a subsidiary or parent"
CE-000AN-GD|CB-1015148,,UNRESOLVED,,,,,,5a79f779a9a9c067879f33abd3760bc3d5fab0a14d945e7c29efc46f3fd90059,WEAK_OR_INSUFFICIENT_EVIDENCE_ONLY,CE-000AN-GD,Minto Development Corporation,Alaska Native Village Corporation,CB-1015148,MINTO DEVELOPMENT CORP.,CAGE:6YJF3 | UEI:MMLRX6JN9S26,CE-0006Z-R7 via need_v6 tier B: WEAK_ATTRIBUTION_TO_OTHER_ENTITY,https://search.certifications.sba.gov/,CAGE:6YJF3 url=HOST_ROOT_ONLY quarantined=Y/KEEP excluded=no,"[{""attribution_method"": ""need_v6"", ""canonical_name"": ""Minto"", ""cedar_uid"": ""CE-0006Z-R7"", ""confidence_tier"": ""B"", ""crossgov_name_collision_basis"": """", ""crossgov_name_collision_disposition"": """", ""crossgov_name_collision_flag"": """", ""crossgov_name_collision_proposed_entity_id"": """", ""entity_class"": ""FEDERAL_AK_VILLAGE"", ""evidence_source_file"": """", ""evidence_url"": ""https://search.certifications.sba.gov/"", ""evidence_url_integrity"": """", ""exclusion_evidence"": """", ""exclusion_id"": """", ""identifier"": ""6YJF3"", ""identifier_type"": ""CAGE"", ""is_authority"": """", ""joint_ownership_flag"": """", ""joint_ownership_note"": """", ""legal_business_name"": ""MINTO DEVELOPMENT CORP."", ""method_quarantined"": ""Y"", ""prime_dollars_M"": ""0.0"", ""quarantine_disposition"": ""KEEP"", ""quarantine_disposition_basis"": ""rule 7: residue empty - every distinctive word in the filed name (minto) is accounted for by the hub's own names"", ""source_file"": ""need_v6_geocoded.csv"", ""state"": ""AK"", ""tier_rationale"": ""NEED v6 attribution - review"", ""tribe_id"": ""AKNF-VMINTO-00-DOYONL-TNNACH"", ""verified_date"": ""2026-04-30""}]","cage.dla.mil: paste CAGE 6YJF3; expect the registrant to be Minto Development Corporation itself, not a subsidiary or parent"
CE-000AP-P6|CB-1009403,,UNRESOLVED,,,,,,47bfac9d5c9e2970f1598c3e1a9c1a8da463a1d52945ab148832e25aca072743,WEAK_OR_INSUFFICIENT_EVIDENCE_ONLY,CE-000AP-P6,"Montana Creek Native Association, Inc.",ANCSA Group Corporation,CB-1009403,"MONTANA CREEK NATIVE ASSOCIATION, INC.",UEI:TRUYN6U9HRE7,CE-000AP-P6 via agent_research_one_leg tier B: TIER_B_ATTRIBUTION,,UEI:TRUYN6U9HRE7 url=MISSING quarantined=N/- excluded=no,"[{""attribution_method"": ""agent_research_one_leg"", ""canonical_name"": ""Montana Creek Native Association, Inc."", ""cedar_uid"": ""CE-000AP-P6"", ""confidence_tier"": ""B"", ""crossgov_name_collision_basis"": """", ""crossgov_name_collision_disposition"": """", ""crossgov_name_collision_flag"": """", ""crossgov_name_collision_proposed_entity_id"": """", ""entity_class"": ""Federally recognized Alaska Native Village"", ""evidence_source_file"": ""sam_uei_to_tribe_assignment_v3.csv"", ""evidence_url"": """", ""evidence_url_integrity"": ""Reclassified 2026-08-06: this was a local file path, not a retrievable URL. The attribution may still be correct; the claim of web verification was not."", ""exclusion_evidence"": """", ""exclusion_id"": """", ""identifier"": ""TRUYN6U9HRE7"", ""identifier_type"": ""UEI"", ""is_authority"": """", ""joint_ownership_flag"": """", ""joint_ownership_note"": """", ""legal_business_name"": ""MONTANA CREEK NATIVE ASSOCIATION, INC."", ""method_quarantined"": ""N"", ""prime_dollars_M"": ""0.0"", ""quarantine_disposition"": """", ""quarantine_disposition_basis"": """", ""source_file"": ""master_tribal_entity_registry.csv"", ""state"": """", ""tier_rationale"": ""Agent-researched 2026-08-06: single evidence leg"", ""tribe_id"": ""ANVC-MNTNCR-00"", ""verified_date"": ""2026-04-27""}]","sam.gov entity search: paste UEI TRUYN6U9HRE7; expect the legal business name Montana Creek Native Association, Inc. itself"
CE-0007G-30|CB-1008628,,UNRESOLVED,,,,,,d08ac169552ae6905a82c94feb9046d86298dcb74bc36edb6ed13af7bb8bf9bc,WEAK_OR_INSUFFICIENT_EVIDENCE_ONLY,CE-0007G-30,"NANA Regional Corporation, Incorporated",Alaska Native Regional Corporation,CB-1008628,NANA REGIONAL CORPORATION INC.,UEI:QGSQK26MBMR6 | UEI:RA4LQVFLCQC6,CE-0007G-30 via agent_research_two_leg tier A: TIER_A_ATTRIBUTION_EVIDENCE_URL_DOWNGRADED_BY_INTEGRITY_NOTE,https://,UEI:QGSQK26MBMR6 url=DOWNGRADED_BY_INTEGRITY_NOTE quarantined=N/- excluded=no,"[{""attribution_method"": ""agent_research_two_leg"", ""canonical_name"": ""NANA Regional Corporation, Incorporated"", ""cedar_uid"": ""CE-0007G-30"", ""confidence_tier"": ""A"", ""crossgov_name_collision_basis"": """", ""crossgov_name_collision_disposition"": """", ""crossgov_name_collision_flag"": """", ""crossgov_name_collision_proposed_entity_id"": """", ""entity_class"": ""Alaska Native Regional Corporation"", ""evidence_source_file"": ""https://"", ""evidence_url"": ""https://"", ""evidence_url_integrity"": ""Reclassified 2026-08-06: this was a local file path, not a retrievable URL. The attribution may still be correct; the claim of web verification was not."", ""exclusion_evidence"": """", ""exclusion_id"": """", ""identifier"": ""QGSQK26MBMR6"", ""identifier_type"": ""UEI"", ""is_authority"": """", ""joint_ownership_flag"": """", ""joint_ownership_note"": """", ""legal_business_name"": ""Nana Regional Corporation Incorporated"", ""method_quarantined"": ""N"", ""prime_dollars_M"": ""0.006"", ""quarantine_disposition"": """", ""quarantine_disposition_basis"": """", ""source_file"": ""master_tribal_entity_registry.csv"", ""state"": ""AK"", ""tier_rationale"": ""Agent-researched 2026-08-06: firm-declared parent + retrieved document"", ""tribe_id"": ""ANRC-NANARC-00"", ""verified_date"": ""2026-04-27""}]","sam.gov entity search: paste UEI QGSQK26MBMR6; expect the legal business name NANA Regional Corporation, Incorporated itself"
CE-000AT-EA|CB-1014896,,UNRESOLVED,,,,,,7f09233961c23a34f4f213baaf856b92ae49d6ef88533540db8597fc00d0463c,WEAK_OR_INSUFFICIENT_EVIDENCE_ONLY,CE-000AT-EA,Napakiak Corporation,Alaska Native Village Corporation,CB-1014896,NAPAKIAK CORPORATION,CAGE:4T6J0 | UEI:ME2KNA7HJ665,CE-000AT-EA via cluster_v3 tier B: QUARANTINED_METHOD_KEEP,,UEI:ME2KNA7HJ665 url=MISSING quarantined=Y/KEEP excluded=no,"[{""attribution_method"": ""cluster_v3"", ""canonical_name"": ""Napakiak Corporation"", ""cedar_uid"": ""CE-000AT-EA"", ""confidence_tier"": ""B"", ""crossgov_name_collision_basis"": """", ""crossgov_name_collision_disposition"": """", ""crossgov_name_collision_flag"": """", ""crossgov_name_collision_proposed_entity_id"": """", ""entity_class"": ""Federally recognized Alaska Native Village"", ""evidence_source_file"": ""sam_uei_to_tribe_assignment_v3.csv"", ""evidence_url"": """", ""evidence_url_integrity"": ""Reclassified 2026-08-06: this was a local file path, not a retrievable URL. The attribution may still be correct; the claim of web verification was not."", ""exclusion_evidence"": """", ""exclusion_id"": """", ""identifier"": ""ME2KNA7HJ665"", ""identifier_type"": ""UEI"", ""is_authority"": """", ""joint_ownership_flag"": """", ""joint_ownership_note"": """", ""legal_business_name"": ""NAPAKIAK CORPORATION"", ""method_quarantined"": ""Y"", ""prime_dollars_M"": ""0.0"", ""quarantine_disposition"": ""KEEP"", ""quarantine_disposition_basis"": ""rule 7: exact whole-name match to the hub's own official name"", ""source_file"": ""master_tribal_entity_registry.csv"", ""state"": ""AK"", ""tier_rationale"": ""Corrected 2026-08-06: moved from the village government to the ANCSA corporation. Algorithmic name clustering, unreviewed"", ""tribe_id"": ""ANVC-NAPAKI-00"", ""verified_date"": ""2026-04-27""}]","cage.dla.mil: paste CAGE 4T6J0; expect the registrant to be Napakiak Corporation itself, not a subsidiary or parent"
CE-000B5-ND|CB-1000329,,UNRESOLVED,,,,,,0eed3f9f5a7aed19007ab06500424d402f2066e57404c5586e33384f21f82d0a,WEAK_OR_INSUFFICIENT_EVIDENCE_ONLY,CE-000B5-ND,"Natives of Kodiak, Inc.",Alaska Native Village Corporation,CB-1000329,"NATIVES OF KODIAK, INCORPORATED",CAGE:76T67 | UEI:DEZJJRF8KHH3,CE-00064-P4 via need_v6 tier B: QUARANTINE_HOLD,https://search.certifications.sba.gov/,CAGE:76T67 url=HOST_ROOT_ONLY quarantined=Y/HOLD excluded=no,"[{""attribution_method"": ""need_v6"", ""canonical_name"": ""Sun'aq"", ""cedar_uid"": ""CE-00064-P4"", ""confidence_tier"": ""B"", ""crossgov_name_collision_basis"": """", ""crossgov_name_collision_disposition"": """", ""crossgov_name_collision_flag"": """", ""crossgov_name_collision_proposed_entity_id"": """", ""entity_class"": ""FEDERAL_AK_VILLAGE"", ""evidence_source_file"": """", ""evidence_url"": ""https://search.certifications.sba.gov/"", ""evidence_url_integrity"": """", ""exclusion_evidence"": """", ""exclusion_id"": """", ""identifier"": ""76T67"", ""identifier_type"": ""CAGE"", ""is_authority"": """", ""joint_ownership_flag"": """", ""joint_ownership_note"": """", ""legal_business_name"": ""NATIVES OF KODIAK, INCORPORATED"", ""method_quarantined"": ""Y"", ""prime_dollars_M"": ""0.0"", ""quarantine_disposition"": ""HOLD"", ""quarantine_disposition_basis"": ""REPORTED, NOT APPLIED - the CAGE leg is outside this pass's declared scope and is newly measured here -- no rung of the corroboration ladder reached and the firm matched a FRAGMENT: `kodiak` is one token of `Sun'aq`'s 2-token name (kodiak|sun). A fragment of a name is not a name (docs/ENTITY_MATCH_RULES.md, the opening defect table)"", ""source_file"": ""need_v6_geocoded.csv"", ""state"": ""AK"", ""tier_rationale"": ""NEED v6 attribution - review"", ""tribe_id"": ""AKNF-SUNAQT-00-KONIAG"", ""verified_date"": ""2026-04-30""}]","cage.dla.mil: paste CAGE 76T67; expect the registrant to be Natives of Kodiak, Inc. itself, not a subsidiary or parent"
CE-000B0-QG|CB-1007888,,UNRESOLVED,,,,,,ff2d44e74cb3461642523b5a797b0711451141ada49e9324017d76cb60a836b3,WEAK_OR_INSUFFICIENT_EVIDENCE_ONLY,CE-000B0-QG,"Ninilchik Natives Association, Inc.",Alaska Native Village Corporation,CB-1007888,"NINILCHIK NATIVES ASSOCIATION, INC.",CAGE:51B71 | UEI:C9KHDKWNNN61,CE-00044-C4 via need_v6 tier B: WEAK_ATTRIBUTION_TO_OTHER_ENTITY,https://search.certifications.sba.gov/,CAGE:51B71 url=HOST_ROOT_ONLY quarantined=Y/KEEP excluded=no,"[{""attribution_method"": ""need_v6"", ""canonical_name"": ""Ninilchik"", ""cedar_uid"": ""CE-00044-C4"", ""confidence_tier"": ""B"", ""crossgov_name_collision_basis"": """", ""crossgov_name_collision_disposition"": """", ""crossgov_name_collision_flag"": """", ""crossgov_name_collision_proposed_entity_id"": """", ""entity_class"": ""FEDERAL_AK_VILLAGE"", ""evidence_source_file"": """", ""evidence_url"": ""https://search.certifications.sba.gov/"", ""evidence_url_integrity"": """", ""exclusion_evidence"": """", ""exclusion_id"": """", ""identifier"": ""51B71"", ""identifier_type"": ""CAGE"", ""is_authority"": """", ""joint_ownership_flag"": """", ""joint_ownership_note"": """", ""legal_business_name"": ""NINILCHIK NATIVES ASSOCIATION, INC."", ""method_quarantined"": ""Y"", ""prime_dollars_M"": ""0.0"", ""quarantine_disposition"": ""KEEP"", ""quarantine_disposition_basis"": ""rule 7: residue empty - every distinctive word in the filed name (ninilchik) is accounted for by the hub's own names"", ""source_file"": ""need_v6_geocoded.csv"", ""state"": ""AK"", ""tier_rationale"": ""NEED v6 attribution - review"", ""tribe_id"": ""AKNF-NNLCHK-00-CKINLT"", ""verified_date"": ""2026-04-30""}]","cage.dla.mil: paste CAGE 51B71; expect the registrant to be Ninilchik Natives Association, Inc. itself, not a subsidiary or parent"
CE-000AZ-C7|CB-1008345,,UNRESOLVED,,,,,,6fd9c0c949b0d9d0ead0201568a03e572de5ecf8b324e14b8e740caefc74bc8d,WEAK_OR_INSUFFICIENT_EVIDENCE_ONLY,CE-000AZ-C7,Nunakauiak Yupik Corporation,Alaska Native Village Corporation,CB-1008345,NUNAKAUIAK YUPIK CORP,CAGE:52GY3 | UEI:E31BZWB5WS33,(none) via need_v6 tier C: WEAK_ATTRIBUTION_TO_OTHER_ENTITY,https://search.certifications.sba.gov/,CAGE:52GY3 url=HOST_ROOT_ONLY quarantined=Y/KEEP excluded=no,"[{""attribution_method"": ""need_v6"", ""canonical_name"": """", ""cedar_uid"": """", ""confidence_tier"": ""C"", ""crossgov_name_collision_basis"": """", ""crossgov_name_collision_disposition"": """", ""crossgov_name_collision_flag"": """", ""crossgov_name_collision_proposed_entity_id"": """", ""entity_class"": ""TRIBAL_UNCROSSWALKED_SBA"", ""evidence_source_file"": """", ""evidence_url"": ""https://search.certifications.sba.gov/"", ""evidence_url_integrity"": """", ""exclusion_evidence"": """", ""exclusion_id"": """", ""identifier"": ""52GY3"", ""identifier_type"": ""CAGE"", ""is_authority"": """", ""joint_ownership_flag"": """", ""joint_ownership_note"": """", ""legal_business_name"": ""NUNAKAUIAK YUPIK CORP"", ""method_quarantined"": ""Y"", ""prime_dollars_M"": ""0.0"", ""quarantine_disposition"": ""KEEP"", ""quarantine_disposition_basis"": ""ledger tier C - already non-attributing; 40_build_prime_contracts.py never keys it"", ""source_file"": ""need_v6_geocoded.csv"", ""state"": ""AK"", ""tier_rationale"": ""NEED v6 attribution - review"", ""tribe_id"": """", ""verified_date"": ""2026-04-30""}]","cage.dla.mil: paste CAGE 52GY3; expect the registrant to be Nunakauiak Yupik Corporation itself, not a subsidiary or parent"
CE-000B7-1Z|CB-1010191,,UNRESOLVED,,,,,,6e2466a2d037365b5c48c72d591e82bd3fa52ae2d588b672bac6849767c3db57,WEAK_OR_INSUFFICIENT_EVIDENCE_ONLY,CE-000B7-1Z,Oceanside Corporation,Alaska Native Village Corporation,CB-1010191,OCEANSIDE CORPORATION,CAGE:7BUE4 | UEI:WB1BP8FMDAP3,(none) via need_v6 tier C: WEAK_ATTRIBUTION_TO_OTHER_ENTITY,https://search.certifications.sba.gov/,CAGE:7BUE4 url=HOST_ROOT_ONLY quarantined=Y/KEEP excluded=no,"[{""attribution_method"": ""need_v6"", ""canonical_name"": """", ""cedar_uid"": """", ""confidence_tier"": ""C"", ""crossgov_name_collision_basis"": """", ""crossgov_name_collision_disposition"": """", ""crossgov_name_collision_flag"": """", ""crossgov_name_collision_proposed_entity_id"": """", ""entity_class"": ""TRIBAL_UNCROSSWALKED_SBA"", ""evidence_source_file"": """", ""evidence_url"": ""https://search.certifications.sba.gov/"", ""evidence_url_integrity"": """", ""exclusion_evidence"": """", ""exclusion_id"": """", ""identifier"": ""7BUE4"", ""identifier_type"": ""CAGE"", ""is_authority"": """", ""joint_ownership_flag"": """", ""joint_ownership_note"": """", ""legal_business_name"": ""OCEANSIDE CORPORATION"", ""method_quarantined"": ""Y"", ""prime_dollars_M"": ""0.0"", ""quarantine_disposition"": ""KEEP"", ""quarantine_disposition_basis"": ""ledger tier C - already non-attributing; 40_build_prime_contracts.py never keys it"", ""source_file"": ""need_v6_geocoded.csv"", ""state"": ""AK"", ""tier_rationale"": ""NEED v6 attribution - review"", ""tribe_id"": """", ""verified_date"": ""2026-04-30""}]","cage.dla.mil: paste CAGE 7BUE4; expect the registrant to be Oceanside Corporation itself, not a subsidiary or parent"
CE-000B8-7R|CB-1011415,,UNRESOLVED,,,,,,1590e94ecbacaadfd749992c2e42cc19ffdcc81fe94a35d1234e7f1cb9aea472,WEAK_OR_INSUFFICIENT_EVIDENCE_ONLY,CE-000B8-7R,Olgoonik Corporation,Alaska Native Village Corporation,CB-1011415,OLGOONIK CORPORATION,CAGE:53A63 | UEI:R9JCCCG5ETB6,CE-000B8-7R via agent_research_one_leg tier B: TIER_B_ATTRIBUTION,https://www.olgoonik.com/what-we-do/subsidiaries/,UEI:R9JCCCG5ETB6 url=VALID_RECORD_URL_NOT_RETRIEVED quarantined=N/- excluded=no,"[{""attribution_method"": ""agent_research_one_leg"", ""canonical_name"": ""Olgoonik Corporation"", ""cedar_uid"": ""CE-000B8-7R"", ""confidence_tier"": ""B"", ""crossgov_name_collision_basis"": """", ""crossgov_name_collision_disposition"": """", ""crossgov_name_collision_flag"": """", ""crossgov_name_collision_proposed_entity_id"": """", ""entity_class"": ""Federally recognized Alaska Native Village"", ""evidence_source_file"": """", ""evidence_url"": ""https://www.olgoonik.com/what-we-do/subsidiaries/"", ""evidence_url_integrity"": """", ""exclusion_evidence"": """", ""exclusion_id"": """", ""identifier"": ""R9JCCCG5ETB6"", ""identifier_type"": ""UEI"", ""is_authority"": ""YES"", ""joint_ownership_flag"": """", ""joint_ownership_note"": """", ""legal_business_name"": ""Olgoonik Corporation"", ""method_quarantined"": ""N"", ""prime_dollars_M"": ""0.063"", ""quarantine_disposition"": """", ""quarantine_disposition_basis"": """", ""source_file"": ""master_tribal_entity_registry.csv"", ""state"": ""AK"", ""tier_rationale"": ""Agent-researched 2026-08-06: single evidence leg"", ""tribe_id"": ""ANVC-OLGOON-00"", ""verified_date"": ""2026-04-29""}]","cage.dla.mil: paste CAGE 53A63; expect the registrant to be Olgoonik Corporation itself, not a subsidiary or parent"
CE-000B9-DH|CB-1005204,,UNRESOLVED,,,,,,e8f3fc153d4464d89beeb59e39a2985f6ad4751e3498598c634760c4ebe32d4d,WEAK_OR_INSUFFICIENT_EVIDENCE_ONLY,CE-000B9-DH,Ounalashka Corporation,Alaska Native Village Corporation,CB-1005204,Ounalashka Corporation,CAGE:3V5U4 | UEI:LBMPGBRSCKZ5,CE-000B9-DH via agent_research_one_leg tier B: TIER_B_ATTRIBUTION | CE-000B9-DH via elijah_ruling_redirect tier B: TIER_B_ATTRIBUTION,https://search.certifications.sba.gov/,UEI:LBMPGBRSCKZ5 url=MISSING quarantined=N/- excluded=no | CAGE:3V5U4 url=HOST_ROOT_ONLY quarantined=N/- excluded=no,"[{""attribution_method"": ""agent_research_one_leg"", ""canonical_name"": ""Ounalashka Corporation"", ""cedar_uid"": ""CE-000B9-DH"", ""confidence_tier"": ""B"", ""crossgov_name_collision_basis"": """", ""crossgov_name_collision_disposition"": """", ""crossgov_name_collision_flag"": """", ""crossgov_name_collision_proposed_entity_id"": """", ""entity_class"": """", ""evidence_source_file"": """", ""evidence_url"": """", ""evidence_url_integrity"": """", ""exclusion_evidence"": """", ""exclusion_id"": """", ""identifier"": ""LBMPGBRSCKZ5"", ""identifier_type"": ""UEI"", ""is_authority"": """", ""joint_ownership_flag"": """", ""joint_ownership_note"": """", ""legal_business_name"": ""Ounalashka Corporation"", ""method_quarantined"": ""N"", ""prime_dollars_M"": ""0.161"", ""quarantine_disposition"": """", ""quarantine_disposition_basis"": """", ""source_file"": ""master_tribal_entity_registry.csv"", ""state"": ""AK"", ""tier_rationale"": ""Agent-researched 2026-08-06: single evidence leg"", ""tribe_id"": ""ANVC-OUNALA-00"", ""verified_date"": """"}, {""attribution_method"": ""elijah_ruling_redirect"", ""canonical_name"": ""Ounalashka Corporation"", ""cedar_uid"": ""CE-000B9-DH"", ""confidence_tier"": ""B"", ""crossgov_name_collision_basis"": """", ""crossgov_name_collision_disposition"": """", ""crossgov_name_collision_flag"": """", ""crossgov_name_collision_proposed_entity_id"": """", ""entity_class"": ""TRIBAL_UNCROSSWALKED_SBA"", ""evidence_source_file"": """", ""evidence_url"": ""https://search.certifications.sba.gov/"", ""evidence_url_integrity"": """", ""exclusion_evidence"": """", ""exclusion_id"": """", ""identifier"": ""3V5U4"", ""identifier_type"": ""CAGE"", ""is_authority"": ""YES"", ""joint_ownership_flag"": """", ""joint_ownership_note"": """", ""legal_business_name"": ""OUNALASHKA CORPORATION"", ""method_quarantined"": ""N"", ""prime_dollars_M"": ""0.0"", ""quarantine_disposition"": """", ""quarantine_disposition_basis"": """", ""source_file"": ""review/agent_rulings_akvillagecorp_2026-08-06.csv"", ""state"": ""AK"", ""tier_rationale"": ""Ruling applied in place 2026-08-26 by 174 from review/agent_rulings_akvillagecorp_2026-08-06.csv; tier inherited (agent_identifier_rulings_applied.csv)"", ""tribe_id"": ""ANVC-OUNALA-00"", ""verified_date"": ""2026-04-30""}]","cage.dla.mil: paste CAGE 3V5U4; expect the registrant to be Ounalashka Corporation itself, not a subsidiary or parent"
CE-000BM-F4|CB-1010107,,UNRESOLVED,,,,,,04a2d5338e9b984b989e7abdbde885d98c77c35cd683a03dfddec866f40f2fab,WEAK_OR_INSUFFICIENT_EVIDENCE_ONLY,CE-000BM-F4,Qinarmiut Corporation,Alaska Native Village Corporation,CB-1010107,QINARMIUT CORPORATION,CAGE:4PHK7 | UEI:LCVDUC2GMFT8,(none) via need_v6 tier C: WEAK_ATTRIBUTION_TO_OTHER_ENTITY,https://search.certifications.sba.gov/,CAGE:4PHK7 url=HOST_ROOT_ONLY quarantined=Y/KEEP excluded=no,"[{""attribution_method"": ""need_v6"", ""canonical_name"": """", ""cedar_uid"": """", ""confidence_tier"": ""C"", ""crossgov_name_collision_basis"": """", ""crossgov_name_collision_disposition"": """", ""crossgov_name_collision_flag"": """", ""crossgov_name_collision_proposed_entity_id"": """", ""entity_class"": ""TRIBAL_UNCROSSWALKED_SBA"", ""evidence_source_file"": """", ""evidence_url"": ""https://search.certifications.sba.gov/"", ""evidence_url_integrity"": """", ""exclusion_evidence"": """", ""exclusion_id"": """", ""identifier"": ""4PHK7"", ""identifier_type"": ""CAGE"", ""is_authority"": """", ""joint_ownership_flag"": """", ""joint_ownership_note"": """", ""legal_business_name"": ""QINARMIUT CORPORATION"", ""method_quarantined"": ""Y"", ""prime_dollars_M"": ""0.0"", ""quarantine_disposition"": ""KEEP"", ""quarantine_disposition_basis"": ""ledger tier C - already non-attributing; 40_build_prime_contracts.py never keys it"", ""source_file"": ""need_v6_geocoded.csv"", ""state"": ""AK"", ""tier_rationale"": ""NEED v6 attribution - review"", ""tribe_id"": """", ""verified_date"": ""2026-04-30""}]","cage.dla.mil: paste CAGE 4PHK7; expect the registrant to be Qinarmiut Corporation itself, not a subsidiary or parent"
CE-000C5-TX|CB-1007815,,UNRESOLVED,,,,,,7a239523f5f64ee6624c45e9b2c35e1d7fdd61a4321af929cad34ac8dd234bc6,WEAK_OR_INSUFFICIENT_EVIDENCE_ONLY,CE-000C5-TX,"Salamatof Native Association, Inc.",Alaska Native Village Corporation,CB-1007815,"SALAMATOF NATIVE ASSOCIATION, INC.",CAGE:5HBH0 | UEI:T4D1XD4A3AH6,CE-000C5-TX via agent_research_one_leg tier B: TIER_B_ATTRIBUTION,,UEI:T4D1XD4A3AH6 url=MISSING quarantined=N/- excluded=no,"[{""attribution_method"": ""agent_research_one_leg"", ""canonical_name"": ""Salamatof Native Association, Inc."", ""cedar_uid"": ""CE-000C5-TX"", ""confidence_tier"": ""B"", ""crossgov_name_collision_basis"": """", ""crossgov_name_collision_disposition"": """", ""crossgov_name_collision_flag"": """", ""crossgov_name_collision_proposed_entity_id"": """", ""entity_class"": ""Federally recognized Alaska Native Village"", ""evidence_source_file"": ""sam_uei_to_tribe_assignment_v3.csv"", ""evidence_url"": """", ""evidence_url_integrity"": ""Reclassified 2026-08-06: this was a local file path, not a retrievable URL. The attribution may still be correct; the claim of web verification was not."", ""exclusion_evidence"": """", ""exclusion_id"": """", ""identifier"": ""T4D1XD4A3AH6"", ""identifier_type"": ""UEI"", ""is_authority"": """", ""joint_ownership_flag"": """", ""joint_ownership_note"": """", ""legal_business_name"": ""SALAMATOF NATIVE ASSOCIATION, INC."", ""method_quarantined"": ""N"", ""prime_dollars_M"": ""0.0"", ""quarantine_disposition"": """", ""quarantine_disposition_basis"": """", ""source_file"": ""master_tribal_entity_registry.csv"", ""state"": ""AK"", ""tier_rationale"": ""Agent-researched 2026-08-06: single evidence leg"", ""tribe_id"": ""ANVC-SLMTFS-00"", ""verified_date"": ""2026-04-27""}]","cage.dla.mil: paste CAGE 5HBH0; expect the registrant to be Salamatof Native Association, Inc. itself, not a subsidiary or parent"
CE-000BV-SK|CB-1003324,,UNRESOLVED,,,,,,a412837bccd1e32a788821e7f7ccbcb68b7fa9583a14bed99ad82940502776cb,WEAK_OR_INSUFFICIENT_EVIDENCE_ONLY,CE-000BV-SK,Sea Lion Corporation,Alaska Native Village Corporation,CB-1003324,SEA LION CORP,UEI:HRMNMKCBCN69,CE-000BV-SK via agent_research_one_leg tier B: TIER_B_ATTRIBUTION,,UEI:HRMNMKCBCN69 url=MISSING quarantined=N/- excluded=no,"[{""attribution_method"": ""agent_research_one_leg"", ""canonical_name"": ""Sea Lion Corporation"", ""cedar_uid"": ""CE-000BV-SK"", ""confidence_tier"": ""B"", ""crossgov_name_collision_basis"": """", ""crossgov_name_collision_disposition"": """", ""crossgov_name_collision_flag"": """", ""crossgov_name_collision_proposed_entity_id"": """", ""entity_class"": """", ""evidence_source_file"": """", ""evidence_url"": """", ""evidence_url_integrity"": """", ""exclusion_evidence"": """", ""exclusion_id"": """", ""identifier"": ""HRMNMKCBCN69"", ""identifier_type"": ""UEI"", ""is_authority"": """", ""joint_ownership_flag"": """", ""joint_ownership_note"": """", ""legal_business_name"": ""Sea Lion Corporation"", ""method_quarantined"": ""N"", ""prime_dollars_M"": ""0.01"", ""quarantine_disposition"": """", ""quarantine_disposition_basis"": """", ""source_file"": ""master_tribal_entity_registry.csv"", ""state"": ""AK"", ""tier_rationale"": ""Agent-researched 2026-08-06: single evidence leg"", ""tribe_id"": ""ANVC-SEALIO-00"", ""verified_date"": """"}]",sam.gov entity search: paste UEI HRMNMKCBCN69; expect the legal business name Sea Lion Corporation itself
CE-0007H-9S|CB-1005812,,UNRESOLVED,,,,,,a59c2487e9b4f5ec49f539e3c867ae1a3aafc526555852a277ed1de046184a88,WEAK_OR_INSUFFICIENT_EVIDENCE_ONLY,CE-0007H-9S,Sealaska Corporation,Alaska Native Regional Corporation,CB-1005812,SEALASKA CORPORATION,CAGE:3XVU1 | UEI:XMKLMV8GCWJ5,CE-0007H-9S via cluster_v3 tier B: QUARANTINED_METHOD_KEEP | CE-0007H-9S via cross_dataset_propagation:contracting tier B: TIER_B_ATTRIBUTION,,UEI:XMKLMV8GCWJ5 url=MISSING quarantined=Y/KEEP excluded=no | CAGE:3XVU1 url=MISSING quarantined=N/- excluded=no,"[{""attribution_method"": ""cluster_v3"", ""canonical_name"": ""Sealaska Corporation"", ""cedar_uid"": ""CE-0007H-9S"", ""confidence_tier"": ""B"", ""crossgov_name_collision_basis"": """", ""crossgov_name_collision_disposition"": """", ""crossgov_name_collision_flag"": """", ""crossgov_name_collision_proposed_entity_id"": """", ""entity_class"": ""Alaska Native Regional Corporation"", ""evidence_source_file"": ""sam_uei_to_tribe_assignment_v3.csv"", ""evidence_url"": """", ""evidence_url_integrity"": ""Reclassified 2026-08-06: this was a local file path, not a retrievable URL. The attribution may still be correct; the claim of web verification was not."", ""exclusion_evidence"": """", ""exclusion_id"": """", ""identifier"": ""XMKLMV8GCWJ5"", ""identifier_type"": ""UEI"", ""is_authority"": """", ""joint_ownership_flag"": """", ""joint_ownership_note"": """", ""legal_business_name"": ""Sealaska Corporation"", ""method_quarantined"": ""Y"", ""prime_dollars_M"": ""0.025"", ""quarantine_disposition"": ""KEEP"", ""quarantine_disposition_basis"": ""rule 7: exact whole-name match to the hub's own official name"", ""source_file"": ""master_tribal_entity_registry.csv"", ""state"": ""AK"", ""tier_rationale"": ""Algorithmic name clustering, unreviewed"", ""tribe_id"": ""ANRC-SEALSK-00"", ""verified_date"": ""2026-04-27""}, {""attribution_method"": ""cross_dataset_propagation:contracting"", ""canonical_name"": ""Sealaska Corporation"", ""cedar_uid"": ""CE-0007H-9S"", ""confidence_tier"": ""B"", ""crossgov_name_collision_basis"": """", ""crossgov_name_collision_disposition"": """", ""crossgov_name_collision_flag"": """", ""crossgov_name_collision_proposed_entity_id"": """", ""entity_class"": """", ""evidence_source_file"": """", ""evidence_url"": """", ""evidence_url_integrity"": """", ""exclusion_evidence"": """", ""exclusion_id"": """", ""identifier"": ""3XVU1"", ""identifier_type"": ""CAGE"", ""is_authority"": """", ""joint_ownership_flag"": """", ""joint_ownership_note"": """", ""legal_business_name"": ""Sealaska Corporation"", ""method_quarantined"": ""N"", ""prime_dollars_M"": """", ""quarantine_disposition"": """", ""quarantine_disposition_basis"": """", ""source_file"": ""contracting"", ""state"": """", ""tier_rationale"": ""Established in the contracting dataset on 2026-08-06 and absent from the ledger. Propagated, not researched; inherits that dataset's confidence, so tier B."", ""tribe_id"": ""ANRC-SEALSK-00"", ""verified_date"": """"}]","cage.dla.mil: paste CAGE 3XVU1; expect the registrant to be Sealaska Corporation itself, not a subsidiary or parent"
CE-000C9-J1|CB-1008436,,UNRESOLVED,,,,,,1b16a6094c0368f775c8c6615702109358a53126898f98a46f1ae3f70144c91c,WEAK_OR_INSUFFICIENT_EVIDENCE_ONLY,CE-000C9-J1,Seth-De-Ya-Ah Corporation,Alaska Native Village Corporation,CB-1008436,SETH-DE-YA-AH CORPORATION,CAGE:7QEP2 | UEI:UCATQXNDBLK9,(none) via need_v6 tier C: WEAK_ATTRIBUTION_TO_OTHER_ENTITY,https://search.certifications.sba.gov/,CAGE:7QEP2 url=HOST_ROOT_ONLY quarantined=Y/KEEP excluded=no,"[{""attribution_method"": ""need_v6"", ""canonical_name"": """", ""cedar_uid"": """", ""confidence_tier"": ""C"", ""crossgov_name_collision_basis"": """", ""crossgov_name_collision_disposition"": """", ""crossgov_name_collision_flag"": """", ""crossgov_name_collision_proposed_entity_id"": """", ""entity_class"": ""TRIBAL_UNCROSSWALKED_SBA"", ""evidence_source_file"": """", ""evidence_url"": ""https://search.certifications.sba.gov/"", ""evidence_url_integrity"": """", ""exclusion_evidence"": """", ""exclusion_id"": """", ""identifier"": ""7QEP2"", ""identifier_type"": ""CAGE"", ""is_authority"": """", ""joint_ownership_flag"": """", ""joint_ownership_note"": """", ""legal_business_name"": ""SETH-DE-YA-AH CORPORATION"", ""method_quarantined"": ""Y"", ""prime_dollars_M"": ""0.0"", ""quarantine_disposition"": ""KEEP"", ""quarantine_disposition_basis"": ""ledger tier C - already non-attributing; 40_build_prime_contracts.py never keys it"", ""source_file"": ""need_v6_geocoded.csv"", ""state"": ""AK"", ""tier_rationale"": ""NEED v6 attribution - review"", ""tribe_id"": """", ""verified_date"": ""2026-04-30""}]","cage.dla.mil: paste CAGE 7QEP2; expect the registrant to be Seth-De-Ya-Ah Corporation itself, not a subsidiary or parent"
CE-000BW-ZC|CB-1003468,,UNRESOLVED,,,,,,7021cdf702b1542e98aea207c441ded328d8a70369074f34abb6567fbde4f364,WEAK_OR_INSUFFICIENT_EVIDENCE_ONLY,CE-000BW-ZC,"Shaan Seet, Inc.",Alaska Native Village Corporation,CB-1003468,SHAAN-SEET INC,CAGE:3PCW7 | UEI:TSQLXT8A62F1,CE-000BW-ZC via agent_research_one_leg tier B: TIER_B_ATTRIBUTION | CE-000BW-ZC via elijah_ruling_redirect tier B: TIER_B_ATTRIBUTION,https://search.certifications.sba.gov/,UEI:TSQLXT8A62F1 url=MISSING quarantined=N/- excluded=no | CAGE:3PCW7 url=HOST_ROOT_ONLY quarantined=N/- excluded=no,"[{""attribution_method"": ""agent_research_one_leg"", ""canonical_name"": ""Shaan Seet, Inc."", ""cedar_uid"": ""CE-000BW-ZC"", ""confidence_tier"": ""B"", ""crossgov_name_collision_basis"": """", ""crossgov_name_collision_disposition"": """", ""crossgov_name_collision_flag"": """", ""crossgov_name_collision_proposed_entity_id"": """", ""entity_class"": """", ""evidence_source_file"": """", ""evidence_url"": """", ""evidence_url_integrity"": """", ""exclusion_evidence"": """", ""exclusion_id"": """", ""identifier"": ""TSQLXT8A62F1"", ""identifier_type"": ""UEI"", ""is_authority"": """", ""joint_ownership_flag"": """", ""joint_ownership_note"": """", ""legal_business_name"": ""Shaan Seet Incorporated"", ""method_quarantined"": ""N"", ""prime_dollars_M"": ""2.125"", ""quarantine_disposition"": """", ""quarantine_disposition_basis"": """", ""source_file"": ""master_tribal_entity_registry.csv"", ""state"": ""AK"", ""tier_rationale"": ""Agent-researched 2026-08-06: single evidence leg"", ""tribe_id"": ""ANVC-SHAANS-00"", ""verified_date"": """"}, {""attribution_method"": ""elijah_ruling_redirect"", ""canonical_name"": ""Shaan Seet, Inc."", ""cedar_uid"": ""CE-000BW-ZC"", ""confidence_tier"": ""B"", ""crossgov_name_collision_basis"": """", ""crossgov_name_collision_disposition"": """", ""crossgov_name_collision_flag"": """", ""crossgov_name_collision_proposed_entity_id"": """", ""entity_class"": ""TRIBAL_UNCROSSWALKED_SBA"", ""evidence_source_file"": """", ""evidence_url"": ""https://search.certifications.sba.gov/"", ""evidence_url_integrity"": """", ""exclusion_evidence"": """", ""exclusion_id"": """", ""identifier"": ""3PCW7"", ""identifier_type"": ""CAGE"", ""is_authority"": ""YES"", ""joint_ownership_flag"": """", ""joint_ownership_note"": """", ""legal_business_name"": ""SHAAN-SEET INC"", ""method_quarantined"": ""N"", ""prime_dollars_M"": ""0.0"", ""quarantine_disposition"": """", ""quarantine_disposition_basis"": """", ""source_file"": ""review/agent_rulings_akvillagecorp_2026-08-06.csv"", ""state"": ""AK"", ""tier_rationale"": ""Ruling applied in place 2026-08-26 by 174 from review/agent_rulings_akvillagecorp_2026-08-06.csv; tier inherited (agent_identifier_rulings_applied.csv)"", ""tribe_id"": ""ANVC-SHAANS-00"", ""verified_date"": ""2026-04-30""}]","cage.dla.mil: paste CAGE 3PCW7; expect the registrant to be Shaan Seet, Inc. itself, not a subsidiary or parent"
CE-000C3-EB|CB-1006867,,UNRESOLVED,,,,,,0038b51eb25cfbdbcbe14977c55322d9ae521c6c773ed958a2b70b3b6f86f8dc,WEAK_OR_INSUFFICIENT_EVIDENCE_ONLY,CE-000C3-EB,"Sivuqaq, Inc.",Alaska Native Village Corporation,CB-1006867,"SIVUQAQ, INC.",CAGE:1UXT4 | UEI:KKN4U32NC4G5,CE-000C3-EB via agent_research_one_leg tier B: TIER_B_ATTRIBUTION | (none) via need_v6 tier C: WEAK_ATTRIBUTION_TO_OTHER_ENTITY,https://search.certifications.sba.gov/,UEI:KKN4U32NC4G5 url=MISSING quarantined=N/- excluded=no | CAGE:1UXT4 url=HOST_ROOT_ONLY quarantined=Y/KEEP excluded=no,"[{""attribution_method"": ""agent_research_one_leg"", ""canonical_name"": ""Sivuqaq, Inc."", ""cedar_uid"": ""CE-000C3-EB"", ""confidence_tier"": ""B"", ""crossgov_name_collision_basis"": """", ""crossgov_name_collision_disposition"": """", ""crossgov_name_collision_flag"": """", ""crossgov_name_collision_proposed_entity_id"": """", ""entity_class"": """", ""evidence_source_file"": """", ""evidence_url"": """", ""evidence_url_integrity"": """", ""exclusion_evidence"": """", ""exclusion_id"": """", ""identifier"": ""KKN4U32NC4G5"", ""identifier_type"": ""UEI"", ""is_authority"": """", ""joint_ownership_flag"": """", ""joint_ownership_note"": """", ""legal_business_name"": ""Sivuqaq Incorporated"", ""method_quarantined"": ""N"", ""prime_dollars_M"": ""0.056"", ""quarantine_disposition"": """", ""quarantine_disposition_basis"": """", ""source_file"": ""master_tribal_entity_registry.csv"", ""state"": ""AK"", ""tier_rationale"": ""Agent-researched 2026-08-06: single evidence leg"", ""tribe_id"": ""ANVC-SIVUQA-00"", ""verified_date"": """"}, {""attribution_method"": ""need_v6"", ""canonical_name"": """", ""cedar_uid"": """", ""confidence_tier"": ""C"", ""crossgov_name_collision_basis"": """", ""crossgov_name_collision_disposition"": """", ""crossgov_name_collision_flag"": """", ""crossgov_name_collision_proposed_entity_id"": """", ""entity_class"": ""TRIBAL_UNCROSSWALKED_SBA"", ""evidence_source_file"": """", ""evidence_url"": ""https://search.certifications.sba.gov/"", ""evidence_url_integrity"": """", ""exclusion_evidence"": """", ""exclusion_id"": """", ""identifier"": ""1UXT4"", ""identifier_type"": ""CAGE"", ""is_authority"": """", ""joint_ownership_flag"": """", ""joint_ownership_note"": """", ""legal_business_name"": ""SIVUQAQ, INC."", ""method_quarantined"": ""Y"", ""prime_dollars_M"": ""0.0"", ""quarantine_disposition"": ""KEEP"", ""quarantine_disposition_basis"": ""ledger tier C - already non-attributing; 40_build_prime_contracts.py never keys it"", ""source_file"": ""need_v6_geocoded.csv"", ""state"": ""AK"", ""tier_rationale"": ""NEED v6 attribution - review"", ""tribe_id"": """", ""verified_date"": ""2026-04-30""}]","cage.dla.mil: paste CAGE 1UXT4; expect the registrant to be Sivuqaq, Inc. itself, not a subsidiary or parent"
CE-000A0-J0|CB-1017117,,UNRESOLVED,,,,,,e88c11215aa8c5e1d85b5fd5042cc42dd6af391e38661ad35974547f9c1631ec,WEAK_OR_INSUFFICIENT_EVIDENCE_ONLY,CE-000A0-J0,The Kuskokwim Corporation,Alaska Native Village Corporation,CB-1017117,THE KUSKOKWIM CORPORATION,CAGE:3G5S9 | UEI:CS7EUBCJE9T7,CE-000A0-J0 via agent_research_one_leg tier B: TIER_B_ATTRIBUTION,,UEI:CS7EUBCJE9T7 url=MISSING quarantined=N/- excluded=no,"[{""attribution_method"": ""agent_research_one_leg"", ""canonical_name"": ""The Kuskokwim Corporation"", ""cedar_uid"": ""CE-000A0-J0"", ""confidence_tier"": ""B"", ""crossgov_name_collision_basis"": """", ""crossgov_name_collision_disposition"": """", ""crossgov_name_collision_flag"": """", ""crossgov_name_collision_proposed_entity_id"": """", ""entity_class"": ""Federally recognized Alaska Native Village"", ""evidence_source_file"": ""sam_uei_to_tribe_assignment_v3.csv"", ""evidence_url"": """", ""evidence_url_integrity"": ""Reclassified 2026-08-06: this was a local file path, not a retrievable URL. The attribution may still be correct; the claim of web verification was not."", ""exclusion_evidence"": """", ""exclusion_id"": """", ""identifier"": ""CS7EUBCJE9T7"", ""identifier_type"": ""UEI"", ""is_authority"": """", ""joint_ownership_flag"": """", ""joint_ownership_note"": """", ""legal_business_name"": ""THE KUSKOKWIM CORPORATION"", ""method_quarantined"": ""N"", ""prime_dollars_M"": ""0.0"", ""quarantine_disposition"": """", ""quarantine_disposition_basis"": """", ""source_file"": ""master_tribal_entity_registry.csv"", ""state"": ""AK"", ""tier_rationale"": ""Agent-researched 2026-08-06: single evidence leg"", ""tribe_id"": ""ANVC-KSKKWM-00"", ""verified_date"": ""2026-04-27""}]","cage.dla.mil: paste CAGE 3G5S9; expect the registrant to be The Kuskokwim Corporation itself, not a subsidiary or parent"
CE-000BH-XS|CB-1011676,,UNRESOLVED,,,,,,d1074b949c35226b70cb4b162de23fc05120e7d0cc7ce570fbbbc62424365ce5,WEAK_OR_INSUFFICIENT_EVIDENCE_ONLY,CE-000BH-XS,The Port Graham Corporation,Alaska Native Village Corporation,CB-1011676,THE PORT GRAHAM CORPORATION,UEI:M3NNALGMSSX7,CE-000BH-XS via cluster_v3 tier B: QUARANTINED_METHOD_KEEP,,UEI:M3NNALGMSSX7 url=MISSING quarantined=Y/KEEP excluded=no,"[{""attribution_method"": ""cluster_v3"", ""canonical_name"": ""The Port Graham Corporation"", ""cedar_uid"": ""CE-000BH-XS"", ""confidence_tier"": ""B"", ""crossgov_name_collision_basis"": """", ""crossgov_name_collision_disposition"": """", ""crossgov_name_collision_flag"": """", ""crossgov_name_collision_proposed_entity_id"": """", ""entity_class"": ""Federally recognized Alaska Native Village"", ""evidence_source_file"": ""sam_uei_to_tribe_assignment_v3.csv"", ""evidence_url"": """", ""evidence_url_integrity"": ""Reclassified 2026-08-06: this was a local file path, not a retrievable URL. The attribution may still be correct; the claim of web verification was not."", ""exclusion_evidence"": """", ""exclusion_id"": """", ""identifier"": ""M3NNALGMSSX7"", ""identifier_type"": ""UEI"", ""is_authority"": """", ""joint_ownership_flag"": """", ""joint_ownership_note"": """", ""legal_business_name"": ""The Port Graham Corporation"", ""method_quarantined"": ""Y"", ""prime_dollars_M"": ""1.858"", ""quarantine_disposition"": ""KEEP"", ""quarantine_disposition_basis"": ""rule 7: exact whole-name match to the hub's own official name"", ""source_file"": ""master_tribal_entity_registry.csv"", ""state"": ""AK"", ""tier_rationale"": ""Corrected 2026-08-06: moved from the village government to the ANCSA corporation. Algorithmic name clustering, unreviewed"", ""tribe_id"": ""ANVC-PRTGRH-00"", ""verified_date"": ""2026-04-27""}]",sam.gov entity search: paste UEI M3NNALGMSSX7; expect the legal business name The Port Graham Corporation itself
CE-000CF-PQ|CB-1003247,,UNRESOLVED,,,,,,a7e299cdd9d477662ba17579f05758cf39b934858264ae0fc7463081c67c35e1,WEAK_OR_INSUFFICIENT_EVIDENCE_ONLY,CE-000CF-PQ,The Tatitlek Corporation,Alaska Native Village Corporation,CB-1003247,THE TATITLEK CORPORATION,UEI:JUR8UL7JVLG7,CE-000CF-PQ via cluster_v3 tier B: QUARANTINED_METHOD_KEEP,,UEI:JUR8UL7JVLG7 url=MISSING quarantined=Y/KEEP excluded=no,"[{""attribution_method"": ""cluster_v3"", ""canonical_name"": ""The Tatitlek Corporation"", ""cedar_uid"": ""CE-000CF-PQ"", ""confidence_tier"": ""B"", ""crossgov_name_collision_basis"": """", ""crossgov_name_collision_disposition"": """", ""crossgov_name_collision_flag"": """", ""crossgov_name_collision_proposed_entity_id"": """", ""entity_class"": ""Federally recognized Alaska Native Village"", ""evidence_source_file"": ""sam_uei_to_tribe_assignment_v3.csv"", ""evidence_url"": """", ""evidence_url_integrity"": ""Reclassified 2026-08-06: this was a local file path, not a retrievable URL. The attribution may still be correct; the claim of web verification was not."", ""exclusion_evidence"": """", ""exclusion_id"": """", ""identifier"": ""JUR8UL7JVLG7"", ""identifier_type"": ""UEI"", ""is_authority"": """", ""joint_ownership_flag"": """", ""joint_ownership_note"": """", ""legal_business_name"": ""Tatitlek Corporation, The"", ""method_quarantined"": ""Y"", ""prime_dollars_M"": ""0.941"", ""quarantine_disposition"": ""KEEP"", ""quarantine_disposition_basis"": ""rule 7: exact whole-name match to the hub's own official name"", ""source_file"": ""master_tribal_entity_registry.csv"", ""state"": ""AK"", ""tier_rationale"": ""Corrected 2026-08-06: moved from the village government to the ANCSA corporation. Algorithmic name clustering, unreviewed"", ""tribe_id"": ""ANVC-TATITL-00"", ""verified_date"": ""2026-04-27""}]",sam.gov entity search: paste UEI JUR8UL7JVLG7; expect the legal business name The Tatitlek Corporation itself
CE-000CW-4W|CB-1013070,,UNRESOLVED,,,,,,69c12d4e4e9eb543036255509df741e877f9ab47f92564b946a71cdd5e5d12c3,WEAK_OR_INSUFFICIENT_EVIDENCE_ONLY,CE-000CW-4W,The Tyonek Native Corporation,Alaska Native Village Corporation,CB-1013070,THE TYONEK NATIVE CORPORATION,UEI:FM96SF3VF8H9,CE-000CW-4W via cluster_v3 tier B: QUARANTINED_METHOD_KEEP,,UEI:FM96SF3VF8H9 url=MISSING quarantined=Y/KEEP excluded=no,"[{""attribution_method"": ""cluster_v3"", ""canonical_name"": ""The Tyonek Native Corporation"", ""cedar_uid"": ""CE-000CW-4W"", ""confidence_tier"": ""B"", ""crossgov_name_collision_basis"": """", ""crossgov_name_collision_disposition"": """", ""crossgov_name_collision_flag"": """", ""crossgov_name_collision_proposed_entity_id"": """", ""entity_class"": ""Federally recognized Alaska Native Village"", ""evidence_source_file"": ""sam_uei_to_tribe_assignment_v3.csv"", ""evidence_url"": """", ""evidence_url_integrity"": ""Reclassified 2026-08-06: this was a local file path, not a retrievable URL. The attribution may still be correct; the claim of web verification was not."", ""exclusion_evidence"": """", ""exclusion_id"": """", ""identifier"": ""FM96SF3VF8H9"", ""identifier_type"": ""UEI"", ""is_authority"": """", ""joint_ownership_flag"": """", ""joint_ownership_note"": """", ""legal_business_name"": ""THE TYONEK NATIVE CORPORATION"", ""method_quarantined"": ""Y"", ""prime_dollars_M"": ""0.0"", ""quarantine_disposition"": ""KEEP"", ""quarantine_disposition_basis"": ""rule 7: exact whole-name match to the hub's own official name"", ""source_file"": ""master_tribal_entity_registry.csv"", ""state"": """", ""tier_rationale"": ""Corrected 2026-08-06: moved from the village government to the ANCSA corporation. Algorithmic name clustering, unreviewed"", ""tribe_id"": ""ANVC-TYONE1-00"", ""verified_date"": ""2026-04-27""}]",sam.gov entity search: paste UEI FM96SF3VF8H9; expect the legal business name The Tyonek Native Corporation itself
CE-000CN-TD|CB-1006206,,UNRESOLVED,,,,,,dac0632cee0c6849bddab6eb49bb7c0052690852e1e00b74cc49113e29b568ae,WEAK_OR_INSUFFICIENT_EVIDENCE_ONLY,CE-000CN-TD,Tikigaq Corporation,Alaska Native Village Corporation,CB-1006206,TIKIGAQ CORPORATION,CAGE:3KND7 | UEI:J9YKKR3JN9V3,CE-000CN-TD via agent_research_one_leg tier B: TIER_B_ATTRIBUTION | (none) via need_v6 tier C: WEAK_ATTRIBUTION_TO_OTHER_ENTITY,https://search.certifications.sba.gov/,UEI:J9YKKR3JN9V3 url=MISSING quarantined=N/- excluded=no | CAGE:3KND7 url=HOST_ROOT_ONLY quarantined=Y/KEEP excluded=no,"[{""attribution_method"": ""agent_research_one_leg"", ""canonical_name"": ""Tikigaq Corporation"", ""cedar_uid"": ""CE-000CN-TD"", ""confidence_tier"": ""B"", ""crossgov_name_collision_basis"": """", ""crossgov_name_collision_disposition"": """", ""crossgov_name_collision_flag"": """", ""crossgov_name_collision_proposed_entity_id"": """", ""entity_class"": """", ""evidence_source_file"": """", ""evidence_url"": """", ""evidence_url_integrity"": """", ""exclusion_evidence"": """", ""exclusion_id"": """", ""identifier"": ""J9YKKR3JN9V3"", ""identifier_type"": ""UEI"", ""is_authority"": """", ""joint_ownership_flag"": """", ""joint_ownership_note"": """", ""legal_business_name"": ""Tikigaq Construction, Llc"", ""method_quarantined"": ""N"", ""prime_dollars_M"": ""0.043"", ""quarantine_disposition"": """", ""quarantine_disposition_basis"": """", ""source_file"": ""master_tribal_entity_registry.csv"", ""state"": ""AK"", ""tier_rationale"": ""Agent-researched 2026-08-06: single evidence leg"", ""tribe_id"": ""ANVC-TIKIGA-00"", ""verified_date"": """"}, {""attribution_method"": ""need_v6"", ""canonical_name"": """", ""cedar_uid"": """", ""confidence_tier"": ""C"", ""crossgov_name_collision_basis"": """", ""crossgov_name_collision_disposition"": """", ""crossgov_name_collision_flag"": """", ""crossgov_name_collision_proposed_entity_id"": """", ""entity_class"": ""TRIBAL_UNCROSSWALKED_SBA"", ""evidence_source_file"": """", ""evidence_url"": ""https://search.certifications.sba.gov/"", ""evidence_url_integrity"": """", ""exclusion_evidence"": """", ""exclusion_id"": """", ""identifier"": ""3KND7"", ""identifier_type"": ""CAGE"", ""is_authority"": """", ""joint_ownership_flag"": """", ""joint_ownership_note"": """", ""legal_business_name"": ""TIKIGAQ CORPORATION"", ""method_quarantined"": ""Y"", ""prime_dollars_M"": ""0.0"", ""quarantine_disposition"": ""KEEP"", ""quarantine_disposition_basis"": ""ledger tier C - already non-attributing; 40_build_prime_contracts.py never keys it"", ""source_file"": ""need_v6_geocoded.csv"", ""state"": ""AK"", ""tier_rationale"": ""NEED v6 attribution - review"", ""tribe_id"": """", ""verified_date"": ""2026-04-30""}]","cage.dla.mil: paste CAGE 3KND7; expect the registrant to be Tikigaq Corporation itself, not a subsidiary or parent"
CE-000CJ-82|CB-1002258,,UNRESOLVED,,,,,,da65d63b4f6f64d0b8c457f17a089d2814b5dc2c1a341d63711504f6e6b837c1,WEAK_OR_INSUFFICIENT_EVIDENCE_ONLY,CE-000CJ-82,Toghotthele Corporation,Alaska Native Village Corporation,CB-1002258,TOGHOTTHELE CORPORATION,CAGE:63Q50 | UEI:GURRMJDK8P33,CE-000CJ-82 via agent_research_one_leg tier B: TIER_B_ATTRIBUTION | CE-000CJ-82 via agent_research_one_leg tier B: TIER_B_ATTRIBUTION,https://search.certifications.sba.gov/,UEI:GURRMJDK8P33 url=MISSING quarantined=N/- excluded=no | CAGE:63Q50 url=HOST_ROOT_ONLY quarantined=N/- excluded=no,"[{""attribution_method"": ""agent_research_one_leg"", ""canonical_name"": ""Toghotthele Corporation"", ""cedar_uid"": ""CE-000CJ-82"", ""confidence_tier"": ""B"", ""crossgov_name_collision_basis"": """", ""crossgov_name_collision_disposition"": """", ""crossgov_name_collision_flag"": """", ""crossgov_name_collision_proposed_entity_id"": """", ""entity_class"": """", ""evidence_source_file"": """", ""evidence_url"": """", ""evidence_url_integrity"": """", ""exclusion_evidence"": """", ""exclusion_id"": """", ""identifier"": ""GURRMJDK8P33"", ""identifier_type"": ""UEI"", ""is_authority"": """", ""joint_ownership_flag"": """", ""joint_ownership_note"": """", ""legal_business_name"": ""Toghotthele Corporation"", ""method_quarantined"": ""N"", ""prime_dollars_M"": ""0.095"", ""quarantine_disposition"": """", ""quarantine_disposition_basis"": """", ""source_file"": ""master_tribal_entity_registry.csv"", ""state"": ""AK"", ""tier_rationale"": ""Agent-researched 2026-08-06: single evidence leg"", ""tribe_id"": ""ANVC-TGHTTH-00"", ""verified_date"": """"}, {""attribution_method"": ""agent_research_one_leg"", ""canonical_name"": ""Toghotthele Corporation"", ""cedar_uid"": ""CE-000CJ-82"", ""confidence_tier"": ""B"", ""crossgov_name_collision_basis"": """", ""crossgov_name_collision_disposition"": """", ""crossgov_name_collision_flag"": """", ""crossgov_name_collision_proposed_entity_id"": """", ""entity_class"": ""TRIBAL_UNCROSSWALKED_SBA"", ""evidence_source_file"": """", ""evidence_url"": ""https://search.certifications.sba.gov/"", ""evidence_url_integrity"": """", ""exclusion_evidence"": """", ""exclusion_id"": """", ""identifier"": ""63Q50"", ""identifier_type"": ""CAGE"", ""is_authority"": """", ""joint_ownership_flag"": """", ""joint_ownership_note"": """", ""legal_business_name"": ""TOGHOTTHELE CORPORATION"", ""method_quarantined"": ""N"", ""prime_dollars_M"": ""0.0"", ""quarantine_disposition"": """", ""quarantine_disposition_basis"": """", ""source_file"": ""need_v6_geocoded.csv"", ""state"": ""AK"", ""tier_rationale"": ""Agent-researched 2026-08-06: single evidence leg"", ""tribe_id"": ""ANVC-TGHTTH-00"", ""verified_date"": ""2026-04-30""}]","cage.dla.mil: paste CAGE 63Q50; expect the registrant to be Toghotthele Corporation itself, not a subsidiary or parent"
CE-000CK-EV|CB-1007562,,UNRESOLVED,,,,,,10f39fe8ff301e972cd758310c35be89f1806cdd40614df1215f0fd8b4107771,WEAK_OR_INSUFFICIENT_EVIDENCE_ONLY,CE-000CK-EV,"Togiak Natives, Ltd.",Alaska Native Village Corporation,CB-1007562,TOGIAK NATIVES LTD,CAGE:3MGK4 | UEI:PGAGRKZDGGF1,CE-000CK-EV via agent_research_one_leg tier B: TIER_B_ATTRIBUTION,,UEI:PGAGRKZDGGF1 url=MISSING quarantined=N/- excluded=no,"[{""attribution_method"": ""agent_research_one_leg"", ""canonical_name"": ""Togiak Natives, Ltd."", ""cedar_uid"": ""CE-000CK-EV"", ""confidence_tier"": ""B"", ""crossgov_name_collision_basis"": """", ""crossgov_name_collision_disposition"": """", ""crossgov_name_collision_flag"": """", ""crossgov_name_collision_proposed_entity_id"": """", ""entity_class"": ""Federally recognized Alaska Native Village"", ""evidence_source_file"": ""sam_uei_to_tribe_assignment_v3.csv"", ""evidence_url"": """", ""evidence_url_integrity"": ""Reclassified 2026-08-06: this was a local file path, not a retrievable URL. The attribution may still be correct; the claim of web verification was not."", ""exclusion_evidence"": """", ""exclusion_id"": """", ""identifier"": ""PGAGRKZDGGF1"", ""identifier_type"": ""UEI"", ""is_authority"": """", ""joint_ownership_flag"": """", ""joint_ownership_note"": """", ""legal_business_name"": ""Togiak Natives Limited"", ""method_quarantined"": ""N"", ""prime_dollars_M"": ""0.038"", ""quarantine_disposition"": """", ""quarantine_disposition_basis"": """", ""source_file"": ""master_tribal_entity_registry.csv"", ""state"": ""AK"", ""tier_rationale"": ""Agent-researched 2026-08-06: single evidence leg"", ""tribe_id"": ""ANVC-TGKNTV-00"", ""verified_date"": ""2026-04-27""}]","cage.dla.mil: paste CAGE 3MGK4; expect the registrant to be Togiak Natives, Ltd. itself, not a subsidiary or parent"
CE-000CS-JH|CB-1005094,,UNRESOLVED,,,,,,d1919a6ed3597cccff50abe36c141056e1492bde764d7220cb159fac9ba36740,WEAK_OR_INSUFFICIENT_EVIDENCE_ONLY,CE-000CS-JH,Tununrmiut Rinit Corporation,Alaska Native Village Corporation,CB-1005094,TUNUNRMIUT RINIT CORPORATION,CAGE:94WZ3 | UEI:YW56ZVMFJ7Z5,(none) via need_v6 tier C: WEAK_ATTRIBUTION_TO_OTHER_ENTITY,https://search.certifications.sba.gov/,CAGE:94WZ3 url=HOST_ROOT_ONLY quarantined=Y/KEEP excluded=no,"[{""attribution_method"": ""need_v6"", ""canonical_name"": """", ""cedar_uid"": """", ""confidence_tier"": ""C"", ""crossgov_name_collision_basis"": """", ""crossgov_name_collision_disposition"": """", ""crossgov_name_collision_flag"": """", ""crossgov_name_collision_proposed_entity_id"": """", ""entity_class"": ""TRIBAL_UNCROSSWALKED_SBA"", ""evidence_source_file"": """", ""evidence_url"": ""https://search.certifications.sba.gov/"", ""evidence_url_integrity"": """", ""exclusion_evidence"": """", ""exclusion_id"": """", ""identifier"": ""94WZ3"", ""identifier_type"": ""CAGE"", ""is_authority"": """", ""joint_ownership_flag"": """", ""joint_ownership_note"": """", ""legal_business_name"": ""TUNUNRMIUT RINIT CORPORATION"", ""method_quarantined"": ""Y"", ""prime_dollars_M"": ""0.0"", ""quarantine_disposition"": ""KEEP"", ""quarantine_disposition_basis"": ""ledger tier C - already non-attributing; 40_build_prime_contracts.py never keys it"", ""source_file"": ""need_v6_geocoded.csv"", ""state"": ""AK"", ""tier_rationale"": ""NEED v6 attribution - review"", ""tribe_id"": """", ""verified_date"": ""2026-04-30""}]","cage.dla.mil: paste CAGE 94WZ3; expect the registrant to be Tununrmiut Rinit Corporation itself, not a subsidiary or parent"
CE-000D2-D2|CB-1007125,,UNRESOLVED,,,,,,ba57a6127adddd0ef0fd89a5f7923d3cd599865979cdf4e377f992bfbf7cb18a,WEAK_OR_INSUFFICIENT_EVIDENCE_ONLY,CE-000D2-D2,"Uyak Natives, Inc.",Alaska Native Village Corporation,CB-1007125,UYAK NATIVES INC.,CAGE:8MDD8 | UEI:RWYPCPPU8KF6,(none) via need_v6 tier C: WEAK_ATTRIBUTION_TO_OTHER_ENTITY,https://search.certifications.sba.gov/,CAGE:8MDD8 url=HOST_ROOT_ONLY quarantined=Y/KEEP excluded=no,"[{""attribution_method"": ""need_v6"", ""canonical_name"": """", ""cedar_uid"": """", ""confidence_tier"": ""C"", ""crossgov_name_collision_basis"": """", ""crossgov_name_collision_disposition"": """", ""crossgov_name_collision_flag"": """", ""crossgov_name_collision_proposed_entity_id"": """", ""entity_class"": ""TRIBAL_UNCROSSWALKED_SBA"", ""evidence_source_file"": """", ""evidence_url"": ""https://search.certifications.sba.gov/"", ""evidence_url_integrity"": """", ""exclusion_evidence"": """", ""exclusion_id"": """", ""identifier"": ""8MDD8"", ""identifier_type"": ""CAGE"", ""is_authority"": """", ""joint_ownership_flag"": """", ""joint_ownership_note"": """", ""legal_business_name"": ""UYAK NATIVES INC."", ""method_quarantined"": ""Y"", ""prime_dollars_M"": ""0.0"", ""quarantine_disposition"": ""KEEP"", ""quarantine_disposition_basis"": ""ledger tier C - already non-attributing; 40_build_prime_contracts.py never keys it"", ""source_file"": ""need_v6_geocoded.csv"", ""state"": """", ""tier_rationale"": ""NEED v6 attribution - review"", ""tribe_id"": """", ""verified_date"": ""2026-04-30""}]","cage.dla.mil: paste CAGE 8MDD8; expect the registrant to be Uyak Natives, Inc. itself, not a subsidiary or parent"
CE-000D3-KV|CB-1016762,,UNRESOLVED,,,,,,c4f82a7cc473ee1584d53af2e35a173ad796710edff5850908dbb1a6c62a8757,WEAK_OR_INSUFFICIENT_EVIDENCE_ONLY,CE-000D3-KV,"Yak-Tat Kwaan, Inc.",Alaska Native Village Corporation,CB-1016762,YAK-TAT KWAAN INCORPORATED,CAGE:6YQX2 | UEI:Z1MAHMMLSUX1,CE-00076-76 via need_v6 tier B: QUARANTINE_HOLD,https://search.certifications.sba.gov/,CAGE:6YQX2 url=HOST_ROOT_ONLY quarantined=Y/HOLD excluded=no,"[{""attribution_method"": ""need_v6"", ""canonical_name"": ""Ahtna, Incorporated"", ""cedar_uid"": ""CE-00076-76"", ""confidence_tier"": ""B"", ""crossgov_name_collision_basis"": """", ""crossgov_name_collision_disposition"": """", ""crossgov_name_collision_flag"": """", ""crossgov_name_collision_proposed_entity_id"": """", ""entity_class"": ""ANC_REGIONAL"", ""evidence_source_file"": """", ""evidence_url"": ""https://search.certifications.sba.gov/"", ""evidence_url_integrity"": """", ""exclusion_evidence"": """", ""exclusion_id"": """", ""identifier"": ""6YQX2"", ""identifier_type"": ""CAGE"", ""is_authority"": """", ""joint_ownership_flag"": """", ""joint_ownership_note"": """", ""legal_business_name"": ""YAK-TAT KWAAN INCORPORATED"", ""method_quarantined"": ""Y"", ""prime_dollars_M"": ""0.0"", ""quarantine_disposition"": ""HOLD"", ""quarantine_disposition_basis"": ""REPORTED, NOT APPLIED - the CAGE leg is outside this pass's declared scope and is newly measured here -- no rung of the corroboration ladder reached and the firm shares NO distinctive token with `Ahtna, Incorporated` (hub tokens: ahtna); the link rests on nothing"", ""source_file"": ""need_v6_geocoded.csv"", ""state"": ""AK"", ""tier_rationale"": ""NEED v6 attribution - review"", ""tribe_id"": ""ANRC-AHTNAI-00"", ""verified_date"": ""2026-04-30""}]","cage.dla.mil: paste CAGE 6YQX2; expect the registrant to be Yak-Tat Kwaan, Inc. itself, not a subsidiary or parent"
