tribe_id,canonical_name,entity_class,state,funding,federal-register,legislation,deals,nagpra,lobbying,contractors,subcontracting,native-owned-businesses,natural-resources,nonprofits,gaming,collections_present,total_rows
ANRC-ARCSLO-00,Arctic Slope Regional Corporation,Alaska Native Regional Corporation,AK,420,13,0,46,8,453,272028,6164,0,27,3,0,9,279162
ANRC-NANARC-00,"NANA Regional Corporation, Incorporated",Alaska Native Regional Corporation,AK,32,0,0,15,3,166,140098,241,0,53,2,0,8,140610
ANVC-AFOGNA-00,Afognak Native Corporation,Alaska Native Village Corporation,AK,0,1,0,3,24,5,105701,5243,0,0,3,0,7,110980
ANRC-CHGCCO-00,Chugach Alaska Corporation,Alaska Native Regional Corporation,AK,130,20,1,14,43,315,104897,3982,0,35,3,0,10,109440
TRBF-BLULKE-00,Blue Lake,Federally recognized tribe,CA,283,2,0,3,24,67,107257,23,0,0,21,795,9,108475
TRBF-CHKNAT-00,Cherokee Nation,Federally recognized tribe,OK,1781,112,0,17,583,654,98593,1344,0,0,53,4265,9,107402
AKNF-INPTBW-00-ARCSLO,Barrow,Federally recognized Alaska Native Village,AK,446,14,1,0,63,2,105166,152,0,0,8,0,8,105852
ANRC-BRBYCO-00,Bristol Bay Native Corporation,Alaska Native Regional Corporation,AK,570,25,0,17,8,258,87899,956,0,25,10,0,9,89768
ANVC-CHENEG-00,Chenega Corporation,Alaska Native Village Corporation,AK,0,0,0,10,0,0,63324,37,0,0,0,0,3,63371
TRBF-CHKSWN-00,The Chickasaw Nation,Federally recognized tribe,OK,1642,113,0,40,561,553,39341,132,0,0,74,10956,9,53412
TRBF-WNNBGO-00,Winnebago,Federally recognized tribe,NE,1096,44,0,7,356,441,40239,26,0,0,113,718,9,43040
ANVC-KPVKPT-00,Ukpeaġvik Iñupiat Corporation,Alaska Native Village Corporation,AK,0,0,0,8,4,6,41141,257,0,0,4,0,6,41420
TRBF-CSKTFR-00,Confederated Salish,Federally recognized tribe,MT,3154,25,0,12,70,342,31230,32,0,0,7,1221,9,36093
TRBF-MHATAT-00,Three Affiliated,Federally recognized tribe,ND,1077,74,2,7,459,453,29516,188,0,1645,16,1011,11,34448
ANVC-OLGOON-00,Olgoonik Corporation,Alaska Native Village Corporation,AK,5,2,2,3,0,4,33652,2,0,0,0,0,7,33670
ANVC-KYTLTS-00,"K'oyitl'ots'ina, Ltd.",Alaska Native Village Corporation,AK,0,0,0,0,0,0,33146,2,0,0,0,0,2,33148
ANVC-GLDBLT-00,"Goldbelt, Incorporated",Alaska Native Village Corporation,AK,0,2,0,0,0,5,31371,6,0,0,4,0,5,31388
ANRC-CKINLT-00,"Cook Inlet Region, Incorporated",Alaska Native Regional Corporation,AK,605,0,0,12,5,365,28784,254,0,47,4,1,9,30077
TRBF-CTWNAT-00,The Choctaw Nation of Oklahoma,Federally recognized tribe,OK,1733,87,0,6,367,751,19685,10,0,0,19,7200,9,29858
ANRC-BERSTR-00,Bering Straits Native Corporation,Alaska Native Regional Corporation,AK,90,23,0,8,7,315,27634,368,0,16,5,1,10,28467
ANRC-CALSTA-00,Calista Corporation,Alaska Native Regional Corporation,AK,37,99,0,8,7,455,24899,890,0,18,3,0,9,26416
ANRC-KONIAG-00,"Koniag, Incorporated",Alaska Native Regional Corporation,AK,0,7,0,14,58,109,24574,2,0,26,2,0,8,24792
TRBF-NAVAJO-00,Navajo,Federally recognized tribe,AZ,4411,251,46,5,456,630,16001,7,0,117,65,1545,11,23534
ANVC-EYAKXX-00,Eyak Corporation,Alaska Native Village Corporation,AK,2,0,0,0,0,1,22043,213,0,0,2,0,5,22261
TRBF-HLTNML-00,Houlton,Federally recognized tribe,ME,517,9,0,0,74,9,18299,4,0,0,12,0,7,18924
ANRC-AHTNAI-00,"Ahtna, Incorporated",Alaska Native Regional Corporation,AK,115,14,0,9,0,127,18559,8,0,9,4,0,8,18845
TRBF-PSKNML-00,Paskenta,Federally recognized tribe,CA,107,3,0,0,64,141,17397,48,0,0,9,770,8,18539
ANRC-ALEUTC-00,Aleut Corporation,Alaska Native Regional Corporation,AK,0,23,3,7,37,180,18104,21,0,33,10,0,9,18418
AKNF-VEAGLE-00-DOYONL-TNNACH,Eagle,Federally recognized Alaska Native Village,AK,54,143,0,3,3,1,17438,83,0,0,15,0,8,17740
TRBF-SNCNAT-00,Seneca,Federally recognized tribe,NY,797,66,0,20,344,560,12661,1,0,0,272,2380,9,17101
ANVC-OUZINK-00,Ouzinkie Native Corporation,Alaska Native Village Corporation,AK,0,0,0,0,17,1,15297,99,0,0,0,0,4,15414
ANVC-TATITL-00,The Tatitlek Corporation,Alaska Native Village Corporation,AK,1,1,0,0,0,3,13764,5,0,0,2,0,6,13776
TRBF-ONDAWI-00,Oneida Nation (Wisconsin),Federally recognized tribe,WI,698,15,0,0,103,321,10728,38,0,0,7,1739,8,13649
ANRC-DOYONL-00,"Doyon, Limited",Alaska Native Regional Corporation,AK,10,77,0,12,3,572,11068,922,0,24,6,0,9,12694
AKNF-PRBLFC-00,Pribilof Islands,Federally recognized Alaska Native Village,AK,359,17,0,0,10,0,10900,793,0,0,4,0,6,12083
ANVC-TYONE1-00,The Tyonek Native Corporation,Alaska Native Village Corporation,AK,8,0,0,0,0,2,11780,202,0,0,0,0,4,11992
TRBF-MSENAT-00,The Muscogee (Creek) Nation,Federally recognized tribe,OK,1485,116,0,9,715,292,5492,3,0,0,18,3344,9,11474
TRBF-DELAWN-00,Delaware Nation,Federally recognized tribe,OK,280,96,1,7,414,23,9694,1,0,0,15,742,10,11273
TRBF-TEMOAK-00,Te-Moak,Federally recognized tribe,NV,247,8,0,4,124,49,9362,9,0,0,12,1,9,9816
TRBF-FSTCTY-00,Forest County,Federally recognized tribe,WI,717,22,0,7,0,564,7291,2,0,0,14,191,8,8808
ANVC-NTVSKD-00,"Natives of Kodiak, Inc.",Alaska Native Village Corporation,AK,0,0,0,0,24,0,7623,975,0,0,2,0,4,8624
TRBF-CADDON-00,Caddo,Federally recognized tribe,OK,442,61,0,0,362,9,7536,7,0,0,32,51,8,8500
ANVC-KKKTGR-00,Kikiktagruk Inupiat Corporation,Alaska Native Village Corporation,AK,8,3,0,0,0,0,8081,1,0,0,2,0,5,8095
TRBF-OSAGEN-00,The Osage Nation,Federally recognized tribe,OK,1180,67,0,9,452,326,2820,3,0,177,58,2842,10,7934
TRBF-OKYOWG-00,Ohkay Owingeh,Federally recognized tribe,NM,400,68,2,9,205,103,6846,1,0,1,36,228,11,7899
AKNF-ARCTIC-00-DOYONL-CATHTG-TNNACH-VENTGV,Arctic Village,Federally recognized Alaska Native Village,AK,75,1,0,2,0,0,7701,1,0,1,22,0,7,7803
TRBF-WYNDTT-00,Wyandotte Nation,Federally recognized tribe,OK,469,35,0,8,179,161,5609,1,0,0,42,1106,9,7610
ANVC-SITNAS-00,Sitnasuak Native Corporation,Alaska Native Village Corporation,AK,5,6,0,4,0,1,7332,17,0,0,2,3,8,7370
ANVC-CHGGNG-00,"Choggiung, Ltd.",Alaska Native Village Corporation,AK,0,0,0,2,0,0,6150,1155,0,0,4,0,4,7311
TRBF-POARCH-00,Poarch,Federally recognized tribe,AL,501,73,8,12,324,554,4320,6,0,0,13,1492,10,7303
ANRC-SEALSK-00,Sealaska Corporation,Alaska Native Regional Corporation,AK,292,13,0,29,17,431,6376,25,0,20,2,0,9,7205
TRBF-OMAHAT-00,Omaha,Federally recognized tribe,NE,5997,103,0,3,272,18,155,3,0,0,28,362,9,6941
TRBF-ONDANY-00,Oneida,Federally recognized tribe,NY,302,20,0,16,301,343,4722,504,0,0,19,457,9,6684
ANVC-LDHRBR-00,Old Harbor Native Corporation,Alaska Native Village Corporation,AK,0,1,0,3,20,3,6627,0,0,0,1,0,6,6655
ANVC-TNDGSX-00,Tanadgusix Corporation (TDX),Alaska Native Village Corporation,AK,11,0,0,0,4,0,6156,460,0,0,2,0,5,6633
TRBF-MSHNTK-00,Mashantucket Pequot,Federally recognized tribe,CT,462,15,1,4,52,257,76,1,0,0,11,5573,10,6452
TRBF-UMATLL-00,Umatilla Tribe,Federally recognized tribe,OR,901,53,0,3,392,183,4463,1,0,0,21,163,9,6180
TRBF-MHEGAN-00,Mohegan,Federally recognized tribe,CT,229,23,2,32,54,391,24,1,0,0,37,5229,10,6022
TRBF-SUQUAM-00,Suquamish,Federally recognized tribe,WA,534,25,0,3,76,311,4111,1,0,1,19,852,10,5933
TRBF-TURTLM-00,Turtle Mountain,Federally recognized tribe,ND,1865,36,0,4,272,118,2610,6,0,193,60,576,10,5740
TRBF-YLSTSR-00,Ysleta del Sur,Federally recognized tribe,TX,296,60,16,3,313,261,4680,3,0,0,16,20,10,5668
TRBF-THNODM-00,Tohono O'odham,Federally recognized tribe,AZ,1222,67,2,8,499,440,1722,1,0,0,30,1666,10,5657
CNSF-MINNCH-WE,White Earth,Federal-level constituency entity,MN,881,38,7,3,0,13,240,1,0,0,39,4350,9,5572
TRBF-MIAMIT-00,Miami Tribe of Oklahoma,Federally recognized tribe,OK,463,69,5,0,393,225,3484,1,0,0,11,909,9,5560
TRBF-WKWTOK-00,Wichita,Federally recognized tribe,OK,672,75,2,12,269,4,4044,2,0,0,61,344,10,5485
TRBF-COLVLL-00,Confederated Colville,Federally recognized tribe,WA,1039,55,2,8,339,380,2958,2,0,1,76,465,11,5325
TRBF-OGLALA-00,Oglala Sioux,Federally recognized tribe,SD,2558,57,5,12,273,472,936,1,0,0,32,966,10,5312
AKNF-INPTAS-00-ARCSLO,Inupiat,Federally recognized Alaska Native Village,AK,410,5,0,0,15,8,4753,58,0,0,12,0,7,5261
TRBF-MINNCH-00,Minnesota Chippewa,Federally recognized tribe,MN,254,21,5,0,711,50,4160,1,0,0,7,34,9,5243
TRBF-YAKAMA-00,Confederated Yakama,Federally recognized tribe,WA,2240,42,0,6,374,207,1541,1,0,0,44,772,9,5227
TRBF-SMNLFL-00,Seminole,Federally recognized tribe,FL,839,112,7,16,514,825,320,1,0,0,57,2513,10,5204
SGVF-CHGCMT-00,Chugachmiut self-governance consortium,Federal-level self-governance consortium,AK,3581,0,0,2,0,1,1000,561,0,0,1,0,6,5146
ANVC-GANAAY-00,"Gana-A'Yoo, Ltd.",Alaska Native Village Corporation,AK,0,0,0,0,0,0,5037,106,0,0,2,0,3,5145
TRBF-LAGUNA-00,Pueblo of Laguna,Federally recognized tribe,NM,973,81,0,3,376,407,1312,1,0,1,188,1789,10,5131
AKNF-MRSHLL-00-CALSTA-ASVCPR,Marshall,Federally recognized Alaska Native Village,AK,51,36,0,0,0,0,5039,1,0,0,0,0,4,5127
AKNF-TLNGHD-00-SEALSK,Tlingit & Haida,Federally recognized tribe,AK,760,7,0,9,187,223,3879,24,0,0,24,2,9,5115
TRBF-ESWNDR-00,Eastern Shoshone,Federally recognized tribe,WY,806,14,0,6,48,63,3729,41,0,0,20,380,9,5107
TRBF-ROCKYB-00,Chippewa-Cree,Federally recognized tribe,MT,1253,61,5,14,280,29,2348,6,0,0,49,896,10,4941
TRBF-LUMBEE-00,Lumbee,Federally recognized tribe,NC,45,2,22,6,0,77,4600,16,0,0,37,0,8,4805
TRBF-PRAIRB-00,Prairie Band,Federally recognized tribe,KS,612,51,4,3,380,296,2504,29,0,0,27,898,10,4804
TRBF-CMNCHE-00,Comanche Nation,Federally recognized tribe,OK,825,71,0,7,270,60,2150,6,0,0,29,1378,9,4796
TRBF-ABSXFP-00,Assiniboine and Sioux,Federally recognized tribe,MT,1376,47,4,4,233,236,1582,1,0,0,17,1188,10,4688
TRBF-POKAGN-00,Pokagon,Federally recognized tribe,MI,482,131,2,0,469,231,1532,1,0,1,13,1822,10,4684
TRBF-FSCWSA-00,Fort Sill-Chiricahua-Warm Springs-Apache Tribe,Federally recognized tribe,OK,719,58,0,8,178,58,2917,1,0,0,0,641,8,4580
TRBF-SRPMCP-00,Salt River,Federally recognized tribe,AZ,1323,119,5,2,494,305,572,1,0,0,25,1719,10,4565
ANVC-CAPEFO-00,Cape Fox Corporation,Alaska Native Village Corporation,AK,2,0,1,3,13,5,4486,2,0,0,0,0,7,4512
TRBF-GILARV-00,Gila River,Federally recognized tribe,AZ,1289,90,12,8,494,424,629,1,0,0,37,1477,10,4461
TRBF-SWOYTE-00,Sisseton-Wahpeton,Federally recognized tribe,SD,1072,58,0,7,245,150,1260,1,0,0,33,1554,9,4380
TRBF-STNDRK-00,Standing Rock,Federally recognized tribe,ND,1549,62,2,10,255,301,1290,1,0,545,53,210,11,4278
TRBF-ESTCHK-00,Eastern Cherokee,Federally recognized tribe,NC,1199,116,0,15,705,309,463,3,0,0,17,1450,9,4277
AKNF-GWCHZG-00-DOYONL-CATHTG-TNNACH,Fort Yukon,Federally recognized Alaska Native Village,AK,241,3,0,3,2,0,3981,14,0,0,13,0,7,4257
TRBF-MSBCTW-00,Mississippi Choctaw,Federally recognized tribe,MS,1117,61,1,11,248,632,926,1,0,0,23,1106,10,4126
ANVC-TIKIGA-00,Tikigaq Corporation,Alaska Native Village Corporation,AK,5,1,0,0,0,0,3565,473,0,0,2,0,5,4046
TRBF-NEZPRC-00,Nez Perce,Federally recognized tribe,ID,1131,69,3,10,279,181,1080,1,0,0,59,1129,10,3942
TRBF-SGINAW-00,Saginaw Chippewa,Federally recognized tribe,MI,2117,118,1,3,445,296,24,31,0,1,15,889,11,3940
TRBF-COUSLA-00,Coushatta,Federally recognized tribe,LA,379,77,11,5,240,102,17,1,0,0,18,3087,10,3937
TRBF-PNBSCT-00,Penobscot,Federally recognized tribe,ME,878,19,0,3,102,147,2719,2,0,0,55,0,8,3925
TRBF-ZUNINM-00,Zuni,Federally recognized tribe,NM,1109,168,14,4,993,242,1196,3,0,0,52,92,10,3873
TRBS-MACHIS-00,Ma-Chis Lower Creek Indian Tribe of Alabama,State-recognized tribe,AL,22,0,0,0,0,0,3728,1,0,0,0,0,3,3751
TRBF-SPRTLK-00,Spirit Lake,Federally recognized tribe,ND,806,39,0,3,203,158,1425,1,0,235,33,844,10,3747
TRBF-HOPIAZ-00,Hopi,Federally recognized tribe,AZ,972,185,13,3,1267,357,850,3,0,1,39,37,11,3727
TRBF-LWSXMN-00,Lower Sioux,Federally recognized tribe,MN,403,6,4,6,225,97,1114,1726,0,0,21,76,10,3678
TRBF-PTTRUT-00,Paiute of Utah,Federally recognized tribe,UT,364,5,7,3,148,28,3079,1,0,0,21,0,9,3656
TRBF-BEARRV-00,Bear River,Federally recognized tribe,CA,314,10,0,3,34,1,2558,1,0,0,17,691,9,3629
TRBF-BYMLLS-00,Bay Mills,Federally recognized tribe,MI,2050,114,12,9,342,347,183,1,0,1,27,530,11,3616
TRBF-POJOAQ-00,Pueblo of Pojoaque,Federally recognized tribe,NM,416,73,0,3,360,80,1343,1,0,1,27,1263,10,3567
TRBF-DUCKWT-00,Duckwater,Federally recognized tribe,NV,272,8,0,3,89,114,3053,6,0,0,9,0,8,3554
TRBF-ROSEBD-00,Rosebud,Federally recognized tribe,SD,1668,98,1,8,269,232,944,2,0,0,125,169,10,3516
TRBF-MSCLRO-00,Mescalero Apache,Federally recognized tribe,NM,1139,92,3,12,287,381,795,1,0,1,30,759,11,3500
TRBF-CITIZN-00,Citizen Potawatomi Nation,Federally recognized tribe,OK,683,38,0,7,340,120,830,1,0,0,11,1416,9,3446
AKNF-MCGRTH-00-DOYONL-TNNACH,Mcgrath,Federally recognized Alaska Native Village,AK,18,4,0,0,1,0,3359,18,0,0,4,0,6,3404
TRBF-CHYNRV-00,Cheyenne River Sioux Tribe,Federally recognized tribe,SD,1304,56,6,6,285,246,1225,1,0,0,39,180,10,3348
TRBF-NORCHY-00,Northern Cheyenne,Federally recognized tribe,MT,1153,67,1,8,246,214,991,2,0,0,31,584,10,3297
TRBF-SNCRLS-00,San Carlos,Federally recognized tribe,AZ,1771,81,1,3,150,526,396,1,0,0,35,300,10,3264
TRBF-SUSANV-00,Susanville,Federally recognized tribe,CA,271,17,2,3,67,235,1723,2,0,0,24,891,10,3235
TRBF-GRTRVS-00,Grand Traverse,Federally recognized tribe,MI,769,115,2,3,372,259,424,1,0,1,17,1267,11,3230
TRBF-BLCKFT-00,Blackfeet,Federally recognized tribe,MT,1275,12,0,3,93,166,730,1,0,0,67,809,9,3156
TRBF-UNTHOR-00,Ute,Federally recognized tribe,UT,157,68,9,4,271,63,2486,1,0,60,22,0,10,3141
TRBF-MNMNEE-00,Menominee,Federally recognized tribe,WI,1860,123,5,6,258,209,95,3,0,0,37,428,10,3024
TRBF-COQLLE-00,Coquille,Federally recognized tribe,OR,363,39,5,3,48,230,1394,5,0,0,78,828,10,2993
TRBF-SMARIE-00,Sault Ste. Marie,Federally recognized tribe,MI,792,108,7,9,374,228,744,1,0,1,24,705,11,2993
TRBF-WMTNAZ-00,White Mountain,Federally recognized tribe,AZ,1296,48,0,12,196,169,1061,1,0,0,37,153,9,2973
TRBF-PSQYQI-00,Pascua Yaqui,Federally recognized tribe,AZ,944,19,8,6,41,252,596,2,0,0,17,1046,10,2931
AKNF-SITKAT-00-SEALSK-TLNGHD,Sitka,Federally recognized Alaska Native Village,AK,373,34,0,3,31,80,2376,1,0,0,17,0,8,2915
TRBF-LTRVRS-00,Little Traverse,Federally recognized tribe,MI,748,103,3,3,376,190,4,1,0,1,19,1411,11,2859
TRBF-PUYLLP-00,Puyallup,Federally recognized tribe,WA,796,33,8,0,125,298,84,1,0,1,37,1439,10,2822
TRBF-WRMSPR-00,Warm Springs Tribe,Federally recognized tribe,OR,206,74,3,5,359,682,642,0,0,0,64,736,9,2771
TRBF-HOCHNK-00,Ho-Chunk,Federally recognized tribe,WI,514,127,0,8,414,258,133,1,0,0,37,1256,9,2748
TRBF-FTHALL-00,Shoshone-Bannock,Federally recognized tribe,ID,995,28,0,3,122,368,419,3,0,0,15,780,9,2733
TRBF-BNVSTA-00,Buena Vista Rancheria,Federally recognized tribe,CA,90,37,0,0,191,179,2134,6,0,0,9,66,8,2712
TRBF-SRMHWK-00,Saint Regis,Federally recognized tribe,NY,862,32,0,9,185,284,632,5,0,0,17,671,9,2697
TRBF-LRIVER-00,Little River,Federally recognized tribe,MI,399,77,0,0,294,384,290,1,0,0,10,1223,8,2678
AKNF-KLTIKH-00-AHTNAI-CPPRRV,Kluti Kaah,Federally recognized Alaska Native Village,AK,55,1,0,0,0,0,2597,1,0,0,6,0,5,2660
TRBF-LUMMIT-00,Lummi,Federally recognized tribe,WA,947,36,0,4,168,245,401,1,0,1,31,772,10,2606
TRBF-ALQSRT-00,Alabama-Quassarte Tribal Town,Federally recognized tribe,OK,176,56,0,0,274,9,2055,1,0,0,6,1,8,2578
TRBF-ACOMAP-00,Pueblo of Acoma,Federally recognized tribe,NM,920,96,0,6,532,239,539,1,0,1,36,193,10,2563
ANVC-BETHEL-00,Bethel Native Corporation,Alaska Native Village Corporation,AK,10,5,0,6,0,1,2334,196,0,0,8,0,7,2560
AKNF-SUNAQT-00-KONIAG,Sun'aq,Federally recognized Alaska Native Village,AK,613,8,0,0,45,0,1868,1,0,0,12,0,6,2547
TRBF-QUECHN-00,Quechan,Federally recognized tribe,CA,389,22,0,0,70,25,591,2,0,0,7,1426,8,2532
TRBF-CHYARP-00,Cheyenne and Arapaho Tribes,Federally recognized tribe,OK,698,54,0,3,328,211,139,1,0,0,21,1029,9,2484
TRBF-KWNWBY-00,Keweenaw,Federally recognized tribe,MI,683,118,4,5,350,135,147,1,0,0,9,1026,10,2478
TRBF-UTEMTN-00,Ute Mountain,Federally recognized tribe,CO,894,90,2,4,349,272,747,1,0,0,25,68,10,2452
TRBF-LCORLS-00,Lac Courte Oreilles,Federally recognized tribe,WI,900,70,0,6,283,5,0,2,0,0,33,1147,8,2446
TRBF-OTOMSA-00,Otoe-Missouria,Federally recognized tribe,OK,660,30,0,0,298,59,118,1,0,0,11,1258,8,2435
TRBF-SMNLOK-00,The Seminole Nation of Oklahoma,Federally recognized tribe,OK,748,65,0,3,402,50,316,0,0,0,22,769,8,2375
TRBF-MODOCN-00,Modoc Nation,Federally recognized tribe,OK,395,1,0,6,61,85,1272,438,0,0,45,51,9,2354
TRBF-NISQLL-00,Nisqually,Federally recognized tribe,WA,341,16,4,4,51,212,994,3,0,1,12,700,11,2338
TRBF-NTWSPH-00,Nottawaseppi Potawatomi,Federally recognized tribe,MI,261,86,0,25,353,81,465,12,0,1,10,1034,10,2328
TRBF-JCRLLA-00,Jicarilla Apache Nation,Federally recognized tribe,NM,730,86,2,6,267,159,166,1,0,1,30,876,11,2324
TRBF-PAWNEE-00,Pawnee Nation of Oklahoma,Federally recognized tribe,OK,640,47,0,5,408,2,546,2,0,0,17,657,9,2324
TRBF-QUAPAW-00,Quapaw Nation,Federally recognized tribe,OK,567,45,0,5,373,186,11,1,0,0,11,1120,9,2319
AKNF-CHNEGA-00-CHGCCO-CHGCMT,Chenega,Federally recognized Alaska Native Village,AK,69,0,0,3,16,0,2222,1,0,0,0,0,5,2311
ANVC-KSKKWM-00,The Kuskokwim Corporation,Alaska Native Village Corporation,AK,15,19,0,2,0,0,2257,5,0,0,7,0,6,2305
TRBF-SCLARA-00,Pueblo of Santa Clara,Federally recognized tribe,NM,705,97,6,9,379,180,50,1,0,1,42,830,11,2300
CNSF-MINNCH-LL,Leech Lake,Federal-level constituency entity,MN,1098,28,6,6,0,17,377,1,0,0,38,702,9,2273
TRBF-REDLKE-00,Red Lake,Federally recognized tribe,MN,332,33,0,8,249,472,522,1,0,0,44,587,9,2248
TRBF-CRDALN-00,Coeur D'Alene,Federally recognized tribe,ID,1093,29,0,7,36,213,610,3,0,0,37,215,9,2243
TRBF-NAWNDR-00,Northern Arapaho,Federally recognized tribe,WY,205,6,0,6,65,453,275,1,0,0,29,1186,9,2226
TRBF-TULALP-00,Tulalip,Federally recognized tribe,WA,630,34,0,6,102,135,156,1,0,1,26,1121,10,2212
TRBF-IOWAOK-00,Iowa of Oklahoma,Federally recognized tribe,OK,597,25,0,7,281,14,545,1,0,0,12,726,9,2208
TRBF-GRNRND-00,Grand Ronde Tribes,Federally recognized tribe,OR,587,28,6,9,168,397,44,10,0,0,18,937,10,2204
TRBF-BADRVR-00,Bad River Band,Federally recognized tribe,WI,1342,57,0,6,285,130,229,1,0,0,30,81,9,2161
ANVC-STGRGT-00,St. George Tanaq Corporation,Alaska Native Village Corporation,AK,0,2,0,0,0,0,2129,3,0,0,0,0,3,2134
TRBF-CAMPOB-00,Campo,Federally recognized tribe,CA,208,28,0,3,175,3,940,1,0,0,13,754,9,2125
TRBF-KALSPL-00,Kalispel,Federally recognized tribe,WA,486,27,0,3,29,348,238,11,0,1,21,955,10,2119
TRBS-SEMSEN-00,Southeastern Mvskoke Nation,State-recognized tribe,AL,0,0,0,0,0,0,2117,1,0,0,0,0,2,2118
TRBF-MOJAVE-00,Fort Mojave,Federally recognized tribe,CA,335,17,0,0,29,102,1381,1,0,0,12,229,8,2106
TRBS-MWACTW-00,MOWA Band of Chocktaw Indians,State-recognized tribe,AL,87,0,0,0,0,1,2003,3,0,0,0,0,4,2094
TRBF-SBRMNS-00,Stockbridge,Federally recognized tribe,WI,641,86,0,3,446,193,608,1,0,0,17,99,9,2094
TRBF-YANKTN-00,Yankton,Federally recognized tribe,SD,910,44,5,0,263,283,450,1,0,0,31,106,9,2093
TRBF-KIOWAT-00,Kiowa Tribe,Federally recognized tribe,OK,593,73,0,0,233,6,505,1,0,0,33,648,8,2092
TRBF-MAKAHN-00,Makah,Federally recognized tribe,WA,800,29,0,6,32,572,513,1,0,1,21,79,10,2054
TRBF-CROWMT-00,Crow,Federally recognized tribe,MT,865,104,13,5,176,255,170,1,0,1,209,254,11,2053
TRBF-SFLIPE-00,Pueblo of San Felipe,Federally recognized tribe,NM,581,61,0,9,290,190,54,1,0,1,33,830,10,2050
TRBF-KLAMTH-00,Klamath,Federally recognized tribe,OR,680,127,7,3,167,89,282,1,0,0,52,616,10,2024
TRBF-SPKANE-00,Spokane,Federally recognized tribe,WA,612,74,17,10,74,377,569,2,0,1,35,248,11,2019
TRBF-TULERV-00,Tule River,Federally recognized tribe,CA,479,42,10,6,209,282,125,1,0,0,38,816,10,2008
TRBF-STLMSH-00,Stillaguamish,Federally recognized tribe,WA,297,28,0,0,92,152,737,1,0,1,14,683,9,2005
TRBF-WASHOE-00,Washoe,Federally recognized tribe,NV,912,67,5,8,70,24,710,10,0,0,26,147,10,1979
TRBF-TAOSPB-00,Pueblo of Taos,Federally recognized tribe,NM,510,62,0,7,326,206,58,1,0,1,31,742,10,1944
TRBF-ISLETA-00,Pueblo of Isleta,Federally recognized tribe,NM,791,68,5,4,354,175,132,1,0,1,30,379,11,1940
TRBF-MEBNSW-00,Match-e-be-nash-she-wish Band,Federally recognized tribe,MI,298,110,0,12,427,180,115,1,0,1,11,781,10,1936
TRBF-QUINLT-00,Quinault,Federally recognized tribe,WA,713,12,9,7,36,279,80,1,0,1,35,753,11,1926
TRBF-CATWBA-00,Catawba,Federally recognized tribe,SC,648,38,9,5,63,306,797,1,0,0,13,41,10,1921
TRBF-NAMBEP-00,Pueblo of Nambe,Federally recognized tribe,NM,342,71,0,7,337,9,818,1,0,1,20,306,10,1912
TRBF-LBRULE-00,Lower Brule,Federally recognized tribe,SD,832,25,7,7,167,164,575,1,0,0,45,77,10,1900
TRBF-SCFXOK-00,Sac and Fox Nation,Federally recognized tribe,OK,623,42,0,3,313,125,4,16,0,0,23,732,9,1881
TRBF-LFLAMB-00,Lac du Flambeau,Federally recognized tribe,WI,947,93,1,3,305,185,80,1,0,0,29,234,10,1878
TRBF-SANTSX-00,Santee Sioux,Federally recognized tribe,NE,981,45,7,8,253,143,38,1,0,0,28,374,10,1878
TRBF-UKEETW-00,United Keetoowah Band of Cherokee Indians in Oklahoma,Federally recognized tribe,OK,414,116,0,0,738,336,0,1,0,0,11,237,7,1853
TRBF-SNCCYG-00,Seneca-Cayuga Nation,Federally recognized tribe,OK,394,20,0,0,280,13,558,1,0,0,11,569,8,1846
TRBF-PTTERV-00,Potter Valley,Federally recognized tribe,CA,80,1,0,0,25,0,1717,0,0,0,4,0,5,1827
TRBF-STAANA-00,Pueblo of Santa Ana,Federally recognized tribe,NM,457,88,0,0,378,263,211,182,0,1,13,226,9,1819
TRBF-ACLNTE-00,Agua Caliente,Federally recognized tribe,CA,112,27,5,0,103,342,302,1,0,0,14,907,9,1813
TRBF-CLUSLW-00,Confederated Coos,Federally recognized tribe,OR,400,13,0,4,36,269,34,1,0,0,13,1029,9,1799
TRBF-JMSTSK-00,Jamestown,Federally recognized tribe,WA,483,34,0,0,67,361,714,1,0,1,6,126,9,1793
TRBF-CABAZN-00,Cabazon,Federally recognized tribe,CA,307,16,1,3,60,63,1194,3,0,0,11,102,10,1760
TRBF-ESHAWN-00,Eastern Shawnee Tribe of Oklahoma,Federally recognized tribe,OK,337,73,0,4,479,65,5,0,0,0,11,782,8,1756
TRBF-ALCOUS-00,Alabama-Coushatta,Federally recognized tribe,TX,499,64,8,4,322,591,51,1,0,0,13,178,10,1731
AKNF-MTLKTL-00-TLNGHD,Metlakatla,Federally recognized Alaska Native Village,AK,745,5,0,6,9,383,220,1,0,0,23,326,9,1718
ANVC-YKTTKW-00,"Yak-Tat Kwaan, Inc.",Alaska Native Village Corporation,AK,3,0,0,0,1,0,1697,0,0,0,0,0,3,1701
AKNF-ALTIIQ-00-KONIAG,Alutiiq,Federally recognized Alaska Native Village,AK,89,25,0,3,22,2,1514,38,0,0,7,0,8,1700
ANVC-PRTGRH-00,The Port Graham Corporation,Alaska Native Village Corporation,AK,16,3,0,0,0,0,1674,0,0,0,0,0,3,1693
CNSF-MINNCH-ML,Mille Lacs,Federal-level constituency entity,MN,577,42,0,4,0,10,487,395,0,0,56,89,8,1660
TRBF-KCKPTX-00,Kickapoo of Texas,Federally recognized tribe,TX,304,30,0,3,151,115,346,1,0,0,11,693,9,1654
TRBF-YUROKT-00,Yurok,Federally recognized tribe,CA,866,6,5,16,36,267,100,5,0,0,74,279,10,1654
TRBF-HUALAP-00,Hualapai,Federally recognized tribe,AZ,703,58,8,3,108,326,321,1,0,0,20,93,10,1641
TRBF-CHCKHE-00,Chickahominy Indians-Eastern Division,Federally recognized tribe,VA,56,2,4,6,19,0,1540,1,0,0,8,0,8,1636
TRBF-PALABD-00,Pala,Federally recognized tribe,CA,317,14,5,4,106,176,17,4,0,0,22,970,10,1635
TRBF-PITRVR-00,Pit River,Federally recognized tribe,CA,343,3,0,9,54,67,535,0,0,0,20,602,8,1633
TRBF-KCKPOK-00,Kickapoo of Oklahoma,Federally recognized tribe,OK,471,36,1,9,160,50,0,1,0,0,22,882,9,1632
TRBF-IOWAKN-00,Iowa of Kansas,Federally recognized tribe,KS,478,46,0,7,332,13,49,1,0,0,19,675,9,1620
TRBF-KAWNOK-00,Kaw,Federally recognized tribe,OK,549,28,1,12,239,22,0,0,0,0,21,736,8,1608
TRBF-PEORIA-00,Peoria Tribe of Indians of Oklahoma,Federally recognized tribe,OK,401,40,0,4,276,14,0,1,0,0,22,835,8,1593
TRBF-HOOPAV-00,Hoopa,Federally recognized tribe,CA,795,18,6,8,23,349,274,1,0,0,44,74,10,1592
TRBF-BISHOP-00,Bishop Paiute,Federally recognized tribe,CA,330,6,0,4,31,174,937,1,0,0,20,77,9,1580
TRBF-TNKAWA-00,Tonkawa,Federally recognized tribe,OK,389,35,0,3,58,1,0,2,0,0,10,1081,8,1579
TRBF-TLWDNI-00,Tolowa Dee-ni',Federally recognized tribe,CA,448,6,0,11,19,166,54,1,0,0,23,833,9,1561
TRBF-PGMBSK-00,Port Gamble,Federally recognized tribe,WA,553,15,0,3,64,102,33,5,0,1,24,751,10,1551
TRBF-BELKNP-00,Assiniboine and Gros Ventre Tribes,Federally recognized tribe,MT,880,10,9,7,50,215,155,1,0,0,20,187,10,1534
TRBF-CROWCR-00,Crow Creek,Federally recognized tribe,SD,421,55,7,10,198,62,705,1,0,0,26,48,10,1533
TRBF-PCHNGA-00,Pechanga,Federally recognized tribe,CA,146,25,16,0,153,310,0,1,0,0,11,868,8,1530
SGVF-PRBLFA-00,Aleutian Pribilof Islands Association,Federal-level self-governance consortium,AK,1441,0,0,0,6,2,11,49,0,0,9,0,6,1518
TRBF-SCROIX-00,St. Croix,Federally recognized tribe,WI,509,88,0,3,257,45,113,1,0,0,16,482,9,1514
TRBF-STHUTE-00,Southern Ute,Federally recognized tribe,CO,196,91,2,13,352,477,232,8,0,0,34,95,10,1500
TRBF-SHSMWK-00,Shingle Springs,Federally recognized tribe,CA,251,37,3,10,254,274,7,1,0,0,12,649,10,1498
TRBF-LVDSRT-00,Lac Vieux,Federally recognized tribe,MI,424,123,0,3,371,36,14,1,0,0,11,486,9,1469
TRBF-JEMEZP-00,Pueblo of Jemez,Federally recognized tribe,NM,671,82,0,10,467,65,65,1,0,1,62,36,10,1460
TRBF-SKOKOM-00,Skokomish,Federally recognized tribe,WA,430,19,0,3,55,330,13,1,0,1,15,589,10,1456
SGVF-MANLLQ-00,Maniilaq Association,Federal-level self-governance consortium,AK,702,0,0,2,0,4,731,2,0,0,13,0,6,1454
TRBF-MCKLSH-00,Muckleshoot,Federally recognized tribe,WA,535,26,0,6,94,305,10,1,0,1,21,431,10,1430
TRBF-KASHIA-00,Kashia,Federally recognized tribe,CA,161,1,0,7,52,2,1177,1,0,0,14,2,9,1417
TRBF-REDCLF-00,Red Cliff,Federally recognized tribe,WI,897,57,0,9,275,63,37,1,0,0,25,53,9,1417
TRBF-CHTMCH-00,Chitimacha,Federally recognized tribe,LA,398,17,0,5,64,47,749,5,0,0,12,115,9,1412
TRBF-NRGNST-00,Narragansett,Federally recognized tribe,RI,991,47,0,3,82,138,96,1,0,0,14,20,9,1392
ANVC-WALESX-00,Wales Native Corporation,Alaska Native Village Corporation,AK,0,1,0,0,4,0,1366,0,0,0,0,0,3,1371
TRBF-HANNHV-00,Hannahville,Federally recognized tribe,MI,401,93,0,3,370,9,12,1,0,1,15,463,10,1368
TRBF-STAYNZ-00,Santa Ynez,Federally recognized tribe,CA,317,27,4,9,343,352,155,1,0,0,36,117,10,1361
TRBF-PYCKCH-00,Picayune,Federally recognized tribe,CA,236,32,0,3,176,234,0,0,0,0,9,656,7,1346
CNSF-PSMQDY-IT,Passamaquoddy Indian Township,Federal-level constituency entity,NA,313,0,0,2,0,0,991,38,0,0,0,0,4,1344
TRBF-BERRYC-00,Berry Creek,Federally recognized tribe,CA,184,5,0,3,54,2,212,0,0,0,7,875,8,1342
TRBF-TUOLMN-00,Tuolumne,Federally recognized tribe,CA,210,50,2,0,190,93,0,2,0,0,25,769,8,1341
TRBF-MCSKEE-00,Miccosukee,Federally recognized tribe,FL,67,46,6,0,358,714,14,0,0,0,10,120,8,1335
TRBF-SNPSQL-00,San Pasqual,Federally recognized tribe,CA,189,20,0,0,170,282,4,1,0,0,18,650,8,1334
ANVC-EKLUTN-00,"Eklutna, Inc.",Alaska Native Village Corporation,AK,7,5,0,0,0,1,1282,39,0,0,0,0,5,1334
TRBF-SCFXMO-00,Sac & Fox of Missouri,Federally recognized tribe,KS,321,32,0,0,267,2,4,1,0,0,11,690,8,1328
TRBF-TRSMTZ-00,Torres Martinez,Federally recognized tribe,CA,216,17,4,3,65,70,497,1,0,0,12,437,10,1322
TRBF-COWLTZ-00,Cowlitz,Federally recognized tribe,WA,353,39,2,6,38,328,36,1,0,1,61,454,11,1319
TRBF-PYRMDL-00,Pyramid Lake,Federally recognized tribe,NV,784,36,3,0,89,146,93,1,0,0,37,130,9,1319
TRBF-PNCANE-00,Ponca of Nebraska,Federally recognized tribe,NE,676,37,1,5,234,151,118,2,0,0,17,70,10,1311
ANVC-KKTVKN-00,Kaktovik Inupiat Corporation,Alaska Native Village Corporation,AK,1,1,0,0,0,2,1301,0,0,0,0,0,4,1305
TRBS-FRWIND-00,Four Winds Cherokee,State-recognized tribe,LA,0,0,0,0,0,0,1295,0,0,0,2,0,2,1297
AKNF-QGNTGN-00-ALEUTC-PRBLFA,Qagan Tayagungin,Federally recognized Alaska Native Village,AK,64,4,0,0,10,2,1194,4,0,0,14,0,7,1292
TRBF-ASHAWN-00,Absentee-Shawnee,Federally recognized tribe,OK,491,68,0,0,420,46,12,5,0,0,18,226,8,1286
TRBF-MESAGR-00,Mesa Grande,Federally recognized tribe,CA,104,16,0,0,171,89,855,1,0,0,15,33,8,1284
TRBF-LELWHA-00,Lower Elwha,Federally recognized tribe,WA,495,12,5,6,46,218,140,3,0,1,15,336,11,1277
CNSF-MINNCH-FL,Fond du Lac,Federal-level constituency entity,MN,830,23,0,0,0,45,97,1,0,0,186,79,7,1261
TRBF-SWINOM-00,Swinomish,Federally recognized tribe,WA,614,38,0,7,136,186,107,4,0,1,30,138,10,1261
ANVC-MTNTXX-00,"MTNT, Ltd.",Alaska Native Village Corporation,AK,2,3,0,0,0,0,1249,0,0,0,0,0,3,1254
TRBF-TSUQUE-00,Pueblo of Tesuque,Federally recognized tribe,NM,414,68,0,3,336,194,5,1,0,1,15,213,10,1250
TRBF-DUCKVY-00,Shoshone-Paiute,Federally recognized tribe,NV,630,14,11,7,113,148,294,1,0,0,11,14,10,1243
ANVC-HUNATO-00,Huna Totem Corporation,Alaska Native Village Corporation,AK,2,1,1,7,0,2,1172,48,0,0,3,0,8,1236
TRBF-MORNGO-00,Morongo,Federally recognized tribe,CA,207,21,1,3,120,232,5,24,0,0,15,606,10,1234
TRBF-SDMNGO-00,Santo Domingo,Federally recognized tribe,NM,751,48,2,9,316,49,24,1,0,1,23,1,11,1225
TRBF-AKCHIN-00,Ak Chin,Federally recognized tribe,AZ,311,60,0,3,423,203,9,1,0,0,12,201,9,1223
TRBF-ENTPRS-00,Enterprise,Federally recognized tribe,CA,160,7,0,3,44,138,765,0,0,0,19,87,8,1223
TRBF-NOOKSK-00,Nooksack,Federally recognized tribe,WA,559,23,0,3,58,160,14,1,0,1,13,388,10,1220
TRBF-SPMWKN-00,Shakopee,Federally recognized tribe,MN,173,57,0,5,177,5,34,0,0,0,103,656,8,1210
TRBF-CAVLLY-00,California Valley,Federally recognized tribe,CA,5,23,0,0,115,170,889,0,0,0,0,1,6,1203
TRBF-AUBURN-00,United Auburn,Federally recognized tribe,CA,16,22,0,0,243,126,41,0,0,0,0,750,6,1198
TRBF-TUNBIL-00,Tunica-Biloxi,Federally recognized tribe,LA,289,33,1,4,134,478,100,1,0,0,12,137,10,1189
TRBF-YHVTSM-00,Yuhaaviatam,Federally recognized tribe,CA,63,17,0,8,107,362,0,0,0,0,2,621,7,1180
TRBF-MOORTN-00,Mooretown,Federally recognized tribe,CA,168,9,0,0,59,41,0,1,0,0,14,881,7,1173
TRBF-TLPLCO-00,Thlopthlocco Tribal Town,Federally recognized tribe,OK,248,51,0,4,330,80,0,2,0,0,11,442,8,1168
TRBF-SNOQLM-00,Snoqualmie,Federally recognized tribe,WA,278,29,0,3,42,153,10,1,0,1,14,627,10,1158
AKNF-SLDVIA-00-CKINLT,Seldovia,Federally recognized Alaska Native Village,AK,494,0,0,0,28,175,430,1,0,0,25,0,6,1153
TRBF-SCFXMS-00,Sac & Fox of Mississippi,Federally recognized tribe,IA,440,36,0,6,318,267,14,1,0,0,16,47,9,1145
TRBF-BGPINE-00,Big Pine Reservation,Federally recognized tribe,CA,203,0,0,0,12,15,902,1,0,0,8,0,6,1141
AKNF-SAXMAN-00-SEALSK-TLNGHD,Saxman,Federally recognized Alaska Native Village,AK,53,2,1,0,2,3,1073,0,0,0,6,0,7,1140
TRBF-CORIVR-00,Colorado River,Federally recognized tribe,AZ,112,7,0,6,75,293,485,0,0,0,24,136,8,1138
TRBF-PNCAOK-00,Ponca Tribe of Indians of Oklahoma,Federally recognized tribe,OK,623,20,0,3,209,2,8,2,0,0,10,255,9,1132
TRBF-SROSAR-00,Santa Rosa,Federally recognized tribe,CA,71,71,0,2,315,27,511,0,0,0,4,127,8,1128
TRBF-CVERDE-00,Yavapai-Apache,Federally recognized tribe,AZ,354,47,0,3,137,58,354,1,0,0,21,146,9,1121
TRBF-BURNST-00,Burns Paiute,Federally recognized tribe,OR,314,28,4,3,100,87,155,1,0,0,14,411,10,1117
TRBF-FALLON-00,Paiute-Shoshone,Federally recognized tribe,NV,599,20,1,3,231,233,13,1,0,0,8,1,10,1110
TRBF-KARUKT-00,Karuk,Federally recognized tribe,CA,677,6,0,9,39,161,67,1,0,0,56,80,9,1096
TRBS-GHPGST-00,Golden Hill Paugussett,State-recognized tribe,CT,0,4,0,0,0,55,1021,1,0,0,0,0,4,1081
TRBF-SILETZ-00,Siletz Tribe,Federally recognized tribe,OR,534,20,7,6,173,210,23,1,0,0,27,75,10,1076
TRBF-COWCRU-00,Cow Creek,Federally recognized tribe,OR,340,29,1,4,17,497,56,1,0,0,17,108,10,1070
TRBF-SANDIA-00,Pueblo of Sandia,Federally recognized tribe,NM,251,58,0,0,302,156,63,1,0,1,22,211,9,1065
TRBF-CYOTEV-00,Coyote Valley,Federally recognized tribe,CA,182,4,0,10,28,2,30,1,0,0,12,791,9,1060
TRBF-MSHPEE-00,Mashpee,Federally recognized tribe,MA,314,31,12,4,126,478,35,0,0,0,14,35,9,1049
TRBF-SHLWBY-00,Shoalwater,Federally recognized tribe,WA,258,9,0,6,39,124,9,1,0,1,14,584,10,1045
AKNF-STMCHL-00-BERSTR-KAWRAK,St. Michael IRA,Federally recognized Alaska Native Village,AK,32,0,0,0,3,0,1008,1,0,0,1,0,5,1045
TCU-CNKDSK-00,Cankdeska Cikana Community College,Tribal College or University,ND,1011,0,0,0,0,5,0,0,0,0,15,0,3,1031
TRBF-MDDLTN-00,Middletown,Federally recognized tribe,CA,111,28,0,2,66,16,0,1,0,0,11,783,8,1018
TRBF-BGVALY-00,Big Valley Rancheria,Federally recognized tribe,CA,218,4,0,3,47,15,0,1,0,0,16,702,8,1006
TRBF-DELAWT-00,Delaware Tribe of Indians,Federally recognized tribe,OK,300,66,0,0,359,163,82,1,0,0,10,18,8,999
TRBF-KTNIID-00,Kootenai,Federally recognized tribe,ID,213,70,0,0,22,100,156,331,0,0,12,95,8,999
TRBF-COCHTI-00,Pueblo of Cochiti,Federally recognized tribe,NM,391,47,0,3,320,3,208,1,0,1,16,8,10,998
TRBF-HPLAND-00,Hopland,Federally recognized tribe,CA,232,4,2,0,27,39,4,1,0,0,11,674,9,994
TRBF-RNDVLY-00,Round Valley,Federally recognized tribe,CA,623,5,0,3,92,47,14,1,0,0,38,166,9,989
TRBF-PAUMAB-00,Pauma,Federally recognized tribe,CA,161,11,0,3,100,3,0,0,0,0,14,691,7,983
TRBF-KCKPKS-00,Kickapoo Tribe in Kansas,Federally recognized tribe,KS,568,30,4,3,175,31,51,1,0,0,16,73,10,952
TRBF-CHEHLS-00,Chehalis,Federally recognized tribe,WA,325,35,3,3,55,167,110,1,0,1,70,166,11,936
TRBF-OWATOK-00,Ottawa Tribe of Oklahoma,Federally recognized tribe,OK,312,26,0,0,210,12,0,0,0,0,8,367,6,935
TRBF-DRYCRK-00,Dry Creek,Federally recognized tribe,CA,187,10,0,16,44,20,0,0,0,0,15,638,7,930
TRBF-ZIAPBL-00,Pueblo of Zia,Federally recognized tribe,NM,341,56,0,4,355,64,76,1,0,0,14,8,9,919
TRBF-APCHOK-00,Apache Tribe of Oklahoma,Federally recognized tribe,OK,389,61,0,3,155,47,96,0,0,0,24,136,8,911
TRBS-CRNHKA-00,Cheroenhaka (Nottoway) Indian Tribe,State-recognized tribe,VA,0,0,2,0,0,0,901,0,0,0,0,0,2,903
TRBF-RDDING-00,Redding,Federally recognized tribe,CA,299,40,0,3,47,194,189,1,0,0,11,114,9,898
TRBF-MOAPAT-00,Moapa,Federally recognized tribe,NV,156,42,0,0,101,12,105,1,0,0,10,468,8,895
TRBF-CHLLAB-00,Cahuilla,Federally recognized tribe,CA,163,41,10,3,85,1,0,0,0,0,12,578,8,893
CNSF-MINNCH-BF,Bois Forte,Federal-level constituency entity,MN,549,23,0,3,0,122,109,9,0,0,16,50,8,881
TRBF-PRAIRI-00,Prairie Island,Federally recognized tribe,MN,242,33,2,0,206,182,90,1,0,0,17,97,9,870
TRBF-BGSNDY-00,Big Sandy,Federally recognized tribe,CA,147,28,0,3,71,126,25,1,0,0,12,455,9,868
TRBF-GRATON-00,Federated Indians of Graton,Federally recognized tribe,CA,154,23,0,3,115,48,11,7,0,0,9,493,9,863
TRBF-JAMULV-00,Jamul,Federally recognized tribe,CA,63,30,3,10,176,5,8,1,0,0,6,560,10,862
TRBF-KAIBAB-00,Kaibab,Federally recognized tribe,AZ,218,40,0,0,130,3,376,1,0,0,10,84,8,862
TRBF-SQUXIN-00,Squaxin,Federally recognized tribe,WA,377,15,0,0,39,214,55,3,0,1,16,138,9,858
TRBF-SILDFN-00,Pueblo of San Ildefonso,Federally recognized tribe,NM,328,77,2,8,367,28,25,1,0,1,15,5,11,857
TRBF-SHAWNT-00,Shawnee Tribe,Federally recognized tribe,OK,184,69,0,0,437,126,0,1,0,0,23,17,7,857
TRBF-SAMISH-00,Samish,Federally recognized tribe,WA,366,35,9,3,103,236,23,7,0,0,25,47,10,854
TRBF-NWSSHN-00,Northwestern Shoshone,Federally recognized tribe,UT,164,5,0,0,20,1,619,1,0,0,12,0,7,822
CNSF-PSMQDY-PP,Passamaquoddy Pleasant Point,Federal-level constituency entity,ME,742,0,0,1,0,21,21,1,0,0,32,0,6,818
TRBF-CAYUGA-00,Cayuga Nation of New York,Federally recognized tribe,NY,63,18,0,0,230,317,0,0,0,0,2,184,6,814
TRBF-SHRWDV-00,Sherwood Valley,Federally recognized tribe,CA,187,4,0,0,30,9,33,0,0,0,22,528,7,813
TRBF-LSVGAS-00,Las Vegas,Federally recognized tribe,NV,164,127,1,0,82,259,0,0,0,0,16,163,7,812
TRBF-SYCUAN-00,Sycuan,Federally recognized tribe,CA,230,20,0,0,164,194,25,0,0,0,11,154,7,798
AKNF-KENTZE-00-CKINLT,Kenaitze,Federally recognized Alaska Native Village,AK,736,1,0,3,20,11,0,1,0,0,17,0,7,789
TRBF-WLKRRV-00,Walker River,Federally recognized tribe,NV,464,21,0,7,54,23,180,0,0,0,24,5,8,778
TRBF-LYTTON-00,Lytton,Federally recognized tribe,CA,35,4,10,0,23,43,4,0,0,0,0,655,7,774
TRBF-COCOPH-00,Cocopah,Federally recognized tribe,AZ,518,15,0,6,26,4,11,1,0,0,21,165,9,767
TRBF-UPSXMN-00,Upper Sioux,Federally recognized tribe,MN,283,59,0,0,228,4,4,1,0,0,14,166,8,759
TRBF-AQNNAH-00,Wampanoag,Federally recognized tribe,MA,387,41,7,0,266,22,8,1,0,0,21,4,9,757
TRBF-FMCDWL-00,Fort McDowell,Federally recognized tribe,AZ,262,41,2,0,110,34,90,1,0,0,15,201,9,756
TRBF-QUILTE-00,Quileute,Federally recognized tribe,WA,472,9,4,3,18,134,41,1,0,1,23,46,11,752
TRBF-JCKMWK-00,Jackson,Federally recognized tribe,CA,8,123,0,0,146,0,297,0,0,0,8,169,6,751
TRBF-AGSTNE-00,Augustine,Federally recognized tribe,CA,64,13,0,0,52,0,0,0,0,0,2,613,5,744
TRBF-HAVASP-00,Havasupai,Federally recognized tribe,AZ,269,40,0,5,75,79,178,1,0,0,15,76,9,738
ANVC-VNSVLL-00,"Evansville, Inc.",Alaska Native Village Corporation,AK,0,1,0,0,0,0,737,0,0,0,0,0,2,738
SGVF-BRBYAS-00,Bristol Bay Native Association,Federal-level self-governance consortium,AK,666,0,0,0,0,26,32,4,0,0,4,0,5,732
TRBF-SOBOBA-00,Soboba,Federally recognized tribe,CA,332,26,3,7,98,134,0,0,0,0,11,119,8,730
TRBF-FLANDR-00,Flandreau,Federally recognized tribe,SD,241,40,0,0,251,118,41,1,0,0,8,26,8,726
TRBF-JNACTW-00,Jena,Federally recognized tribe,LA,174,43,2,0,147,52,0,1,0,0,11,296,8,726
TRBF-TWNPLM-00,Twenty-Nine Palms,Federally recognized tribe,CA,109,9,0,0,37,125,20,1,0,0,9,399,8,709
AKNF-ANGOON-00-SEALSK-TLNGHD,Angoon,Federally recognized Alaska Native Village,AK,69,4,0,3,11,3,582,1,0,0,13,0,8,686
TRBF-USKAGT-00,Upper Skagit,Federally recognized tribe,WA,421,24,0,3,54,6,52,1,0,1,14,109,10,685
SGVF-CATHTG-00,Council of Athabascan Tribal Governments,Federal-level self-governance consortium,AK,250,1,0,0,0,179,238,1,0,0,12,0,6,681
TRBF-ALTURS-00,Alturas,Federally recognized tribe,CA,35,10,0,0,26,62,29,0,0,0,0,514,6,676
TRBF-MIKMAQ-00,Mi'kmaq,Federally recognized tribe,ME,468,5,2,9,38,20,118,1,0,0,15,0,9,676
AKNF-KTCHKN-00-SEALSK-TLNGHD,Ketchikan,Federally recognized Alaska Native Village,AK,409,34,0,3,5,157,52,1,0,0,13,0,8,674
TRBF-PCURIS-00,Pueblo of Picuris,Federally recognized tribe,NM,191,58,0,10,299,52,0,1,0,1,15,45,9,672
NHO-NAOIWI-00,Na 'Oiwi Kane,Native Hawaiian Organization,HI,0,0,0,0,0,0,640,20,0,0,0,0,2,660
TRBF-SHNNCK-00,Shinnecock,Federally recognized tribe,NY,166,26,0,3,28,396,0,1,0,0,33,1,8,654
ANVC-CHITIN-00,Chitina Native Corporation,Alaska Native Village Corporation,AK,11,0,0,0,0,1,584,57,0,0,0,0,4,653
TCU-SSSTNW-00,Sisseton Wahpeton College,Tribal College or University,SD,640,0,0,0,0,2,0,0,0,0,11,0,3,653
TCU-GLLLKT-00,Oglala Lakota College,Tribal College or University,SD,619,0,0,0,0,3,17,0,0,0,11,0,4,650
TRBF-CAHTOT-00,Cahto,Federally recognized tribe,CA,129,2,0,0,20,1,0,0,0,0,8,477,6,637
AKNF-TYONEK-00-CKINLT,Tyonek,Federally recognized Alaska Native Village,AK,173,0,2,0,0,2,452,1,0,0,2,0,6,632
TRBS-ECHOTA-00,Echota Cherokee Tribe of Alabama,State-recognized tribe,AL,0,0,0,0,0,0,613,3,0,0,2,0,3,618
AKNF-TOGIAK-00-BRBYCO-BRBYAS,Togiak,Federally recognized Alaska Native Village,AK,33,5,0,0,0,0,579,1,0,0,0,0,4,618
TRBF-SKSTTL-00,Sauk-Suiattle,Federally recognized tribe,WA,304,19,0,3,37,146,5,1,0,0,11,90,9,616
TRBF-IIPAYN-00,Iipay Nation of Santa Ysabel,Federally recognized tribe,CA,206,16,0,4,77,4,12,0,0,0,12,277,8,608
TRBF-SNJUAN-00,San Juan,Federally recognized tribe,AZ,43,200,3,3,239,34,0,0,0,0,0,86,7,608
CNSS-TURTLM-TR,Trenton Indian Service Area,State-level constituency entity,ND,245,0,0,0,0,0,345,1,0,0,16,0,4,607
TRBF-RNOSPK-00,Reno-Sparks,Federally recognized tribe,NV,446,16,0,0,69,39,0,1,0,0,15,19,7,605
SGVF-ASVCPR-00,Association of Village Council Presidents,Federal-level self-governance consortium,AK,426,0,0,0,0,7,111,46,0,0,12,0,5,602
TRBF-SOKGON-00,Sokaogon,Federally recognized tribe,WI,115,69,0,5,269,2,0,0,0,0,24,115,7,599
TRBF-YOCHAD-00,Yocha Dehe,Federally recognized tribe,CA,20,10,0,0,87,378,13,1,0,0,4,85,8,598
CNSF-MINNCH-GP,Grand Portage,Federal-level constituency entity,MN,395,24,0,0,0,11,4,1,0,0,11,149,7,595
TRBF-TABLEM-00,Table Mountain,Federally recognized tribe,CA,122,37,0,3,178,115,4,0,0,0,10,125,8,594
TRBF-YRNGTN-00,Yerington,Federally recognized tribe,NV,415,16,0,0,60,2,64,3,0,0,14,14,8,588
AKNF-YKTTLN-00-SEALSK-TLNGHD,Yakutat,Federally recognized Alaska Native Village,AK,458,5,0,4,14,63,4,1,0,0,27,0,8,576
TRBF-IONEBD-00,Ione,Federally recognized tribe,CA,107,37,0,0,241,148,0,0,0,0,8,32,6,573
TRBF-NORFRK-00,North Fork,Federally recognized tribe,CA,224,48,0,7,70,31,55,0,0,0,22,113,8,570
ANVC-TWNHLL-00,Twin Hills Native Corporation,Alaska Native Village Corporation,AK,2,1,0,0,0,0,554,0,0,0,0,0,3,557
TRBF-PRSCTT-00,Yavapai-Prescott,Federally recognized tribe,AZ,160,35,2,0,89,2,81,0,0,0,12,175,8,556
TRBF-HBMTLL-00,Habematolel,Federally recognized tribe,CA,139,4,0,6,15,4,0,0,0,0,13,374,7,555
TRBF-SROSAB-00,Santa Rosa of Cahuilla,Federally recognized tribe,CA,79,10,0,4,64,2,372,0,0,0,8,1,8,540
TRBS-LWRMSE-00,Lower Muskogee Creek Tribe,State-recognized tribe,GA,6,0,0,0,1,1,524,1,0,0,0,0,5,533
TRBF-SMMTLK-00,Summit Lake,Federally recognized tribe,NV,199,5,0,0,46,3,251,1,0,0,19,0,7,524
AKNF-WAINWT-00-ARCSLO,Wainwright,Federally recognized Alaska Native Village,AK,29,13,2,0,3,33,437,1,0,0,2,0,8,520
TRBF-LJOLLA-00,La Jolla,Federally recognized tribe,CA,264,14,0,9,93,3,0,1,0,0,13,122,8,519
TRBF-LPOSTA-00,La Posta,Federally recognized tribe,CA,129,18,0,7,169,2,0,0,0,0,12,167,7,504
AKNF-NENANA-00-DOYONL-TNNACH,Nenana,Federally recognized Alaska Native Village,AK,44,5,0,3,4,0,439,1,0,0,6,0,7,502
TRBF-CFTGSH-00,Confederated Goshute,Federally recognized tribe,UT,313,8,0,0,53,4,113,1,0,0,8,0,7,500
TRBS-HRRNGP-00,Herring Pond Wampanoag Tribe,State-recognized tribe,MA,0,0,0,0,0,0,498,0,0,0,2,0,2,500
AKNF-PNTHPE-00-ARCSLO-MANLLQ,Point Hope IRA,Federally recognized Alaska Native Village,AK,173,2,0,0,16,0,290,1,0,0,14,0,6,496
NHO-HOOMAK-00,Ho'omaka Foundation,Native Hawaiian Organization,HI,0,0,0,0,0,0,492,0,0,0,0,0,1,492
AKNF-NVEYAK-00-CHGCCO-CHGCMT,Eyak,Federally recognized Alaska Native Village,AK,373,21,0,0,18,0,72,5,0,0,0,0,5,489
TRBF-FTINDP-00,Fort Independence,Federally recognized tribe,CA,133,5,0,6,70,21,0,0,0,0,13,240,7,488
TRBF-WILTON-00,Wilton,Federally recognized tribe,CA,112,26,0,3,247,16,0,0,0,0,11,73,7,488
TRBF-ROBNSN-00,Robinson,Federally recognized tribe,CA,187,24,0,0,27,34,127,1,0,0,11,75,8,486
TRBF-PNOLVL-00,Pinoleville,Federally recognized tribe,CA,342,6,0,4,29,2,0,1,0,0,12,81,8,477
TRBF-CHMHVI-00,Chemehuevi,Federally recognized tribe,CA,206,7,0,0,42,5,124,1,0,0,10,66,8,461
ANVC-LKNGKN-00,"Aleknagik Natives, Ltd.",Alaska Native Village Corporation,AK,0,0,0,0,0,0,459,0,0,0,0,0,1,459
TRBF-WIAPYP-00,Ewiiaapaayp,Federally recognized tribe,CA,109,17,1,3,117,150,0,0,0,0,6,48,8,451
TRBF-TONTOA-00,Tonto Apache,Federally recognized tribe,AZ,92,30,0,0,117,3,49,0,0,0,13,142,7,446
TRBF-RINCON-00,Rincon,Federally recognized tribe,CA,183,18,0,7,106,11,47,1,0,0,10,60,9,443
AKNF-ALGACQ-00-CALSTA-ASVCPR,Algaaciq,Federally recognized Alaska Native Village,AK,53,24,0,0,0,0,362,0,0,0,0,0,3,439
TRBF-KILGEE-00,Kialegee Tribal Town,Federally recognized tribe,OK,176,35,0,0,185,4,4,1,0,0,9,16,8,430
TRBF-SCTTSV-00,Scotts Valley,Federally recognized tribe,CA,169,12,0,6,39,182,0,1,0,0,14,7,8,430
TRBF-TEJONT-00,Tejon,Federally recognized tribe,CA,75,23,0,0,91,192,0,0,0,0,11,36,6,428
TRBF-CPTNGR-00,Capitan Grande Band,Federally recognized tribe,CA,95,4,0,0,266,0,0,0,0,0,0,62,4,427
AKNF-VLKAKE-00-SEALSK-TLNGHD,Kake,Federally recognized Alaska Native Village,AK,213,5,0,0,20,18,78,1,0,0,32,58,8,425
TRBF-MNZNTA-00,Manzanita,Federally recognized tribe,CA,164,22,0,0,167,16,0,0,0,0,6,50,6,425
AKNF-NVTNNA-00-DOYONL-TNNACH,Tanana,Federally recognized Alaska Native Village,AK,175,9,7,0,4,1,207,1,0,0,11,0,8,415
TRBF-LSHELL-00,Little Shell Tribe,Federally recognized tribe,MT,100,15,14,0,188,61,17,1,0,0,14,0,8,410
TRBF-ONNDGA-00,Onondaga,Federally recognized tribe,NY,3,38,0,0,349,0,0,0,0,0,19,0,4,409
TCU-BLCKF1-00,Blackfeet Community College,Tribal College or University,MT,347,0,0,0,0,14,13,0,0,0,31,0,4,405
AKNF-BLLMSL-00-CALSTA-ASVCPR,Bill Moore's Slough,Federally recognized Alaska Native Village,AK,31,2,0,0,0,0,370,1,0,0,0,0,4,404
TRBF-CHCKNR-00,Chicken Ranch,Federally recognized tribe,CA,92,23,0,0,152,0,53,1,0,0,6,77,7,404
TRBF-ELKVLY-00,Elk Valley,Federally recognized tribe,CA,126,9,0,0,17,62,65,1,0,0,5,115,8,400
TRBF-GREENV-00,Greenville,Federally recognized tribe,CA,298,21,0,0,22,7,0,1,0,0,11,35,7,395
AKNF-HOONAH-00-SEALSK-TLNGHD,Hoonah,Federally recognized Alaska Native Village,AK,239,10,0,3,27,1,85,1,0,0,27,0,8,393
SGVF-CPPRRV-00,Copper River Native Association,Federal-level self-governance consortium,AK,371,0,0,0,0,3,0,1,0,0,13,0,4,388
TRBF-HOHTRB-00,Hoh,Federally recognized tribe,WA,268,8,4,3,15,14,26,1,0,0,13,34,10,386
TRBF-CACHLD-00,Cachil DeHe,Federally recognized tribe,CA,209,7,0,5,84,1,0,1,0,0,4,70,8,381
AKNF-LARSBY-00-KONIAG,Larsen Bay,Federally recognized Alaska Native Village,AK,40,6,0,0,51,0,282,1,0,0,0,0,5,380
AKNF-CHCKLN-00-CKINLT,Chickaloon,Federally recognized Alaska Native Village,AK,339,2,0,0,2,6,0,1,0,0,26,0,6,376
AKNF-KNIKTR-00-CKINLT,Knik,Federally recognized Alaska Native Village,AK,300,6,0,3,4,8,34,1,0,0,13,0,8,369
ANVC-COUNCI-00,Council Native Corporation,Alaska Native Village Corporation,AK,245,0,0,4,0,0,28,0,0,0,91,0,4,368
TRBF-MCHPDA-00,Mechoopda,Federally recognized tribe,CA,164,11,0,0,61,60,0,1,0,0,16,36,7,349
TRBF-CHRAEH-00,Cher-Ae Heights,Federally recognized tribe,CA,182,7,0,3,32,2,11,1,0,0,10,94,9,342
TRBF-FTMCDM-00,Fort McDermitt,Federally recognized tribe,NV,216,15,0,3,88,10,0,0,0,0,8,1,7,341
AKNF-CIRCLE-00-DOYONL-CATHTG-TNNACH,Circle,Federally recognized Alaska Native Village,AK,76,3,0,2,0,2,225,1,0,0,31,0,7,340
TRBF-TNWNDA-00,Tonawanda,Federally recognized tribe,NY,0,47,0,0,289,0,0,0,0,0,0,0,2,336
ANVC-SOLOMO-00,Solomon Native Corporation,Alaska Native Village Corporation,AK,0,1,0,0,0,0,334,0,0,0,0,0,2,335
ANVC-OUNALA-00,Ounalashka Corporation,Alaska Native Village Corporation,AK,25,1,0,0,13,0,292,0,0,0,2,0,5,333
AKNF-AGDAGX-00-ALEUTC-PRBLFA,Agdaagux,Federally recognized Alaska Native Village,AK,77,4,0,3,7,2,227,1,0,0,11,0,8,332
TRBF-MCHSTR-00,Manchester,Federally recognized tribe,CA,38,22,0,0,27,1,17,0,0,0,1,226,7,332
CNSF-CPTNGR-VJ,Viejas,Federal-level constituency entity,CA,8,7,2,2,0,2,0,0,0,0,7,302,7,330
TRBF-WIYOTT-00,Wiyot,Federally recognized tribe,CA,211,7,0,3,66,1,4,1,0,0,22,9,9,324
CNSF-NAVAJO-RM,Ramah Navajo Chapter,Federal-level constituency entity,NM,284,3,0,0,0,19,0,1,0,0,11,0,5,318
ANVC-PAUGVI-00,"Paug-Vik Incorporated, Ltd.",Alaska Native Village Corporation,AK,2,0,0,0,0,1,315,0,0,0,0,0,3,318
TRBF-TIMBSH-00,Timbi-sha Shoshone,Federally recognized tribe,CA,100,4,0,0,77,94,5,0,0,0,3,31,7,314
AKNF-NVRUBY-00-DOYONL-TNNACH,Ruby,Federally recognized Alaska Native Village,AK,69,14,0,0,0,0,221,0,0,0,9,0,4,313
TRBF-QUARTZ-00,Quartz Valley,Federally recognized tribe,CA,251,1,0,3,18,5,10,0,0,0,9,10,8,307
AKNF-EVNSVL-00-DOYONL-TNNACH,Evansville,Federally recognized Alaska Native Village,AK,26,17,0,0,0,0,258,0,0,0,0,0,3,301
ANVC-UNALAK-00,Unalakleet Native Corporation,Alaska Native Village Corporation,AK,0,2,0,0,1,1,297,0,0,0,0,0,4,301
SGVF-TNNACH-00,"Tanana Chiefs Conference, Incorporated",Federal-level self-governance consortium,AK,0,0,0,2,0,281,0,2,0,0,15,0,4,300
AKNF-NULATO-00-DOYONL-TNNACH,Nulato,Federally recognized Alaska Native Village,AK,146,3,0,0,6,0,131,0,0,0,11,0,5,297
AKNF-NNLCHK-00-CKINLT,Ninilchik,Federally recognized Alaska Native Village,AK,273,0,1,0,8,0,0,1,0,0,11,0,5,294
AKNF-AKIAKC-00-CALSTA-ASVCPR,Akiak,Federally recognized Alaska Native Village,AK,121,2,0,0,0,2,159,1,0,0,7,0,6,292
TRBF-TSCARA-00,Tuscarora,Federally recognized tribe,NY,4,27,2,0,204,27,0,0,0,0,25,0,6,289
AKNF-AKACHK-00-CALSTA-ASVCPR,Akiachak,Federally recognized Alaska Native Village,AK,269,1,0,0,0,2,0,1,0,0,6,0,5,279
TRBF-ELEMCL-00,Elem,Federally recognized tribe,CA,92,5,0,0,42,0,56,1,0,0,10,71,7,277
TRBF-CLVRDL-00,Cloverdale,Federally recognized tribe,CA,105,6,0,0,31,105,14,0,0,0,9,5,7,275
TRBS-JNCHLS-00,Jean Charles Choctaw Nation,State-recognized tribe,LA,0,0,0,0,0,0,269,1,0,0,2,0,3,272
AKNF-QWALGN-00-ALEUTC-PRBLFA,Qawalangin,Federally recognized Alaska Native Village,AK,186,6,0,3,47,5,8,1,0,0,16,0,8,272
AKNF-KTZBUE-00-NANARC-MANLLQ,Kotzebue,Federally recognized Alaska Native Village,AK,141,14,0,3,14,5,63,1,0,0,30,0,8,271
TRBF-RAMONA-00,Ramona,Federally recognized tribe,CA,116,12,0,3,60,0,55,0,0,0,6,19,7,271
TRBF-CHCKHT-00,"Chickahominy Indian Tribe, Inc.",Federally recognized tribe,VA,199,3,4,5,16,14,0,1,0,0,18,0,8,260
TRBF-PAMNKY-00,Pamunkey,Federally recognized tribe,VA,60,9,0,4,24,9,142,0,0,0,10,2,8,260
TRBF-UMTPNI-00,Upper Mattaponi,Federally recognized tribe,VA,142,4,4,3,18,66,14,0,0,0,7,0,8,258
AKNF-CRAIGT-00-SEALSK-TLNGHD,Craig,Federally recognized Alaska Native Village,AK,151,14,0,4,2,0,65,0,0,0,17,0,6,253
AKNF-NAKNEK-00-BRBYCO-BRBYAS,Naknek,Federally recognized Alaska Native Village,AK,59,1,0,0,7,1,180,0,0,0,4,0,6,252
ITO-RGHTSF-00,Native American Rights Fund,Intertribal Organization,,0,0,0,0,0,50,0,181,0,0,19,0,3,250
AKNF-HDABRG-00-SEALSK-TLNGHD,Hydaburg,Federally recognized Alaska Native Village,AK,129,3,0,4,11,0,88,1,0,0,9,0,7,245
AKNF-BEAVRV-00-DOYONL-CATHTG-TNNACH,Beaver,Federally recognized Alaska Native Village,AK,45,127,0,0,0,0,70,1,0,0,0,0,4,243
AKNF-SELAWK-00-NANARC-MANLLQ,Selawik,Federally recognized Alaska Native Village,AK,111,7,0,3,2,2,82,1,0,0,28,0,8,236
TCU-WHTRTH-00,White Earth Tribal and Community College,Tribal College or University,MN,217,0,0,0,0,6,0,0,0,0,13,0,3,236
TRBF-LCYTES-00,Los Coyotes,Federally recognized tribe,CA,109,18,0,0,57,42,0,0,0,0,6,1,6,233
TRBF-INAJAB-00,Inaja,Federally recognized tribe,CA,44,15,0,0,168,0,0,0,0,0,1,0,4,228
AKNF-CHLKAT-00-SEALSK-TLNGHD,Chilkat,Federally recognized Alaska Native Village,AK,149,1,0,0,7,11,34,1,0,0,24,0,7,227
TRBF-LVLOCK-00,Lovelock,Federally recognized tribe,NV,158,3,0,0,53,2,0,0,0,0,10,0,5,226
TCU-RDLKNT-00,Red Lake Nation College,Tribal College or University,MN,202,0,0,2,0,8,0,0,0,0,12,0,4,224
TRBF-PSMQDY-00,Passamaquoddy,Federally recognized tribe,ME,32,11,0,3,90,59,23,1,0,0,1,1,9,221
AKNF-NOMECM-00-BERSTR-KAWRAK,Nome,Federally recognized Alaska Native Village,AK,162,28,0,0,13,0,0,1,0,0,16,0,5,220
TCU-LCCRTR-00,Lac Courte Oreilles Ojibwe University,Tribal College or University,WI,212,0,0,0,0,4,0,0,0,0,4,0,3,220
TRBS-ECSIUT-00,"Eastern Cherokee, Southern Iroquois, and United Tribes of South Carolina",State-recognized tribe,SC,0,0,0,2,0,0,211,0,0,0,0,0,2,213
TRBF-SKLLVY-00,Skull Valley,Federally recognized tribe,UT,107,14,0,0,53,2,34,1,0,0,2,0,7,213
AKNF-AFGNAK-00-KONIAG,Afognak,Federally recognized Alaska Native Village,AK,71,6,0,0,41,91,0,1,0,0,0,0,5,210
AKNF-EKLTNA-00-CKINLT,Eklutna,Federally recognized Alaska Native Village,AK,177,2,0,0,1,0,27,1,0,0,0,1,6,209
TRBF-PLKLYK-00,Resighini,Federally recognized tribe,CA,140,2,0,3,19,7,9,1,0,0,24,2,9,207
TRBF-CLDSPR-00,Cold Springs,Federally recognized tribe,CA,85,14,0,0,58,2,4,1,0,0,6,33,8,203
AKNF-CRYUNG-00-BRBYCO-BRBYAS,Curyung,Federally recognized Alaska Native Village,AK,33,0,0,0,2,2,158,0,0,0,7,0,5,202
AKNF-LOUDEN-00-DOYONL-TNNACH,Louden Tribe,Federally recognized Alaska Native Village,AK,184,0,0,2,0,0,10,1,0,0,3,0,5,200
AKNF-PRTLNS-00-KONIAG,Port Lions,Federally recognized Alaska Native Village,AK,95,7,0,3,47,0,42,1,0,0,5,0,7,200
AKNF-DOUGLS-00-SEALSK,Douglas,Federally recognized Alaska Native Village,AK,62,71,0,0,7,0,41,1,0,0,17,0,6,199
AKNF-HAMLTN-00-CALSTA-ASVCPR,Hamilton,Federally recognized Alaska Native Village,AK,20,83,0,0,0,0,91,0,0,0,2,0,4,196
TRBF-BRGPRT-00,Bridgeport,Federally recognized tribe,CA,81,28,5,5,60,5,0,0,0,0,10,1,8,195
AKNF-CLKOOT-00-SEALSK-TLNGHD,Chilkoot,Federally recognized Alaska Native Village,AK,168,5,0,3,5,1,0,0,0,0,13,0,6,195
AKNF-KNGSAL-00-BRBYCO-BRBYAS,King Salmon,Federally recognized Alaska Native Village,AK,37,5,1,0,5,0,147,0,0,0,0,0,5,195
TRBS-PTAUCH-00,Pointe-au-Chien Indian Tribe,State-recognized tribe,LA,3,1,0,0,0,2,180,0,0,0,4,0,5,190
AKNF-PTRSBG-00-SEALSK-TLNGHD,Petersburg,Federally recognized Alaska Native Village,AK,86,78,0,0,10,0,0,1,0,0,14,0,5,189
AKNF-STEVNS-00-DOYONL-CATHTG-TNNACH,Stevens Village,Federally recognized Alaska Native Village,AK,53,5,0,0,0,1,128,1,0,0,0,0,5,188
AKNF-KASAAN-00-SEALSK-TLNGHD,Kasaan,Federally recognized Alaska Native Village,AK,69,1,0,3,6,1,79,1,0,0,27,0,8,187
TRBF-YOMBAT-00,Yomba Shoshone,Federally recognized tribe,NV,87,5,0,0,73,3,14,0,0,0,5,0,6,187
NHO-FFCHWN-00,Office of Hawaiian Affairs,Native Hawaiian Organization,HI,0,0,0,0,186,0,0,0,0,0,0,0,1,186
TRBF-MNACAN-00,Monacan Indian Nation,Federally recognized tribe,VA,134,5,4,0,31,1,4,1,0,0,5,0,8,185
AKNF-VILMNA-00-BRBYCO-BRBYAS,Iliamna,Federally recognized Alaska Native Village,AK,75,3,0,0,0,3,92,1,0,0,8,0,6,182
AKNF-WRNGLL-00-SEALSK-TLNGHD,Wrangell,Federally recognized Alaska Native Village,AK,138,15,0,0,15,1,0,1,0,0,9,0,6,179
AKNF-KWTHLK-00-CALSTA-ASVCPR,Kwethluk,Federally recognized Alaska Native Village,AK,122,2,0,0,0,1,47,1,0,0,5,0,6,178
TRBF-LNPINE-00,Lone Pine,Federally recognized tribe,CA,81,4,0,3,25,16,40,0,0,0,9,0,7,178
TRBF-KLTSLD-00,Kletsel Dehe Wintun,Federally recognized tribe,CA,110,1,0,0,53,1,0,0,0,0,9,3,6,177
AKNF-UNLKLT-00-BERSTR-KAWRAK,Unalakleet,Federally recognized Alaska Native Village,AK,157,5,0,0,12,0,0,2,0,0,0,0,4,176
AKNF-HCROSS-00-DOYONL-TNNACH,Holy Cross,Federally recognized Alaska Native Village,AK,50,4,0,0,1,0,107,1,0,0,7,0,6,170
TRBF-ELYTNV-00,Ely Shoshone,Federally recognized tribe,NV,49,6,0,3,89,5,0,0,0,0,10,1,7,163
AKNF-KLAWCK-00-SEALSK-TLNGHD,Klawock,Federally recognized Alaska Native Village,AK,85,2,0,0,11,1,41,0,0,0,12,11,7,163
AKNF-QUNHGK-00-CALSTA-ASVCPR,Kwinhagak,Federally recognized Alaska Native Village,AK,145,2,0,0,0,0,9,1,0,0,5,0,5,162
TRBF-GUIDIV-00,Guidiville,Federally recognized tribe,CA,62,6,1,3,39,21,13,0,0,0,10,3,9,158
TRBF-WNNMCA-00,Winnemucca,Federally recognized tribe,NV,92,10,0,3,42,5,0,0,0,0,4,0,6,156
ANVC-KOOTZN-00,"Kootznoowoo, Inc.",Alaska Native Village Corporation,AK,3,0,0,2,4,0,141,1,0,0,4,0,6,155
TRBF-BIDWLL-00,Fort Bidwell,Federally recognized tribe,CA,100,3,0,0,38,0,4,0,0,0,7,0,5,152
AKNF-OZNKIE-00-KONIAG,Ouzinkie,Federally recognized Alaska Native Village,AK,95,7,0,0,43,0,0,1,0,0,0,0,4,146
TRBF-REDWDV-00,Redwood Valley,Federally recognized tribe,CA,104,5,0,0,27,0,0,0,0,0,9,1,5,146
AKNF-CHTHBK-00-CALSTA-ASVCPR,Chuathbaluk,Federally recognized Alaska Native Village,AK,111,4,0,0,0,0,26,1,0,0,1,0,5,143
TRBF-UUGWTU-00,Benton,Federally recognized tribe,CA,49,35,0,0,50,2,0,0,0,0,4,0,5,140
TRBF-BGLAGN-00,Big Lagoon,Federally recognized tribe,CA,66,6,0,0,17,0,0,0,0,0,17,28,5,134
AKNF-IGIUGG-00-BRBYCO-BRBYAS,Igiugig,Federally recognized Alaska Native Village,AK,110,3,0,5,2,0,0,4,0,0,10,0,6,134
AKNF-KVALNA-00-NANARC-MANLLQ,Kivalina,Federally recognized Alaska Native Village,AK,102,4,0,0,6,0,0,0,0,0,21,0,4,133
AKNF-CLRKPT-00-BRBYCO-BRBYAS,Clark's Point,Federally recognized Alaska Native Village,AK,16,2,0,3,0,0,109,1,0,0,0,0,5,131
AKNF-TAZLNA-00-AHTNAI-CPPRRV,Tazlina,Federally recognized Alaska Native Village,AK,69,3,0,0,0,0,49,0,0,0,10,0,4,131
ANVC-SHAANS-00,"Shaan Seet, Inc.",Alaska Native Village Corporation,AK,32,0,0,0,0,0,96,0,0,0,3,0,3,131
AKNF-CHSHNA-00-AHTNAI,Cheesh-Na,Federally recognized Alaska Native Village,AK,78,0,0,3,0,31,8,1,0,0,9,0,6,130
TCU-SGNWCH-00,Saginaw Chippewa Tribal College,Tribal College or University,MI,127,0,0,0,0,0,0,0,0,0,2,0,2,129
TCU-NTDTRB-00,United Tribes Technical College,Tribal College or University,ND,70,0,0,0,0,18,16,0,0,0,25,0,4,129
NHO-HWNRGN-00,Native Hawaiian Organization Charity,Native Hawaiian Organization,HI,0,0,0,0,0,0,126,0,0,0,2,0,2,128
AKNF-ALAKKT-00-DOYONL-TNNACH,Allakaket,Federally recognized Alaska Native Village,AK,54,4,0,0,0,1,64,1,0,0,3,0,6,127
TRBF-RPHNCK-00,Rappahannock,Federally recognized tribe,VA,78,11,6,2,18,2,0,1,0,0,9,0,8,127
AKNF-DOTLAK-00-DOYONL-TNNACH,Dot Lake,Federally recognized Alaska Native Village,AK,115,1,0,2,0,0,0,1,0,0,6,0,5,125
AKNF-PDROBY-00-BRBYCO-BRBYAS,Pedro Bay,Federally recognized Alaska Native Village,AK,78,40,0,0,2,0,0,0,0,0,5,0,4,125
AKNF-KARLUK-00-KONIAG,Karluk,Federally recognized Alaska Native Village,AK,98,1,0,0,23,0,0,0,0,0,2,0,4,124
AKNF-HUGHES-00-DOYONL-TNNACH,Hughes,Federally recognized Alaska Native Village,AK,50,4,0,0,0,0,62,1,0,0,6,0,5,123
AKNF-PRTGRM-00-CHGCCO-CHGCMT,Port Graham,Federally recognized Alaska Native Village,AK,60,5,0,0,20,0,23,0,0,0,9,0,5,117
TCU-KWNWB1-00,Keweenaw Bay Ojibwa Community College,Tribal College or University,MI,93,0,0,0,1,4,0,0,0,0,17,2,5,117
ANVC-FARWES-00,"Far West, Inc.",Alaska Native Village Corporation,AK,4,1,0,0,0,0,109,0,0,0,0,0,3,114
AKNF-NNDLTN-00-BRBYCO-BRBYAS,Nondalton,Federally recognized Alaska Native Village,AK,99,2,0,0,3,2,0,1,0,0,6,0,6,113
AKNF-PRTHDN-00-BRBYCO-BRBYAS,Port Heiden,Federally recognized Alaska Native Village,AK,94,3,0,0,4,3,0,1,0,0,6,0,6,111
AKNF-GLKANA-00-AHTNAI-CPPRRV,Gulkana,Federally recognized Alaska Native Village,AK,96,0,0,0,0,2,0,1,0,0,11,0,4,110
AKNF-EMMNAK-00-CALSTA-ASVCPR,Emmonak,Federally recognized Alaska Native Village,AK,90,4,0,0,0,0,11,1,0,0,3,0,5,109
AKNF-HUSLIA-00-DOYONL-TNNACH,Huslia,Federally recognized Alaska Native Village,AK,80,7,0,3,0,1,4,1,0,0,12,0,7,108
ANVC-KLUKWA-00,"Klukwan, Inc.",Alaska Native Village Corporation,AK,0,0,0,0,0,0,108,0,0,0,0,0,1,108
TRBF-CEDARV-00,Cedarville,Federally recognized tribe,CA,64,6,0,0,31,0,0,0,0,0,6,0,4,107
AKNF-NHALEN-00-BRBYCO-BRBYAS,Newhalen,Federally recognized Alaska Native Village,AK,93,1,0,0,2,1,0,0,0,0,10,0,5,107
AKNF-VENTGV-00-DOYONL,Venetie IRA,Federally recognized Alaska Native Village,AK,96,0,0,0,0,0,9,0,0,0,2,0,3,107
AKNF-VANIAK-00-CALSTA-ASVCPR,Aniak,Federally recognized Alaska Native Village,AK,101,2,0,0,0,0,0,1,0,0,2,0,4,106
AKNF-GAMBLL-00-BERSTR-KAWRAK,Gambell,Federally recognized Alaska Native Village,AK,81,2,0,0,8,0,0,1,0,0,13,0,5,105
TRBF-KOINCA-00,Koi,Federally recognized tribe,CA,35,9,0,0,4,3,28,0,0,0,8,18,7,105
AKNF-NLSONL-00-ALEUTC-PRBLFA,Nelson Lagoon,Federally recognized Alaska Native Village,AK,26,4,0,0,6,0,67,1,0,0,0,0,5,104
ITO-CLMBRV-00,Columbia River Inter-Tribal Fish Commission,Intertribal Organization,,0,1,0,0,0,59,0,34,0,0,10,0,4,104
AKNF-NRTHWY-00-DOYONL-TNNACH,Northway,Federally recognized Alaska Native Village,AK,91,1,0,0,0,0,0,0,0,0,11,0,3,103
ITO-LSKHLT-00,Alaska Native Tribal Health Consortium,Intertribal Organization,,0,0,9,0,0,37,0,0,0,0,57,0,3,103
AKNF-TLUKSK-00-CALSTA-ASVCPR,Tuluksak,Federally recognized Alaska Native Village,AK,47,4,0,0,0,0,47,1,0,0,0,0,4,99
ANVC-TGHTTH-00,Toghotthele Corporation,Alaska Native Village Corporation,AK,0,2,0,0,0,2,94,0,0,0,0,0,3,98
NHO-NAKUPUNA-00,Nakupuna Foundation,Native Hawaiian Organization,HI,0,0,0,0,0,0,96,0,0,0,0,0,1,96
ITO-CNGRSS-00,National Congress of American Indians,Intertribal Organization,,0,1,0,0,0,85,0,0,0,0,9,0,3,95
AKNF-CHTINA-00-AHTNAI,Chitina,Federally recognized Alaska Native Village,AK,87,2,0,2,2,0,0,1,0,0,0,0,5,94
AKNF-MNTSTA-00-AHTNAI-CPPRRV,Mentasta,Federally recognized Alaska Native Village,AK,68,5,0,0,0,2,11,0,0,0,8,0,5,94
AKNF-NOATAK-00-NANARC-MANLLQ,Noatak,Federally recognized Alaska Native Village,AK,67,7,0,0,6,0,0,0,0,0,13,0,4,93
AKNF-NKYRMT-00-CALSTA-ASVCPR,Nunakauyarmiut,Federally recognized Alaska Native Village,AK,90,0,0,0,0,0,0,1,0,0,2,0,3,93
TRBS-EPQUOT-00,Eastern Pequot Tribal Nation,State-recognized tribe,CT,0,0,0,0,0,88,0,0,0,0,4,0,2,92
SGVF-KAWRAK-00,Kawerak Incorporated,Federal-level self-governance consortium,AK,52,0,0,7,0,14,0,0,0,0,18,0,4,91
AKNF-ATKANV-00-ALEUTC-PRBLFA,Atka,Federally recognized Alaska Native Village,AK,34,12,0,0,34,4,0,1,0,0,5,0,6,90
AKNF-GEORGT-00-CALSTA-ASVCPR,Georgetown,Federally recognized Alaska Native Village,AK,51,27,0,0,0,0,10,0,0,0,1,0,4,89
AKNF-CHLKSK-00-DOYONL-CATHTG-TNNACH,Chalkyitsik,Federally recognized Alaska Native Village,AK,71,2,0,0,0,0,12,0,0,0,3,0,4,88
AKNF-NEWTOK-00-CALSTA-ASVCPR,Newtok,Federally recognized Alaska Native Village,AK,72,4,0,0,0,0,0,1,0,0,11,0,4,88
AKNF-PLATNM-00-CALSTA-ASVCPR,Platinum,Federally recognized Alaska Native Village,AK,13,6,0,0,2,0,67,0,0,0,0,0,4,88
AKNF-KKTOVK-00-ARCSLO,Kaktovik,Federally recognized Alaska Native Village,AK,23,1,1,0,4,5,52,1,0,0,0,0,7,87
TRBS-NANTCK-00,Nanticoke Lenni-Lenape Tribal Nation,State-recognized tribe,NJ,34,0,0,0,0,36,13,1,0,0,2,0,5,86
AKNF-TNCRSS-00-DOYONL-TNNACH,Tanacross,Federally recognized Alaska Native Village,AK,63,2,0,0,0,0,21,0,0,0,0,0,3,86
AKNF-VKIANA-00-NANARC-MANLLQ,Kiana,Federally recognized Alaska Native Village,AK,53,4,0,0,7,0,0,1,0,0,20,0,5,85
AKNF-NPAIMT-00-CALSTA-ASVCPR,Napaimute,Federally recognized Alaska Native Village,AK,66,3,0,0,0,2,0,1,0,0,12,0,5,84
AKNF-KOKHNK-00-BRBYCO-BRBYAS,Kokhanok,Federally recognized Alaska Native Village,AK,72,1,0,0,2,0,0,1,0,0,7,0,5,83
TRBF-NNSMND-00,Nansemond Indian Tribe,Federally recognized tribe,VA,46,4,4,0,21,3,0,0,0,0,5,0,6,83
NHO-SLNDMP-00,Island Empire Community Development,Native Hawaiian Organization,HI,0,0,0,0,0,0,82,0,0,0,1,0,2,83
AKNF-BCKLND-00-NANARC-MANLLQ,Buckland,Federally recognized Alaska Native Village,AK,66,5,0,0,2,2,0,1,0,0,6,0,6,82
AKNF-CHFRNK-00-CALSTA-ASVCPR,Chefornak,Federally recognized Alaska Native Village,AK,73,3,0,0,0,2,0,1,0,0,2,0,5,81
AKNF-TETLIN-00-DOYONL-TNNACH,Tetlin,Federally recognized Alaska Native Village,AK,79,0,0,2,0,0,0,0,0,0,0,0,2,81
TRBS-HLWSAP-00,Haliwa-Saponi Indian Tribe,State-recognized tribe,NC,63,0,3,0,0,0,0,1,0,0,13,0,4,80
TRBS-NIPMCN-00,Nipmuc Nation,State-recognized tribe,MA,0,7,0,0,11,38,0,0,0,0,24,0,4,80
AKNF-ANVIKV-00-DOYONL-TNNACH,Anvik,Federally recognized Alaska Native Village,AK,71,5,0,0,2,0,0,1,0,0,0,0,4,79
AKNF-GNWSBY-00-CALSTA-ASVCPR,Goodnews Bay,Federally recognized Alaska Native Village,AK,63,7,0,0,5,0,0,1,0,0,3,0,5,79
TRBF-GRNDST-00,Grindstone,Federally recognized tribe,CA,26,1,0,0,41,0,8,0,0,0,2,1,6,79
TCU-NSTTTM-00,Institute of American Indian Arts,Tribal College or University,NM,26,0,0,0,0,21,0,0,0,0,32,0,3,79
AKNF-KNGGNK-00-CALSTA-ASVCPR,Kongiganak,Federally recognized Alaska Native Village,AK,71,1,0,0,0,1,0,1,0,0,2,0,5,76
AKNF-KWGLGK-00-CALSTA-ASVCPR,Kwigillingok,Federally recognized Alaska Native Village,AK,71,2,0,0,0,1,0,0,0,0,2,0,4,76
TRBS-COHRIE-00,Coharie Indian Tribe,State-recognized tribe,NC,63,0,0,0,0,0,8,0,0,0,4,0,3,75
AKNF-VMINTO-00-DOYONL-TNNACH,Minto,Federally recognized Alaska Native Village,AK,30,3,0,0,0,0,41,0,0,0,0,0,3,74
AKNF-TUNNAK-00-CALSTA-ASVCPR,Tununak,Federally recognized Alaska Native Village,AK,63,3,0,0,0,0,0,1,0,0,6,0,4,73
AKNF-NNPTCK-00-CALSTA-ASVCPR,Nunapitchuk,Federally recognized Alaska Native Village,AK,70,2,0,0,0,0,0,0,0,0,0,0,2,72
TCU-FRTPCK-00,Fort Peck Community College,Tribal College or University,MT,40,0,0,0,0,8,0,0,0,0,24,0,3,72
AKNF-KOTLIK-00-CALSTA-ASVCPR,Kotlik,Federally recognized Alaska Native Village,AK,59,3,0,0,0,0,0,1,0,0,7,0,4,70
TCU-NRTHW3-00,Northwest Indian College,Tribal College or University,WA,39,0,0,0,0,13,0,0,0,0,18,0,3,70
AKNF-KOYUKK-00-DOYONL-TNNACH,Koyukuk,Federally recognized Alaska Native Village,AK,65,3,0,0,0,0,0,0,0,0,0,0,2,68
ANVC-STMRYS-00,St. Mary's Native Corporation,Alaska Native Village Corporation,AK,0,1,0,0,0,0,67,0,0,0,0,0,2,68
AKNF-CGNKLG-00-BRBYCO-BRBYAS,Chignik Lagoon,Federally recognized Alaska Native Village,AK,48,3,0,0,7,0,7,0,0,0,2,0,5,67
AKNF-MEKRYK-00-CALSTA-ASVCPR,Mekoryuk,Federally recognized Alaska Native Village,AK,54,3,0,0,7,0,0,0,0,0,3,0,4,67
AKNF-GAKONA-00-AHTNAI-CPPRRV,Gakona,Federally recognized Alaska Native Village,AK,56,2,0,0,0,2,0,0,0,0,6,0,4,66
ITO-NRTHWS-00,Northwest Indian Fisheries Commission,Intertribal Organization,,0,0,0,0,0,8,0,46,0,0,12,0,3,66
ITO-NRTHW2-00,Northwest Portland Area Indian Health Board,Intertribal Organization,,0,0,0,0,0,13,0,40,0,0,12,0,3,65
TCU-STTNGB-00,Sitting Bull College,Tribal College or University,ND,21,0,0,0,0,12,0,0,0,0,32,0,3,65
AKNF-RAMPRT-00-DOYONL-CATHTG-TNNACH,Rampart,Federally recognized Alaska Native Village,AK,55,3,0,0,0,0,0,0,0,0,6,0,3,64
AKNF-SLMATF-00-CKINLT,Salamatof,Federally recognized Alaska Native Village,AK,52,0,0,3,5,0,0,0,0,0,3,0,4,63
TCU-LTTLBG-00,Little Big Horn College,Tribal College or University,MT,37,0,0,1,0,8,0,2,0,0,15,0,5,63
AKNF-DEERNG-00-NANARC-MANLLQ,Deering,Federally recognized Alaska Native Village,AK,40,5,0,0,2,0,0,0,0,0,15,0,4,62
AKNF-NGHTMT-00-CALSTA-ASVCPR,Nightmute,Federally recognized Alaska Native Village,AK,57,4,0,0,0,0,0,1,0,0,0,0,3,62
ANVC-CHGNKL-00,Chignik Lagoon Native Corporation,Alaska Native Village Corporation,AK,0,1,0,0,0,0,61,0,0,0,0,0,2,62
TCU-LCHLKT-00,Leech Lake Tribal College,Tribal College or University,MN,49,0,0,0,0,7,0,0,0,0,6,0,3,62
TCU-STNCHL-00,Stone Child College,Tribal College or University,MT,44,0,0,0,0,6,0,0,0,0,11,0,3,61
AKNF-HOOPBY-00-CALSTA-ASVCPR,Hooper Bay,Federally recognized Alaska Native Village,AK,37,4,0,0,4,4,9,1,0,0,1,0,7,60
AKNF-NAPSKK-00-CALSTA-ASVCPR,Napaskiak,Federally recognized Alaska Native Village,AK,51,4,0,0,0,0,0,1,0,0,4,0,4,60
ANVC-CULLYX-00,"Cully Corporation, Inc.",Alaska Native Village Corporation,AK,0,2,0,0,0,0,58,0,0,0,0,0,2,60
ANVC-NAPAKI-00,Napakiak Corporation,Alaska Native Village Corporation,AK,4,2,0,0,0,0,54,0,0,0,0,0,3,60
AKNF-HEALYL-00-DOYONL-TNNACH,Healy Lake,Federally recognized Alaska Native Village,AK,50,3,0,3,0,1,0,0,0,0,2,0,5,59
AKNF-KSIGLK-00-CALSTA-ASVCPR,Kasigluk,Federally recognized Alaska Native Village,AK,58,1,0,0,0,0,0,0,0,0,0,0,2,59
AKNF-SAVNGA-00-BERSTR-KAWRAK,Savoonga,Federally recognized Alaska Native Village,AK,45,1,0,0,12,0,0,1,0,0,0,0,4,59
ANVC-BECHAR-00,Becharof Corporation,Alaska Native Village Corporation,AK,0,1,0,0,0,1,57,0,0,0,0,0,3,59
AKNF-KIPNUK-00-CALSTA-ASVCPR,Kipnuk,Federally recognized Alaska Native Village,AK,46,4,0,0,0,2,0,1,0,0,5,0,5,58
AKNF-LIMEVL-00-CALSTA-ASVCPR,Lime,Federally recognized Alaska Native Village,AK,43,15,0,0,0,0,0,0,0,0,0,0,2,58
AKNF-MNOKTK-00-BRBYCO-BRBYAS,Manokotak,Federally recognized Alaska Native Village,AK,47,3,0,0,2,0,0,1,0,0,5,0,5,58
AKNF-ATMTLK-00-CALSTA-ASVCPR,Atmautluak,Federally recognized Alaska Native Village,AK,54,2,0,0,0,0,0,1,0,0,0,0,3,57
AKNF-PLFHBR-00-ALEUTC-PRBLFA,Pauloff Harbor,Federally recognized Alaska Native Village,AK,26,7,0,0,7,2,5,1,0,0,9,0,7,57
AKNF-PILTST-00-CALSTA-ASVCPR,Pilot Station,Federally recognized Alaska Native Village,AK,53,3,0,0,0,0,0,0,0,0,1,0,3,57
AKNF-VPAIMT-00-CALSTA-ASVCPR,Paimiut,Federally recognized Alaska Native Village,AK,46,3,0,0,0,0,0,0,0,0,7,0,3,56
ITO-HLTHBR-00,National Indian Health Board,Intertribal Organization,,0,6,0,0,0,45,0,0,0,0,5,0,3,56
CDFI-WNDRVR-00,Wind River Development Fund,Native Community Development Financial Institution,WY,36,0,0,0,0,0,18,0,0,0,2,0,3,56
AKNF-COUNCL-00-BERSTR-KAWRAK,Council,Federally recognized Alaska Native Village,AK,35,0,0,0,3,1,5,1,0,0,10,0,6,55
AKNF-STBBNS-00-BERSTR-KAWRAK,Stebbins,Federally recognized Alaska Native Village,AK,33,1,0,0,3,3,0,0,0,0,15,0,5,55
ANVC-KIJIKX-00,Kijik Corporation,Alaska Native Village Corporation,AK,6,1,0,0,0,0,48,0,0,0,0,0,3,55
TCU-SLSHKT-00,Salish Kootenai College,Tribal College or University,MT,25,0,0,0,0,9,0,0,0,0,21,0,3,55
AKNF-PRRYVL-00-BRBYCO-BRBYAS,Perryville,Federally recognized Alaska Native Village,AK,31,15,0,0,7,0,0,1,0,0,0,0,4,54
AKNF-SKAGWY-00-SEALSK,Skagway,Federally recognized Alaska Native Village,AK,39,4,0,3,1,0,0,0,0,0,7,0,5,54
AKNF-CHINIK-00-BERSTR-KAWRAK,Chinik,Federally recognized Alaska Native Village,AK,36,1,0,0,2,0,0,0,0,0,14,0,4,53
AKNF-CNTWLL-00-AHTNAI-CPPRRV,Cantwell,Federally recognized Alaska Native Village,AK,42,6,0,0,0,2,0,0,0,0,2,0,4,52
AKNF-LEVLCK-00-BRBYCO-BRBYAS,Levelock,Federally recognized Alaska Native Village,AK,42,3,0,0,2,0,0,0,0,0,5,0,4,52
TCU-CLLGMN-00,College of Menominee Nation,Tribal College or University,WI,22,0,0,0,0,9,0,0,0,0,19,0,3,50
TCU-SNTGLS-00,Sinte Gleska University,Tribal College or University,SD,21,0,0,0,0,8,0,0,0,0,21,0,3,50
AKNF-AKHIOK-00-KONIAG,Akhiok,Federally recognized Alaska Native Village,AK,16,3,0,0,27,0,0,0,0,0,3,0,4,49
AKNF-KALTAG-00-DOYONL-TNNACH,Kaltag,Federally recognized Alaska Native Village,AK,44,3,0,0,0,0,0,0,0,0,2,0,3,49
AKNF-VENTVL-00-DOYONL-CATHTG-TNNACH-VENTGV,Venetie,Federally recognized Alaska Native Village,AK,32,0,0,3,0,1,0,0,0,0,13,0,4,49
TCU-LTTLPR-00,Little Priest Tribal College,Tribal College or University,NE,28,0,0,0,0,6,0,0,0,0,15,0,3,49
AKNF-OHOGMT-00-CALSTA-ASVCPR,Ohogamiut,Federally recognized Alaska Native Village,AK,46,1,0,0,0,0,0,1,0,0,0,0,3,48
AKNF-UGASHK-00-BRBYCO-BRBYAS,Ugashik,Federally recognized Alaska Native Village,AK,40,3,0,0,0,0,0,1,0,0,4,0,4,48
ANVC-NLSNLG-00,Nelson Lagoon Corporation,Alaska Native Village Corporation,AK,0,1,0,0,0,0,47,0,0,0,0,0,2,48
AKNF-ALAKNK-00-CALSTA-ASVCPR,Alakanuk,Federally recognized Alaska Native Village,AK,45,1,0,0,0,0,0,1,0,0,0,0,3,47
AKNF-AMBLER-00-NANARC-MANLLQ,Ambler,Federally recognized Alaska Native Village,AK,33,10,0,0,4,0,0,0,0,0,0,0,3,47
AKNF-YUPIIT-00-CALSTA-ASVCPR,Andreafski,Federally recognized Alaska Native Village,AK,41,1,0,0,0,1,0,0,0,0,4,0,4,47
AKNF-NKLGNK-00-BRBYCO-BRBYAS,New Koliganek,Federally recognized Alaska Native Village,AK,40,0,0,0,2,0,0,1,0,0,4,0,4,47
ANVC-DLYCHT-00,"Deloycheet, Inc.",Alaska Native Village Corporation,AK,0,0,0,0,0,0,47,0,0,0,0,0,1,47
ANVC-NRTHW1-00,"Northway Natives, Inc.",Alaska Native Village Corporation,AK,0,0,0,0,0,0,47,0,0,0,0,0,1,47
TCU-TRTLMN-00,Turtle Mountain College,Tribal College or University,ND,22,0,0,0,0,6,0,0,0,0,19,0,3,47
TRBS-WCCMWS-00,Waccamaw Siouan Indians,State-recognized tribe,NC,43,0,0,0,0,0,0,1,0,0,2,0,3,46
AKNF-AKUTAN-00-ALEUTC-PRBLFA,Akutan,Federally recognized Alaska Native Village,AK,31,3,0,0,8,0,0,1,0,0,2,0,5,45
AKNF-CGNKBY-00-BRBYCO-BRBYAS,Chignik Bay,Federally recognized Alaska Native Village,AK,31,1,0,0,8,2,0,1,0,0,2,0,6,45
BIE-SANTAF-00,Santa Fe Indian School,BIE School,NM,23,0,0,0,0,4,0,0,0,0,18,0,3,45
AKNF-EGEGIK-00-BRBYCO-BRBYAS,Egegik,Federally recognized Alaska Native Village,AK,41,1,0,0,2,0,0,0,0,0,0,0,3,44
AKNF-NUIQST-00-ARCSLO,Nuiqsut,Federally recognized Alaska Native Village,AK,36,5,0,0,2,1,0,0,0,0,0,0,4,44
AKNF-STPAUL-00-ALEUTC-PRBLFA-PRBLFC,Saint Paul,Federally recognized Alaska Native Village,AK,0,8,0,5,2,8,0,0,0,0,21,0,5,44
AKNF-TNTTLK-00-CALSTA-ASVCPR,Tuntutuliak,Federally recognized Alaska Native Village,AK,40,4,0,0,0,0,0,0,0,0,0,0,2,44
AKNF-BLKFSK-00-ALEUTC-PRBLFA,Belkofski,Federally recognized Alaska Native Village,AK,26,6,0,2,7,0,0,1,0,0,1,0,6,43
AKNF-CLNWCK-00-CALSTA-ASVCPR,Chuloonawick,Federally recognized Alaska Native Village,AK,42,1,0,0,0,0,0,0,0,0,0,0,2,43
AKNF-KOBUKV-00-NANARC-MANLLQ,Kobuk,Federally recognized Alaska Native Village,AK,29,8,0,0,2,0,0,0,0,0,4,0,4,43
TRBS-CHKNAL-00,Cherokee Tribe of Northeast Alabama,State-recognized tribe,AL,0,0,0,0,0,2,37,0,0,0,3,0,3,42
TRBS-LABCTW-00,Louisiana Band of Choctaw,State-recognized tribe,LA,0,0,0,0,42,0,0,0,0,0,0,0,1,42
AKNF-NSTYHK-00-BRBYCO-BRBYAS,New Stuyahok,Federally recognized Alaska Native Village,AK,31,3,0,0,2,0,0,1,0,0,5,0,5,42
AKNF-NOORVK-00-NANARC-MANLLQ,Noorvik,Federally recognized Alaska Native Village,AK,38,2,0,0,2,0,0,0,0,0,0,0,3,42
AKNF-PILOTP-00-BRBYCO-BRBYAS,Pilot Point,Federally recognized Alaska Native Village,AK,34,1,0,0,3,0,4,0,0,0,0,0,4,42
ITO-NTDSTH-00,"United South and Eastern Tribes, Inc.",Intertribal Organization,,0,2,0,0,0,19,0,1,0,0,20,0,4,42
TCU-NBRSKN-00,Nebraska Indian Community College,Tribal College or University,NE,27,0,0,2,0,4,0,0,0,0,9,0,4,42
TCU-STHWST-00,Southwestern Indian Polytechnic Institute,Tribal College or University,NM,34,0,0,0,0,4,0,0,0,0,4,0,3,42
AKNF-NKLSKI-00-ALEUTC-PRBLFA,Nikolski,Federally recognized Alaska Native Village,AK,10,4,0,0,25,1,0,1,0,0,0,0,5,41
ITO-RBNHLT-00,National Council of Urban Indian Health,Intertribal Organization,,0,0,0,0,0,26,0,0,0,0,15,0,2,41
AKNF-NVUNGA-00-ALEUTC-PRBLFA,Unga,Federally recognized Alaska Native Village,AK,27,4,0,0,8,0,0,1,0,0,0,0,4,40
ITO-GRCLTR-00,Intertribal Agriculture Council,Intertribal Organization,,0,0,0,0,0,7,0,28,0,0,5,0,3,40
ITO-STHRNP-00,Southern Plains Tribal Health Board,Intertribal Organization,,0,0,0,0,0,6,0,29,0,0,5,0,3,40
UIO-HEALTH-00,Native Health,Urban Indian Organization,AZ,6,0,0,0,0,3,0,0,0,0,31,0,3,40
AKNF-CHEVAK-00-CALSTA-ASVCPR,Chevak,Federally recognized Alaska Native Village,AK,34,4,0,0,0,0,0,1,0,0,0,0,3,39
AKNF-CRKEDC-00-CALSTA-ASVCPR,Crooked Creek,Federally recognized Alaska Native Village,AK,36,2,0,0,0,0,0,1,0,0,0,0,3,39
AKNF-SHKTLK-00-BERSTR-KAWRAK,Shaktoolik,Federally recognized Alaska Native Village,AK,22,5,0,0,11,0,0,1,0,0,0,0,4,39
ITO-HOUSIN-00,National American Indian Housing Council,Intertribal Organization,,0,0,0,0,0,23,0,0,0,0,16,0,2,39
AKNF-SCMNBY-00-CALSTA-ASVCPR,Scammon Bay,Federally recognized Alaska Native Village,AK,33,2,0,0,0,0,0,1,0,0,2,0,4,38
CNSS-SHGTCK-TN,Schaghticoke Tribal Nation,State-level constituency entity,CT,0,4,0,0,0,34,0,0,0,0,0,0,2,38
AKNF-STGRGE-00-ALEUTC-PRBLFA-PRBLFC,St. George,Federally recognized Alaska Native Village,AK,3,22,0,0,7,0,0,0,0,0,6,0,4,38
AKNF-TNGRNQ-00-KONIAG,Tangirnaq,Federally recognized Alaska Native Village,AK,17,7,0,0,14,0,0,0,0,0,0,0,3,38
BIE-NAZLIN-00,Nazlini Community School,BIE School,AZ,28,0,0,0,0,1,0,0,0,0,9,0,3,38
CEDAR-ENT-000085,"Polu Kai Services, Llc",Individually Native-owned business,VA,0,0,0,0,0,0,0,19,19,0,0,0,2,38
AKNF-VEKWOK-00-BRBYCO-BRBYAS,Ekwok,Federally recognized Alaska Native Village,AK,28,1,0,0,2,0,0,1,0,0,5,0,5,37
AKNF-NKOLAI-00-DOYONL-TNNACH,Nikolai,Federally recognized Alaska Native Village,AK,34,3,0,0,0,0,0,0,0,0,0,0,2,37
AKNF-TELLER-00-BERSTR-KAWRAK,Teller,Federally recognized Alaska Native Village,AK,8,5,0,0,22,0,0,0,0,0,2,0,4,37
BIE-NVJPRP-00,Navajo Preparatory School,BIE School,NM,20,0,0,0,0,10,0,0,0,0,7,0,3,37
AKNF-SSHMRF-00-BERSTR-KAWRAK,Shishmaref IRA,Federally recognized Alaska Native Village,AK,31,0,0,0,4,0,0,1,0,0,0,0,3,36
AKNF-TATTLK-00-CHGCCO-CHGCMT,Tatitlek,Federally recognized Alaska Native Village,AK,20,3,0,0,12,0,0,1,0,0,0,0,4,36
ITO-LSKFDR-00,Alaska Federation of Natives,Intertribal Organization,,0,0,0,0,0,24,0,0,0,0,12,0,2,36
TCU-BYMLL1-00,Bay Mills Community College,Tribal College or University,MI,16,0,0,0,0,6,0,0,0,0,14,0,3,36
AKNF-FSPASS-00-ALEUTC-PRBLFA,False Pass,Federally recognized Alaska Native Village,AK,24,6,0,3,2,0,0,0,0,0,0,0,4,35
AKNF-NAPAKK-00-CALSTA-ASVCPR,Napakiak,Federally recognized Alaska Native Village,AK,33,2,0,0,0,0,0,0,0,0,0,0,2,35
AKNF-TELIDA-00-DOYONL-TNNACH,Telida,Federally recognized Alaska Native Village,AK,32,2,0,0,0,0,0,1,0,0,0,0,3,35
AKNF-NANWLK-00-CHGCCO-CHGCMT,Nanwalek,Federally recognized Alaska Native Village,AK,10,2,0,0,16,0,6,0,0,0,0,0,4,34
AKNF-GRYLNG-00-DOYONL-TNNACH,Grayling,Federally recognized Alaska Native Village,AK,23,6,0,0,2,0,0,0,0,0,2,0,4,33
AKNF-SNKNEK-00-BRBYCO-BRBYAS,South Naknek,Federally recognized Alaska Native Village,AK,29,0,0,0,3,1,0,0,0,0,0,0,3,33
NHO-HAWAII-00,Hawaiian Native Corporation,Native Hawaiian Organization,HI,0,7,0,0,0,2,0,0,0,0,24,0,3,33
AKNF-BREVIG-00-BERSTR-KAWRAK,Brevig Mission,Federally recognized Alaska Native Village,AK,17,1,0,0,14,0,0,0,0,0,0,0,3,32
TRBS-UHOUMA-00,United Houma Nation,State-recognized tribe,LA,17,1,0,0,0,4,0,4,0,0,6,0,5,32
ANVC-PEDROB-00,Pedro Bay Corporation,Alaska Native Village Corporation,AK,0,2,0,0,0,2,28,0,0,0,0,0,3,32
ANVC-SIVUQA-00,"Sivuqaq, Inc.",Alaska Native Village Corporation,AK,0,1,0,0,0,0,31,0,0,0,0,0,2,32
TCU-HSKLLN-00,Haskell Indian Nations University,Tribal College or University,KS,22,0,0,0,0,7,0,0,0,0,3,0,3,32
AKNF-IQUGMT-00-CALSTA-ASVCPR,Iqugmiut,Federally recognized Alaska Native Village,AK,31,0,0,0,0,0,0,0,0,0,0,0,1,31
AKNF-SOLOMN-00-BERSTR-KAWRAK,Solomon,Federally recognized Alaska Native Village,AK,23,1,0,0,2,0,4,1,0,0,0,0,5,31
ANVC-LEISNO-00,"Leisnoi, Inc.",Alaska Native Village Corporation,AK,1,0,0,0,15,1,14,0,0,0,0,0,4,31
ANVC-SLDVSS-00,"Seldovia Native Association, Inc.",Alaska Native Village Corporation,AK,0,0,2,0,0,3,26,0,0,0,0,0,3,31
ITO-EDUCAT-00,National Indian Education Association,Intertribal Organization,,0,0,0,0,0,27,0,0,0,0,4,0,2,31
AKNF-ACSRMT-00-CALSTA-ASVCPR,Asa'carsarmiut,Federally recognized Alaska Native Village,AK,21,0,0,0,0,1,0,0,0,0,8,0,3,30
AKNF-BIRCHC-00-DOYONL-TNNACH,Birch Creek,Federally recognized Alaska Native Village,AK,11,2,0,0,0,0,17,0,0,0,0,0,3,30
ANVC-QANIRT-00,"Qanirtuuq, Inc.",Alaska Native Village Corporation,AK,8,2,0,0,0,0,20,0,0,0,0,0,3,30
AKNF-KLSKAG-00-CALSTA-ASVCPR,Kalskag,Federally recognized Alaska Native Village,AK,26,2,0,0,0,0,0,1,0,0,0,0,3,29
AKNF-UMKUMT-00-CALSTA-ASVCPR,Umkumiut,Federally recognized Alaska Native Village,AK,29,0,0,0,0,0,0,0,0,0,0,0,1,29
ANVC-KKTRBL-00,Kake Tribal Corporation,Alaska Native Village Corporation,AK,3,1,5,0,1,5,14,0,0,0,0,0,6,29
TCU-CHFDLL-00,Chief Dull Knife College,Tribal College or University,MT,13,0,0,0,0,6,0,0,0,0,10,0,3,29
UIO-HLTHB1-00,"Indian Health Board of Minneapolis, Inc.",Urban Indian Organization,MN,21,0,0,0,0,7,0,0,0,0,1,0,3,29
AKNF-INALIK-00-BERSTR-KAWRAK,Diomede,Federally recognized Alaska Native Village,AK,13,1,0,0,2,2,0,0,0,0,10,0,5,28
AKNF-KNGISL-00-BERSTR-KAWRAK,King Island,Federally recognized Alaska Native Village,AK,19,4,0,0,4,1,0,0,0,0,0,0,4,28
AKNF-MNLYHS-00-DOYONL-TNNACH,Manley Hot Springs,Federally recognized Alaska Native Village,AK,25,2,0,0,0,0,0,1,0,0,0,0,3,28
TRBS-SANTSC-00,The Santee Indian Organization,State-recognized tribe,SC,3,0,0,0,0,0,23,0,0,0,2,0,3,28
ANVC-PLTPNT-00,Pilot Point Native Corporation,Alaska Native Village Corporation,AK,0,1,0,0,0,0,27,0,0,0,0,0,2,28
ITO-CNTRFR-00,National Center for American Indian Enterprise Development,Intertribal Organization,,0,1,0,0,0,11,0,0,0,0,16,0,3,28
TCU-NVJTCH-00,Navajo Technical University,Tribal College or University,NM,0,0,0,0,0,13,0,0,0,0,15,0,2,28
CDFI-FRBNDS-00,"Four Bands Community Fund, Incorporated",Native Community Development Financial Institution,SD,6,0,0,0,0,8,0,0,0,0,14,0,3,28
AKNF-VWALES-00-BERSTR-KAWRAK,Wales,Federally recognized Alaska Native Village,AK,11,7,0,0,8,0,0,1,0,0,0,0,4,27
ITO-HGHRDC-00,American Indian Higher Education Consortium,Intertribal Organization,,0,2,0,0,0,20,0,0,0,0,5,0,3,27
TCU-LSGVKC-00,Iḷisaġvik College,Tribal College or University,AK,8,0,0,0,0,6,0,0,0,0,13,0,3,27
BIE-CHLCHN-00,Chilchinbeto Community School,BIE School,AZ,17,0,0,0,0,0,0,0,0,0,10,0,2,27
BIE-TAKINI-00,Takini School,BIE School,SD,11,0,0,0,0,0,0,0,0,0,16,0,2,27
AKNF-ALATNA-00-DOYONL-TNNACH,Alatna,Federally recognized Alaska Native Village,AK,24,2,0,0,0,0,0,0,0,0,0,0,2,26
AKNF-NVEKUK-00-BRBYCO-BRBYAS,Ekuk,Federally recognized Alaska Native Village,AK,23,1,0,0,2,0,0,0,0,0,0,0,3,26
AKNF-TKOTNA-00-DOYONL-TNNACH,Takotna,Federally recognized Alaska Native Village,AK,20,2,0,0,0,0,4,0,0,0,0,0,3,26
AKNF-TWINHL-00-BRBYCO-BRBYAS,Twin Hills,Federally recognized Alaska Native Village,AK,19,2,0,0,0,0,4,1,0,0,0,0,4,26
ANVC-PENINS-00,Alaska Peninsula Corporation,Alaska Native Village Corporation,AK,4,4,0,0,0,0,18,0,0,0,0,0,3,26
ANVC-TGKNTV-00,"Togiak Natives, Ltd.",Alaska Native Village Corporation,AK,7,0,0,0,0,0,19,0,0,0,0,0,2,26
CDFI-HPCRDT-00,Hopi Credit Association,Native Community Development Financial Institution,AZ,26,0,0,0,0,0,0,0,0,0,0,0,1,26
UIO-STTLHL-00,Seattle Indian Health Board,Urban Indian Organization,WA,8,0,0,0,0,16,0,0,0,0,2,0,3,26
AKNF-NVLEEK-00-CALSTA-ASVCPR,Eek,Federally recognized Alaska Native Village,AK,22,3,0,0,0,0,0,0,0,0,0,0,2,25
AKNF-LKLSKG-00-CALSTA-ASVCPR,Lower Kalskag,Federally recognized Alaska Native Village,AK,22,3,0,0,0,0,0,0,0,0,0,0,2,25
ITO-TIMBER-00,Intertribal Timber Council,Intertribal Organization,,0,0,0,0,0,22,0,0,0,0,3,0,2,25
UIO-FRSTNT-00,First Nations Community HealthSource,Urban Indian Organization,NM,19,0,0,0,0,4,0,0,0,0,2,0,3,25
UIO-MRCNSF-00,Native Americans for Community Action,Urban Indian Organization,AZ,22,0,0,0,0,1,0,0,0,0,2,0,3,25
UIO-NVDRBN-00,"Nevada Urban Indians, Inc.",Urban Indian Organization,NV,23,0,0,0,0,0,0,0,0,0,2,0,2,25
AKNF-ALKNGK-00-BRBYCO-BRBYAS,Aleknagik,Federally recognized Alaska Native Village,AK,19,3,0,0,2,0,0,0,0,0,0,0,3,24
AKNF-MIGLOO-00-BERSTR-KAWRAK,Mary's Igloo,Federally recognized Alaska Native Village,AK,14,5,0,2,2,0,0,1,0,0,0,0,5,24
ITO-GRTLKS-00,Great Lakes Indian Fish & Wildlife Commission,Intertribal Organization,,0,0,0,0,0,14,0,0,0,0,10,0,2,24
TCU-DNCLLG-00,Diné College,Tribal College or University,AZ,2,0,0,0,0,10,0,0,0,0,12,0,3,24
BIE-GLCRSS-00,Gila Crossing Community School,BIE School,AZ,16,0,0,0,0,0,0,0,0,0,8,0,2,24
BIE-WIDERU-00,Wide Ruins Community School,BIE School,AZ,13,0,0,0,0,0,0,0,0,0,11,0,2,24
BIE-WNSLWR-00,Winslow Residential Hall,BIE School,AZ,13,0,0,0,0,0,0,0,0,0,11,0,2,24
CEDAR-ENT-000083,Frontier Electronic Systems Corp.,Individually Native-owned business,OK,0,0,0,0,0,0,0,0,24,0,0,0,1,24
AKNF-ATQSUK-00-ARCSLO,Atqasuk,Federally recognized Alaska Native Village,AK,21,1,0,0,1,0,0,0,0,0,0,0,3,23
AKNF-CGNKLK-00-BRBYCO-BRBYAS,Chignik Lake,Federally recognized Alaska Native Village,AK,15,2,0,0,5,0,0,1,0,0,0,0,4,23
AKNF-SHNGNK-00-NANARC-MANLLQ,Shungnak,Federally recognized Alaska Native Village,AK,13,5,0,0,2,0,0,0,0,0,3,0,4,23
TCU-NTHDTS-00,Nueta Hidatsa Sahnish College,Tribal College or University,ND,0,0,0,0,0,6,0,0,0,0,17,0,2,23
BIE-KCKPNT-00,Kickapoo Nation School,BIE School,KS,13,0,0,0,0,0,0,0,0,0,10,0,2,23
BIE-LTTLSN-00,Little Singer Community School,BIE School,AZ,13,0,0,0,0,0,0,0,0,0,10,0,2,23
BIE-LUKACH-00,Lukachukai Community School,BIE School,AZ,12,0,0,0,0,0,0,0,0,0,11,0,2,23
UIO-SNDGMR-00,San Diego American Indian Health Center,Urban Indian Organization,CA,19,0,0,0,0,2,0,0,0,0,2,0,3,23
CEDAR-ENT-000055,The Cherokee 8A Group Incorporated,Individually Native-owned business,NJ,0,0,0,0,0,0,0,0,23,0,0,0,1,23
CEDAR-ENT-000076,"Cherokee Information Services,",Individually Native-owned business,VA,0,0,0,0,0,0,0,0,23,0,0,0,1,23
ANVC-EMMONA-00,Emmonak Corporation,Alaska Native Village Corporation,AK,2,2,0,0,0,0,18,0,0,0,0,0,3,22
ANVC-SEALIO-00,Sea Lion Corporation,Alaska Native Village Corporation,AK,11,3,0,0,0,1,7,0,0,0,0,0,4,22
BIE-MARTYX-00,Marty Indian School,BIE School,SD,13,0,0,0,0,1,0,0,0,0,8,0,3,22
UIO-HLNLLN-00,Helena Indian Alliance,Urban Indian Organization,MT,19,0,0,0,0,0,0,0,0,0,3,0,2,22
CEDAR-ENT-000081,"Northcon, Inc.",Individually Native-owned business,ID,0,0,0,0,0,0,0,0,22,0,0,0,1,22
AKNF-KAGUYK-00-KONIAG,Kaguyuk,Federally recognized Alaska Native Village,AK,8,3,0,0,10,0,0,0,0,0,0,0,3,21
TRBS-MTPNIT-00,Mattaponi,State-recognized tribe,VA,6,9,0,2,4,0,0,0,0,0,0,0,4,21
ITO-FRHWND-00,Council for Native Hawaiian Advancement,Intertribal Organization,,0,0,0,0,2,16,0,0,0,0,3,0,3,21
ITO-GRTLK1-00,"Great Lakes Inter-Tribal Council, Inc.",Intertribal Organization,,0,0,0,0,0,1,0,8,0,0,12,0,3,21
ITO-GRTPL1-00,Great Plains Tribal Leaders Health Board,Intertribal Organization,,0,0,0,0,0,7,0,4,0,0,10,0,3,21
BIE-BLCKMS-00,Black Mesa Community School,BIE School,AZ,13,0,0,0,0,0,0,0,0,0,8,0,2,21
BIE-PINONX-00,Pinon Community School,BIE School,AZ,16,0,0,0,0,0,0,0,0,0,5,0,2,21
BIE-TSPZNT-00,Tiospa Zina Tribal School,BIE School,SD,13,0,0,0,0,0,0,0,0,0,8,0,2,21
TRBS-MSSISQ-00,Abenaki Nation of Missisquoi,State-recognized tribe,VT,0,0,0,0,19,0,0,0,0,0,1,0,2,20
ITO-LSKVLL-00,Alaska Native Village Corporation Association,Intertribal Organization,,0,0,0,0,0,4,0,0,0,0,16,0,2,20
BIE-ALAMON-00,Alamo Navajo Community School,BIE School,NM,9,0,0,0,0,2,0,0,0,0,9,0,3,20
BIE-CSBLNC-00,Casa Blanca Community School,BIE School,AZ,11,0,0,0,0,0,0,0,0,0,9,0,2,20
BIE-DILCON-00,Dilcon Community School,BIE School,AZ,10,0,0,0,0,0,0,0,0,0,10,0,2,20
BIE-KNDHLC-00,Kin Dah Lichi'i Olta',BIE School,AZ,12,0,0,0,0,0,0,0,0,0,8,0,2,20
UIO-MRCNHL-00,American Indian Health Service of Chicago,Urban Indian Organization,IL,19,0,0,0,0,0,0,0,0,0,1,0,2,20
CEDAR-ENT-000084,"Hal Hays Construction, Inc.",Individually Native-owned business,CA,0,0,0,0,0,0,0,0,20,0,0,0,1,20
AKNF-IVNFBY-00-BRBYCO-BRBYAS,Ivanof Bay,Federally recognized Alaska Native Village,AK,14,1,0,0,3,0,0,0,0,0,1,0,4,19
AKNF-KOYUKV-00-BERSTR-KAWRAK,Koyuk,Federally recognized Alaska Native Village,AK,12,4,0,0,2,0,0,1,0,0,0,0,4,19
AKNF-SHGELK-00-DOYONL-TNNACH,Shageluk,Federally recognized Alaska Native Village,AK,15,4,0,0,0,0,0,0,0,0,0,0,2,19
ANVC-SHSHMR-00,Shishmaref Native Corporation,Alaska Native Village Corporation,AK,3,1,0,0,0,2,0,0,0,0,13,0,4,19
ITO-FFLTDN-00,Affiliated Tribes of Northwest Indians,Intertribal Organization,,0,0,0,0,0,7,0,0,0,0,12,0,2,19
ITO-ARIZON-00,"Inter Tribal Council of Arizona, Inc.",Intertribal Organization,,0,0,0,0,0,5,0,0,0,0,14,0,2,19
TCU-NHNKDC-00,Aaniiih Nakoda College,Tribal College or University,MT,0,0,0,0,0,7,0,0,0,0,12,0,2,19
CDFI-JMSTWN-00,"Jamestown S'Klallam Tribal Capital, Incorporated",Native Community Development Financial Institution,WA,5,0,0,0,7,0,0,0,0,0,7,0,3,19
CDFI-LCHLKF-00,"Leech Lake Financial Services, Inc.",Native Financial Institution,MN,18,0,0,0,0,0,0,0,0,0,1,0,2,19
BIE-OJIBWA-00,Ojibwa Indian School,BIE School,ND,19,0,0,0,0,0,0,0,0,0,0,0,1,19
BIE-RGHRCK-00,Rough Rock Community School,BIE School,AZ,7,0,0,0,0,1,0,0,0,0,11,0,3,19
BIE-WAHELU-00,Wa He Lut Indian School,BIE School,WA,8,0,0,0,0,0,0,0,0,0,11,0,2,19
UIO-MRCNH1-00,American Indian Health & Family Services,Urban Indian Organization,MI,14,0,0,0,0,5,0,0,0,0,0,0,2,19
AKNF-ANKTVK-00-ARCSLO,Anaktuvuk Pass,Federally recognized Alaska Native Village,AK,8,3,0,0,7,0,0,0,0,0,0,0,3,18
AKNF-OGSNKL-00-BRBYCO-BRBYAS,Portage Creek,Federally recognized Alaska Native Village,AK,14,2,0,0,2,0,0,0,0,0,0,0,3,18
AKNF-STNYRV-00-CALSTA-ASVCPR,Stony River,Federally recognized Alaska Native Village,AK,12,3,0,0,0,0,0,1,0,0,2,0,4,18
ANVC-KHKKGY-00,"Akhiok-Kaguyak, Inc.",Alaska Native Village Corporation,AK,0,0,0,0,18,0,0,0,0,0,0,0,1,18
ANVC-ATXAMX-00,Atxam Corporation,Alaska Native Village Corporation,AK,4,5,0,0,9,0,0,0,0,0,0,0,3,18
ITO-GAMING-00,Indian Gaming Association,Intertribal Organization,,0,0,0,0,0,14,0,0,0,0,4,0,2,18
TCU-CLLGMS-00,College of the Muscogee Nation,Tribal College or University,OK,0,0,0,0,0,4,0,0,0,0,14,0,2,18
CDFI-SPRCRT-00,"Spruce Root, Inc.",Native Community Development Financial Institution,AK,0,0,0,0,0,2,0,2,0,0,14,0,3,18
BIE-MRCNHR-00,American Horse School,BIE School,SD,10,0,0,0,0,0,0,0,0,0,8,0,2,18
BIE-SNWCWY-00,Isna Wica Owayawa (Loneman School),BIE School,SD,9,0,0,0,0,0,0,0,0,0,9,0,2,18
UIO-FMLYHL-00,Indian Family Health Clinic,Urban Indian Organization,MT,15,0,0,0,0,0,0,0,0,0,3,0,2,18
UIO-MRCNH2-00,American Indian Health & Services Corporation,Urban Indian Organization,CA,14,0,0,0,0,0,0,0,0,0,4,0,2,18
CEDAR-ENT-000062,"Cherokee Construction Services, Llc",Individually Native-owned business,WA,0,0,0,0,0,0,0,0,18,0,0,0,1,18
CEDAR-ENT-000082,"Diversified Service Contracting, Inc.",Individually Native-owned business,NC,0,0,0,0,0,0,0,0,18,0,0,0,1,18
AKNF-NNMIQA-00-CALSTA-ASVCPR,Nunam Iqua,Federally recognized Alaska Native Village,AK,16,0,0,0,0,0,0,1,0,0,0,0,2,17
ANVC-ELIMXX-00,Elim Native Corporation,Alaska Native Village Corporation,AK,2,2,2,0,0,0,0,0,0,0,11,0,4,17
BIE-STSTPH-00,St. Stephens Indian School,BIE School,WY,17,0,0,0,0,0,0,0,0,0,0,0,1,17
BIE-BLCKWT-00,Blackwater Community School,BIE School,AZ,5,0,0,0,0,1,0,0,0,0,11,0,3,17
BIE-CRZYHR-00,Crazy Horse School,BIE School,SD,12,0,0,0,0,0,0,0,0,0,5,0,2,17
BIE-ISLAND-00,Indian Island School,BIE School,ME,17,0,0,0,0,0,0,0,0,0,0,0,1,17
BIE-KHAPOX-00,Kha'p'o Community School,BIE School,NM,2,0,0,0,0,0,0,0,0,0,15,0,2,17
BIE-LTTLWN-00,Little Wound School,BIE School,SD,14,0,0,0,0,0,0,0,0,0,3,0,2,17
BIE-WNDDKN-00,Wounded Knee District School,BIE School,SD,14,0,0,0,0,0,0,0,0,0,3,0,2,17
CEDAR-ENT-000079,Hidden Water Inc,Individually Native-owned business,KS,0,0,0,0,0,0,0,0,17,0,0,0,1,17
CEDAR-ENT-000086,"Bmi Defense Systems, Inc.",Individually Native-owned business,TX,0,0,0,0,0,0,0,0,17,0,0,0,1,17
AKNF-PNTLAY-00-ARCSLO,Point Lay IRA,Federally recognized Alaska Native Village,AK,15,0,0,0,1,0,0,0,0,0,0,0,2,16
ANVC-STMCH1-00,St. Michael Native Corporation,Alaska Native Village Corporation,AK,0,2,0,0,0,0,0,0,0,0,14,0,2,16
ITO-NEVADA-00,"Inter-Tribal Council of Nevada, Incorporated",Intertribal Organization,,0,0,0,2,4,1,0,0,0,0,9,0,4,16
BIE-CHFLSC-00,Chief Leschi Schools,BIE School,WA,6,0,0,0,0,0,0,0,0,0,10,0,2,16
BIE-NMYSWM-00,Enemy Swim Day School,BIE School,SD,5,0,0,0,0,0,0,0,0,0,11,0,2,16
UIO-MRCNH3-00,"Native American Health Center, Inc.",Urban Indian Organization,CA,12,0,0,0,0,2,0,0,0,0,2,0,3,16
CEDAR-ENT-000087,"Northwind Engineering, Llc",Individually Native-owned business,PA,0,0,0,0,0,0,0,0,16,0,0,0,1,16
TRBS-PWHTAN-00,Powhatan Renape Nation,State-recognized tribe,NJ,15,0,0,0,0,0,0,0,0,0,0,0,1,15
TRBS-ANYNWY-00,United Cherokee Ani-Yun-WiYa Nation,State-recognized tribe,AL,0,0,0,0,0,0,15,0,0,0,0,0,1,15
CDFI-CHHLST-00,Chehalis Tribal Loan Fund,Native Community Development Financial Institution,WA,14,0,0,0,0,0,0,0,0,0,1,0,2,15
CDFI-YRKLLN-00,Yurok Alliance for Northern California Housing,Native Community Development Financial Institution,CA,3,0,0,0,12,0,0,0,0,0,0,0,2,15
BIE-DZLTHN-00,Dzilth-Na-O-Dith-Hle Community School,BIE School,NM,5,0,0,0,0,0,0,0,0,0,10,0,2,15
BIE-FRSTMS-00,First Mesa Elementary School,BIE School,AZ,2,0,0,0,2,0,0,0,0,0,11,0,3,15
BIE-HOPIDA-00,Hopi Day School,BIE School,AZ,4,0,0,0,0,0,0,0,0,0,11,0,2,15
UIO-NBRSKR-00,Nebraska Urban Indian Health Coalition,Urban Indian Organization,NE,4,0,0,0,0,0,0,0,0,0,11,0,2,15
UIO-MRCNLF-00,"Native American LifeLines, Inc.",Urban Indian Organization,MD,3,0,0,0,0,6,0,0,0,0,6,0,3,15
AKNF-NVELIM-00-BERSTR-KAWRAK,Elim IRA,Federally recognized Alaska Native Village,AK,12,0,0,0,2,0,0,0,0,0,0,0,2,14
ITO-CLFRNR-00,"California Rural Indian Health Board, Inc.",Intertribal Organization,,0,0,0,2,0,6,0,0,0,0,6,0,3,14
ITO-LBQRQR-00,"Albuquerque Area Indian Health Board, Inc.",Intertribal Organization,,0,0,0,0,0,1,0,10,0,0,3,0,3,14
BIE-MNCPDY-00,Moencopi Day School,BIE School,AZ,4,0,0,0,0,0,0,0,0,0,10,0,2,14
BIE-PHNSNT-00,Pahin Sinte Owayawa School (Porcupine School),BIE School,SD,3,0,0,0,0,0,0,0,0,0,11,0,2,14
BIE-RCKPNT-00,Rock Point Community School,BIE School,AZ,3,0,0,0,0,0,0,0,0,0,11,0,2,14
BIE-SCNGWY-00,Sicangu Owayawa Oti (Rosebud Dormitory),BIE School,SD,11,0,0,0,0,0,0,0,0,0,3,0,2,14
BIE-STNDN1-00,Standing Rock Community School,BIE School,ND,6,0,0,0,0,0,0,0,0,0,8,0,2,14
UIO-BKRSFL-00,Bakersfield American Indian Health Project,Urban Indian Organization,CA,5,0,0,0,0,2,0,0,0,0,7,0,3,14
CEDAR-ENT-000065,"Cherokee Enterprises, Inc.",Individually Native-owned business,NM,0,0,0,0,0,0,0,0,14,0,0,0,1,14
TRBS-NNTCKE-00,Nanticoke Indian Tribe,State-recognized tribe,DE,5,0,0,0,0,6,0,0,0,0,2,0,3,13
ANVC-CHALUK-00,Chaluka Corporation,Alaska Native Village Corporation,AK,0,2,0,0,11,0,0,0,0,0,0,0,2,13
BIE-HNTRSP-00,Hunters Point Boarding School,BIE School,AZ,3,0,0,0,0,0,0,0,0,0,10,0,2,13
BIE-KMSCNY-00,Keams Canyon Elementary School,BIE School,AZ,2,0,0,0,0,0,0,0,0,0,11,0,2,13
BIE-MSCLRP-00,Mescalero Apache School,BIE School,NM,5,0,0,0,0,0,0,0,0,0,8,0,2,13
BIE-RCHFLD-00,Richfield Residential Hall,BIE School,UT,11,0,0,0,0,0,0,0,0,0,2,0,2,13
BIE-THDRRS-00,Theodore Roosevelt School,BIE School,AZ,3,0,0,0,0,0,0,0,0,0,10,0,2,13
NHO-RYLHWN-00,Royal Hawaiian Academy of Traditional Arts,Native Hawaiian Organization,HI,0,0,0,0,12,0,0,0,0,0,1,0,2,13
CEDAR-ENT-000054,Cherokee Chainlink And Construction Incorporated,Individually Native-owned business,CA,0,0,0,0,0,0,0,0,13,0,0,0,1,13
CEDAR-ENT-000071,"Cherokee Fire Protection, Llc",Individually Native-owned business,MD,0,0,0,0,0,0,0,0,13,0,0,0,1,13
CEDAR-ENT-000080,Mitchell Consulting Services Group Inc,Individually Native-owned business,OK,0,0,0,0,0,0,0,0,13,0,0,0,1,13
AKNF-OTSRMT-00-CALSTA-ASVCPR,Orutsararmiut,Federally recognized Alaska Native Village,AK,6,0,0,0,2,0,0,0,0,0,4,0,3,12
TRBS-PCWCNY-00,Piscataway Conoy Tribe,State-recognized tribe,MD,2,0,0,0,0,0,5,1,0,0,4,0,4,12
AKNF-SLTMUT-00-CALSTA-ASVCPR,Sleetmute,Federally recognized Alaska Native Village,AK,9,3,0,0,0,0,0,0,0,0,0,0,2,12
AKNF-NVWMTN-00-BERSTR-KAWRAK,White Mountain AK,Federally recognized Alaska Native Village,AK,11,0,0,0,0,0,0,1,0,0,0,0,2,12
TCU-THNDHM-00,Tohono O’odham Community College,Tribal College or University,AZ,2,0,0,0,0,5,0,0,0,0,5,0,3,12
CDFI-PLNTYD-00,Plenty Doors Community Development Corporation,Native Financial Institution,MT,0,0,0,0,0,4,0,0,0,0,8,0,2,12
BIE-GRSWDS-00,Greasewood Springs Community School,BIE School,AZ,4,0,0,0,0,0,0,0,0,0,8,0,2,12
BIE-HPJNRS-00,Hopi Junior Senior High School,BIE School,AZ,6,0,0,0,0,0,0,0,0,0,6,0,2,12
BIE-TWNSHP-00,Indian Township School,BIE School,ME,10,0,0,0,0,0,0,0,0,0,2,0,2,12
BIE-LCCRT2-00,Lac Courte Oreilles Ojibwe School,BIE School,WI,4,0,0,0,0,0,0,0,0,0,8,0,2,12
BIE-NAATSI-00,Naatsis'Aan Community School,BIE School,AZ,3,0,0,0,0,1,0,0,0,0,8,0,3,12
BIE-NOLIXX-00,Noli Indian School,BIE School,CA,12,0,0,0,0,0,0,0,0,0,0,0,1,12
BIE-QLTTRB-00,Quileute Tribal School,BIE School,WA,6,0,0,0,0,0,0,0,0,0,6,0,2,12
UIO-STHDKT-00,South Dakota Urban Indian Health,Urban Indian Organization,SD,5,0,0,0,0,2,0,0,0,0,5,0,3,12
UIO-MRCNC1-00,Native American Connections,Urban Indian Organization,AZ,8,0,0,0,0,3,0,0,0,0,1,0,3,12
CEDAR-ENT-000064,Cherokee Veterans Construction,Individually Native-owned business,CA,0,0,0,0,0,0,0,0,12,0,0,0,1,12
CNSF-CPTNGR-BA,Capitan Grande,Federal-level constituency entity,CA,0,0,0,0,0,3,0,0,0,0,0,8,2,11
AKNF-KANATK-00-BRBYCO-BRBYAS,Kanatak,Federally recognized Alaska Native Village,AK,9,0,0,0,0,0,0,0,0,0,2,0,2,11
BIE-KNTLRS-00,"Kinteel Residential Campus, Inc.",BIE School,NM,2,0,0,0,0,0,0,0,0,0,9,0,2,11
BIE-RCKCRK-00,Rock Creek Grant School,BIE School,SD,2,0,0,0,0,0,0,0,0,0,9,0,2,11
BIE-SCNDMS-00,Second Mesa Day School,BIE School,AZ,3,0,0,0,0,0,0,0,0,0,8,0,2,11
UIO-RBNSLT-00,Urban Indian Center of Salt Lake,Urban Indian Organization,UT,4,0,0,0,0,2,0,0,0,0,5,0,3,11
TRBS-MHRRIN-00,Meherrin Indian Tribe,State-recognized tribe,NC,5,1,0,0,0,0,0,0,0,0,4,0,3,10
NHO-MAKUAG-00,The Makua Group,Native Hawaiian Organization,HI,0,0,0,0,0,0,10,0,0,0,0,0,1,10
NHO-MKHCLT-00,Makaha Cultural Learning Center,Native Hawaiian Organization,HI,0,0,0,0,0,0,0,0,0,0,10,0,1,10
ITO-HSTRCP-00,National Association of Tribal Historic Preservation Officers,Intertribal Organization,,0,0,0,0,0,7,0,0,0,0,3,0,2,10
ITO-MICHIG-00,"Inter-Tribal Council of Michigan, Inc.",Intertribal Organization,,0,0,0,0,0,0,0,0,0,0,10,0,1,10
ITO-CALIFO-00,"Inter-Tribal Council of California, Inc.",Intertribal Organization,,0,0,0,0,0,0,0,0,0,0,10,0,1,10
ITO-LLPBLG-00,All Pueblo Council of Governors,Intertribal Organization,,0,0,0,0,0,10,0,0,0,0,0,0,1,10
BIE-DBYZHH-00,"Dibe Yazhi Habitiin Olta', Inc.",BIE School,NM,8,0,0,0,0,0,0,0,0,0,2,0,2,10
BIE-SLTLMN-00,Isleta Elementary School,BIE School,NM,2,0,0,0,0,0,0,0,0,0,8,0,2,10
BIE-BGNYGS-00,Bug-O-Nay-Ge-Shig School,BIE School,MN,9,0,0,0,0,1,0,0,0,0,0,0,2,10
BIE-CHOOSH-00,Ch'ooshgai Community School,BIE School,NM,5,0,0,0,0,0,0,0,0,0,5,0,2,10
BIE-FLGSTF-00,Flagstaff Bordertown Dormitory,BIE School,AZ,0,0,0,0,0,0,0,0,0,0,10,0,1,10
BIE-HNNHVL-00,Hannahville Indian School,BIE School,MI,10,0,0,0,0,0,0,0,0,0,0,0,1,10
BIE-HTVLLB-00,Hotevilla Bacavi Community School,BIE School,AZ,0,0,0,0,0,0,0,0,0,0,10,0,1,10
BIE-LEUPPX-00,"Leupp Schools, Inc",BIE School,AZ,0,0,0,0,0,0,0,0,0,0,10,0,1,10
UIO-LLNTN1-00,All Nations Health Center,Urban Indian Organization,MT,4,0,0,0,0,0,0,0,0,0,6,0,2,10
TRBS-CLIFTN-00,Clifton Choctaw Tribe of Louisiana,State-recognized tribe,LA,7,0,0,0,0,0,0,0,0,0,2,0,2,9
TRBS-NLHEGN-00,Nulhegan Band of the Coosuk Abenaki Nation,State-recognized tribe,VT,3,3,0,0,3,0,0,0,0,0,0,0,3,9
AKNF-OSCARV-00-CALSTA-ASVCPR,Oscarville,Federally recognized Alaska Native Village,AK,7,2,0,0,0,0,0,0,0,0,0,0,2,9
AKNF-PTKAPT-00-CALSTA-ASVCPR,Pitka's Point,Federally recognized Alaska Native Village,AK,7,2,0,0,0,0,0,0,0,0,0,0,2,9
CNSF-TEMOAK-SF,Te-Moak Tribe of Western Shoshone Indians of Nevada – South Fork Band,Federal-level constituency entity,NV,9,0,0,0,0,0,0,0,0,0,0,0,1,9
CDFI-LKTFND-00,"Lakota Fund, Inc., The",Native Community Development Financial Institution,SD,4,0,0,0,0,0,0,0,0,0,5,0,2,9
BIE-HKCDMY-00,Haak’u Community Academy,BIE School,NM,0,0,0,0,0,0,0,0,0,0,9,0,1,9
BIE-MNYFR1-00,Many Farms Community School,BIE School,AZ,0,0,0,0,0,0,0,0,0,0,9,0,1,9
BIE-NNLZHN-00,Na' Neelzhiin Ji Olta' School,BIE School,NM,2,0,0,0,0,0,0,0,0,0,7,0,2,9
BIE-NRTHR1-00,Northern Cheyenne Tribal School,BIE School,MT,0,0,0,0,0,0,0,0,0,0,9,0,1,9
UIO-SCRMNT-00,"Sacramento Native American Health Center, Inc.",Urban Indian Organization,CA,5,0,0,0,0,2,0,0,0,0,2,0,3,9
CEDAR-ENT-000053,"Cherokee Advanced Systems, Inc",Individually Native-owned business,AL,0,0,0,0,0,0,0,0,9,0,0,0,1,9
ANVC-ISANOT-00,Isanotski Corporation,Alaska Native Village Corporation,AK,0,2,0,0,0,0,5,0,0,0,1,0,3,8
ANVC-LITNIK-00,"Litnik, Inc.",Alaska Native Village Corporation,AK,0,0,0,0,8,0,0,0,0,0,0,0,1,8
NHO-HWPCFC-00,"The Hawai'i Pacific Foundation, Inc.",Native Hawaiian Organization,HI,0,0,0,0,8,0,0,0,0,0,0,0,1,8
ITO-CNTRCT-00,Native American Contractors Association,Intertribal Organization,,0,0,0,0,0,6,0,0,0,0,2,0,2,8
CDFI-CHCKS1-00,Chickasaw Community Bank,Native Community Development Financial Institution,OK,8,0,0,0,0,0,0,0,0,0,0,0,1,8
BIE-KAYENT-00,Kayenta Community School,BIE School,AZ,8,0,0,0,0,0,0,0,0,0,0,0,1,8
BIE-DSHCHB-00,Dishchii'bikoh Community School,BIE School,AZ,0,0,0,0,0,0,0,0,0,0,8,0,1,8
BIE-HNDLDR-00,Hanáádli Community School/Dormitory Inc.,BIE School,NM,0,0,0,0,0,0,0,0,0,0,8,0,1,8
BIE-PRRLRN-00,Pierre Indian School Learning Center,BIE School,SD,7,0,0,0,0,1,0,0,0,0,0,0,2,8
UIO-GRLDLG-00,Gerald L. Ignace Indian Health Center,Urban Indian Organization,WI,3,0,0,0,0,1,0,0,0,0,4,0,3,8
UIO-HLTHSN-00,Indian Health Center of Santa Clara Valley,Urban Indian Organization,CA,4,0,0,0,0,3,0,0,0,0,1,0,3,8
UIO-HNTRHL-00,Hunter Health,Urban Indian Organization,KS,3,0,0,0,0,2,0,0,0,0,3,0,3,8
UIO-HLTHCR-00,Indian Health Care Resource Center of Tulsa,Urban Indian Organization,OK,3,0,0,0,0,0,0,0,0,0,5,0,2,8
NHO-FRNDSL-00,Friends of ‘Iolani Palace,Native Hawaiian Organization,HI,0,0,0,0,7,0,0,0,0,0,1,0,2,8
NHO-KMHMHS-00,Kamehameha Schools,Native Hawaiian Organization,HI,0,0,0,0,6,2,0,0,0,0,0,0,2,8
CEDAR-ENT-000074,Cherokee Mechanical Inc,Individually Native-owned business,NC,0,0,0,0,0,0,0,0,8,0,0,0,1,8
CNSF-PTTRUT-SW,Paiute Indian Tribe of Utah – Shivwits Band of Paiutes,Federal-level constituency entity,UT,0,0,0,3,0,1,0,0,0,0,3,0,3,7
ANVC-BEANRI-00,Bean Ridge Corporation,Alaska Native Village Corporation,AK,1,1,0,0,0,0,5,0,0,0,0,0,3,7
ANVC-NIMAXX-00,Nima Corporation,Alaska Native Village Corporation,AK,3,3,0,0,1,0,0,0,0,0,0,0,3,7
ANVC-SLMTFS-00,"Salamatof Native Association, Inc.",Alaska Native Village Corporation,AK,3,0,0,3,0,0,0,0,0,0,1,0,3,7
CDFI-SCRTYS-00,Security State Bank of Oklahoma,Native Financial Institution,OK,0,0,0,0,0,0,0,0,0,7,0,0,1,7
BIE-LTTLGL-00,Little Eagle School,BIE School,SD,2,0,0,0,0,0,0,0,0,0,5,0,2,7
BIE-TSPYTP-00,Tiospaye Topa School,BIE School,SD,0,0,0,0,0,0,0,0,0,0,7,0,1,7
UIO-FRSNMR-00,Fresno American Indian Health Project,Urban Indian Organization,CA,3,0,0,0,0,2,0,0,0,0,2,0,3,7
UIO-FRNDSH-00,Friendship House Association of American Indians,Urban Indian Organization,CA,2,0,0,0,0,3,0,0,0,0,2,0,3,7
UIO-RBNNTR-00,Urban Inter-Tribal Center of Texas,Urban Indian Organization,TX,3,0,0,0,0,0,0,0,0,0,4,0,2,7
NHO-HWNCVC-00,Association of Hawaiian Civic Clubs,Native Hawaiian Organization,HI,0,0,0,0,6,0,0,0,0,0,1,0,2,7
NHO-PRTCT1-00,Protect Keopuka Ohana,Native Hawaiian Organization,HI,0,0,0,0,7,0,0,0,0,0,0,0,1,7
NHO-HNKWMH-00,‘Ohana Keaweamahi,Native Hawaiian Organization,HI,0,0,0,0,7,0,0,0,0,0,0,0,1,7
NHO-HNKHKL-00,‘Ohana Keohokālole,Native Hawaiian Organization,HI,0,0,0,0,7,0,0,0,0,0,0,0,1,7
TRBS-TEBARB-00,Choctaw-Apache Tribe of Ebarb,State-recognized tribe,LA,6,0,0,0,0,0,0,0,0,0,0,0,1,6
TRBS-GAECHK-00,Georgia Tribe of Eastern Cherokee,State-recognized tribe,GA,0,2,0,0,0,0,0,0,0,0,4,0,2,6
AKNF-REDDVL-00-CALSTA-ASVCPR,Red Devil,Federally recognized Alaska Native Village,AK,1,3,0,0,0,0,0,0,0,0,2,0,3,6
ANVC-CHCKL1-00,"Chickaloon Moose Creek Native Association, Inc.",Alaska Native Village Corporation,AK,0,2,2,0,0,1,0,0,0,0,1,0,4,6
ANVC-SAVOON-00,Savoonga Native Corporation,Alaska Native Village Corporation,AK,0,0,0,0,0,0,6,0,0,0,0,0,1,6
ITO-MDWSTL-00,Midwest Alliance of Sovereign Tribes,Intertribal Organization,,0,0,0,0,0,2,0,0,0,0,4,0,2,6
ITO-NTDMCH-00,United Tribes of Michigan,Intertribal Organization,,0,0,0,0,0,0,0,0,0,0,6,0,1,6
TCU-SNCRL1-00,San Carlos Apache College,Tribal College or University,AZ,0,0,0,0,0,4,0,0,0,0,2,0,2,6
CDFI-HCHNKC-00,Ho-Chunk Community Capital Inc.,Native Community Development Financial Institution,NE,6,0,0,0,0,0,0,0,0,0,0,0,1,6
BIE-PINERI-00,Pine Ridge School,BIE School,SD,6,0,0,0,0,0,0,0,0,0,0,0,1,6
BIE-DCKWTR-00,Duckwater Shoshone Elementary School,BIE School,NV,0,0,0,0,6,0,0,0,0,0,0,0,1,6
BIE-MNDRDS-00,Mandaree School District,BIE School,ND,0,0,0,0,0,0,0,0,0,0,6,0,1,6
BIE-MNMNTR-00,Menominee Tribal School,BIE School,WI,6,0,0,0,0,0,0,0,0,0,0,0,1,6
BIE-HKYWNG-00,Ohkay Owingeh Community School,BIE School,NM,6,0,0,0,0,0,0,0,0,0,0,0,1,6
BIE-TSYKNR-00,T'iisyaakin Residential Hall,BIE School,AZ,0,0,0,0,0,0,0,0,0,0,6,0,1,6
UIO-DRCTNS-00,"Native Directions, Inc.",Urban Indian Organization,CA,6,0,0,0,0,0,0,0,0,0,0,0,1,6
UIO-PROJEC-00,The NATIVE Project,Urban Indian Organization,WA,2,0,0,0,0,0,0,0,0,0,4,0,2,6
NHO-PPLLKH-00,Papa Ola Lokahi,Native Hawaiian Organization,HI,0,0,0,0,0,5,0,0,0,0,1,0,2,6
CEDAR-ENT-000050,Cherokee Termite And Pest Control,Individually Native-owned business,OK,0,0,0,0,0,0,0,0,6,0,0,0,1,6
CEDAR-ENT-000060,Cherokee Energy Management & Construction Inc,Individually Native-owned business,VA,0,0,0,0,0,0,0,0,6,0,0,0,1,6
CEDAR-ENT-000070,"Cherokee Controls, Inc",Individually Native-owned business,AL,0,0,0,0,0,0,0,0,6,0,0,0,1,6
TRBS-BLFBCH-00,Bayou Lafourche Band of BiloxiChitimacha Confederation of Muskogees,State-recognized tribe,LA,0,0,0,0,0,0,5,0,0,0,0,0,1,5
TRBS-ELNUAB-00,Elnu Abenaki Tribe,State-recognized tribe,VT,0,1,0,0,3,0,0,1,0,0,0,0,3,5
TRBS-NCHTCH-00,Natchitoches Tribe of Louisiana,State-recognized tribe,LA,1,0,0,0,0,0,0,0,0,0,4,0,2,5
TRBS-PTWMCK-00,Patawomeck Indian Tribe of Virginia,State-recognized tribe,VA,0,1,2,0,0,0,0,0,0,0,2,0,3,5
ANVC-HAIDAX-00,Haida Corporation,Alaska Native Village Corporation,AK,0,1,0,0,0,0,0,0,0,0,4,0,2,5
ANVC-INALI1-00,Inalik Native Corporation,Alaska Native Village Corporation,AK,0,1,0,0,4,0,0,0,0,0,0,0,2,5
ANVC-TELLE1-00,Teller Native Corporation,Alaska Native Village Corporation,AK,0,1,0,0,4,0,0,0,0,0,0,0,2,5
ANVC-YKNTVS-00,"Uyak Natives, Inc.",Alaska Native Village Corporation,AK,0,0,0,0,5,0,0,0,0,0,0,0,1,5
ITO-STHRNC-00,Southern California Tribal Chairmen's Association,Intertribal Organization,,0,0,0,2,0,2,0,0,0,0,1,0,3,5
ITO-RCKYMN-00,Rocky Mountain Tribal Leaders Council,Intertribal Organization,,0,0,0,0,0,0,0,0,0,0,5,0,1,5
ITO-KLHMGM-00,Oklahoma Indian Gaming Association,Intertribal Organization,,0,0,0,0,0,1,0,0,0,0,4,0,2,5
ITO-MDWSTN-00,"Midwest Tribal Energy Resources Association, Inc.",Intertribal Organization,,0,0,0,2,0,0,0,1,0,0,2,0,3,5
ITO-NRGYRS-00,Council of Energy Resource Tribes,Intertribal Organization,,0,0,0,0,0,4,0,0,0,0,1,0,2,5
CDFI-AKIPTA-00,"Akiptan, Inc.",Native Community Development Financial Institution,SD,0,0,0,0,0,2,0,0,0,0,3,0,2,5
BIE-CHEMAW-00,Chemawa Indian School,BIE School,OR,0,0,0,0,0,5,0,0,0,0,0,0,1,5
BIE-JNSCDM-00,Jones Academy,BIE School,OK,5,0,0,0,0,0,0,0,0,0,0,0,1,5
BIE-STFRNC-00,St. Francis Indian School,BIE School,SD,0,0,0,0,0,1,0,0,0,0,4,0,2,5
BIE-WHTSHL-00,White Shield School District,BIE School,ND,3,0,0,0,0,0,0,0,0,0,2,0,2,5
UIO-KNSSCT-00,Kansas City Indian Center,Urban Indian Organization,MO,0,0,0,0,0,2,0,0,0,0,3,0,2,5
UIO-RBNHL1-00,Urban Indian Health Institute,Urban Indian Organization,,0,0,0,0,0,5,0,0,0,0,0,0,1,5
NHO-HLMCLT-00,Hale Mua Cultural Group,Native Hawaiian Organization,HI,0,0,0,0,4,0,0,0,0,0,1,0,2,5
NHO-KLLHRT-00,Kalaeloa Heritage and Legacy Foundation,Native Hawaiian Organization,HI,0,0,0,0,4,0,0,0,0,0,1,0,2,5
TRBS-CHPQDK-00,Chappaquiddick Tribe of the Wampanoag Indian Nation,State-recognized tribe,MA,0,0,0,0,0,0,0,0,0,0,4,0,1,4
TRBS-CHBGMG-00,Chaubunagungamaug Band of Nipmuck Indians,State-recognized tribe,MA,0,0,0,0,2,2,0,0,0,0,0,0,2,4
TRBS-KOASEK-00,Koasek Traditional Band of the Koas Abenaki Nation,State-recognized tribe,VT,0,1,0,0,3,0,0,0,0,0,0,0,2,4
TRBS-NTWYVA-00,Nottoway Indian Tribe of Virginia,State-recognized tribe,VA,0,0,2,0,0,0,0,0,0,0,2,0,2,4
TRBS-OCCNCH-00,Occaneechi Band of the Saponi Nation,State-recognized tribe,NC,4,0,0,0,0,0,0,0,0,0,0,0,1,4
TRBS-UPSCPD-00,Pee Dee Indian Nation of Upper South Carolina,State-recognized tribe,SC,0,0,0,0,0,0,0,0,0,0,4,0,1,4
ANVC-BVRKWT-00,Beaver Kwit'chin Corporation,Alaska Native Village Corporation,AK,0,4,0,0,0,0,0,0,0,0,0,0,1,4
ANVC-DINYEA-00,Dinyea Corporation,Alaska Native Village Corporation,AK,0,3,0,0,0,1,0,0,0,0,0,0,2,4
ANVC-IQFIJO-00,Iqfijouaq Company,Alaska Native Village Corporation,AK,2,2,0,0,0,0,0,0,0,0,0,0,2,4
ANVC-KNIKAT-00,"Knikatnu, Inc.",Alaska Native Village Corporation,AK,0,0,2,0,0,2,0,0,0,0,0,0,2,4
ANVC-KUUKPI-00,Kuukpik Corporation,Alaska Native Village Corporation,AK,0,3,0,0,0,1,0,0,0,0,0,0,2,4
ANVC-NNKKYP-00,Nunakauiak Yupik Corporation,Alaska Native Village Corporation,AK,0,3,0,0,0,1,0,0,0,0,0,0,2,4
ANVC-RSSNMS-00,Russian Mission Native Corporation,Alaska Native Village Corporation,AK,3,1,0,0,0,0,0,0,0,0,0,0,2,4
ANVC-SHUYAK-00,"Shuyak, Inc.",Alaska Native Village Corporation,AK,0,0,0,0,4,0,0,0,0,0,0,0,1,4
ANVC-TETLI1-00,Tetlin Native Corporation,Alaska Native Village Corporation,AK,0,0,0,0,2,2,0,0,0,0,0,0,2,4
ANVC-GNKNTV-00,"Uganik Natives, Inc.",Alaska Native Village Corporation,AK,0,0,0,0,4,0,0,0,0,0,0,0,1,4
ANVC-MNTNCR-00,"Montana Creek Native Association, Inc.",ANCSA Group Corporation,AK,4,0,0,0,0,0,0,0,0,0,0,0,1,4
ITO-HWNRG1-00,Native Hawaiian Organizations Association,Intertribal Organization,,0,0,0,0,0,2,0,0,0,0,2,0,2,4
ITO-NCSRGN-00,ANCSA Regional Association,Intertribal Organization,,0,0,0,0,0,3,0,0,0,0,1,0,2,4
ITO-MRCNSN-00,Native Americans in Philanthropy,Intertribal Organization,,0,0,0,0,0,0,0,0,0,0,4,0,1,4
ITO-TLCMMN-00,National Tribal Telecommunications Association,Intertribal Organization,,0,0,0,0,0,4,0,0,0,0,0,0,1,4
ITO-WSHNGT-00,Washington Indian Gaming Association,Intertribal Organization,,0,0,0,0,0,0,0,0,0,0,4,0,1,4
ITO-CLFRNN-00,California Nations Indian Gaming Association,Intertribal Organization,,0,0,0,0,0,2,0,0,0,0,2,0,2,4
CDFI-FRDRCT-00,Four Directions Development Corporation,Native Community Development Financial Institution,ME,2,0,0,0,0,0,0,0,0,0,2,0,2,4
CDFI-MNSTFN-00,Mni Sota Fund,Native Community Development Financial Institution,MN,0,0,0,0,0,4,0,0,0,0,0,0,1,4
CDFI-MNTNHM-00,"Montana Homeownership Network, Inc. The",Native Community Development Financial Institution,MT,0,0,0,0,0,0,0,4,0,0,0,0,1,4
CDFI-NRTHW4-00,Northwest Native Development Fund,Native Community Development Financial Institution,WA,0,0,0,0,0,0,0,0,0,0,4,0,1,4
CDFI-PPLSPR-00,Peoples Partners for Community Development,Native Community Development Financial Institution,MT,0,0,0,0,0,0,0,0,0,0,4,0,1,4
CDFI-SQYHFN-00,"Sequoyah Fund Inc., The",Native Community Development Financial Institution,NC,0,0,0,0,0,0,0,0,0,0,4,0,1,4
BIE-CRCLNT-00,Circle of Nations Wahpeton Indian School,BIE School,ND,0,0,0,0,0,0,0,0,0,0,4,0,1,4
BIE-LWRBR1-00,Lower Brule Schools,BIE School,SD,2,0,0,0,0,2,0,0,0,0,0,0,2,4
NHO-HKKNLK-00,Aha Kukaniloko Koa Mana mea ola kanaka mauli,Native Hawaiian Organization,HI,0,0,0,0,4,0,0,0,0,0,0,0,1,4
CEDAR-ENT-000063,Cherokee Holdings Llc,Individually Native-owned business,CA,0,0,0,0,0,0,0,0,4,0,0,0,1,4
CEDAR-ENT-000068,Cherokee Construction Inc,Individually Native-owned business,KS,0,0,0,0,0,0,0,0,4,0,0,0,1,4
CEDAR-ENT-000069,"C.I.S. Contracting, Llc",Individually Native-owned business,AL,0,0,0,0,0,0,0,0,4,0,0,0,1,4
TRBS-LNPEDE-00,Lenape Indian Tribe of Delaware,State-recognized tribe,DE,0,0,0,0,1,0,0,0,0,0,2,0,2,3
TRBS-WSSMSW-00,The Wassamasaw Tribe of Varnertown Indians,State-recognized tribe,SC,0,0,1,0,0,0,0,0,0,0,2,0,2,3
TRBS-UNKCHG-00,Unkechaug Nation,State-recognized tribe,NY,0,1,0,0,2,0,0,0,0,0,0,0,2,3
ANVC-KNNTVS-00,"Kenai Natives Association, Inc.",Alaska Native Village Corporation,AK,2,0,0,0,0,1,0,0,0,0,0,0,2,3
ANVC-KNGNKL-00,Kongnikilnomuit Yuita Corporation,Alaska Native Village Corporation,AK,0,3,0,0,0,0,0,0,0,0,0,0,1,3
ANVC-KTLKYP-00,Kotlik Yupik Corporation,Alaska Native Village Corporation,AK,0,3,0,0,0,0,0,0,0,0,0,0,1,3
ANVC-KOYUKX-00,Koyuk Native Corporation,Alaska Native Village Corporation,AK,0,3,0,0,0,0,0,0,0,0,0,0,1,3
ANVC-SAGUYA-00,"Saguyak, Inc.",Alaska Native Village Corporation,AK,3,0,0,0,0,0,0,0,0,0,0,0,1,3
ANVC-SANAKX-00,Sanak Corporation,Alaska Native Village Corporation,AK,0,3,0,0,0,0,0,0,0,0,0,0,1,3
ANVC-STBBN1-00,Stebbins Native Corporation,Alaska Native Village Corporation,AK,0,1,0,2,0,0,0,0,0,0,0,0,2,3
ITO-GRTLK2-00,"Great Lakes Area Tribal Health Board, Inc.",Intertribal Organization,,0,0,0,0,0,1,0,0,0,0,2,0,2,3
ITO-NVRNMN-00,National Tribal Environmental Council,Intertribal Organization,,0,0,0,0,0,3,0,0,0,0,0,0,1,3
CDFI-CHSHBK-00,"Chi Ishobak, Inc.",Native Community Development Financial Institution,MI,0,0,0,0,0,0,0,0,0,0,3,0,1,3
CDFI-NCDCFN-00,NACDC Financial Services Inc.,Native Community Development Financial Institution,MT,0,0,0,0,0,0,0,0,0,0,3,0,1,3
CDFI-CMMNTY-00,Native Community Capital,Native Community Development Financial Institution,NM,0,0,0,0,0,0,0,0,0,0,3,0,1,3
CDFI-TWLNDN-00,Tiwa Lending Services,Native Community Development Financial Institution,NM,0,0,0,0,0,1,0,0,0,0,2,0,2,3
CDFI-EAGLEB-00,Eagle Bank,Native Financial Institution,MT,0,0,0,0,0,3,0,0,0,0,0,0,1,3
BIE-TWNBTT-00,Twin Buttes Elementary School,BIE School,ND,3,0,0,0,0,0,0,0,0,0,0,0,1,3
UIO-MRCNCN-00,"American Indian Council on Alcoholism, Inc.",Urban Indian Organization,WI,2,0,0,0,0,0,0,0,0,0,1,0,2,3
UIO-BTTWLL-00,Butte Native Wellness Center,Urban Indian Organization,MT,0,0,0,0,0,0,0,0,0,0,3,0,1,3
UIO-NWYRKC-00,"New York Indian Council, Inc.",Urban Indian Organization,NY,0,0,0,0,3,0,0,0,0,0,0,0,1,3
UIO-MNTNCN-00,Montana Consortium for Urban Indian Health,Urban Indian Organization,,2,0,0,0,0,0,0,0,0,0,1,0,2,3
NHO-HWNCV1-00,Hawaiian Civic Club of Wahiawa,Native Hawaiian Organization,HI,0,0,0,0,2,0,0,0,0,0,1,0,2,3
NHO-HKLLKH-00,Hui Kaleleiki Ohana,Native Hawaiian Organization,HI,0,0,0,0,3,0,0,0,0,0,0,0,1,3
CEDAR-ENT-000059,Cherokee Joint Venture Limited Liability Company,Individually Native-owned business,WA,0,0,0,0,0,0,0,0,3,0,0,0,1,3
CEDAR-ENT-000061,Cherokee Enterprises Inc,Individually Native-owned business,NC,0,0,0,0,0,0,0,0,3,0,0,0,1,3
CEDAR-ENT-000075,Cherokee Government Applications Llc,Individually Native-owned business,OK,0,0,0,0,0,0,0,0,3,0,0,0,1,3
TRBS-ACCHNK-00,Accohannock Indian Tribe,State-recognized tribe,MD,0,0,0,0,0,0,0,0,0,0,2,0,1,2
TRBS-GCDLAC-00,Grand Caillou/Dulac Band of Biloxi Chitimacha Choctaw,State-recognized tribe,LA,0,0,0,0,0,0,0,0,0,0,2,0,1,2
TRBS-HSSNMS-00,Hassanamisco Nipmuc Band,State-recognized tribe,MA,0,0,0,0,2,0,0,0,0,0,0,0,1,2
CNSF-PTTRUT-CD,Paiute Indian Tribe of Utah – Cedar Band of Paiutes,Federal-level constituency entity,UT,0,2,0,0,0,0,0,0,0,0,0,0,1,2
TRBS-PDMONT-00,Piedmont American Indian Association Lower Eastern Cherokee Nation,State-recognized tribe,SC,2,0,0,0,0,0,0,0,0,0,0,0,1,2
TRBS-PSHAWN-00,Piqua Shawnee Tribe,State-recognized tribe,AL,0,0,0,0,0,0,0,0,0,0,2,0,1,2
TRBS-PCWNAT-00,Piscataway Indian Nation,State-recognized tribe,MD,0,0,0,0,0,0,0,0,0,0,2,0,1,2
TRBS-SEACNK-00,Seaconke Wampanoag Tribe,State-recognized tribe,RI,0,0,0,0,0,0,0,0,0,0,2,0,1,2
TRBS-STRCHW-00,Sumter Tribe of Cheraw Indians,State-recognized tribe,SC,0,0,0,0,0,0,0,0,0,0,2,0,1,2
TRBS-WCCMWP-00,The Waccamaw Indian People,State-recognized tribe,SC,0,0,0,0,0,0,0,0,0,0,2,0,1,2
ANVC-AKUTA1-00,Akutan Corporation,Alaska Native Village Corporation,AK,0,1,0,0,0,0,0,0,0,0,1,0,2,2
ANVC-ASKINU-00,Askinuk Corporation,Alaska Native Village Corporation,AK,0,2,0,0,0,0,0,0,0,0,0,0,1,2
ANVC-ATQASU-00,Atqasuk Corporation,Alaska Native Village Corporation,AK,0,2,0,0,0,0,0,0,0,0,0,0,1,2
ANVC-AZACHO-00,"Azachorok, Inc.",Alaska Native Village Corporation,AK,2,0,0,0,0,0,0,0,0,0,0,0,1,2
ANVC-BLKFS1-00,Belkofski Corporation,Alaska Native Village Corporation,AK,0,2,0,0,0,0,0,0,0,0,0,0,1,2
ANVC-CHLKYT-00,Chalkyitsik Native Corporation,Alaska Native Village Corporation,AK,0,2,0,0,0,0,0,0,0,0,0,0,1,2
ANVC-CHEVA1-00,Chevak Company,Alaska Native Village Corporation,AK,0,2,0,0,0,0,0,0,0,0,0,0,1,2
ANVC-DNZHTH-00,Danzhit Hanlaii Corporation,Alaska Native Village Corporation,AK,0,2,0,0,0,0,0,0,0,0,0,0,1,2
ANVC-NGLSHB-00,The English Bay Corporation,Alaska Native Village Corporation,AK,0,2,0,0,0,0,0,0,0,0,0,0,1,2
ANVC-IGIUGI-00,Igiugig Native Corporation,Alaska Native Village Corporation,AK,0,2,0,0,0,0,0,0,0,0,0,0,1,2
ANVC-KNGCVH-00,"King Cove Holdings, LLC",Alaska Native Village Corporation,AK,0,0,0,0,0,2,0,0,0,0,0,0,1,2
ANVC-KUITSA-00,"Kuitsarak, Inc.",Alaska Native Village Corporation,AK,0,1,0,0,0,1,0,0,0,0,0,0,2,2
ANVC-MRYSGL-00,Mary's Igloo Native Corporation,Alaska Native Village Corporation,AK,0,2,0,0,0,0,0,0,0,0,0,0,1,2
ANVC-MSRCLQ-00,"Maserculiq, Inc.",Alaska Native Village Corporation,AK,2,0,0,0,0,0,0,0,0,0,0,0,1,2
ANVC-MNDSCH-00,Mendas Cha-ag Native Corporation,Alaska Native Village Corporation,AK,0,1,0,0,0,1,0,0,0,0,0,0,2,2
ANVC-NNLCH1-00,"Ninilchik Natives Association, Inc.",Alaska Native Village Corporation,AK,0,0,0,0,0,2,0,0,0,0,0,0,1,2
ANVC-NNPGLL-00,Nunapiglluraq Corporation,Alaska Native Village Corporation,AK,0,2,0,0,0,0,0,0,0,0,0,0,1,2
ANVC-OCEANS-00,Oceanside Corporation,Alaska Native Village Corporation,AK,0,2,0,0,0,0,0,0,0,0,0,0,1,2
ANVC-SCRVLL-00,Oscarville Native Corporation,Alaska Native Village Corporation,AK,0,2,0,0,0,0,0,0,0,0,0,0,1,2
ANVC-SHEEAT-00,"Shee Atika, Incorporated",Alaska Native Village Corporation,AK,0,0,0,0,2,0,0,0,0,0,0,0,1,2
ANVC-SWANLA-00,Swan Lake Corporation,Alaska Native Village Corporation,AK,0,2,0,0,0,0,0,0,0,0,0,0,1,2
ANVC-TLKSRM-00,"Tulkisarmute, Inc.",Alaska Native Village Corporation,AK,2,0,0,0,0,0,0,0,0,0,0,0,1,2
ANVC-TNNRMT-00,Tununrmiut Rinit Corporation,Alaska Native Village Corporation,AK,0,2,0,0,0,0,0,0,0,0,0,0,1,2
ANVC-LXNDRC-00,"Alexander Creek, Inc.",ANCSA Group Corporation,AK,0,0,0,0,0,1,0,0,0,0,1,0,2,2
NHO-PLTRNC-00,Pelatron Center for Economic Development,Native Hawaiian Organization,HI,0,0,0,0,0,0,0,0,0,0,2,0,1,2
ITO-NAFOAX-00,NAFOA,Intertribal Organization,,0,0,0,0,0,0,0,0,0,0,2,0,1,2
ITO-SLFGVR-00,Self-Governance Communication and Educational Tribal Consortium,Intertribal Organization,,0,0,0,0,0,0,0,0,0,0,2,0,1,2
ITO-RZNGMN-00,Arizona Indian Gaming Association,Intertribal Organization,,0,0,0,0,0,0,0,0,0,0,2,0,1,2
ITO-MNNSTG-00,Minnesota Indian Gaming Association,Intertribal Organization,,0,0,0,0,0,0,0,0,0,0,2,0,1,2
ITO-ENERGY-00,"National Inter-Tribal Energy Council, Inc.",Intertribal Organization,,0,0,0,0,0,0,0,0,0,0,2,0,1,2
CDFI-CTZNPT-00,Citizen Potawatomi Community Development Corporation,Native Community Development Financial Institution,OK,0,0,0,0,0,0,0,0,0,0,2,0,1,2
CDFI-FRSTMR-00,"First American Capital Corporation, Inc.",Native Community Development Financial Institution,WI,0,0,0,0,0,0,0,0,0,0,2,0,1,2
CDFI-NTV360-00,"Native360 Loan Fund, Inc.",Native Community Development Financial Institution,NE,0,0,0,0,0,2,0,0,0,0,0,0,1,2
CDFI-SNCNTN-00,Seneca Nation of Indians Economic Development Company,Native Community Development Financial Institution,NY,2,0,0,0,0,0,0,0,0,0,0,0,1,2
CDFI-FRSTST-00,First State Bank,Native Financial Institution,TX,0,0,0,0,0,2,0,0,0,0,0,0,1,2
CDFI-CDFNTW-00,Native CDFI Network,Native Financial Institution,NE,0,0,0,0,0,2,0,0,0,0,0,0,1,2
BIE-ANETHX-00,Aneth Community School,BIE School,UT,2,0,0,0,0,0,0,0,0,0,0,0,1,2
BIE-DNNHTS-00,Dennehotso Boarding School,BIE School,AZ,2,0,0,0,0,0,0,0,0,0,0,0,1,2
BIE-KBTBRD-00,Kaibeto Boarding School,BIE School,AZ,2,0,0,0,0,0,0,0,0,0,0,0,1,2
BIE-MNYFRM-00,Many Farms High School,BIE School,AZ,2,0,0,0,0,0,0,0,0,0,0,0,1,2
BIE-RDRCKD-00,Red Rock Day School,BIE School,AZ,2,0,0,0,0,0,0,0,0,0,0,0,1,2
BIE-SNSTDY-00,Sanostee Day School,BIE School,NM,2,0,0,0,0,0,0,0,0,0,0,0,1,2
BIE-TAOSDA-00,Taos Day School,BIE School,NM,2,0,0,0,0,0,0,0,0,0,0,0,1,2
BIE-WNGTHG-00,Wingate High School,BIE School,NM,2,0,0,0,0,0,0,0,0,0,0,0,1,2
BIE-LGNLMN-00,Laguna Elementary School,BIE School,NM,2,0,0,0,0,0,0,0,0,0,0,0,1,2
BIE-PSCHLS-00,Paschal Sherman Indian School,BIE School,WA,2,0,0,0,0,0,0,0,0,0,0,0,1,2
BIE-TTTPTR-00,Tate Topa Tribal School (Four Winds),BIE School,ND,2,0,0,0,0,0,0,0,0,0,0,0,1,2
BIE-TRTLM4-00,Turtle Mountain Community High School,BIE School,ND,0,0,0,0,0,2,0,0,0,0,0,0,1,2
BIE-TOHAJI-00,TóHajiilee Community School,BIE School,NM,2,0,0,0,0,0,0,0,0,0,0,0,1,2
UIO-DNVRHL-00,"Denver Indian Health & Family Service, Inc.",Urban Indian Organization,CO,0,0,0,0,0,0,0,0,0,0,2,0,1,2
UIO-MRCNRH-00,"Native American Rehabilitation Association of the Northwest, Inc.",Urban Indian Organization,OR,2,0,0,0,0,0,0,0,0,0,0,0,1,2
NHO-LHFRST-00,Aloha First,Native Hawaiian Organization,HI,0,0,0,0,1,0,0,0,0,0,1,0,2,2
NHO-EOLAKA-00,E Ola Kākou Hawaiʻi,Native Hawaiian Organization,HI,0,0,0,0,2,0,0,0,0,0,0,0,1,2
NHO-KHKPNK-00,Kaha I Ka Panoa Kaleponi Hawaiian Civic Club,Native Hawaiian Organization,HI,0,0,0,0,2,0,0,0,0,0,0,0,1,2
NHO-KAMEAL-00,Kamealoha,Native Hawaiian Organization,HI,0,0,0,0,2,0,0,0,0,0,0,0,1,2
NHO-KWHPHN-00,Kawaihapai Ohana,Native Hawaiian Organization,HI,0,0,0,0,2,0,0,0,0,0,0,0,1,2
NHO-KWLLWL-00,Kawaileo Law A Limited Liability Law Company,Native Hawaiian Organization,HI,0,0,0,0,2,0,0,0,0,0,0,0,1,2
NHO-LP2020-00,La‘i‘Ōpua 2020,Native Hawaiian Organization,HI,0,0,0,0,2,0,0,0,0,0,0,0,1,2
NHO-MAHUOH-00,Mahu Ohana,Native Hawaiian Organization,HI,0,0,0,0,2,0,0,0,0,0,0,0,1,2
NHO-HWNCHR-00,Native Hawaiian Church,Native Hawaiian Organization,HI,0,0,0,0,2,0,0,0,0,0,0,0,1,2
NHO-MRYKWN-00,The Mary Kawena Pūku‘i Cultural Preservation Society,Native Hawaiian Organization,HI,0,0,0,0,2,0,0,0,0,0,0,0,1,2
CEDAR-ENT-000048,Bank Of Cherokee County,Individually Native-owned business,OK,0,0,0,0,0,0,0,0,2,0,0,0,1,2
CEDAR-ENT-000049,"Cherokee Unlimited, Inc",Individually Native-owned business,NV,0,0,0,0,0,0,0,0,2,0,0,0,1,2
CEDAR-ENT-000051,"Cherokee Components, Llc",Individually Native-owned business,TX,0,0,0,0,0,0,0,0,2,0,0,0,1,2
CEDAR-ENT-000052,Cherokee - Technical Specialis,Individually Native-owned business,FL,0,0,0,0,0,0,0,0,2,0,0,0,1,2
CEDAR-ENT-000056,"Cherokee Construction, Inc.",Individually Native-owned business,GA,0,0,0,0,0,0,0,0,2,0,0,0,1,2
CEDAR-ENT-000057,Cherokee Asphalt Solutions Llc,Individually Native-owned business,IL,0,0,0,0,0,0,0,0,2,0,0,0,1,2
CEDAR-ENT-000058,Cherokee Hardware,Individually Native-owned business,NC,0,0,0,0,0,0,0,0,2,0,0,0,1,2
CEDAR-ENT-000066,Cherokee Midwest Exterminating Company,Individually Native-owned business,OK,0,0,0,0,0,0,0,0,2,0,0,0,1,2
CEDAR-ENT-000067,Cherokee Products Incorporated,Individually Native-owned business,TX,0,0,0,0,0,0,0,0,2,0,0,0,1,2
CEDAR-ENT-000072,Cherokee Integrated Technologi,Individually Native-owned business,TX,0,0,0,0,0,0,0,0,2,0,0,0,1,2
CEDAR-ENT-000073,Cherokee Information Systems Limited Liability Company,Individually Native-owned business,NV,0,0,0,0,0,0,0,0,2,0,0,0,1,2
CEDAR-ENT-000077,Cherokee Construction And Excavating Llc,Individually Native-owned business,KY,0,0,0,0,0,0,0,0,2,0,0,0,1,2
CEDAR-ENT-000078,Cherokee Construction Enterprises,Individually Native-owned business,VA,0,0,0,0,0,0,0,0,2,0,0,0,1,2
TRBS-EDISTO-00,Edisto Natchez-Kusso Tribe of South Carolina,State-recognized tribe,SC,0,0,1,0,0,0,0,0,0,0,0,0,1,1
TRBS-RMAPGH-00,Ramapough Lenape Nation,State-recognized tribe,NJ,0,0,0,0,0,0,0,1,0,0,0,0,1,1
CNSS-SHGTCK-TR,Schaghticoke Indian Tribe,State-level constituency entity,CT,0,1,0,0,0,0,0,0,0,0,0,0,1,1
CNSF-TEMOAK-BT,Te-Moak Tribe of Western Shoshone Indians of Nevada – Battle Mountain Band,Federal-level constituency entity,NV,0,0,0,1,0,0,0,0,0,0,0,0,1,1
ANVC-ALAKAN-00,Alakanuk Native Corporation,Alaska Native Village Corporation,AK,0,1,0,0,0,0,0,0,0,0,0,0,1,1
ANVC-BNYLKN-00,Baan O Yeel Kon Corporation,Alaska Native Village Corporation,AK,0,1,0,0,0,0,0,0,0,0,0,0,1,1
ANVC-BRVGMS-00,Brevig Mission Native Corporation,Alaska Native Village Corporation,AK,0,1,0,0,0,0,0,0,0,0,0,0,1,1
ANVC-CHFRNR-00,"Chefarnrmute, Inc.",Alaska Native Village Corporation,AK,0,0,0,0,0,1,0,0,0,0,0,0,1,1
ANVC-CHLNWC-00,Chuloonawick Corporation,Alaska Native Village Corporation,AK,0,1,0,0,0,0,0,0,0,0,0,0,1,1
ANVC-DINEEG-00,Dineega Corporation,Alaska Native Village Corporation,AK,0,1,0,0,0,0,0,0,0,0,0,0,1,1
ANVC-DOTLA1-00,Dot Lake Native Corporation,Alaska Native Village Corporation,AK,0,1,0,0,0,0,0,0,0,0,0,0,1,1
ANVC-GLDCRK-00,"Gold Creek-Susitna Native Association, Inc.",Alaska Native Village Corporation,AK,0,0,0,0,0,1,0,0,0,0,0,0,1,1
ANVC-GOLOVI-00,Golovin Native Corporation,Alaska Native Village Corporation,AK,0,1,0,0,0,0,0,0,0,0,0,0,1,1
ANVC-HYLNGD-00,Hee-Yea-Lingde Corporation,Alaska Native Village Corporation,AK,0,1,0,0,0,0,0,0,0,0,0,0,1,1
ANVC-HNGWTC-00,Hungwitchin Corporation,Alaska Native Village Corporation,AK,0,1,0,0,0,0,0,0,0,0,0,0,1,1
ANVC-KASIGL-00,"Kasigluk, Inc.",Alaska Native Village Corporation,AK,0,1,0,0,0,0,0,0,0,0,0,0,1,1
ANVC-KNGSLN-00,King Island Native Corporation,Alaska Native Village Corporation,AK,0,1,0,0,0,0,0,0,0,0,0,0,1,1
ANVC-KLWCKH-00,Klawock Heenya Corporation,Alaska Native Village Corporation,AK,0,1,0,0,0,0,0,0,0,0,0,0,1,1
ANVC-KOKARM-00,Kokarmuit Corporation,Alaska Native Village Corporation,AK,0,1,0,0,0,0,0,0,0,0,0,0,1,1
ANVC-KGKKTL-00,"Kugkaktlik, Ltd.",Alaska Native Village Corporation,AK,0,1,0,0,0,0,0,0,0,0,0,0,1,1
ANVC-KUKULG-00,"Kukulget, Inc.",Alaska Native Village Corporation,AK,0,1,0,0,0,0,0,0,0,0,0,0,1,1
ANVC-LMVLLG-00,Lime Village Company,Alaska Native Village Corporation,AK,0,1,0,0,0,0,0,0,0,0,0,0,1,1
ANVC-NRKLKM-00,Nerklikmute Native Corporation,Alaska Native Village Corporation,AK,0,1,0,0,0,0,0,0,0,0,0,0,1,1
ANVC-NUNAMI-00,Nunamiut Corporation,Alaska Native Village Corporation,AK,0,1,0,0,0,0,0,0,0,0,0,0,1,1
ANVC-PTKSPN-00,Pitka's Point Native Corporation,Alaska Native Village Corporation,AK,0,1,0,0,0,0,0,0,0,0,0,0,1,1
ANVC-QMRTLK-00,Qemirtalek Coast Corporation,Alaska Native Village Corporation,AK,0,1,0,0,0,0,0,0,0,0,0,0,1,1
ANVC-QINARM-00,Qinarmiut Corporation,Alaska Native Village Corporation,AK,0,1,0,0,0,0,0,0,0,0,0,0,1,1
ANVC-STHDYH-00,Seth-De-Ya-Ah Corporation,Alaska Native Village Corporation,AK,0,1,0,0,0,0,0,0,0,0,0,0,1,1
ANVC-SHKTL1-00,Shaktoolik Native Corporation,Alaska Native Village Corporation,AK,0,1,0,0,0,0,0,0,0,0,0,0,1,1
ANVC-STUYAH-00,"Stuyahok, Ltd.",Alaska Native Village Corporation,AK,1,0,0,0,0,0,0,0,0,0,0,0,1,1
ANVC-TIHTEE-00,"Tihteet' Aii, Inc.",Alaska Native Village Corporation,AK,0,1,0,0,0,0,0,0,0,0,0,0,1,1
ANVC-UNGAXX-00,Unga Corporation,Alaska Native Village Corporation,AK,0,1,0,0,0,0,0,0,0,0,0,0,1,1
ANVC-TANALI-00,"Tanalian, Inc.",ANCSA Group Corporation,AK,0,0,0,0,0,1,0,0,0,0,0,0,1,1
NHO-HUIHUL-00,Hui Huliau,Native Hawaiian Organization,HI,0,0,0,0,0,0,0,0,0,0,1,0,1,1
NHO-MENEHU-00,Menehune Foundation,Native Hawaiian Organization,HI,0,0,0,0,0,0,0,0,0,0,1,0,1,1
NHO-KAPONO-00,Kapono Foundation,Native Hawaiian Organization,HI,0,0,0,0,0,0,0,0,0,0,1,0,1,1
NHO-KINAIE-00,Kinai `Eha,Native Hawaiian Organization,HI,0,0,0,0,0,0,0,0,0,0,1,0,1,1
NHO-MLMMLK-00,Malama Moloka`i Foundation,Native Hawaiian Organization,HI,0,0,0,0,1,0,0,0,0,0,0,0,1,1
NHO-ALIIGR-00,The Ali`i Group,Native Hawaiian Organization,HI,0,0,0,0,0,0,0,0,0,0,1,0,1,1
ITO-GRTPLN-00,Great Plains Tribal Chairmen's Association,Intertribal Organization,,0,0,0,0,0,0,0,0,0,0,1,0,1,1
ITO-CLTNLR-00,Coalition of Large Tribes,Intertribal Organization,,0,0,0,0,0,1,0,0,0,0,0,0,1,1
CDFI-BAYBAN-00,Bay Bank,Native Community Development Financial Institution,WI,0,0,0,0,0,1,0,0,0,0,0,0,1,1
CDFI-CKNLTL-00,"Cook Inlet Lending Center, Inc.",Native Community Development Financial Institution,AK,0,0,0,0,0,0,0,0,0,0,1,0,1,1
CDFI-LCLBNK-00,Local Bank,Native Community Development Financial Institution,OK,0,0,0,0,1,0,0,0,0,0,0,0,1,1
CDFI-MVSKKL-00,Mvskoke Loan Fund,Native Community Development Financial Institution,OK,0,0,0,0,0,0,0,0,0,0,1,0,1,1
CDFI-TAALAF-00,Taala Fund,Native Community Development Financial Institution,WA,0,0,0,0,0,0,0,0,0,0,1,0,1,1
CDFI-CHRKNT-00,"The Cherokee Nation d/b/a Cherokee Nation Economic Development Trust Authority, Inc",Native Community Development Financial Institution,OK,0,0,0,0,1,0,0,0,0,0,0,0,1,1
CDFI-WSCNSN-00,"Wisconsin Native Loan Fund, Inc.",Native Community Development Financial Institution,WI,0,0,0,0,0,0,0,0,0,0,1,0,1,1
CDFI-FMBANK-00,F&M Bank,Native Financial Institution,OK,0,0,0,0,0,1,0,0,0,0,0,0,1,1
CDFI-LGCYBN-00,Legacy Bank,Native Financial Institution,CA,0,0,0,0,0,1,0,0,0,0,0,0,1,1
BIE-MARIAN-00,Mariano Lake Community School,BIE School,NM,0,0,0,0,0,1,0,0,0,0,0,0,1,1
BIE-MSKWKS-00,Meskwaki Settlement School,BIE School,IA,0,0,0,0,0,1,0,0,0,0,0,0,1,1
UIO-TUCSON-00,Tucson Indian Center,Urban Indian Organization,AZ,0,0,0,0,0,1,0,0,0,0,0,0,1,1
UIO-CLFRNC-00,California Consortium for Urban Indian Health,Urban Indian Organization,,0,0,0,0,0,0,0,0,0,0,1,0,1,1
NHO-AHUPUA-00,Ahupua‘a o Moloka‘i,Native Hawaiian Organization,HI,0,0,0,0,0,0,0,0,0,0,1,0,1,1
NHO-LKHKTR-00,Ala Kahakai Trail Association,Native Hawaiian Organization,HI,0,0,0,0,0,0,0,0,0,0,1,0,1,1
NHO-CPTNKM-00,Captain Kimo's Hawaiian Adventures,Native Hawaiian Organization,HI,0,0,0,0,0,0,0,0,0,0,1,0,1,1
NHO-EAOHAW-00,EAO Hawaii Inc,Native Hawaiian Organization,HI,0,0,0,0,0,0,0,0,0,0,1,0,1,1
NHO-HANONA-00,Hanona,Native Hawaiian Organization,HI,0,0,0,0,0,0,0,0,0,0,1,0,1,1
NHO-HWNCM1-00,"Hawaiian Community Assets, Inc",Native Hawaiian Organization,HI,0,0,0,0,0,0,0,0,0,0,1,0,1,1
NHO-HWNSLN-00,Hawaiian Islands Land Trust,Native Hawaiian Organization,HI,0,0,0,0,0,0,0,0,0,0,1,0,1,1
NHO-HSTRCH-00,Historic Hawaiʻi Foundation,Native Hawaiian Organization,HI,0,0,0,0,0,0,0,0,0,0,1,0,1,1
NHO-HMLMLN-00,Hui Mālama Ola Nā ‘Ōiwi,Native Hawaiian Organization,HI,0,0,0,0,1,0,0,0,0,0,0,0,1,1
NHO-HUIOKU-00,Hui o Kuapā,Native Hawaiian Organization,HI,0,0,0,0,0,0,0,0,0,0,1,0,1,1
NHO-NSTTTF-00,Institute for Native Pacific Education and Culture,Native Hawaiian Organization,HI,0,0,0,0,0,0,0,0,0,0,1,0,1,1
NHO-KLMLHM-00,Kalama‘ula Homesteaders Association,Native Hawaiian Organization,HI,0,0,0,0,0,0,0,0,0,0,1,0,1,1
NHO-KNKCNM-00,Kanaka Economic Development Alliance,Native Hawaiian Organization,HI,0,0,0,0,0,0,0,0,0,0,1,0,1,1
NHO-KPLCMM-00,Kapolei Community Development Corporation,Native Hawaiian Organization,HI,0,0,0,0,0,0,0,0,0,0,1,0,1,1
NHO-KPLRGN-00,Kapule Organization,Native Hawaiian Organization,HI,0,0,0,0,0,0,0,0,0,0,1,0,1,1
NHO-KAUHAK-00,Kauhakō Ohana Association,Native Hawaiian Organization,HI,0,0,0,0,0,0,0,0,0,0,1,0,1,1
NHO-KAULUA-00,Kauluakalana,Native Hawaiian Organization,HI,0,0,0,0,0,0,0,0,0,0,1,0,1,1
NHO-KKLNWM-00,Ke Kula Nui O Waimānalo,Native Hawaiian Organization,HI,0,0,0,0,0,0,0,0,0,0,1,0,1,1
NHO-KKHCMM-00,Keaukaha Community Association,Native Hawaiian Organization,HI,0,0,0,0,0,0,0,0,0,0,1,0,1,1
NHO-KIMOKE-00,Kimokeo Foundation,Native Hawaiian Organization,HI,0,0,0,0,0,0,0,0,0,0,1,0,1,1
NHO-KOAIKE-00,Koa Ike,Native Hawaiian Organization,HI,0,0,0,0,0,0,0,0,0,0,1,0,1,1
NHO-KUPEKE-00,Kupeke Ahupua‘a,Native Hawaiian Organization,HI,0,0,0,0,0,0,0,0,0,0,1,0,1,1
NHO-MKHHWN-00,Makaha Hawaiian Civic Club,Native Hawaiian Organization,HI,0,0,0,0,0,0,0,0,0,0,1,0,1,1
NHO-MKFRMR-00,Maku‘u Farmers Association,Native Hawaiian Organization,HI,0,0,0,0,0,0,0,0,0,0,1,0,1,1
NHO-MLMNHL-00,Malama Anahola,Native Hawaiian Organization,HI,0,0,0,0,0,0,0,0,0,0,1,0,1,1
NHO-NAAIKA-00,Na Aikane O Maui,Native Hawaiian Organization,HI,0,0,0,0,0,0,0,0,0,0,1,0,1,1
NHO-NKKKKL-00,Na Koa Ikaika Ka Lahui Hawaii,Native Hawaiian Organization,HI,0,0,0,0,1,0,0,0,0,0,0,0,1,1
NHO-NNKLHS-00,Nanakuli Housing Corporation,Native Hawaiian Organization,HI,0,0,0,0,0,0,0,0,0,0,1,0,1,1
NHO-HWNHSP-00,Native Hawaiian Hospitality Association,Native Hawaiian Organization,HI,0,0,0,0,0,0,0,0,0,0,1,0,1,1
NHO-HWNLGL-00,Native Hawaiian Legal Corporation,Native Hawaiian Organization,HI,0,0,0,0,0,0,0,0,0,0,1,0,1,1
NHO-HWNPHL-00,Native Hawaiian Philanthropy,Native Hawaiian Organization,HI,0,0,0,0,0,0,0,0,0,0,1,0,1,1
NHO-NHNHLT-00,"Nohona Health, Inc",Native Hawaiian Organization,HI,0,0,0,0,0,0,0,0,0,0,1,0,1,1
NHO-RDRKMH-00,Order of Kamehameha I,Native Hawaiian Organization,HI,0,0,0,0,1,0,0,0,0,0,0,0,1,1
NHO-PPKLCM-00,Papakōlea Community Development Corporation,Native Hawaiian Organization,HI,0,0,0,0,0,0,0,0,0,0,1,0,1,1
NHO-PRTNR1-00,Partners in Development Foundation,Native Hawaiian Organization,HI,0,0,0,0,0,0,0,0,0,0,1,0,1,1
NHO-PKKLHW-00,Paukukalo Hawaiian Homes Community Association,Native Hawaiian Organization,HI,0,0,0,0,0,0,0,0,0,0,1,0,1,1
NHO-PLDFNS-00,Pele Defense Fund,Native Hawaiian Organization,HI,0,0,0,0,0,0,0,0,0,0,1,0,1,1
NHO-PHNHWN-00,Piihonua Hawaiian Homestead Community Association,Native Hawaiian Organization,HI,0,0,0,0,0,0,0,0,0,0,1,0,1,1
NHO-PURPLE-00,Purple Maiʻa Foundation,Native Hawaiian Organization,HI,0,0,0,0,0,0,0,0,0,0,1,0,1,1
NHO-SSTNHW-00,Sustain Hawaiʻi,Native Hawaiian Organization,HI,0,0,0,0,0,0,0,0,0,0,1,0,1,1
NHO-WMHWNH-00,"Waimea Hawaiian Homesteaders’ Association, Inc",Native Hawaiian Organization,HI,0,0,0,0,0,0,0,0,0,0,1,0,1,1
NHO-WMNLCN-00,Waimānalo Canoe Club,Native Hawaiian Organization,HI,0,0,0,0,0,0,0,0,0,0,1,0,1,1
NHO-WMNLHW-00,Waimānalo Hawaiian Homes Association,Native Hawaiian Organization,HI,0,0,0,0,0,0,0,0,0,0,1,0,1,1
NHO-WMNLHL-00,Waimānalo Health Center,Native Hawaiian Organization,HI,0,0,0,0,0,0,0,0,0,0,1,0,1,1
NHO-WNHWNC-00,Wai‘anae Hawaiian Civic Club,Native Hawaiian Organization,HI,0,0,0,0,0,0,0,0,0,0,1,0,1,1
NHO-HHSWLH-00,‘Ahahui Siwila Hawai‘i O Kapōlei,Native Hawaiian Organization,HI,0,0,0,0,0,0,0,0,0,0,1,0,1,1
CEDAR-ENT-000088,Tallsalt Advisors / Mette Associates,Individually Native-owned business,,0,0,0,0,0,0,0,0,1,0,0,0,1,1
CEDAR-ENT-000089,Tribal Energy Alternatives,Individually Native-owned business,,0,0,0,0,0,0,0,0,1,0,0,0,1,1
CEDAR-ENT-000090,SAN JUAN SERVICES LLC,Individually Native-owned business,,0,0,0,0,0,0,0,0,1,0,0,0,1,1
CEDAR-ENT-000091,FOUR CORNER PEST CONTROL LLC,Individually Native-owned business,,0,0,0,0,0,0,0,0,1,0,0,0,1,1
CEDAR-ENT-000092,Laguna Creek LLC,Individually Native-owned business,,0,0,0,0,0,0,0,0,1,0,0,0,1,1
TRBS-ADCDDO-00,Adai Caddo Indians of Louisiana,State-recognized tribe,LA,0,0,0,0,0,0,0,0,0,0,0,0,0,0
TRBS-BVRCRK-00,Beaver Creek Indians,State-recognized tribe,SC,0,0,0,0,0,0,0,0,0,0,0,0,0,0
TRBS-CHEROC-00,Cher-O-Creek Intratribal Indians,State-recognized tribe,AL,0,0,0,0,0,0,0,0,0,0,0,0,0,0
TRBS-CHKGAT-00,Cherokee of Georgia Tribal Council,State-recognized tribe,GA,0,0,0,0,0,0,0,0,0,0,0,0,0,0
CNSF-PTTRUT-IP,Paiute Indian Tribe of Utah – Indian Peaks Band of Paiutes,Federal-level constituency entity,UT,0,0,0,0,0,0,0,0,0,0,0,0,0,0
CNSF-PTTRUT-KN,Paiute Indian Tribe of Utah – Kanosh Band of Paiutes,Federal-level constituency entity,UT,0,0,0,0,0,0,0,0,0,0,0,0,0,0
CNSF-PTTRUT-KS,Paiute Indian Tribe of Utah – Koosharem Band of Paiutes,Federal-level constituency entity,UT,0,0,0,0,0,0,0,0,0,0,0,0,0,0
TRBS-PDTRIB-00,Pee Dee Indian Tribe,State-recognized tribe,SC,0,0,0,0,0,0,0,0,0,0,0,0,0,0
TRBS-POCSST-00,Pocasset Wampanoag Tribe of the Pokanoket Nation,State-recognized tribe,MA,0,0,0,0,0,0,0,0,0,0,0,0,0,0
TRBS-SAPPNY-00,Sappony,State-recognized tribe,NC,0,0,0,0,0,0,0,0,0,0,0,0,0,0
CNSF-FTHALL-BK,Shoshone-Bannock Tribes of the Fort Hall Reservation – Fort Hall Bannock Band,Federal-level constituency entity,ID,0,0,0,0,0,0,0,0,0,0,0,0,0,0
CNSF-FTHALL-SH,Shoshone-Bannock Tribes of the Fort Hall Reservation – Fort Hall Shoshone Band,Federal-level constituency entity,ID,0,0,0,0,0,0,0,0,0,0,0,0,0,0
CNSF-TEMOAK-EK,Te-Moak Tribe of Western Shoshone Indians of Nevada – Elko Band,Federal-level constituency entity,NV,0,0,0,0,0,0,0,0,0,0,0,0,0,0
CNSF-TEMOAK-WL,Te-Moak Tribe of Western Shoshone Indians of Nevada – Wells Band,Federal-level constituency entity,NV,0,0,0,0,0,0,0,0,0,0,0,0,0,0
ANVC-ATMAUT-00,"Atmautluak, Ltd.",Alaska Native Village Corporation,AK,0,0,0,0,0,0,0,0,0,0,0,0,0,0
ANVC-BAYVIE-00,"Bay View, Inc.",Alaska Native Village Corporation,AK,0,0,0,0,0,0,0,0,0,0,0,0,0,0
ANVC-CHGNKR-00,"Chignik River, Ltd.",Alaska Native Village Corporation,AK,0,0,0,0,0,0,0,0,0,0,0,0,0,0
ANVC-CHINUR-00,"Chinuruk, Inc.",Alaska Native Village Corporation,AK,0,0,0,0,0,0,0,0,0,0,0,0,0,0
ANVC-DELOYG-00,"Deloy Ges, Inc.",Alaska Native Village Corporation,AK,0,0,0,0,0,0,0,0,0,0,0,0,0,0
ANVC-KWKNTV-00,"Ekwok Natives, Ltd.",Alaska Native Village Corporation,AK,0,0,0,0,0,0,0,0,0,0,0,0,0,0
ANVC-GWTCHY-00,Gwitchyaa Zhee Corporation,Alaska Native Village Corporation,AK,0,0,0,0,0,0,0,0,0,0,0,0,0,0
ANVC-LMNNTV-00,"Iliamna Natives, Ltd.",Alaska Native Village Corporation,AK,0,0,0,0,0,0,0,0,0,0,0,0,0,0
ANVC-KAVILC-00,Kavilco Incorporated,Alaska Native Village Corporation,AK,0,0,0,0,0,0,0,0,0,0,0,0,0,0
ANVC-KIANTR-00,Kian Tr'ee Corporation,Alaska Native Village Corporation,AK,0,0,0,0,0,0,0,0,0,0,0,0,0,0
ANVC-KLGNKN-00,"Koliganek Natives, Ltd.",Alaska Native Village Corporation,AK,0,0,0,0,0,0,0,0,0,0,0,0,0,0
ANVC-KWTHL1-00,"Kwethluk, Inc.",Alaska Native Village Corporation,AK,0,0,0,0,0,0,0,0,0,0,0,0,0,0
ANVC-KWIKXX-00,"Kwik, Inc.",Alaska Native Village Corporation,AK,0,0,0,0,0,0,0,0,0,0,0,0,0,0
ANVC-LVLCKN-00,"Levelock Natives, Ltd.",Alaska Native Village Corporation,AK,0,0,0,0,0,0,0,0,0,0,0,0,0,0
ANVC-MNKTKN-00,"Manokotak Natives, Ltd.",Alaska Native Village Corporation,AK,0,0,0,0,0,0,0,0,0,0,0,0,0,0
ANVC-MNCHMN-00,"Minchumina Natives, Inc.",Alaska Native Village Corporation,AK,0,0,0,0,0,0,0,0,0,0,0,0,0,0
ANVC-MNTDVL-00,Minto Development Corporation,Alaska Native Village Corporation,AK,0,0,0,0,0,0,0,0,0,0,0,0,0,0
ANVC-NEWTO1-00,Newtok Native Corporation,Alaska Native Village Corporation,AK,0,0,0,0,0,0,0,0,0,0,0,0,0,0
ANVC-NNPTCH-00,"Nunapitchuk, Ltd.",Alaska Native Village Corporation,AK,0,0,0,0,0,0,0,0,0,0,0,0,0,0
ANVC-PLTSTT-00,"Pilot Station, Inc.",Alaska Native Village Corporation,AK,0,0,0,0,0,0,0,0,0,0,0,0,0,0
ANVC-SHUMAG-00,"Shumagin Corporation, Inc.",Alaska Native Village Corporation,AK,0,0,0,0,0,0,0,0,0,0,0,0,0,0
ANVC-TNCRS1-00,"Tanacross, Inc.",Alaska Native Village Corporation,AK,0,0,0,0,0,0,0,0,0,0,0,0,0,0
ANVC-TOZITN-00,"Tozitna, Ltd.",Alaska Native Village Corporation,AK,0,0,0,0,0,0,0,0,0,0,0,0,0,0
ANVC-WHTMNT-00,White Mountain Native Corporation,Alaska Native Village Corporation,AK,0,0,0,0,0,0,0,0,0,0,0,0,0,0
ANVC-ZHOTSE-00,"Zho-Tse, Inc.",Alaska Native Village Corporation,AK,0,0,0,0,0,0,0,0,0,0,0,0,0,0
ANVC-CSWLLS-00,"Caswell Native Association, Inc.",ANCSA Group Corporation,AK,0,0,0,0,0,0,0,0,0,0,0,0,0,0
ANVC-LSNVLL-00,"Olsonville, Inc.",ANCSA Group Corporation,AK,0,0,0,0,0,0,0,0,0,0,0,0,0,0
ANVC-PNTPSS-00,"Point Possession, Inc.",ANCSA Group Corporation,AK,0,0,0,0,0,0,0,0,0,0,0,0,0,0
NHO-MANAON-00,Mana'o Nui Inc.,Native Hawaiian Organization,HI,0,0,0,0,0,0,0,0,0,0,0,0,0,0
NHO-KEKUMU-00,Ke Kumu 'Ulu,Native Hawaiian Organization,HI,0,0,0,0,0,0,0,0,0,0,0,0,0,0
NHO-KLMKHK-00,Ka Lama Kuhikuhi Foundation,Native Hawaiian Organization,HI,0,0,0,0,0,0,0,0,0,0,0,0,0,0
NHO-MNWKPN-00,Manawa Kūpono,Native Hawaiian Organization,HI,0,0,0,0,0,0,0,0,0,0,0,0,0,0
NHO-KEKOAX-00,Kekoa Foundation,Native Hawaiian Organization,HI,0,0,0,0,0,0,0,0,0,0,0,0,0,0
NHO-HWNCMM-00,Native Hawaiian Community Development Corporation,Native Hawaiian Organization,HI,0,0,0,0,0,0,0,0,0,0,0,0,0,0
NHO-ALAKAI-00,Alaka'ina Foundation,Native Hawaiian Organization,HI,0,0,0,0,0,0,0,0,0,0,0,0,0,0
NHO-ALAKA1-00,"Alaka`i Foundation, Inc.",Native Hawaiian Organization,HI,0,0,0,0,0,0,0,0,0,0,0,0,0,0
NHO-HUIOHA-00,Hui O Hana Pono,Native Hawaiian Organization,HI,0,0,0,0,0,0,0,0,0,0,0,0,0,0
NHO-KALINO-00,Kalino Foundation,Native Hawaiian Organization,HI,0,0,0,0,0,0,0,0,0,0,0,0,0,0
NHO-KINAOL-00,Kina`ole Foundation,Native Hawaiian Organization,HI,0,0,0,0,0,0,0,0,0,0,0,0,0,0
NHO-KUKANA-00,Ku Kanaka Foundation,Native Hawaiian Organization,HI,0,0,0,0,0,0,0,0,0,0,0,0,0,0
NHO-KULIAX-00,Kulia Foundation,Native Hawaiian Organization,HI,0,0,0,0,0,0,0,0,0,0,0,0,0,0
NHO-HWNNST-00,Native Hawaiian Institute for Technology and Business,Native Hawaiian Organization,HI,0,0,0,0,0,0,0,0,0,0,0,0,0,0
NHO-KRLLKL-00,Krilla Kaleiwahea Foundation,Native Hawaiian Organization,HI,0,0,0,0,0,0,0,0,0,0,0,0,0,0
TCU-CLFRN1-00,California Indian Nations College,Tribal College or University,CA,0,0,0,0,0,0,0,0,0,0,0,0,0,0
TCU-CLFRNT-00,California Tribal College,Tribal College or University,CA,0,0,0,0,0,0,0,0,0,0,0,0,0,0
CDFI-LSKGRW-00,"Alaska Growth Capital BIDCO, Inc.",Native Community Development Financial Institution,AK,0,0,0,0,0,0,0,0,0,0,0,0,0,0
CDFI-BYBNCR-00,Bay Bancorporation,Native Community Development Financial Institution,WI,0,0,0,0,0,0,0,0,0,0,0,0,0,0
CDFI-CDRGRW-00,Cedar Growth Corporation,Native Community Development Financial Institution,WI,0,0,0,0,0,0,0,0,0,0,0,0,0,0
CDFI-CHCKSW-00,Chickasaw Banc Holding Company,Native Community Development Financial Institution,OK,0,0,0,0,0,0,0,0,0,0,0,0,0,0
CDFI-CHCTWF-00,Choctaw Federal Credit Union,Native Community Development Financial Institution,MS,0,0,0,0,0,0,0,0,0,0,0,0,0,0
CDFI-CHCTWH-00,Choctaw Home Finance Corporation,Native Community Development Financial Institution,OK,0,0,0,0,0,0,0,0,0,0,0,0,0,0
CDFI-FVRVRS-00,"FIVE RIVERS LOAN FUND, INC",Native Community Development Financial Institution,CA,0,0,0,0,0,0,0,0,0,0,0,0,0,0
CDFI-HYKWFN-00,Haa Yakaawu Financial Corporation,Native Community Development Financial Institution,AK,0,0,0,0,0,0,0,0,0,0,0,0,0,0
CDFI-HWCNTR-00,Hawaii Central Federal Credit Union,Native Community Development Financial Institution,HI,0,0,0,0,0,0,0,0,0,0,0,0,0,0
CDFI-HWFRST-00,HAWAII FIRST FCU,Native Community Development Financial Institution,HI,0,0,0,0,0,0,0,0,0,0,0,0,0,0
CDFI-HWNLND-00,Hawaiian Lending & Investments,Native Community Development Financial Institution,HI,0,0,0,0,0,0,0,0,0,0,0,0,0,0
CDFI-NDNLND-00,Indian Land Capital Company LLC,Native Community Development Financial Institution,MN,0,0,0,0,0,0,0,0,0,0,0,0,0,0
CDFI-LKSPRR-00,Lake Superior Community Development Corp.,Native Community Development Financial Institution,MI,0,0,0,0,0,0,0,0,0,0,0,0,0,0
CDFI-LKTFDR-00,Lakota Federal Credit Union,Native Community Development Financial Institution,SD,0,0,0,0,0,0,0,0,0,0,0,0,0,0
CDFI-LWRBRL-00,"Lower Brule Community Development Enterprise, LLC",Native Community Development Financial Institution,VA,0,0,0,0,0,0,0,0,0,0,0,0,0,0
CDFI-MZSKWC-00,"Mazaska Owecaso Otipi Financial, Inc",Native Community Development Financial Institution,SD,0,0,0,0,0,0,0,0,0,0,0,0,0,0
CDFI-MLKCMM-00,Molokai Community Federal Credit Union,Native Community Development Financial Institution,HI,0,0,0,0,0,0,0,0,0,0,0,0,0,0
CDFI-MRCNBN-00,"Native American Bancorporation, Co.",Native Community Development Financial Institution,CO,0,0,0,0,0,0,0,0,0,0,0,0,0,0
CDFI-MRCNB1-00,"Native American Bank, N.A.",Native Community Development Financial Institution,CO,0,0,0,0,0,0,0,0,0,0,0,0,0,0
CDFI-PRTNRS-00,"Native Partnership for Housing, Inc.",Native Community Development Financial Institution,NM,0,0,0,0,0,0,0,0,0,0,0,0,0,0
CDFI-NVJCMM-00,Navajo community Development Financial Institution Inc Non Profit,Native Community Development Financial Institution,AZ,0,0,0,0,0,0,0,0,0,0,0,0,0,0
CDFI-NMPCMM-00,Nimiipuu Community Development Fund,Native Community Development Financial Institution,ID,0,0,0,0,0,0,0,0,0,0,0,0,0,0
CDFI-NXYWCM-00,Nixyaawii Community Financial Services,Native Community Development Financial Institution,OR,0,0,0,0,0,0,0,0,0,0,0,0,0,0
CDFI-NRTHRN-00,"Northern Shores Community Development, Inc.",Native Community Development Financial Institution,MI,0,0,0,0,0,0,0,0,0,0,0,0,0,0
CDFI-OWEEST-00,Oweesta Corporation,Native Community Development Financial Institution,CO,0,0,0,0,0,0,0,0,0,0,0,0,0,0
CDFI-PCFCNR-00,"Pacific Northwest Tribal Lending, a Community Development Financial Institution",Native Community Development Financial Institution,WA,0,0,0,0,0,0,0,0,0,0,0,0,0,0
CDFI-SNCRL2-00,San Carlos Apache Tribe Relending Enterprise,Native Community Development Financial Institution,AZ,0,0,0,0,0,0,0,0,0,0,0,0,0,0
CDFI-SSSTN1-00,Sisseton Wahpeton Federal Credit Union,Native Community Development Financial Institution,SD,0,0,0,0,0,0,0,0,0,0,0,0,0,0
CDFI-TGCMMN-00,Tigua Community Development Corporation,Native Community Development Financial Institution,TX,0,0,0,0,0,0,0,0,0,0,0,0,0,0
CDFI-WSTWTR-00,"Westwater Financial, Inc.",Native Community Development Financial Institution,CA,0,0,0,0,0,0,0,0,0,0,0,0,0,0
CDFI-WHTRT1-00,White Earth Investment Initiative,Native Community Development Financial Institution,MN,0,0,0,0,0,0,0,0,0,0,0,0,0,0
CDFI-WDLNDF-00,Woodland Financial Partners Inc,Native Community Development Financial Institution,WI,0,0,0,0,0,0,0,0,0,0,0,0,0,0
CDFI-LLNTNS-00,AllNations Bank,Native Financial Institution,OK,0,0,0,0,0,0,0,0,0,0,0,0,0,0
CDFI-BLCKHL-00,Black Hills Community Loan Fund,Native Financial Institution,SD,0,0,0,0,0,0,0,0,0,0,0,0,0,0
CDFI-CRSNCM-00,Carson Community Bank,Native Financial Institution,OK,0,0,0,0,0,0,0,0,0,0,0,0,0,0
CDFI-FRSTBN-00,FirstBank,Native Financial Institution,OK,0,0,0,0,0,0,0,0,0,0,0,0,0,0
CDFI-FRCRNR-00,Four Corners Federal Credit Union,Native Financial Institution,NM,0,0,0,0,0,0,0,0,0,0,0,0,0,0
CDFI-GTWYFR-00,Gateway First Bank,Native Financial Institution,OK,0,0,0,0,0,0,0,0,0,0,0,0,0,0
CDFI-SLNDMN-00,"Island Mountain Community Development Financial Institution, Inc.",Native Financial Institution,MT,0,0,0,0,0,0,0,0,0,0,0,0,0,0
CDFI-KHKFDR-00,Kahuku Federal Credit Union,Native Financial Institution,HI,0,0,0,0,0,0,0,0,0,0,0,0,0,0
CDFI-KFDRLC-00,Kauai Federal Credit Union,Native Financial Institution,HI,0,0,0,0,0,0,0,0,0,0,0,0,0,0
CDFI-LCCRT1-00,Lac Courte Oreilles Federal Credit Union,Native Financial Institution,WI,0,0,0,0,0,0,0,0,0,0,0,0,0,0
CDFI-LEIHOO-00,Lei Ho‘olaha,Native Financial Institution,HI,0,0,0,0,0,0,0,0,0,0,0,0,0,0
CDFI-LMBGRN-00,Lumbee Guaranty Bank,Native Financial Institution,NC,0,0,0,0,0,0,0,0,0,0,0,0,0,0
CDFI-MRNNGS-00,Morning Star Federal Credit Union,Native Financial Institution,MT,0,0,0,0,0,0,0,0,0,0,0,0,0,0
CDFI-PLSVLL-00,Pauls Valley National Bank,Native Financial Institution,OK,0,0,0,0,0,0,0,0,0,0,0,0,0,0
CDFI-PPLSBN-00,People's Bank of Seneca,Native Financial Institution,MO,0,0,0,0,0,0,0,0,0,0,0,0,0,0
CDFI-PNNCLB-00,Pinnacle Bank,Native Financial Institution,IA,0,0,0,0,0,0,0,0,0,0,0,0,0,0
CDFI-SNCNT1-00,Seneca Nation of Indians Federal Credit Union,Native Financial Institution,NY,0,0,0,0,0,0,0,0,0,0,0,0,0,0
CDFI-STHWS1-00,Southwest Native Asset Coalition Corporation (Arizona Native Asset Coalition Corporation),Native Financial Institution,NM,0,0,0,0,0,0,0,0,0,0,0,0,0,0
CDFI-SVRGNB-00,Sovereign Bank (formerly First National Bank and Trust Co.),Native Financial Institution,OK,0,0,0,0,0,0,0,0,0,0,0,0,0,0
CDFI-TRTLM1-00,Turtle Mountain State Bank,Native Financial Institution,ND,0,0,0,0,0,0,0,0,0,0,0,0,0,0
CDFI-WDLNDS-00,Woodlands National Bank,Native Financial Institution,MN,0,0,0,0,0,0,0,0,0,0,0,0,0,0
BIE-BCDLYZ-00,Baca /Dlo'Ay Azhi Community School,BIE School,NM,0,0,0,0,0,0,0,0,0,0,0,0,0,0
BIE-BCLBTD-00,Beclabito Day School,BIE School,NM,0,0,0,0,0,0,0,0,0,0,0,0,0,0
BIE-BLCKF2-00,Blackfeet Dormitory,BIE School,MT,0,0,0,0,0,0,0,0,0,0,0,0,0,0
BIE-BRDSPR-00,Bread Springs Day School,BIE School,NM,0,0,0,0,0,0,0,0,0,0,0,0,0,0
BIE-CHYNNG-00,Cheyenne-Eagle Butte High School,BIE School,SD,0,0,0,0,0,0,0,0,0,0,0,0,0,0
BIE-CHCHLT-00,Chi Chil'tah Community School,BIE School,NM,0,0,0,0,0,0,0,0,0,0,0,0,0,0
BIE-CTTNWD-00,Cottonwood Day School,BIE School,AZ,0,0,0,0,0,0,0,0,0,0,0,0,0,0
BIE-COVEDA-00,Cove Day School,BIE School,AZ,0,0,0,0,0,0,0,0,0,0,0,0,0,0
BIE-CRYSTL-00,Crystal Boarding School,BIE School,NM,0,0,0,0,0,0,0,0,0,0,0,0,0,0
BIE-DNSTHD-00,Dunseith Indian Day School,BIE School,ND,0,0,0,0,0,0,0,0,0,0,0,0,0,0
BIE-FLAND1-00,Flandreau Indian School,BIE School,SD,0,0,0,0,0,0,0,0,0,0,0,0,0,0
BIE-HVSPLM-00,Havasupai Elementary School,BIE School,AZ,0,0,0,0,0,0,0,0,0,0,0,0,0,0
BIE-JHDZLM-00,Jeehdeezá Elementary School,BIE School,AZ,0,0,0,0,0,0,0,0,0,0,0,0,0,0
BIE-JEMEZD-00,Jemez Day School,BIE School,NM,0,0,0,0,0,0,0,0,0,0,0,0,0,0
BIE-JHNFKN-00,John F. Kennedy Day School,BIE School,AZ,0,0,0,0,0,0,0,0,0,0,0,0,0,0
BIE-LKVLLY-00,Lake Valley Navajo School,BIE School,NM,0,0,0,0,0,0,0,0,0,0,0,0,0,0
BIE-NNHNZD-00,Nenahnezad Community School,BIE School,NM,0,0,0,0,0,0,0,0,0,0,0,0,0,0
BIE-JNCNDY-00,Ojo Encino Day School,BIE School,NM,0,0,0,0,0,0,0,0,0,0,0,0,0,0
BIE-PNSPRN-00,Pine Springs Day School,BIE School,AZ,0,0,0,0,0,0,0,0,0,0,0,0,0,0
BIE-PBLPNT-00,Pueblo Pintado Community School,BIE School,NM,0,0,0,0,0,0,0,0,0,0,0,0,0,0
BIE-RIVERS-00,Riverside Indian School,BIE School,OK,0,0,0,0,0,0,0,0,0,0,0,0,0,0
BIE-RCKYRD-00,Rocky Ridge Boarding School,BIE School,AZ,0,0,0,0,0,0,0,0,0,0,0,0,0,0
BIE-SNFLPP-00,San Felipe Pueblo Elementary School,BIE School,NM,0,0,0,0,0,0,0,0,0,0,0,0,0,0
BIE-SNLDFN-00,San Ildefonso Day School,BIE School,NM,0,0,0,0,0,0,0,0,0,0,0,0,0,0
BIE-SNSMNT-00,San Simon School (Tohono O'odham),BIE School,AZ,0,0,0,0,0,0,0,0,0,0,0,0,0,0
BIE-SNTRSD-00,Santa Rosa Day School,BIE School,AZ,0,0,0,0,0,0,0,0,0,0,0,0,0,0
BIE-SNTRSR-00,Santa Rosa Ranch School,BIE School,AZ,0,0,0,0,0,0,0,0,0,0,0,0,0,0
BIE-SBDLKB-00,Seba Dalkai Boarding School,BIE School,AZ,0,0,0,0,0,0,0,0,0,0,0,0,0,0
BIE-SHRMNH-00,Sherman Indian High School,BIE School,CA,0,0,0,0,0,0,0,0,0,0,0,0,0,0
BIE-TSNZBS-00,T'iis Nazbas Community School,BIE School,AZ,0,0,0,0,0,0,0,0,0,0,0,0,0,0
BIE-TSTSZB-00,T'iis Ts'ozi Bi'Olta' Community School,BIE School,NM,0,0,0,0,0,0,0,0,0,0,0,0,0,0
BIE-TSIYAD-00,T'siya Day School,BIE School,NM,0,0,0,0,0,0,0,0,0,0,0,0,0,0
BIE-TOHAAL-00,Tohaali' Community School,BIE School,NM,0,0,0,0,0,0,0,0,0,0,0,0,0,0
BIE-THNDH1-00,Tohono O'odham High School,BIE School,AZ,0,0,0,0,0,0,0,0,0,0,0,0,0,0
BIE-TONALE-00,Tonalea Day School,BIE School,AZ,0,0,0,0,0,0,0,0,0,0,0,0,0,0
BIE-TSEIIA-00,Tse'ii'ahi' Community School,BIE School,NM,0,0,0,0,0,0,0,0,0,0,0,0,0,0
BIE-TBCTYB-00,Tuba City Boarding School,BIE School,AZ,0,0,0,0,0,0,0,0,0,0,0,0,0,0
BIE-TRTLM2-00,Turtle Mountain Community Middle School,BIE School,ND,0,0,0,0,0,0,0,0,0,0,0,0,0,0
BIE-TRTLM3-00,Turtle Mountain Elementary School,BIE School,ND,0,0,0,0,0,0,0,0,0,0,0,0,0,0
BIE-WNGTLM-00,Wingate Elementary School,BIE School,NM,0,0,0,0,0,0,0,0,0,0,0,0,0,0
BIE-AHFACH-00,Ahfachkee School,BIE School,FL,0,0,0,0,0,0,0,0,0,0,0,0,0,0
BIE-TSBYZH-00,Atsá Biyáázh Community School,BIE School,NM,0,0,0,0,0,0,0,0,0,0,0,0,0,0
BIE-BGCHTT-00,Bogue Chitto Elementary,BIE School,MS,0,0,0,0,0,0,0,0,0,0,0,0,0,0
BIE-CHRKCN-00,Cherokee Central Elementary School,BIE School,NC,0,0,0,0,0,0,0,0,0,0,0,0,0,0
BIE-CHRKC1-00,Cherokee Central High School,BIE School,NC,0,0,0,0,0,0,0,0,0,0,0,0,0,0
BIE-CHRKC2-00,Cherokee Central Middle School,BIE School,NC,0,0,0,0,0,0,0,0,0,0,0,0,0,0
BIE-CHCKS2-00,Chickasaw Children's Village,BIE School,OK,0,0,0,0,0,0,0,0,0,0,0,0,0,0
BIE-CHTMC1-00,Chitimacha Tribal School,BIE School,LA,0,0,0,0,0,0,0,0,0,0,0,0,0,0
BIE-CHCTWC-00,Choctaw Central High School,BIE School,MS,0,0,0,0,0,0,0,0,0,0,0,0,0,0
BIE-CHCTW1-00,Choctaw Central Middle School,BIE School,MS,0,0,0,0,0,0,0,0,0,0,0,0,0,0
BIE-CRCLLF-00,Circle of Life Academy,BIE School,MN,0,0,0,0,0,0,0,0,0,0,0,0,0,0
BIE-CRDLNT-00,Coeur d'Alene Tribal School,BIE School,ID,0,0,0,0,0,0,0,0,0,0,0,0,0,0
BIE-CNHTTL-00,Conehatta Elemenatary School,BIE School,MS,0,0,0,0,0,0,0,0,0,0,0,0,0,0
BIE-CRWCRK-00,Crow Creek Reservation High School,BIE School,SD,0,0,0,0,0,0,0,0,0,0,0,0,0,0
BIE-CRWCR1-00,Crow Creek Tribal Elementary School,BIE School,SD,0,0,0,0,0,0,0,0,0,0,0,0,0,0
BIE-FLDRMT-00,Eufaula Dormitory,BIE School,OK,0,0,0,0,0,0,0,0,0,0,0,0,0,0
BIE-FNDDLC-00,Fond du Lac Ojibwe School,BIE School,MN,0,0,0,0,0,0,0,0,0,0,0,0,0,0
BIE-GRYHLL-00,Greyhills Academy High School,BIE School,AZ,0,0,0,0,0,0,0,0,0,0,0,0,0,0
BIE-JCRLLD-00,Jicarilla Dormitory,BIE School,NM,0,0,0,0,0,0,0,0,0,0,0,0,0,0
BIE-JSPHKL-00,Joseph K. Lumsden Bahweting Anishnabe PSA,BIE School,MI,0,0,0,0,0,0,0,0,0,0,0,0,0,0
BIE-LGNMDD-00,Laguna Middle School,BIE School,NM,0,0,0,0,0,0,0,0,0,0,0,0,0,0
BIE-LMMNTN-00,Lummi Nation School,BIE School,WA,0,0,0,0,0,0,0,0,0,0,0,0,0,0
BIE-MICCOS-00,Miccosukee Indian School,BIE School,FL,0,0,0,0,0,0,0,0,0,0,0,0,0,0
BIE-MCKLS1-00,Muckleshoot Tribal School,BIE School,WA,0,0,0,0,0,0,0,0,0,0,0,0,0,0
BIE-NYHSHN-00,Nay Ah Shing / Pine Grove Schools,BIE School,MN,0,0,0,0,0,0,0,0,0,0,0,0,0,0
BIE-ONEIDA-00,Oneida Nation School,BIE School,WI,0,0,0,0,0,0,0,0,0,0,0,0,0,0
BIE-PRLRVR-00,Pearl River Elementary School,BIE School,MS,0,0,0,0,0,0,0,0,0,0,0,0,0,0
BIE-PINEHI-00,Pine Hill Schools,BIE School,NM,0,0,0,0,0,0,0,0,0,0,0,0,0,0
BIE-PYRMD1-00,Pyramid Lake Schools,BIE School,NV,0,0,0,0,0,0,0,0,0,0,0,0,0,0
BIE-RDWTRL-00,Red Water Elementary School,BIE School,MS,0,0,0,0,0,0,0,0,0,0,0,0,0,0
BIE-SLTRVR-00,Salt River Elementary School,BIE School,AZ,0,0,0,0,0,0,0,0,0,0,0,0,0,0
BIE-SQYHHG-00,Sequoyah High School,BIE School,OK,0,0,0,0,0,0,0,0,0,0,0,0,0,0
BIE-SHPRCK-00,Shiprock Northwest Middle/High School,BIE School,NM,0,0,0,0,0,0,0,0,0,0,0,0,0,0
BIE-SHPRC1-00,Shiprock Reservation Dormitory,BIE School,NM,0,0,0,0,0,0,0,0,0,0,0,0,0,0
BIE-SHNTPR-00,Shonto Preparatory School,BIE School,AZ,0,0,0,0,0,0,0,0,0,0,0,0,0,0
BIE-SHSHNB-00,Shoshone-Bannock Jr/Sr High School,BIE School,ID,0,0,0,0,0,0,0,0,0,0,0,0,0,0
BIE-SPYKLM-00,Sipayik Elementary School,BIE School,ME,0,0,0,0,0,0,0,0,0,0,0,0,0,0
BIE-STNDNG-00,Standing Pine Elementary School,BIE School,MS,0,0,0,0,0,0,0,0,0,0,0,0,0,0
BIE-TTSGHW-00,Te Tsu Geh Oweenge Day School,BIE School,NM,0,0,0,0,0,0,0,0,0,0,0,0,0,0
BIE-THDRJM-00,Theodore Jamerson Elementary,BIE School,ND,0,0,0,0,0,0,0,0,0,0,0,0,0,0
BIE-TCKRLM-00,Tucker Elementary School,BIE School,MS,0,0,0,0,0,0,0,0,0,0,0,0,0,0
BIE-TWGLRV-00,Two Eagle River School,BIE School,MT,0,0,0,0,0,0,0,0,0,0,0,0,0,0
BIE-YKMNTN-00,Yakama Nation Tribal School,BIE School,WA,0,0,0,0,0,0,0,0,0,0,0,0,0,0
UIO-JLFRBN-00,Juel Fairbanks Recovery Services,Urban Indian Organization,MN,0,0,0,0,0,0,0,0,0,0,0,0,0,0
UIO-BLLNGS-00,Billings Urban Indian Health and Wellness Center,Urban Indian Organization,MT,0,0,0,0,0,0,0,0,0,0,0,0,0,0
UIO-KLHMCT-00,Oklahoma City Indian Clinic,Urban Indian Organization,OK,0,0,0,0,0,0,0,0,0,0,0,0,0,0
NHO-HMKKHK-00,Aha Moku O Kahikinui,Native Hawaiian Organization,HI,0,0,0,0,0,0,0,0,0,0,0,0,0,0
NHO-AHAMOK-00,Aha Moku o Maui Inc,Native Hawaiian Organization,HI,0,0,0,0,0,0,0,0,0,0,0,0,0,0
NHO-AHAWAH-00,Aha Wahine,Native Hawaiian Organization,HI,0,0,0,0,0,0,0,0,0,0,0,0,0,0
NHO-HNHMST-00,Ahonui Homestead Association,Native Hawaiian Organization,HI,0,0,0,0,0,0,0,0,0,0,0,0,0,0
NHO-HPNNKL-00,Ahupuaʻa O Nānākuli Homestead,Native Hawaiian Organization,HI,0,0,0,0,0,0,0,0,0,0,0,0,0,0
NHO-ALEPAH-00,Alepa Hou Foundation,Native Hawaiian Organization,HI,0,0,0,0,0,0,0,0,0,0,0,0,0,0
NHO-ALOHAA-00,"Aloha ʻĀina o Hawaiʻi, Inc",Native Hawaiian Organization,HI,0,0,0,0,0,0,0,0,0,0,0,0,0,0
NHO-HWNSFR-00,Association of Hawaiians for Homestead Lands,Native Hawaiian Organization,HI,0,0,0,0,0,0,0,0,0,0,0,0,0,0
NHO-AUPUNI-00,Au Puni O Hawaiʻi,Native Hawaiian Organization,HI,0,0,0,0,0,0,0,0,0,0,0,0,0,0
NHO-CHRLSP-00,Charles Pelenui Mahi Ohana,Native Hawaiian Organization,HI,0,0,0,0,0,0,0,0,0,0,0,0,0,0
NHO-FLRSCS-00,Flores-Case ʻOhana,Native Hawaiian Organization,HI,0,0,0,0,0,0,0,0,0,0,0,0,0,0
NHO-GRGKCY-00,George K. Cypher ‘Ohana,Native Hawaiian Organization,HI,0,0,0,0,0,0,0,0,0,0,0,0,0,0
NHO-GDSCNT-00,God's Country Waimanalo,Native Hawaiian Organization,HI,0,0,0,0,0,0,0,0,0,0,0,0,0,0
NHO-HLHLWH-00,Hale Halawai ʻOhana O Hanalei,Native Hawaiian Organization,HI,0,0,0,0,0,0,0,0,0,0,0,0,0,0
NHO-HNLRVR-00,Hanalei River Heritage Foundation,Native Hawaiian Organization,HI,0,0,0,0,0,0,0,0,0,0,0,0,0,0
NHO-HWHMST-00,Hau‘ouiwi Homestead Association on Lāna‘i,Native Hawaiian Organization,HI,0,0,0,0,0,0,0,0,0,0,0,0,0,0
NHO-HWNKNG-00,Hawaiian Kingdom Task Force,Native Hawaiian Organization,HI,0,0,0,0,0,0,0,0,0,0,0,0,0,0
NHO-HOOHAN-00,Ho Ohana,Native Hawaiian Organization,HI,0,0,0,0,0,0,0,0,0,0,0,0,0,0
NHO-HNCNSL-00,"Honua Consulting, LLC",Native Hawaiian Organization,HI,0,0,0,0,0,0,0,0,0,0,0,0,0,0
NHO-HLLHHW-00,Hoʻōla Lāhui Hawaiʻi,Native Hawaiian Organization,HI,0,0,0,0,0,0,0,0,0,0,0,0,0,0
NHO-HKNFML-00,Ho‘okano Family Land Trust,Native Hawaiian Organization,HI,0,0,0,0,0,0,0,0,0,0,0,0,0,0
NHO-HNNMPC-00,Hua Nani Impact,Native Hawaiian Organization,HI,0,0,0,0,0,0,0,0,0,0,0,0,0,0
NHO-HLHKHL-00,Hui Aloha Kīholo,Native Hawaiian Organization,HI,0,0,0,0,0,0,0,0,0,0,0,0,0,0
NHO-HHNPKH-00,Hui Hana Paʻakai o Hanapēpē,Native Hawaiian Organization,HI,0,0,0,0,0,0,0,0,0,0,0,0,0,0
NHO-HUIHOO-00,Hui Hoʻoleimaluō,Native Hawaiian Organization,HI,0,0,0,0,0,0,0,0,0,0,0,0,0,0
NHO-HUIIWI-00,Hui Iwi Kuamoʻo,Native Hawaiian Organization,HI,0,0,0,0,0,0,0,0,0,0,0,0,0,0
NHO-HMKNNM-00,Hui Makaʻāinana o Makana,Native Hawaiian Organization,HI,0,0,0,0,0,0,0,0,0,0,0,0,0,0
NHO-HMLMKN-00,Hui Mālama O Kāneiolouma,Native Hawaiian Organization,HI,0,0,0,0,0,0,0,0,0,0,0,0,0,0
NHO-HUIOWA-00,Hui O Wa‘a Kaulua,Native Hawaiian Organization,HI,0,0,0,0,0,0,0,0,0,0,0,0,0,0
NHO-HHNHNN-00,Hui ʻOhana O Hōnaunau,Native Hawaiian Organization,HI,0,0,0,0,0,0,0,0,0,0,0,0,0,0
NHO-IMUAHA-00,Imua Hawaii,Native Hawaiian Organization,HI,0,0,0,0,0,0,0,0,0,0,0,0,0,0
NHO-NDPNDN-00,Independent District of Puna,Native Hawaiian Organization,HI,0,0,0,0,0,0,0,0,0,0,0,0,0,0
NHO-KLHPLM-00,Kalihi Palama Culture & Arts Society,Native Hawaiian Organization,HI,0,0,0,0,0,0,0,0,0,0,0,0,0,0
NHO-KLHPL1-00,Kalihi Palama Hawaiian Civic Club,Native Hawaiian Organization,HI,0,0,0,0,0,0,0,0,0,0,0,0,0,0
NHO-KMLLNL-00,Kamiloloa One Ali‘i Homestead Association,Native Hawaiian Organization,HI,0,0,0,0,0,0,0,0,0,0,0,0,0,0
NHO-KANAKA-00,Kanaka Kauila,Native Hawaiian Organization,HI,0,0,0,0,0,0,0,0,0,0,0,0,0,0
NHO-KNKNLR-00,Kanu o ka ‘Āina Learning ‘Ohana,Native Hawaiian Organization,HI,0,0,0,0,0,0,0,0,0,0,0,0,0,0
NHO-KAUAIS-00,Kauaʻi Sea Farm,Native Hawaiian Organization,HI,0,0,0,0,0,0,0,0,0,0,0,0,0,0
NHO-KWHNNH-00,Kauwahi ‘Anaina Hawai‘i Hawaiian Civic Club,Native Hawaiian Organization,HI,0,0,0,0,0,0,0,0,0,0,0,0,0,0
NHO-KAEHUX-00,KAʻEHU,Native Hawaiian Organization,HI,0,0,0,0,0,0,0,0,0,0,0,0,0,0
NHO-KAUIKI-00,Kaʻuikiokapō,Native Hawaiian Organization,HI,0,0,0,0,0,0,0,0,0,0,0,0,0,0
NHO-KNKKHH-00,Ke One O Kākuhihewa,Native Hawaiian Organization,HI,0,0,0,0,0,0,0,0,0,0,0,0,0,0
NHO-KIAIKA-00,Kiaʻi Kanaloa,Native Hawaiian Organization,HI,0,0,0,0,0,0,0,0,0,0,0,0,0,0
NHO-KNGDMH-00,Kingdom of Hawai‘i,Native Hawaiian Organization,HI,0,0,0,0,0,0,0,0,0,0,0,0,0,0
NHO-KPKLWL-00,Kipuka Olowalu,Native Hawaiian Organization,HI,0,0,0,0,0,0,0,0,0,0,0,0,0,0
NHO-KHMLML-00,Kohe Malamalama O Kanaloa Protect Kahoʻolawe Fund,Native Hawaiian Organization,HI,0,0,0,0,0,0,0,0,0,0,0,0,0,0
NHO-KOIULA-00,Koʻiʻula,Native Hawaiian Organization,HI,0,0,0,0,0,0,0,0,0,0,0,0,0,0
NHO-KOOLAU-00,Ko‘olau Foundation,Native Hawaiian Organization,HI,0,0,0,0,0,0,0,0,0,0,0,0,0,0
NHO-KLPKHW-00,Ko‘olaupoko Hawaiian Civic Club,Native Hawaiian Organization,HI,0,0,0,0,0,0,0,0,0,0,0,0,0,0
NHO-KUAAIN-00,Kuaʻāina Ulu ʻAuamo,Native Hawaiian Organization,HI,0,0,0,0,0,0,0,0,0,0,0,0,0,0
NHO-KLNNPH-00,Kula no na Po‘e Hawaii,Native Hawaiian Organization,HI,0,0,0,0,0,0,0,0,0,0,0,0,0,0
NHO-KLLLNG-00,Kuloloi‘a Lineage - I ke Kai ‘o Kuloloi‘a,Native Hawaiian Organization,HI,0,0,0,0,0,0,0,0,0,0,0,0,0,0
NHO-KUPAOW-00,Kupa O Waiheʻe,Native Hawaiian Organization,HI,0,0,0,0,0,0,0,0,0,0,0,0,0,0
NHO-KAHULI-00,Kāhuli Leo Leʻa,Native Hawaiian Organization,HI,0,0,0,0,0,0,0,0,0,0,0,0,0,0
NHO-KAKOOO-00,Kāko‘o ‘Ōiwi,Native Hawaiian Organization,HI,0,0,0,0,0,0,0,0,0,0,0,0,0,0
NHO-KNHNMK-00,Kānehūnāmoku Voyaging Academy,Native Hawaiian Organization,HI,0,0,0,0,0,0,0,0,0,0,0,0,0,0
NHO-LHKKKH-00,Lahui Kaka‘ikahi,Native Hawaiian Organization,HI,0,0,0,0,0,0,0,0,0,0,0,0,0,0
NHO-LSVGSH-00,Las Vegas Hawaiian Civic Club,Native Hawaiian Organization,HI,0,0,0,0,0,0,0,0,0,0,0,0,0,0
NHO-LPCMMN-00,Laʻiʻōpua Community Development Corporation,Native Hawaiian Organization,HI,0,0,0,0,0,0,0,0,0,0,0,0,0,0
NHO-MCHDKN-00,Machado-Akana-Aona-Namakaeha Ohana,Native Hawaiian Organization,HI,0,0,0,0,0,0,0,0,0,0,0,0,0,0
NHO-MHMKHN-00,Mahamoku Ohana Council,Native Hawaiian Organization,HI,0,0,0,0,0,0,0,0,0,0,0,0,0,0
NHO-MNLNDH-00,Mainland Council Association of Hawaiian Civic Clubs,Native Hawaiian Organization,HI,0,0,0,0,0,0,0,0,0,0,0,0,0,0
NHO-MALAMA-00,Malama Kaʻu Foundation,Native Hawaiian Organization,HI,0,0,0,0,0,0,0,0,0,0,0,0,0,0
NHO-MLHRSD-00,Malu‘ōhai Residents Association,Native Hawaiian Organization,HI,0,0,0,0,0,0,0,0,0,0,0,0,0,0
NHO-MNHLTH-00,"Mana Health Services, Inc",Native Hawaiian Organization,HI,0,0,0,0,0,0,0,0,0,0,0,0,0,0
NHO-MARAEH-00,Marae Ha‘a Koa,Native Hawaiian Organization,HI,0,0,0,0,0,0,0,0,0,0,0,0,0,0
NHO-MEJEXX-00,"Meje, Inc",Native Hawaiian Organization,HI,0,0,0,0,0,0,0,0,0,0,0,0,0,0
NHO-MELEAN-00,"Meleana Kawaiaea, LLC",Native Hawaiian Organization,HI,0,0,0,0,0,0,0,0,0,0,0,0,0,0
NHO-MALAM1-00,Mālama Hulēʻia,Native Hawaiian Organization,HI,0,0,0,0,0,0,0,0,0,0,0,0,0,0
NHO-MALAM2-00,Mālama Loko Ea Foundation,Native Hawaiian Organization,HI,0,0,0,0,0,0,0,0,0,0,0,0,0,0
NHO-NKPNMK-00,Na Kupuna Moku O Keawe,Native Hawaiian Organization,HI,0,0,0,0,0,0,0,0,0,0,0,0,0,0
NHO-NKHKHW-00,Na Ku‘auhau ‘o Kahiwakaneikopolei,Native Hawaiian Organization,HI,0,0,0,0,0,0,0,0,0,0,0,0,0,0
NHO-NMKPNW-00,Na Mookupuna O Wailua,Native Hawaiian Organization,HI,0,0,0,0,0,0,0,0,0,0,0,0,0,0
NHO-NHNPMH-00,Na Ohana o Puaoi a me Hanawahine,Native Hawaiian Organization,HI,0,0,0,0,0,0,0,0,0,0,0,0,0,0
NHO-HWNCHM-00,Native Hawaiian Chamber of Commerce,Native Hawaiian Organization,HI,0,0,0,0,0,0,0,0,0,0,0,0,0,0
NHO-HWNDCT-00,Native Hawaiian Education Council,Native Hawaiian Organization,HI,0,0,0,0,0,0,0,0,0,0,0,0,0,0
NHO-NKFSHN-00,Nekaifes Ohana,Native Hawaiian Organization,HI,0,0,0,0,0,0,0,0,0,0,0,0,0,0
NHO-NHPPHW-00,"Nohopapa Hawaiʻi, LLC",Native Hawaiian Organization,HI,0,0,0,0,0,0,0,0,0,0,0,0,0,0
NHO-NKLNKN-00,Nā Kuleana o Kānaka ‘Ōiwi,Native Hawaiian Organization,HI,0,0,0,0,0,0,0,0,0,0,0,0,0,0
NHO-NAMANU-00,Nā Manu o Kaiona,Native Hawaiian Organization,HI,0,0,0,0,0,0,0,0,0,0,0,0,0,0
NHO-NAPUUW-00,Nā Puʻuwai,Native Hawaiian Organization,HI,0,0,0,0,0,0,0,0,0,0,0,0,0,0
NHO-HCNRCN-00,Oʻahu Canoe Racing Association,Native Hawaiian Organization,HI,0,0,0,0,0,0,0,0,0,0,0,0,0,0
NHO-PCFCGR-00,Pacific Agricultural Land Management Systems,Native Hawaiian Organization,HI,0,0,0,0,0,0,0,0,0,0,0,0,0,0
NHO-PCFCJS-00,Pacific Justice & Reconciliation Center,Native Hawaiian Organization,HI,0,0,0,0,0,0,0,0,0,0,0,0,0,0
NHO-PAEPAE-00,Paepae o Heʻeia,Native Hawaiian Organization,HI,0,0,0,0,0,0,0,0,0,0,0,0,0,0
NHO-PNWHWN-00,Panaewa Hawaiian Home Lands Community Association,Native Hawaiian Organization,HI,0,0,0,0,0,0,0,0,0,0,0,0,0,0
NHO-PAIXXX-00,PA‘I Foundation,Native Hawaiian Organization,HI,0,0,0,0,0,0,0,0,0,0,0,0,0,0
NHO-PEAHIO-00,Peahi Ohana,Native Hawaiian Organization,HI,0,0,0,0,0,0,0,0,0,0,0,0,0,0
NHO-PRTCTK-00,Protect Kahoʻolawe ʻOhana,Native Hawaiian Organization,HI,0,0,0,0,0,0,0,0,0,0,0,0,0,0
NHO-PHNWLP-00,Puʻuhonua o Wailupe,Native Hawaiian Organization,HI,0,0,0,0,0,0,0,0,0,0,0,0,0,0
NHO-PHKPLM-00,Pōhaku Pelemaka,Native Hawaiian Organization,HI,0,0,0,0,0,0,0,0,0,0,0,0,0,0
NHO-SVRGNH-00,Sovereign Council of Hawaiian Homestead Associations,Native Hawaiian Organization,HI,0,0,0,0,0,0,0,0,0,0,0,0,0,0
NHO-FRNDS1-00,The Friends of Hokule‘a and Hawai‘iloa,Native Hawaiian Organization,HI,0,0,0,0,0,0,0,0,0,0,0,0,0,0
NHO-HWNCH1-00,The Hawaiian Church of Hawaiʻi Nei,Native Hawaiian Organization,HI,0,0,0,0,0,0,0,0,0,0,0,0,0,0
NHO-IMUAGR-00,The I Mua Group,Native Hawaiian Organization,HI,0,0,0,0,0,0,0,0,0,0,0,0,0,0
NHO-WHWHPL-00,Wahiawa Ahupuaa LCA 7714B Apana 6 RP 7813,Native Hawaiian Organization,HI,0,0,0,0,0,0,0,0,0,0,0,0,0,0
NHO-WAIKOA-00,Wai Koa Kauaʻi,Native Hawaiian Organization,HI,0,0,0,0,0,0,0,0,0,0,0,0,0,0
NHO-WHKPHS-00,Waiehu Kou Phase 3 Association,Native Hawaiian Organization,HI,0,0,0,0,0,0,0,0,0,0,0,0,0,0
NHO-WTRRSG-00,WATRRS GROUP,Native Hawaiian Organization,HI,0,0,0,0,0,0,0,0,0,0,0,0,0,0
NHO-AHAPUN-00,ʻAha Pūnana Leo,Native Hawaiian Organization,HI,0,0,0,0,0,0,0,0,0,0,0,0,0,0
NHO-AINOAX-00,ʻAi Noa Foundation,Native Hawaiian Organization,HI,0,0,0,0,0,0,0,0,0,0,0,0,0,0
NHO-AOAOON-00,ʻAoʻao O Nā Loko Iʻa O Maui,Native Hawaiian Organization,HI,0,0,0,0,0,0,0,0,0,0,0,0,0,0
NHO-PKHWNN-00,ʻApoākea Native Hawaiian Innovation Institute,Native Hawaiian Organization,HI,0,0,0,0,0,0,0,0,0,0,0,0,0,0
NHO-IKELAW-00,ʻIke Lawaiʻa,Native Hawaiian Organization,HI,0,0,0,0,0,0,0,0,0,0,0,0,0,0
NHO-MKKKHC-00,ʻO Makuʻu Ke Kahua Community Center,Native Hawaiian Organization,HI,0,0,0,0,0,0,0,0,0,0,0,0,0,0
NHO-OHANAL-00,ʻOhana Lo,Native Hawaiian Organization,HI,0,0,0,0,0,0,0,0,0,0,0,0,0,0
NHO-AHAKAN-00,‘Aha Kāne,Native Hawaiian Organization,HI,0,0,0,0,0,0,0,0,0,0,0,0,0,0
NHO-AHAMAL-00,"‘Aha Mālama, Corp",Native Hawaiian Organization,HI,0,0,0,0,0,0,0,0,0,0,0,0,0,0
NHO-AINAMO-00,‘Āina Momona,Native Hawaiian Organization,HI,0,0,0,0,0,0,0,0,0,0,0,0,0,0
SGVF-BRSTLB-00,Bristol Bay Area Health Corporation,Federal-level self-governance consortium,AK,0,0,0,0,0,0,0,0,0,0,0,0,0,0
ITO-BRSTL1-00,Bristol Bay Housing Authority,Intertribal Organization,AK,0,0,0,0,0,0,0,0,0,0,0,0,0,0
