ruling_id,ruled_date,identifier_type,identifier,cage_code,entity_name,ruling,parent_native_entity,parent_entity_id,parent_entity_class,supersedes,evidence_url,evidence_quote,ruled_by,note,queue_ref,retrieved_date,evidence_capture,triage_class,triage_rule,human_category,priority_rank,priority_tier,impact_usd,linked_records,spot_checked,spot_check_result
NEEDATT-20261004-001,2026-10-04,NEED_ENTERPRISE,CEDAR-NEST-005235-NR,,Bowhead Manufacturing Company,ATTRIBUTE,Ukpeaġvik Iñupiat Corporation,CE-0009Z-7Q,ANC,,https://github.com/teim-team/cedar-press/blob/a5f114daa6c3236303ceefa5c765789376106436/docs/NEED_CORROBORATION.json,CEDAR-NEST-005235-NR: fpds_declared_parent_name 'UKPEAGVIK INUPIAT CORPORATION' on 1216 FPDS observations; ledger_resolves_parent_to AKNF-INPTAS-00-ARCSLO,agent under owner standing triage rule 2026-10-04; not an owner ruling,"government_record source states the proposed owner. Duplicate of CEDAR-NEST-000805-VD (same firm under UIC); merge is a register decision, not made here",Lumecon-data decisions/identity/need/README.md (NEED linkage audit 2026-10-04),2026-10-04,repository_record,AUTO_RESOLVE,AUTO_OFFICIAL_SOURCE,,,,,,no,
NEEDATT-20261004-001-R,2026-10-04,NEED_ENTERPRISE,CEDAR-NEST-005235-NR,,Bowhead Manufacturing Company,REJECT_ATTRIBUTION,Barrow,CE-0002C-JC,TRIBE,,https://github.com/teim-team/cedar-press/blob/a5f114daa6c3236303ceefa5c765789376106436/docs/NEED_CORROBORATION.json,CEDAR-NEST-005235-NR: fpds_declared_parent_name 'UKPEAGVIK INUPIAT CORPORATION' on 1216 FPDS observations; ledger_resolves_parent_to AKNF-INPTAS-00-ARCSLO,agent under owner standing triage rule 2026-10-04; not an owner ruling,"replaced by NEEDATT-20261004-001. government_record source states the proposed owner. Duplicate of CEDAR-NEST-000805-VD (same firm under UIC); merge is a register decision, not made here",Lumecon-data decisions/identity/need/README.md (NEED linkage audit 2026-10-04),2026-10-04,repository_record,AUTO_RESOLVE,AUTO_OFFICIAL_SOURCE,,,,,,no,
NEEDATT-20261004-002,2026-10-04,NEED_ENTERPRISE,CEDAR-NEST-005241-SE,,Bowhead Professional Solutions,ATTRIBUTE,Ukpeaġvik Iñupiat Corporation,CE-0009Z-7Q,ANC,,https://github.com/teim-team/cedar-press/blob/a5f114daa6c3236303ceefa5c765789376106436/dist/review/samples/_entity_layer/entity_relationships__10.csv,"Ruled by Elijah 2026-08-06: re-attributed to Ukpeaġvik Iñupiat Corporation (matched by exact); the earlier claim was wrong. firm 'Bowhead Professional Solutions, Llc' (UEI GRZ5EJZB3JC4) is owned by this Native entity directly. [CEDAR-NEST-000811-Z3]",agent under owner standing triage rule 2026-10-04; not an owner ruling,"owner_ruling source states the proposed owner. The owner's 2026-08-06 ruling on the same firm (CEDAR-NEST-000811-Z3) governs; duplicate of 000811-Z3, merge is a register decision",Lumecon-data decisions/identity/need/README.md (NEED linkage audit 2026-10-04),2026-10-04,repository_record,AUTO_RESOLVE,AUTO_OWNER_RULING,,,,,,no,
NEEDATT-20261004-002-R,2026-10-04,NEED_ENTERPRISE,CEDAR-NEST-005241-SE,,Bowhead Professional Solutions,REJECT_ATTRIBUTION,Barrow,CE-0002C-JC,TRIBE,,https://github.com/teim-team/cedar-press/blob/a5f114daa6c3236303ceefa5c765789376106436/dist/review/samples/_entity_layer/entity_relationships__10.csv,"Ruled by Elijah 2026-08-06: re-attributed to Ukpeaġvik Iñupiat Corporation (matched by exact); the earlier claim was wrong. firm 'Bowhead Professional Solutions, Llc' (UEI GRZ5EJZB3JC4) is owned by this Native entity directly. [CEDAR-NEST-000811-Z3]",agent under owner standing triage rule 2026-10-04; not an owner ruling,"replaced by NEEDATT-20261004-002. owner_ruling source states the proposed owner. The owner's 2026-08-06 ruling on the same firm (CEDAR-NEST-000811-Z3) governs; duplicate of 000811-Z3, merge is a register decision",Lumecon-data decisions/identity/need/README.md (NEED linkage audit 2026-10-04),2026-10-04,repository_record,AUTO_RESOLVE,AUTO_OWNER_RULING,,,,,,no,
NEEDATT-20261004-003,2026-10-04,NEED_ENTERPRISE,CEDAR-NEST-005249-E6,,Bowhead Transportation Company,ATTRIBUTE,Ukpeaġvik Iñupiat Corporation,CE-0009Z-7Q,ANC,,https://github.com/teim-team/cedar-press/blob/a5f114daa6c3236303ceefa5c765789376106436/docs/NEED_CORROBORATION.json,CEDAR-NEST-005249-E6: fpds_declared_parent_name 'UKPEAGVIK INUPIAT CORPORATION' on 2221 FPDS observations; ledger_resolves_parent_to AKNF-INPTAS-00-ARCSLO,agent under owner standing triage rule 2026-10-04; not an owner ruling,government_record source states the proposed owner. Duplicate of CEDAR-NEST-000819-FB; merge is a register decision,Lumecon-data decisions/identity/need/README.md (NEED linkage audit 2026-10-04),2026-10-04,repository_record,AUTO_RESOLVE,AUTO_OFFICIAL_SOURCE,,,,,,no,
NEEDATT-20261004-003-R,2026-10-04,NEED_ENTERPRISE,CEDAR-NEST-005249-E6,,Bowhead Transportation Company,REJECT_ATTRIBUTION,Barrow,CE-0002C-JC,TRIBE,,https://github.com/teim-team/cedar-press/blob/a5f114daa6c3236303ceefa5c765789376106436/docs/NEED_CORROBORATION.json,CEDAR-NEST-005249-E6: fpds_declared_parent_name 'UKPEAGVIK INUPIAT CORPORATION' on 2221 FPDS observations; ledger_resolves_parent_to AKNF-INPTAS-00-ARCSLO,agent under owner standing triage rule 2026-10-04; not an owner ruling,replaced by NEEDATT-20261004-003. government_record source states the proposed owner. Duplicate of CEDAR-NEST-000819-FB; merge is a register decision,Lumecon-data decisions/identity/need/README.md (NEED linkage audit 2026-10-04),2026-10-04,repository_record,AUTO_RESOLVE,AUTO_OFFICIAL_SOURCE,,,,,,no,
NEEDATT-20261004-004,2026-10-04,NEED_ENTERPRISE,CEDAR-NEST-005237-1A,,"Bowhead Marine Support Services, Llc",ATTRIBUTE,Ukpeaġvik Iñupiat Corporation,CE-0009Z-7Q,ANC,,https://www.bowhead.com/company/bowhead-marine-support-services/,"Bowhead Marine Support Services is a federal contractor registered as a subsidiary of UIC Government Services, LLC ... a specialized division operating under Ukpeagvik Inupiat Corporation (UIC)",agent under owner standing triage rule 2026-10-04; not an owner ruling,first_party source states the proposed owner,Lumecon-data decisions/identity/need/README.md (NEED linkage audit 2026-10-04),2026-10-04,search_snippet,AUTO_RESOLVE,AUTO_FIRST_PARTY,,,,,,no,
NEEDATT-20261004-004-R,2026-10-04,NEED_ENTERPRISE,CEDAR-NEST-005237-1A,,"Bowhead Marine Support Services, Llc",REJECT_ATTRIBUTION,Barrow,CE-0002C-JC,TRIBE,,https://www.bowhead.com/company/bowhead-marine-support-services/,"Bowhead Marine Support Services is a federal contractor registered as a subsidiary of UIC Government Services, LLC ... a specialized division operating under Ukpeagvik Inupiat Corporation (UIC)",agent under owner standing triage rule 2026-10-04; not an owner ruling,replaced by NEEDATT-20261004-004. first_party source states the proposed owner,Lumecon-data decisions/identity/need/README.md (NEED linkage audit 2026-10-04),2026-10-04,search_snippet,AUTO_RESOLVE,AUTO_FIRST_PARTY,,,,,,no,
NEEDATT-20261004-005,2026-10-04,NEED_ENTERPRISE,CEDAR-NEST-005586-6F,,Sand Point Generating Llc,ATTRIBUTE,Tanadgusix Corporation (TDX),CE-000CR-CR,ANC,,https://github.com/teim-team/cedar-press/blob/a5f114daa6c3236303ceefa5c765789376106436/docs/NEED_CORROBORATION.json,CEDAR-NEST-005586-6F: fpds_declared_parent_name 'TANADGUSIX CORPORATION' on 93 FPDS observations; ledger_resolves_parent_to ANVC-TNDGSX-00,agent under owner standing triage rule 2026-10-04; not an owner ruling,government_record source states the proposed owner,Lumecon-data decisions/identity/need/README.md (NEED linkage audit 2026-10-04),2026-10-04,repository_record,AUTO_RESOLVE,AUTO_OFFICIAL_SOURCE,,,,,,no,
NEEDATT-20261004-005-R,2026-10-04,NEED_ENTERPRISE,CEDAR-NEST-005586-6F,,Sand Point Generating Llc,REJECT_ATTRIBUTION,Qagan Tayagungin,CE-0005A-NA,TRIBE,,https://github.com/teim-team/cedar-press/blob/a5f114daa6c3236303ceefa5c765789376106436/docs/NEED_CORROBORATION.json,CEDAR-NEST-005586-6F: fpds_declared_parent_name 'TANADGUSIX CORPORATION' on 93 FPDS observations; ledger_resolves_parent_to ANVC-TNDGSX-00,agent under owner standing triage rule 2026-10-04; not an owner ruling,replaced by NEEDATT-20261004-005. government_record source states the proposed owner,Lumecon-data decisions/identity/need/README.md (NEED linkage audit 2026-10-04),2026-10-04,repository_record,AUTO_RESOLVE,AUTO_OFFICIAL_SOURCE,,,,,,no,
NEEDATT-20261004-006,2026-10-04,NEED_ENTERPRISE,CEDAR-NEST-000025-PH,,"Nisga'A Tek, Llc",ATTRIBUTE,"Goldbelt, Incorporated",CE-0008Y-WE,ANC,,https://github.com/teim-team/cedar-press/blob/a5f114daa6c3236303ceefa5c765789376106436/docs/NEED_CORROBORATION.json,CEDAR-NEST-000025-PH: fpds_declared_parent_name 'GOLDBELT  INCORPORATED' on 254 FPDS observations; ledger_resolves_parent_to ANVC-GLDBLT-00,agent under owner standing triage rule 2026-10-04; not an owner ruling,government_record source states the proposed owner,Lumecon-data decisions/identity/need/README.md (NEED linkage audit 2026-10-04),2026-10-04,repository_record,AUTO_RESOLVE,AUTO_OFFICIAL_SOURCE,,,,,,no,
NEEDATT-20261004-006-R,2026-10-04,NEED_ENTERPRISE,CEDAR-NEST-000025-PH,,"Nisga'A Tek, Llc",REJECT_ATTRIBUTION,Tlingit & Haida,CE-0006B-0K,TRIBE,,https://github.com/teim-team/cedar-press/blob/a5f114daa6c3236303ceefa5c765789376106436/docs/NEED_CORROBORATION.json,CEDAR-NEST-000025-PH: fpds_declared_parent_name 'GOLDBELT  INCORPORATED' on 254 FPDS observations; ledger_resolves_parent_to ANVC-GLDBLT-00,agent under owner standing triage rule 2026-10-04; not an owner ruling,replaced by NEEDATT-20261004-006. government_record source states the proposed owner,Lumecon-data decisions/identity/need/README.md (NEED linkage audit 2026-10-04),2026-10-04,repository_record,AUTO_RESOLVE,AUTO_OFFICIAL_SOURCE,,,,,,no,
NEEDATT-20261004-007,2026-10-04,NEED_ENTERPRISE,CEDAR-NEST-005781-PT,,"EAGLE EYE ELECTRIC, LLC",ATTRIBUTE,Bering Straits Native Corporation,CE-00079-SH,ANC,,https://beringstraits.com/eagle-eye-electric/,Eagle Eye Electric LLC is an Alaskan Native Corporation-owned small business subsidiary of Bering Straits Native Corporation,agent under owner standing triage rule 2026-10-04; not an owner ruling,first_party source states the proposed owner,Lumecon-data decisions/identity/need/README.md (NEED linkage audit 2026-10-04),2026-10-04,search_snippet,AUTO_RESOLVE,AUTO_FIRST_PARTY,,,,,,yes,agree
NEEDATT-20261004-007-R,2026-10-04,NEED_ENTERPRISE,CEDAR-NEST-005781-PT,,"EAGLE EYE ELECTRIC, LLC",REJECT_ATTRIBUTION,Eagle,CE-0006R-ER,TRIBE,,https://beringstraits.com/eagle-eye-electric/,Eagle Eye Electric LLC is an Alaskan Native Corporation-owned small business subsidiary of Bering Straits Native Corporation,agent under owner standing triage rule 2026-10-04; not an owner ruling,replaced by NEEDATT-20261004-007. first_party source states the proposed owner,Lumecon-data decisions/identity/need/README.md (NEED linkage audit 2026-10-04),2026-10-04,search_snippet,AUTO_RESOLVE,AUTO_FIRST_PARTY,,,,,,yes,agree
NEEDATT-20261004-008,2026-10-04,NEED_ENTERPRISE,CEDAR-NEST-006088-TN,,WHITE MOUNTAIN APACHE TRIBE,REJECT_ATTRIBUTION,White Mountain Native Corporation,CE-000D1-79,ANC,,https://github.com/teim-team/cedar-press/blob/a5f114daa6c3236303ceefa5c765789376106436/docs/NEED_CORROBORATION.json,CEDAR-NEST-006088-TN: fpds_declared_parent_name 'WHITE MOUNTAIN APACHE TRIBE' on 148 FPDS observations; ledger_resolves_parent_to TRBF-WMTNAZ-00,agent under owner standing triage rule 2026-10-04; not an owner ruling,"government_record source shows the subject is not the recorded owner's. The row is the White Mountain Apache Tribe government (CE-001C7-AR) itself, not an enterprise of an Alaska corporation; no owner is assigned",Lumecon-data decisions/identity/need/README.md (NEED linkage audit 2026-10-04),2026-10-04,repository_record,AUTO_RESOLVE,AUTO_REJECT_WRONG_ENTITY,,,,,,no,
NEEDATT-20261004-009,2026-10-04,NEED_ENTERPRISE,CEDAR-NEST-002069-6Z,,Mashpee Wampanoag Tribe,REJECT_ATTRIBUTION,Wampanoag,CE-00123-0M,TRIBE,,https://github.com/teim-team/cedar-press/blob/a5f114daa6c3236303ceefa5c765789376106436/docs/NEED_CORROBORATION.json,CEDAR-NEST-002069-6Z: fpds_declared_parent_name 'MASHPEE WAMPANOAG INDIAN TRIBAL COUNCIL INC' on 810 FPDS observations; ledger_resolves_parent_to TRBF-MSHPEE-00,agent under owner standing triage rule 2026-10-04; not an owner ruling,government_record source shows the subject is not the recorded owner's. The row is the Mashpee Wampanoag Tribe government (CE-0017D-NY) itself. The v6 row is an owner hand ruling; its verbatim quote in release 428d1104 source_records shows whether the owner named Mashpee (then code/1130's crosswalk mistranslated it),Lumecon-data decisions/identity/need/README.md (NEED linkage audit 2026-10-04),2026-10-04,repository_record,AUTO_RESOLVE,AUTO_REJECT_WRONG_ENTITY,,,,,,no,
NEEDATT-20261004-010,2026-10-04,NEED_ENTERPRISE,CEDAR-NEST-002181-TF,,"MILL CREEK, LLC",ATTRIBUTE,Prairie Band,CE-0018M-4X,TRIBE,,https://www.pbpindiantribe.com/pb-llc-acquires-mill-creek-llc,"Mill Creek LLC is a wholly owned subsidiary of Prairie Band, LLC ... Prairie Band, LLC was formed in 2010 as an economic development company wholly owned by the Prairie Band Potawatomi Nation",agent under owner standing triage rule 2026-10-04; not an owner ruling,"tribal_official source states the proposed owner. Owned through Prairie Band, LLC since 2017-10-31 (acquisition date per the same source)",Lumecon-data decisions/identity/need/README.md (NEED linkage audit 2026-10-04),2026-10-04,search_snippet,AUTO_RESOLVE,AUTO_OFFICIAL_SOURCE,,,,,,no,
NEEDATT-20261004-010-R,2026-10-04,NEED_ENTERPRISE,CEDAR-NEST-002181-TF,,"MILL CREEK, LLC",REJECT_ATTRIBUTION,Berry Creek,CE-00129-4A,TRIBE,,https://www.pbpindiantribe.com/pb-llc-acquires-mill-creek-llc,"Mill Creek LLC is a wholly owned subsidiary of Prairie Band, LLC ... Prairie Band, LLC was formed in 2010 as an economic development company wholly owned by the Prairie Band Potawatomi Nation",agent under owner standing triage rule 2026-10-04; not an owner ruling,"replaced by NEEDATT-20261004-010. tribal_official source states the proposed owner. Owned through Prairie Band, LLC since 2017-10-31 (acquisition date per the same source)",Lumecon-data decisions/identity/need/README.md (NEED linkage audit 2026-10-04),2026-10-04,search_snippet,AUTO_RESOLVE,AUTO_OFFICIAL_SOURCE,,,,,,no,
NEEDATT-20261004-011,2026-10-04,NEED_ENTERPRISE,CEDAR-NEST-002299-D5,,"Vista Defense Technologies, Llc",ATTRIBUTE,Bristol Bay Native Corporation,CE-0007A-ZA,ANC,,https://vistadefense.com/about/,Vista Defense Technologies LLC is a wholly owned subsidiary of Bristol Bay Native Corporation (BBNC),agent under owner standing triage rule 2026-10-04; not an owner ruling,first_party source states the proposed owner,Lumecon-data decisions/identity/need/README.md (NEED linkage audit 2026-10-04),2026-10-04,search_snippet,AUTO_RESOLVE,AUTO_FIRST_PARTY,,,,,,no,
NEEDATT-20261004-011-R,2026-10-04,NEED_ENTERPRISE,CEDAR-NEST-002299-D5,,"Vista Defense Technologies, Llc",REJECT_ATTRIBUTION,Buena Vista Rancheria,CE-0012J-TB,TRIBE,,https://vistadefense.com/about/,Vista Defense Technologies LLC is a wholly owned subsidiary of Bristol Bay Native Corporation (BBNC),agent under owner standing triage rule 2026-10-04; not an owner ruling,replaced by NEEDATT-20261004-011. first_party source states the proposed owner,Lumecon-data decisions/identity/need/README.md (NEED linkage audit 2026-10-04),2026-10-04,search_snippet,AUTO_RESOLVE,AUTO_FIRST_PARTY,,,,,,no,
NEEDATT-20261004-012,2026-10-04,NEED_ENTERPRISE,CEDAR-NEST-002349-37,,"MISSION SUPPORT SERVICES, LLC",ATTRIBUTE,Oneida Nation (Wisconsin),CE-0017Y-V7,TRIBE,,https://oescgroup.com/oesc/ms2/,"MS2 is an Oneida ESC Group company, and both OESC and MS2 are wholly-owned by the Oneida Nation of Wisconsin",agent under owner standing triage rule 2026-10-04; not an owner ruling,"first_party source states the proposed owner. Same firm as CEDAR-NEST-003693-SG; after both corrections the two IDs share one key, merge is a register decision",Lumecon-data decisions/identity/need/README.md (NEED linkage audit 2026-10-04),2026-10-04,search_snippet,AUTO_RESOLVE,AUTO_FIRST_PARTY,,,,,,no,
NEEDATT-20261004-012-R,2026-10-04,NEED_ENTERPRISE,CEDAR-NEST-002349-37,,"MISSION SUPPORT SERVICES, LLC",REJECT_ATTRIBUTION,Campo,CE-0012T-AK,TRIBE,,https://oescgroup.com/oesc/ms2/,"MS2 is an Oneida ESC Group company, and both OESC and MS2 are wholly-owned by the Oneida Nation of Wisconsin",agent under owner standing triage rule 2026-10-04; not an owner ruling,"replaced by NEEDATT-20261004-012. first_party source states the proposed owner. Same firm as CEDAR-NEST-003693-SG; after both corrections the two IDs share one key, merge is a register decision",Lumecon-data decisions/identity/need/README.md (NEED linkage audit 2026-10-04),2026-10-04,search_snippet,AUTO_RESOLVE,AUTO_FIRST_PARTY,,,,,,no,
NEEDATT-20261004-013,2026-10-04,NEED_ENTERPRISE,CEDAR-NEST-003693-SG,,"Mission Support Services, Llc",ATTRIBUTE,Oneida Nation (Wisconsin),CE-0017Y-V7,TRIBE,,https://oescgroup.com/oesc/ms2/,"MS2 is an Oneida ESC Group company, and both OESC and MS2 are wholly-owned by the Oneida Nation of Wisconsin",agent under owner standing triage rule 2026-10-04; not an owner ruling,first_party source states the proposed owner. Oneida Nation (New York) and the Oneida Nation of Wisconsin are distinct tribes; same firm as CEDAR-NEST-002349-37,Lumecon-data decisions/identity/need/README.md (NEED linkage audit 2026-10-04),2026-10-04,search_snippet,AUTO_RESOLVE,AUTO_FIRST_PARTY,,,,,,no,
NEEDATT-20261004-013-R,2026-10-04,NEED_ENTERPRISE,CEDAR-NEST-003693-SG,,"Mission Support Services, Llc",REJECT_ATTRIBUTION,Oneida,CE-0017X-NE,TRIBE,,https://oescgroup.com/oesc/ms2/,"MS2 is an Oneida ESC Group company, and both OESC and MS2 are wholly-owned by the Oneida Nation of Wisconsin",agent under owner standing triage rule 2026-10-04; not an owner ruling,replaced by NEEDATT-20261004-013. first_party source states the proposed owner. Oneida Nation (New York) and the Oneida Nation of Wisconsin are distinct tribes; same firm as CEDAR-NEST-002349-37,Lumecon-data decisions/identity/need/README.md (NEED linkage audit 2026-10-04),2026-10-04,search_snippet,AUTO_RESOLVE,AUTO_FIRST_PARTY,,,,,,no,
NEEDATT-20261004-014,2026-10-04,NEED_ENTERPRISE,CEDAR-NEST-003710-ZS,,"Oneida Total Integrated Enterprises, Llc",ATTRIBUTE,Oneida Nation (Wisconsin),CE-0017Y-V7,TRIBE,,https://oescgroup.com/oesc/otie/,"Oneida Total Integrated Enterprises (OTIE) is a full-service ... company wholly-owned by the Oneida Nation as a subsidiary under Oneida ESC Group ... headquartered in Milwaukee, WI",agent under owner standing triage rule 2026-10-04; not an owner ruling,first_party source states the proposed owner,Lumecon-data decisions/identity/need/README.md (NEED linkage audit 2026-10-04),2026-10-04,search_snippet,AUTO_RESOLVE,AUTO_FIRST_PARTY,,,,,,no,
NEEDATT-20261004-014-R,2026-10-04,NEED_ENTERPRISE,CEDAR-NEST-003710-ZS,,"Oneida Total Integrated Enterprises, Llc",REJECT_ATTRIBUTION,Oneida,CE-0017X-NE,TRIBE,,https://oescgroup.com/oesc/otie/,"Oneida Total Integrated Enterprises (OTIE) is a full-service ... company wholly-owned by the Oneida Nation as a subsidiary under Oneida ESC Group ... headquartered in Milwaukee, WI",agent under owner standing triage rule 2026-10-04; not an owner ruling,replaced by NEEDATT-20261004-014. first_party source states the proposed owner,Lumecon-data decisions/identity/need/README.md (NEED linkage audit 2026-10-04),2026-10-04,search_snippet,AUTO_RESOLVE,AUTO_FIRST_PARTY,,,,,,no,
NEEDATT-20261004-015,2026-10-04,NEED_ENTERPRISE,CEDAR-NEST-002685-NQ,,Crow Tribe Of Indians,REJECT_ATTRIBUTION,Crow Creek,CE-0013V-NW,TRIBE,,https://github.com/teim-team/cedar-press/blob/a5f114daa6c3236303ceefa5c765789376106436/docs/NEED_CORROBORATION.json,CEDAR-NEST-002685-NQ: fpds_declared_parent_name 'CROW TRIBE OF INDIANS' on 30 FPDS observations; ledger_resolves_parent_to TRBF-CROWMT-00,agent under owner standing triage rule 2026-10-04; not an owner ruling,"government_record source shows the subject is not the recorded owner's. The row is the Crow Tribe (Montana) government, CE-0013W-VN, itself; no owner is assigned",Lumecon-data decisions/identity/need/README.md (NEED linkage audit 2026-10-04),2026-10-04,repository_record,AUTO_RESOLVE,AUTO_REJECT_WRONG_ENTITY,,,,,,no,
NEEDATT-20261004-016,2026-10-04,NEED_ENTERPRISE,CEDAR-NEST-003194-QN,,"S&K Federal Services, Llc",ATTRIBUTE,Confederated Salish,CE-0013X-1E,TRIBE,,https://www.sktcorp.com/culture-community/,"As a wholly-owned corporation of the Confederated Salish and Kootenai Tribes, S&K Technologies, Inc. is part of an extensive economic development plan established by tribal leadership",agent under owner standing triage rule 2026-10-04; not an owner ruling,"first_party source states the proposed owner. Kootenai Tribe of Idaho is a different tribe from the Confederated Salish and Kootenai Tribes. The v6 row is an owner hand ruling; code/1130 cannot resolve 'Confederated Salish and Kootenai Tribes' to one tribe by name (ties Kootenai with Confederated Salish), so the hub came from the row's handle - check the release 428d1104 quote",Lumecon-data decisions/identity/need/README.md (NEED linkage audit 2026-10-04),2026-10-04,search_snippet,AUTO_RESOLVE,AUTO_FIRST_PARTY,,,,,,no,
NEEDATT-20261004-016-R,2026-10-04,NEED_ENTERPRISE,CEDAR-NEST-003194-QN,,"S&K Federal Services, Llc",REJECT_ATTRIBUTION,Kootenai,CE-0015Z-Q0,TRIBE,,https://www.sktcorp.com/culture-community/,"As a wholly-owned corporation of the Confederated Salish and Kootenai Tribes, S&K Technologies, Inc. is part of an extensive economic development plan established by tribal leadership",agent under owner standing triage rule 2026-10-04; not an owner ruling,"replaced by NEEDATT-20261004-016. first_party source states the proposed owner. Kootenai Tribe of Idaho is a different tribe from the Confederated Salish and Kootenai Tribes. The v6 row is an owner hand ruling; code/1130 cannot resolve 'Confederated Salish and Kootenai Tribes' to one tribe by name (ties Kootenai with Confederated Salish), so the hub came from the row's handle - check the release 428d1104 quote",Lumecon-data decisions/identity/need/README.md (NEED linkage audit 2026-10-04),2026-10-04,search_snippet,AUTO_RESOLVE,AUTO_FIRST_PARTY,,,,,,no,
NEEDATT-20261004-017,2026-10-04,NEED_ENTERPRISE,CEDAR-NEST-003196-37,,S&K Logistics Services Llc,ATTRIBUTE,Confederated Salish,CE-0013X-1E,TRIBE,,https://www.sktcorp.com/culture-community/,"As a wholly-owned corporation of the Confederated Salish and Kootenai Tribes, S&K Technologies, Inc. is part of an extensive economic development plan established by tribal leadership",agent under owner standing triage rule 2026-10-04; not an owner ruling,"first_party source states the proposed owner. Kootenai Tribe of Idaho is a different tribe from the Confederated Salish and Kootenai Tribes. The v6 row is an owner hand ruling; code/1130 cannot resolve 'Confederated Salish and Kootenai Tribes' to one tribe by name (ties Kootenai with Confederated Salish), so the hub came from the row's handle - check the release 428d1104 quote",Lumecon-data decisions/identity/need/README.md (NEED linkage audit 2026-10-04),2026-10-04,search_snippet,AUTO_RESOLVE,AUTO_FIRST_PARTY,,,,,,no,
NEEDATT-20261004-017-R,2026-10-04,NEED_ENTERPRISE,CEDAR-NEST-003196-37,,S&K Logistics Services Llc,REJECT_ATTRIBUTION,Kootenai,CE-0015Z-Q0,TRIBE,,https://www.sktcorp.com/culture-community/,"As a wholly-owned corporation of the Confederated Salish and Kootenai Tribes, S&K Technologies, Inc. is part of an extensive economic development plan established by tribal leadership",agent under owner standing triage rule 2026-10-04; not an owner ruling,"replaced by NEEDATT-20261004-017. first_party source states the proposed owner. Kootenai Tribe of Idaho is a different tribe from the Confederated Salish and Kootenai Tribes. The v6 row is an owner hand ruling; code/1130 cannot resolve 'Confederated Salish and Kootenai Tribes' to one tribe by name (ties Kootenai with Confederated Salish), so the hub came from the row's handle - check the release 428d1104 quote",Lumecon-data decisions/identity/need/README.md (NEED linkage audit 2026-10-04),2026-10-04,search_snippet,AUTO_RESOLVE,AUTO_FIRST_PARTY,,,,,,no,
NEEDATT-20261004-018,2026-10-04,NEED_ENTERPRISE,CEDAR-NEST-003407-RJ,,Amee Bay Limited Liability Company,ATTRIBUTE,Old Harbor Native Corporation,CE-000A9-81,ANC,,https://threesaintsbay.com/amee-bay/,"Amee Bay is a subsidiary of Three Saints Bay, LLC, which is owned by Old Harbor Native Corporation",agent under owner standing triage rule 2026-10-04; not an owner ruling,first_party source states the proposed owner,Lumecon-data decisions/identity/need/README.md (NEED linkage audit 2026-10-04),2026-10-04,search_snippet,AUTO_RESOLVE,AUTO_FIRST_PARTY,,,,,,no,
NEEDATT-20261004-018-R,2026-10-04,NEED_ENTERPRISE,CEDAR-NEST-003407-RJ,,Amee Bay Limited Liability Company,REJECT_ATTRIBUTION,Three Affiliated,CE-0016W-A5,TRIBE,,https://threesaintsbay.com/amee-bay/,"Amee Bay is a subsidiary of Three Saints Bay, LLC, which is owned by Old Harbor Native Corporation",agent under owner standing triage rule 2026-10-04; not an owner ruling,replaced by NEEDATT-20261004-018. first_party source states the proposed owner,Lumecon-data decisions/identity/need/README.md (NEED linkage audit 2026-10-04),2026-10-04,search_snippet,AUTO_RESOLVE,AUTO_FIRST_PARTY,,,,,,no,
NEEDATT-20261004-019,2026-10-04,NEED_ENTERPRISE,CEDAR-NEST-003415-8T,,"Ocean Bay Information And Systems Management, Llc",ATTRIBUTE,Old Harbor Native Corporation,CE-000A9-81,ANC,,https://threesaintsbay.com/ocean-bay/,"Ocean Bay, LLC is ... a subsidiary of Three Saints Bay, LLC, which is owned by Old Harbor Native Corporation",agent under owner standing triage rule 2026-10-04; not an owner ruling,first_party source states the proposed owner,Lumecon-data decisions/identity/need/README.md (NEED linkage audit 2026-10-04),2026-10-04,search_snippet,AUTO_RESOLVE,AUTO_FIRST_PARTY,,,,,,no,
NEEDATT-20261004-019-R,2026-10-04,NEED_ENTERPRISE,CEDAR-NEST-003415-8T,,"Ocean Bay Information And Systems Management, Llc",REJECT_ATTRIBUTION,Three Affiliated,CE-0016W-A5,TRIBE,,https://threesaintsbay.com/ocean-bay/,"Ocean Bay, LLC is ... a subsidiary of Three Saints Bay, LLC, which is owned by Old Harbor Native Corporation",agent under owner standing triage rule 2026-10-04; not an owner ruling,replaced by NEEDATT-20261004-019. first_party source states the proposed owner,Lumecon-data decisions/identity/need/README.md (NEED linkage audit 2026-10-04),2026-10-04,search_snippet,AUTO_RESOLVE,AUTO_FIRST_PARTY,,,,,,no,
NEEDATT-20261004-020,2026-10-04,NEED_ENTERPRISE,CEDAR-NEST-004100-88,,Flandreau Santee Sioux Tribe,REJECT_ATTRIBUTION,Santee Sioux,CE-0019J-XV,TRIBE,,https://github.com/teim-team/cedar-press/blob/a5f114daa6c3236303ceefa5c765789376106436/docs/NEED_CORROBORATION.json,CEDAR-NEST-004100-88: fpds_declared_parent_name 'FLANDREAU SANTEE SIOUX TRIBE' on 167 FPDS observations; ledger_resolves_parent_to TRBF-FLANDR-00,agent under owner standing triage rule 2026-10-04; not an owner ruling,"government_record source shows the subject is not the recorded owner's. The row is the Flandreau Santee Sioux Tribe government (CE-0014E-C7) itself. code/1130 route 3 resolves the name 'Flandreau Santee Sioux Tribe' to Santee Sioux (two tokens beat one); fixed there, so the owner's hand ruling is honoured on the next build",Lumecon-data decisions/identity/need/README.md (NEED linkage audit 2026-10-04),2026-10-04,repository_record,AUTO_RESOLVE,AUTO_REJECT_WRONG_ENTITY,,,,,,no,
NEEDATT-20261004-021,2026-10-04,NEED_ENTERPRISE,CEDAR-NEST-001798-0Z,,Chugach Regional Resources Commission,REJECT_ATTRIBUTION,Chugach Alaska Corporation,CE-0007C-BW,ANC,,https://crrcalaska.org/,"The Chugach Regional Resources Commission is a non-profit, inter-tribal consortium of seven tribes in the Chugach region",agent under owner standing triage rule 2026-10-04; not an owner ruling,"first_party source shows the subject is not the recorded owner's. An inter-tribal nonprofit of seven tribal governments, not a company of Chugach Alaska Corporation; no owner is assigned",Lumecon-data decisions/identity/need/README.md (NEED linkage audit 2026-10-04),2026-10-04,search_snippet,AUTO_RESOLVE,AUTO_REJECT_WRONG_ENTITY,,,,,,no,
NEEDATT-20261004-022,2026-10-04,NEED_ENTERPRISE,CEDAR-NEST-001155-AM,,"Broadleaf, Inc",ATTRIBUTE,Arctic Slope Regional Corporation,CE-00078-KR,ANC,,https://www.asrcfederal.com/broadleaf/,Broadleaf is listed as a subsidiary under Arctic Slope Regional Corporation,agent under owner standing triage rule 2026-10-04; not an owner ruling,"first_party source states the proposed owner. Broadleaf Services (an NHO company of The Hawai'i Pacific Foundation) is a different firm from Broadleaf, Inc. (Manassas), which ASRC Federal acquired",Lumecon-data decisions/identity/need/README.md (NEED linkage audit 2026-10-04),2026-10-04,search_snippet,AUTO_RESOLVE,AUTO_FIRST_PARTY,,,,,,no,
NEEDATT-20261004-022-R,2026-10-04,NEED_ENTERPRISE,CEDAR-NEST-001155-AM,,"Broadleaf, Inc",REJECT_ATTRIBUTION,"The Hawai'i Pacific Foundation, Inc.",CE-000W4-44,NHO,,https://www.asrcfederal.com/broadleaf/,Broadleaf is listed as a subsidiary under Arctic Slope Regional Corporation,agent under owner standing triage rule 2026-10-04; not an owner ruling,"replaced by NEEDATT-20261004-022. first_party source states the proposed owner. Broadleaf Services (an NHO company of The Hawai'i Pacific Foundation) is a different firm from Broadleaf, Inc. (Manassas), which ASRC Federal acquired",Lumecon-data decisions/identity/need/README.md (NEED linkage audit 2026-10-04),2026-10-04,search_snippet,AUTO_RESOLVE,AUTO_FIRST_PARTY,,,,,,no,
NEEDATT-20261004-023,2026-10-04,NEED_ENTERPRISE,CEDAR-NEST-000005-YX,,CP Marine LLC,ATTRIBUTE,"Goldbelt, Incorporated",CE-0008Y-WE,ANC,,https://www.cpmgb.com/who-we-are/,"CP Marine, LLC is an 8(a) and HUBZone certified small business subsidiary of Goldbelt, Incorporated, an Alaskan Native Corporation based in Juneau, Alaska",agent under owner standing triage rule 2026-10-04; not an owner ruling,"first_party source states the proposed owner. The row's only cited source was goldbelt.com/directory; Tlingit & Haida is a tribe, Goldbelt the Juneau urban ANCSA corporation (the documented Goldbelt-under-Tlingit-&-Haida defect)",Lumecon-data decisions/identity/need/README.md (NEED linkage audit 2026-10-04),2026-10-04,search_snippet,AUTO_RESOLVE,AUTO_FIRST_PARTY,,,,,,yes,agree
NEEDATT-20261004-023-R,2026-10-04,NEED_ENTERPRISE,CEDAR-NEST-000005-YX,,CP Marine LLC,REJECT_ATTRIBUTION,Tlingit & Haida,CE-0006B-0K,TRIBE,,https://www.cpmgb.com/who-we-are/,"CP Marine, LLC is an 8(a) and HUBZone certified small business subsidiary of Goldbelt, Incorporated, an Alaskan Native Corporation based in Juneau, Alaska",agent under owner standing triage rule 2026-10-04; not an owner ruling,"replaced by NEEDATT-20261004-023. first_party source states the proposed owner. The row's only cited source was goldbelt.com/directory; Tlingit & Haida is a tribe, Goldbelt the Juneau urban ANCSA corporation (the documented Goldbelt-under-Tlingit-&-Haida defect)",Lumecon-data decisions/identity/need/README.md (NEED linkage audit 2026-10-04),2026-10-04,search_snippet,AUTO_RESOLVE,AUTO_FIRST_PARTY,,,,,,yes,agree
NEEDATT-20261004-024,2026-10-04,NEED_ENTERPRISE,CEDAR-NEST-003897-ZW,,Prairie Knights Casino,ATTRIBUTE,Standing Rock,CE-001AZ-GG,TRIBE,,https://www.epa.gov/sites/default/files/2018-12/documents/nd0031135-prairie-knights-casino-sob.pdf,Prairie Knights Casino is owned and operated by the Standing Rock Sioux Tribe members.,agent under owner standing triage rule 2026-10-04; not an owner ruling,government_record source states the proposed owner. Gaming ruling RAFF-0225 (2026-09-25) already repointed the facility to Standing Rock and flagged this NEED row; quote as captured there,Lumecon-data decisions/identity/need/README.md (NEED linkage audit 2026-10-04),2026-10-04,repository_record,AUTO_RESOLVE,AUTO_OFFICIAL_SOURCE,,,,,,no,
NEEDATT-20261004-024-R,2026-10-04,NEED_ENTERPRISE,CEDAR-NEST-003897-ZW,,Prairie Knights Casino,REJECT_ATTRIBUTION,Prairie Band,CE-0018M-4X,TRIBE,,https://www.epa.gov/sites/default/files/2018-12/documents/nd0031135-prairie-knights-casino-sob.pdf,Prairie Knights Casino is owned and operated by the Standing Rock Sioux Tribe members.,agent under owner standing triage rule 2026-10-04; not an owner ruling,replaced by NEEDATT-20261004-024. government_record source states the proposed owner. Gaming ruling RAFF-0225 (2026-09-25) already repointed the facility to Standing Rock and flagged this NEED row; quote as captured there,Lumecon-data decisions/identity/need/README.md (NEED linkage audit 2026-10-04),2026-10-04,repository_record,AUTO_RESOLVE,AUTO_OFFICIAL_SOURCE,,,,,,no,
NEEDATT-20261004-025,2026-10-04,NEED_ENTERPRISE,CEDAR-NEST-002846-M0,,Prairie Wind Casino,ATTRIBUTE,Oglala Sioux,CE-0017T-33,TRIBE,,https://www.prairiewindcasino.com/about-us,Prairie Wind Casino remains committed to uplifting the Oglala Sioux Tribe,agent under owner standing triage rule 2026-10-04; not an owner ruling,first_party source states the proposed owner. Gaming ruling RAFF-0601 (2026-09-25) and cedar-press docs/datasets/gaming_sources.md (Prairie Wind -> Oglala),Lumecon-data decisions/identity/need/README.md (NEED linkage audit 2026-10-04),2026-10-04,repository_record,AUTO_RESOLVE,AUTO_FIRST_PARTY,,,,,,yes,agree
NEEDATT-20261004-025-R,2026-10-04,NEED_ENTERPRISE,CEDAR-NEST-002846-M0,,Prairie Wind Casino,REJECT_ATTRIBUTION,Eastern Shoshone,CE-0014C-0N,TRIBE,,https://www.prairiewindcasino.com/about-us,Prairie Wind Casino remains committed to uplifting the Oglala Sioux Tribe,agent under owner standing triage rule 2026-10-04; not an owner ruling,replaced by NEEDATT-20261004-025. first_party source states the proposed owner. Gaming ruling RAFF-0601 (2026-09-25) and cedar-press docs/datasets/gaming_sources.md (Prairie Wind -> Oglala),Lumecon-data decisions/identity/need/README.md (NEED linkage audit 2026-10-04),2026-10-04,repository_record,AUTO_RESOLVE,AUTO_FIRST_PARTY,,,,,,yes,agree
NEEDATT-20261004-026,2026-10-04,NEED_ENTERPRISE,CEDAR-NEST-003446-7H,,MIAMI NATION ENTERPRISES (Reston VA),HUMAN_REVIEW,Miami Tribe of Oklahoma,CE-0016Y-PQ,TRIBE,,https://github.com/teim-team/Lumecon-data/blob/b89dd6f36fdb33ec023b0f70f9fc994482225f92/decisions/gaming/GAMING_LINKAGE_RULING_AFFILIATION_OFFICIAL_2026-09-25.csv,"Existing NEST 'MIAMI NATION ENTERPRISES' (CEDAR-NEST-003446-7H, Reston VA) not cited - location mismatch, identity unverified.",,"no first-party, official or network-link source states the attribution. Gaming ruling RAFF-0416: identity unverified. Not a wrong-entity finding; whether the Reston VA firm is Miami Nation Enterprises needs one SAM/CAGE read",Lumecon-data decisions/identity/need/README.md (NEED linkage audit 2026-10-04),2026-10-04,repository_record,HUMAN_REVIEW,,NO_DIRECT_SOURCE,3,P3 (impact unmeasured),,,no,
NEEDATT-20261004-027,2026-10-04,NEED_ENTERPRISE,CEDAR-NEST-001463-FR,,Economic Development Corporation (Yurok),HUMAN_REVIEW,Yurok,CE-001CK-J4,TRIBE,,https://www.yuroktribe.org/post/yedc-lands-6-million-grant-to-build-new-shoreline-market,The Yurok Development Corporation is the economic development branch of the Yurok Tribe.,,"no first-party, official or network-link source states the attribution. Gaming ruling RAFF-0096: probably YEDC but the NEED name differs from the published name. Owner is not in doubt; the row's identity is",Lumecon-data decisions/identity/need/README.md (NEED linkage audit 2026-10-04),2026-10-04,repository_record,HUMAN_REVIEW,,NO_DIRECT_SOURCE,4,P3 (impact unmeasured),,,no,
NEEDATT-20261004-028,2026-10-04,NEED_ENTERPRISE,CEDAR-NEST-003466-4N,,Leech Lake Reservation Business Committee Inc,HUMAN_REVIEW,Leech Lake,CE-000QF-D7,TRIBE,,https://github.com/teim-team/cedar-press/blob/a5f114daa6c3236303ceefa5c765789376106436/docs/NEED_CORROBORATION.json,CEDAR-NEST-003466-4N: fpds_declared_parent_name 'LEECH LAKE BAND OF OJIBWE' on 22 FPDS observations; ledger_resolves_parent_to CNSF-MINNCH-LL,,"credible sources name different owners: CE-000QF-D7, CE-00170-7S. Leech Lake is a constituent band of the Minnesota Chippewa Tribe; whether NEED attributes the band's governing body to the band (constituency entity) or the federally recognized umbrella tribe is a modelling choice, not a wrong entity",Lumecon-data decisions/identity/need/README.md (NEED linkage audit 2026-10-04),2026-10-04,repository_record,HUMAN_REVIEW,,SOURCES_CONFLICT,2,P3 (impact unmeasured),,,no,
NEEDATT-20261004-029,2026-10-04,NEED_ENTERPRISE_KEY,CE-00088-R8|sea lion,,"Sea Lion Corporation (under Choggiung, Ltd.)",REJECT_ATTRIBUTION,"Choggiung, Ltd.",CE-00088-R8,ANC,,https://github.com/teim-team/cedar-press/blob/a5f114daa6c3236303ceefa5c765789376106436/data/spine/cedar_identity_register.csv,"CE-000BV-SK: Sea Lion Corporation, entity_class 'Alaska Native Village Corporation' (Hooper Bay); a separate ANCSA corporation from CE-00088-R8 Choggiung, Ltd. (Dillingham)",agent under owner standing triage rule 2026-10-04; not an owner ruling,"government_record source shows the subject is not the recorded owner's. Supersedes the human-review item TRI-20261004-020: the row is itself an ANCSA village corporation, which another village corporation does not own (ANCSA_OWNERSHIP_RULING rules 4-5). No owner is assigned",Lumecon-data decisions/identity/need/README.md (NEED linkage audit 2026-10-04),2026-10-04,repository_record,AUTO_RESOLVE,AUTO_REJECT_WRONG_ENTITY,,,,,,no,
NEEDATT-20261004-030,2026-10-04,NEED_ENTERPRISE_KEY,CE-00002-CJ|afognak native,,Afognak Native Corporation (preview row under Afognak),REJECT_ATTRIBUTION,Afognak,CE-00002-CJ,TRIBE,,https://github.com/teim-team/cedar-press/blob/a5f114daa6c3236303ceefa5c765789376106436/data/spine/cedar_identity_register.csv,"CE-0007J-FJ: Afognak Native Corporation, entity_class 'Alaska Native Village Corporation'",agent under owner standing triage rule 2026-10-04; not an owner ruling,"government_record source shows the subject is not the recorded owner's. The row is the ANCSA corporation Afognak Native Corporation (CE-0007J-FJ) itself, not an enterprise of the Afognak village government",cedar-press dist/preview/need.csv (public preview) - NEED linkage audit item 1,2026-10-04,repository_record,AUTO_RESOLVE,AUTO_REJECT_WRONG_ENTITY,,,,,,no,
NEEDATT-20261004-031,2026-10-04,NEED_ENTERPRISE_KEY,CE-00002-CJ|alcyon,,"Alcyon, Inc (preview row under Afognak)",ATTRIBUTE,Afognak Native Corporation,CE-0007J-FJ,ANC,,https://www.alutiiq.com/about/,"Alutiiq, LLC is a wholly owned subsidiary of Afognak Native Corporation, an Alaska Native Corporation (ANC) formed under the 1971 Alaska Native Claims Settlement Act. Alutiiq has established over 20 subsidiaries",agent under owner standing triage rule 2026-10-04; not an owner ruling,first_party source states the proposed owner. Afognak is an Alaska Native village government; the enterprise is an ANCSA corporation's or a company of one,cedar-press dist/preview/need.csv (public preview) - NEED linkage audit item 1,2026-10-04,search_snippet,AUTO_RESOLVE,AUTO_FIRST_PARTY,,,,,,no,
NEEDATT-20261004-031-R,2026-10-04,NEED_ENTERPRISE_KEY,CE-00002-CJ|alcyon,,"Alcyon, Inc (preview row under Afognak)",REJECT_ATTRIBUTION,Afognak,CE-00002-CJ,TRIBE,,https://www.alutiiq.com/about/,"Alutiiq, LLC is a wholly owned subsidiary of Afognak Native Corporation, an Alaska Native Corporation (ANC) formed under the 1971 Alaska Native Claims Settlement Act. Alutiiq has established over 20 subsidiaries",agent under owner standing triage rule 2026-10-04; not an owner ruling,replaced by NEEDATT-20261004-031. first_party source states the proposed owner. Afognak is an Alaska Native village government; the enterprise is an ANCSA corporation's or a company of one,cedar-press dist/preview/need.csv (public preview) - NEED linkage audit item 1,2026-10-04,search_snippet,AUTO_RESOLVE,AUTO_FIRST_PARTY,,,,,,no,
NEEDATT-20261004-032,2026-10-04,NEED_ENTERPRISE_KEY,CE-00002-CJ|alutiiq,,Alutiiq LLC (preview row under Afognak),ATTRIBUTE,Afognak Native Corporation,CE-0007J-FJ,ANC,,https://www.alutiiq.com/about/,"Alutiiq, LLC is a wholly owned subsidiary of Afognak Native Corporation, an Alaska Native Corporation (ANC) formed under the 1971 Alaska Native Claims Settlement Act. Alutiiq has established over 20 subsidiaries",agent under owner standing triage rule 2026-10-04; not an owner ruling,first_party source states the proposed owner. Afognak is an Alaska Native village government; the enterprise is an ANCSA corporation's or a company of one,cedar-press dist/preview/need.csv (public preview) - NEED linkage audit item 1,2026-10-04,search_snippet,AUTO_RESOLVE,AUTO_FIRST_PARTY,,,,,,no,
NEEDATT-20261004-032-R,2026-10-04,NEED_ENTERPRISE_KEY,CE-00002-CJ|alutiiq,,Alutiiq LLC (preview row under Afognak),REJECT_ATTRIBUTION,Afognak,CE-00002-CJ,TRIBE,,https://www.alutiiq.com/about/,"Alutiiq, LLC is a wholly owned subsidiary of Afognak Native Corporation, an Alaska Native Corporation (ANC) formed under the 1971 Alaska Native Claims Settlement Act. Alutiiq has established over 20 subsidiaries",agent under owner standing triage rule 2026-10-04; not an owner ruling,replaced by NEEDATT-20261004-032. first_party source states the proposed owner. Afognak is an Alaska Native village government; the enterprise is an ANCSA corporation's or a company of one,cedar-press dist/preview/need.csv (public preview) - NEED linkage audit item 1,2026-10-04,search_snippet,AUTO_RESOLVE,AUTO_FIRST_PARTY,,,,,,no,
NEEDATT-20261004-033,2026-10-04,NEED_ENTERPRISE_KEY,CE-00002-CJ|alutiiq 3sg,,"Alutiiq 3Sg, Llc (preview row under Afognak)",REJECT_ATTRIBUTION,Afognak,CE-00002-CJ,TRIBE,,https://github.com/teim-team/cedar-press/blob/a5f114daa6c3236303ceefa5c765789376106436/docs/ANCSA_OWNERSHIP_RULING.md,a Native Village government does not own an ANCSA corporation (RULE 2); direct government ownership is the exception that must be evidenced (RULE 3),agent under owner standing triage rule 2026-10-04; not an owner ruling,"the link fails the documented VILLAGE_GOVERNMENT_ANCSA_CORPORATION rule and no source supports it. Afognak is an Alaska Native village government; the enterprise is an ANCSA corporation's or a company of one; 'Alutiiq' is the brand of Alutiiq, LLC (Afognak Native Corporation). No company-specific source read, so no owner is assigned",cedar-press dist/preview/need.csv (public preview) - NEED linkage audit item 1,2026-10-04,repository_record,AUTO_RESOLVE,AUTO_RULE_REFUSAL,,,,,,yes,widened: recheck required
NEEDATT-20261004-034,2026-10-04,NEED_ENTERPRISE_KEY,CE-00002-CJ|alutiiq business services,,"Alutiiq Business Services, Llc (preview row under Afognak)",REJECT_ATTRIBUTION,Afognak,CE-00002-CJ,TRIBE,,https://github.com/teim-team/cedar-press/blob/a5f114daa6c3236303ceefa5c765789376106436/docs/ANCSA_OWNERSHIP_RULING.md,a Native Village government does not own an ANCSA corporation (RULE 2); direct government ownership is the exception that must be evidenced (RULE 3),agent under owner standing triage rule 2026-10-04; not an owner ruling,"the link fails the documented VILLAGE_GOVERNMENT_ANCSA_CORPORATION rule and no source supports it. Afognak is an Alaska Native village government; the enterprise is an ANCSA corporation's or a company of one; 'Alutiiq' is the brand of Alutiiq, LLC (Afognak Native Corporation). No company-specific source read, so no owner is assigned",cedar-press dist/preview/need.csv (public preview) - NEED linkage audit item 1,2026-10-04,repository_record,AUTO_RESOLVE,AUTO_RULE_REFUSAL,,,,,,yes,widened: recheck required
NEEDATT-20261004-035,2026-10-04,NEED_ENTERPRISE_KEY,CE-00002-CJ|alutiiq career ventures,,"Alutiiq Career Ventures, Llc (preview row under Afognak)",REJECT_ATTRIBUTION,Afognak,CE-00002-CJ,TRIBE,,https://github.com/teim-team/cedar-press/blob/a5f114daa6c3236303ceefa5c765789376106436/docs/ANCSA_OWNERSHIP_RULING.md,a Native Village government does not own an ANCSA corporation (RULE 2); direct government ownership is the exception that must be evidenced (RULE 3),agent under owner standing triage rule 2026-10-04; not an owner ruling,"the link fails the documented VILLAGE_GOVERNMENT_ANCSA_CORPORATION rule and no source supports it. Afognak is an Alaska Native village government; the enterprise is an ANCSA corporation's or a company of one; 'Alutiiq' is the brand of Alutiiq, LLC (Afognak Native Corporation). No company-specific source read, so no owner is assigned",cedar-press dist/preview/need.csv (public preview) - NEED linkage audit item 1,2026-10-04,repository_record,AUTO_RESOLVE,AUTO_RULE_REFUSAL,,,,,,yes,widened: recheck required
NEEDATT-20261004-036,2026-10-04,NEED_ENTERPRISE_KEY,CE-00002-CJ|alutiiq construction services,,"Alutiiq Construction Services, Llc (preview row under Afognak)",REJECT_ATTRIBUTION,Afognak,CE-00002-CJ,TRIBE,,https://github.com/teim-team/cedar-press/blob/a5f114daa6c3236303ceefa5c765789376106436/docs/ANCSA_OWNERSHIP_RULING.md,a Native Village government does not own an ANCSA corporation (RULE 2); direct government ownership is the exception that must be evidenced (RULE 3),agent under owner standing triage rule 2026-10-04; not an owner ruling,"the link fails the documented VILLAGE_GOVERNMENT_ANCSA_CORPORATION rule and no source supports it. Afognak is an Alaska Native village government; the enterprise is an ANCSA corporation's or a company of one; 'Alutiiq' is the brand of Alutiiq, LLC (Afognak Native Corporation). No company-specific source read, so no owner is assigned",cedar-press dist/preview/need.csv (public preview) - NEED linkage audit item 1,2026-10-04,repository_record,AUTO_RESOLVE,AUTO_RULE_REFUSAL,,,,,,yes,widened: recheck required
NEEDATT-20261004-037,2026-10-04,NEED_ENTERPRISE_KEY,CE-00002-CJ|alutiiq diversified services,,"Alutiiq Diversified Services, Llc (preview row under Afognak)",REJECT_ATTRIBUTION,Afognak,CE-00002-CJ,TRIBE,,https://github.com/teim-team/cedar-press/blob/a5f114daa6c3236303ceefa5c765789376106436/docs/ANCSA_OWNERSHIP_RULING.md,a Native Village government does not own an ANCSA corporation (RULE 2); direct government ownership is the exception that must be evidenced (RULE 3),agent under owner standing triage rule 2026-10-04; not an owner ruling,"the link fails the documented VILLAGE_GOVERNMENT_ANCSA_CORPORATION rule and no source supports it. Afognak is an Alaska Native village government; the enterprise is an ANCSA corporation's or a company of one; 'Alutiiq' is the brand of Alutiiq, LLC (Afognak Native Corporation). No company-specific source read, so no owner is assigned",cedar-press dist/preview/need.csv (public preview) - NEED linkage audit item 1,2026-10-04,repository_record,AUTO_RESOLVE,AUTO_RULE_REFUSAL,,,,,,yes,widened: recheck required
NEEDATT-20261004-038,2026-10-04,NEED_ENTERPRISE_KEY,CE-00002-CJ|alutiiq education training,,Alutiiq Education & Training (preview row under Afognak),REJECT_ATTRIBUTION,Afognak,CE-00002-CJ,TRIBE,,https://github.com/teim-team/cedar-press/blob/a5f114daa6c3236303ceefa5c765789376106436/docs/ANCSA_OWNERSHIP_RULING.md,a Native Village government does not own an ANCSA corporation (RULE 2); direct government ownership is the exception that must be evidenced (RULE 3),agent under owner standing triage rule 2026-10-04; not an owner ruling,"the link fails the documented VILLAGE_GOVERNMENT_ANCSA_CORPORATION rule and no source supports it. Afognak is an Alaska Native village government; the enterprise is an ANCSA corporation's or a company of one; 'Alutiiq' is the brand of Alutiiq, LLC (Afognak Native Corporation). No company-specific source read, so no owner is assigned",cedar-press dist/preview/need.csv (public preview) - NEED linkage audit item 1,2026-10-04,repository_record,AUTO_RESOLVE,AUTO_RULE_REFUSAL,,,,,,yes,widened: recheck required
NEEDATT-20261004-039,2026-10-04,NEED_ENTERPRISE_KEY,CE-00002-CJ|alutiiq general contractors,,"Alutiiq General Contractors, Llc (preview row under Afognak)",REJECT_ATTRIBUTION,Afognak,CE-00002-CJ,TRIBE,,https://github.com/teim-team/cedar-press/blob/a5f114daa6c3236303ceefa5c765789376106436/docs/ANCSA_OWNERSHIP_RULING.md,a Native Village government does not own an ANCSA corporation (RULE 2); direct government ownership is the exception that must be evidenced (RULE 3),agent under owner standing triage rule 2026-10-04; not an owner ruling,"the link fails the documented VILLAGE_GOVERNMENT_ANCSA_CORPORATION rule and no source supports it. Afognak is an Alaska Native village government; the enterprise is an ANCSA corporation's or a company of one; 'Alutiiq' is the brand of Alutiiq, LLC (Afognak Native Corporation). No company-specific source read, so no owner is assigned",cedar-press dist/preview/need.csv (public preview) - NEED linkage audit item 1,2026-10-04,repository_record,AUTO_RESOLVE,AUTO_RULE_REFUSAL,,,,,,yes,agree
NEEDATT-20261004-040,2026-10-04,NEED_ENTERPRISE_KEY,CE-00002-CJ|alutiiq global solutions limited liability,,Alutiiq Global Solutions Limited Liability Company (preview row under Afognak),REJECT_ATTRIBUTION,Afognak,CE-00002-CJ,TRIBE,,https://github.com/teim-team/cedar-press/blob/a5f114daa6c3236303ceefa5c765789376106436/docs/ANCSA_OWNERSHIP_RULING.md,a Native Village government does not own an ANCSA corporation (RULE 2); direct government ownership is the exception that must be evidenced (RULE 3),agent under owner standing triage rule 2026-10-04; not an owner ruling,"the link fails the documented VILLAGE_GOVERNMENT_ANCSA_CORPORATION rule and no source supports it. Afognak is an Alaska Native village government; the enterprise is an ANCSA corporation's or a company of one; 'Alutiiq' is the brand of Alutiiq, LLC (Afognak Native Corporation). No company-specific source read, so no owner is assigned",cedar-press dist/preview/need.csv (public preview) - NEED linkage audit item 1,2026-10-04,repository_record,AUTO_RESOLVE,AUTO_RULE_REFUSAL,,,,,,yes,widened: recheck required
NEEDATT-20261004-041,2026-10-04,NEED_ENTERPRISE_KEY,CE-00002-CJ|alutiiq global solutions,,"Alutiiq Global Solutions, Llc (preview row under Afognak)",REJECT_ATTRIBUTION,Afognak,CE-00002-CJ,TRIBE,,https://github.com/teim-team/cedar-press/blob/a5f114daa6c3236303ceefa5c765789376106436/docs/ANCSA_OWNERSHIP_RULING.md,a Native Village government does not own an ANCSA corporation (RULE 2); direct government ownership is the exception that must be evidenced (RULE 3),agent under owner standing triage rule 2026-10-04; not an owner ruling,"the link fails the documented VILLAGE_GOVERNMENT_ANCSA_CORPORATION rule and no source supports it. Afognak is an Alaska Native village government; the enterprise is an ANCSA corporation's or a company of one; 'Alutiiq' is the brand of Alutiiq, LLC (Afognak Native Corporation). No company-specific source read, so no owner is assigned",cedar-press dist/preview/need.csv (public preview) - NEED linkage audit item 1,2026-10-04,repository_record,AUTO_RESOLVE,AUTO_RULE_REFUSAL,,,,,,yes,widened: recheck required
NEEDATT-20261004-042,2026-10-04,NEED_ENTERPRISE_KEY,CE-00002-CJ|alutiiq harbor offshore jv,,Alutiiq Harbor Offshore Jv (preview row under Afognak),REJECT_ATTRIBUTION,Afognak,CE-00002-CJ,TRIBE,,https://github.com/teim-team/cedar-press/blob/a5f114daa6c3236303ceefa5c765789376106436/docs/ANCSA_OWNERSHIP_RULING.md,a Native Village government does not own an ANCSA corporation (RULE 2); direct government ownership is the exception that must be evidenced (RULE 3),agent under owner standing triage rule 2026-10-04; not an owner ruling,"the link fails the documented VILLAGE_GOVERNMENT_ANCSA_CORPORATION rule and no source supports it. Afognak is an Alaska Native village government; the enterprise is an ANCSA corporation's or a company of one; 'Alutiiq' is the brand of Alutiiq, LLC (Afognak Native Corporation). No company-specific source read, so no owner is assigned",cedar-press dist/preview/need.csv (public preview) - NEED linkage audit item 1,2026-10-04,repository_record,AUTO_RESOLVE,AUTO_RULE_REFUSAL,,,,,,yes,inconclusive
NEEDATT-20261004-043,2026-10-04,NEED_ENTERPRISE_KEY,CE-00002-CJ|alutiiq information management,,"Alutiiq Information Management, Llc (preview row under Afognak)",REJECT_ATTRIBUTION,Afognak,CE-00002-CJ,TRIBE,,https://github.com/teim-team/cedar-press/blob/a5f114daa6c3236303ceefa5c765789376106436/docs/ANCSA_OWNERSHIP_RULING.md,a Native Village government does not own an ANCSA corporation (RULE 2); direct government ownership is the exception that must be evidenced (RULE 3),agent under owner standing triage rule 2026-10-04; not an owner ruling,"the link fails the documented VILLAGE_GOVERNMENT_ANCSA_CORPORATION rule and no source supports it. Afognak is an Alaska Native village government; the enterprise is an ANCSA corporation's or a company of one; 'Alutiiq' is the brand of Alutiiq, LLC (Afognak Native Corporation). No company-specific source read, so no owner is assigned",cedar-press dist/preview/need.csv (public preview) - NEED linkage audit item 1,2026-10-04,repository_record,AUTO_RESOLVE,AUTO_RULE_REFUSAL,,,,,,yes,widened: recheck required
NEEDATT-20261004-044,2026-10-04,NEED_ENTERPRISE_KEY,CE-00002-CJ|alutiiq international solutions,,"Alutiiq International Solutions, Llc (preview row under Afognak)",REJECT_ATTRIBUTION,Afognak,CE-00002-CJ,TRIBE,,https://github.com/teim-team/cedar-press/blob/a5f114daa6c3236303ceefa5c765789376106436/docs/ANCSA_OWNERSHIP_RULING.md,a Native Village government does not own an ANCSA corporation (RULE 2); direct government ownership is the exception that must be evidenced (RULE 3),agent under owner standing triage rule 2026-10-04; not an owner ruling,"the link fails the documented VILLAGE_GOVERNMENT_ANCSA_CORPORATION rule and no source supports it. Afognak is an Alaska Native village government; the enterprise is an ANCSA corporation's or a company of one; 'Alutiiq' is the brand of Alutiiq, LLC (Afognak Native Corporation). No company-specific source read, so no owner is assigned",cedar-press dist/preview/need.csv (public preview) - NEED linkage audit item 1,2026-10-04,repository_record,AUTO_RESOLVE,AUTO_RULE_REFUSAL,,,,,,yes,widened: recheck required
NEEDATT-20261004-045,2026-10-04,NEED_ENTERPRISE_KEY,CE-00002-CJ|alutiiq international solutions limited liability,,Alutiiq International Solutions Limited Liability Company (preview row under Afognak),REJECT_ATTRIBUTION,Afognak,CE-00002-CJ,TRIBE,,https://github.com/teim-team/cedar-press/blob/a5f114daa6c3236303ceefa5c765789376106436/docs/ANCSA_OWNERSHIP_RULING.md,a Native Village government does not own an ANCSA corporation (RULE 2); direct government ownership is the exception that must be evidenced (RULE 3),agent under owner standing triage rule 2026-10-04; not an owner ruling,"the link fails the documented VILLAGE_GOVERNMENT_ANCSA_CORPORATION rule and no source supports it. Afognak is an Alaska Native village government; the enterprise is an ANCSA corporation's or a company of one; 'Alutiiq' is the brand of Alutiiq, LLC (Afognak Native Corporation). No company-specific source read, so no owner is assigned",cedar-press dist/preview/need.csv (public preview) - NEED linkage audit item 1,2026-10-04,repository_record,AUTO_RESOLVE,AUTO_RULE_REFUSAL,,,,,,yes,widened: recheck required
NEEDATT-20261004-046,2026-10-04,NEED_ENTERPRISE_KEY,CE-00002-CJ|alutiiq logistics maintenance services,,"Alutiiq Logistics & Maintenance Services, Llc (preview row under Afognak)",REJECT_ATTRIBUTION,Afognak,CE-00002-CJ,TRIBE,,https://github.com/teim-team/cedar-press/blob/a5f114daa6c3236303ceefa5c765789376106436/docs/ANCSA_OWNERSHIP_RULING.md,a Native Village government does not own an ANCSA corporation (RULE 2); direct government ownership is the exception that must be evidenced (RULE 3),agent under owner standing triage rule 2026-10-04; not an owner ruling,"the link fails the documented VILLAGE_GOVERNMENT_ANCSA_CORPORATION rule and no source supports it. Afognak is an Alaska Native village government; the enterprise is an ANCSA corporation's or a company of one; 'Alutiiq' is the brand of Alutiiq, LLC (Afognak Native Corporation). No company-specific source read, so no owner is assigned",cedar-press dist/preview/need.csv (public preview) - NEED linkage audit item 1,2026-10-04,repository_record,AUTO_RESOLVE,AUTO_RULE_REFUSAL,,,,,,yes,widened: recheck required
NEEDATT-20261004-047,2026-10-04,NEED_ENTERPRISE_KEY,CE-00002-CJ|alutiiq management services,,Alutiiq Management Services Limited (preview row under Afognak),REJECT_ATTRIBUTION,Afognak,CE-00002-CJ,TRIBE,,https://github.com/teim-team/cedar-press/blob/a5f114daa6c3236303ceefa5c765789376106436/docs/ANCSA_OWNERSHIP_RULING.md,a Native Village government does not own an ANCSA corporation (RULE 2); direct government ownership is the exception that must be evidenced (RULE 3),agent under owner standing triage rule 2026-10-04; not an owner ruling,"the link fails the documented VILLAGE_GOVERNMENT_ANCSA_CORPORATION rule and no source supports it. Afognak is an Alaska Native village government; the enterprise is an ANCSA corporation's or a company of one; 'Alutiiq' is the brand of Alutiiq, LLC (Afognak Native Corporation). No company-specific source read, so no owner is assigned",cedar-press dist/preview/need.csv (public preview) - NEED linkage audit item 1,2026-10-04,repository_record,AUTO_RESOLVE,AUTO_RULE_REFUSAL,,,,,,yes,widened: recheck required
NEEDATT-20261004-048,2026-10-04,NEED_ENTERPRISE_KEY,CE-00002-CJ|alutiiq management services limited liability company 6054,,Alutiiq Management Services Limited Liability Company (6054) (preview row under Afognak),REJECT_ATTRIBUTION,Afognak,CE-00002-CJ,TRIBE,,https://github.com/teim-team/cedar-press/blob/a5f114daa6c3236303ceefa5c765789376106436/docs/ANCSA_OWNERSHIP_RULING.md,a Native Village government does not own an ANCSA corporation (RULE 2); direct government ownership is the exception that must be evidenced (RULE 3),agent under owner standing triage rule 2026-10-04; not an owner ruling,"the link fails the documented VILLAGE_GOVERNMENT_ANCSA_CORPORATION rule and no source supports it. Afognak is an Alaska Native village government; the enterprise is an ANCSA corporation's or a company of one; 'Alutiiq' is the brand of Alutiiq, LLC (Afognak Native Corporation). No company-specific source read, so no owner is assigned",cedar-press dist/preview/need.csv (public preview) - NEED linkage audit item 1,2026-10-04,repository_record,AUTO_RESOLVE,AUTO_RULE_REFUSAL,,,,,,yes,widened: recheck required
NEEDATT-20261004-049,2026-10-04,NEED_ENTERPRISE_KEY,CE-00002-CJ|alutiiq manufacturing contractors,,"Alutiiq Manufacturing Contractors, Llc (preview row under Afognak)",REJECT_ATTRIBUTION,Afognak,CE-00002-CJ,TRIBE,,https://github.com/teim-team/cedar-press/blob/a5f114daa6c3236303ceefa5c765789376106436/docs/ANCSA_OWNERSHIP_RULING.md,a Native Village government does not own an ANCSA corporation (RULE 2); direct government ownership is the exception that must be evidenced (RULE 3),agent under owner standing triage rule 2026-10-04; not an owner ruling,"the link fails the documented VILLAGE_GOVERNMENT_ANCSA_CORPORATION rule and no source supports it. Afognak is an Alaska Native village government; the enterprise is an ANCSA corporation's or a company of one; 'Alutiiq' is the brand of Alutiiq, LLC (Afognak Native Corporation). No company-specific source read, so no owner is assigned",cedar-press dist/preview/need.csv (public preview) - NEED linkage audit item 1,2026-10-04,repository_record,AUTO_RESOLVE,AUTO_RULE_REFUSAL,,,,,,yes,widened: recheck required
NEEDATT-20261004-050,2026-10-04,NEED_ENTERPRISE_KEY,CE-00002-CJ|alutiiq mele,,Alutiiq-Mele Llc (preview row under Afognak),REJECT_ATTRIBUTION,Afognak,CE-00002-CJ,TRIBE,,https://github.com/teim-team/cedar-press/blob/a5f114daa6c3236303ceefa5c765789376106436/docs/ANCSA_OWNERSHIP_RULING.md,a Native Village government does not own an ANCSA corporation (RULE 2); direct government ownership is the exception that must be evidenced (RULE 3),agent under owner standing triage rule 2026-10-04; not an owner ruling,"the link fails the documented VILLAGE_GOVERNMENT_ANCSA_CORPORATION rule and no source supports it. Afognak is an Alaska Native village government; the enterprise is an ANCSA corporation's or a company of one; 'Alutiiq' is the brand of Alutiiq, LLC (Afognak Native Corporation). No company-specific source read, so no owner is assigned",cedar-press dist/preview/need.csv (public preview) - NEED linkage audit item 1,2026-10-04,repository_record,AUTO_RESOLVE,AUTO_RULE_REFUSAL,,,,,,yes,widened: recheck required
NEEDATT-20261004-051,2026-10-04,NEED_ENTERPRISE_KEY,CE-00002-CJ|alutiiq mele limited liability,,Alutiiq Mele Limited Liability Company (preview row under Afognak),REJECT_ATTRIBUTION,Afognak,CE-00002-CJ,TRIBE,,https://github.com/teim-team/cedar-press/blob/a5f114daa6c3236303ceefa5c765789376106436/docs/ANCSA_OWNERSHIP_RULING.md,a Native Village government does not own an ANCSA corporation (RULE 2); direct government ownership is the exception that must be evidenced (RULE 3),agent under owner standing triage rule 2026-10-04; not an owner ruling,"the link fails the documented VILLAGE_GOVERNMENT_ANCSA_CORPORATION rule and no source supports it. Afognak is an Alaska Native village government; the enterprise is an ANCSA corporation's or a company of one; 'Alutiiq' is the brand of Alutiiq, LLC (Afognak Native Corporation). No company-specific source read, so no owner is assigned",cedar-press dist/preview/need.csv (public preview) - NEED linkage audit item 1,2026-10-04,repository_record,AUTO_RESOLVE,AUTO_RULE_REFUSAL,,,,,,yes,widened: recheck required
NEEDATT-20261004-052,2026-10-04,NEED_ENTERPRISE_KEY,CE-00002-CJ|alutiiq pacific,,"Alutiiq Pacific, Llc (preview row under Afognak)",REJECT_ATTRIBUTION,Afognak,CE-00002-CJ,TRIBE,,https://github.com/teim-team/cedar-press/blob/a5f114daa6c3236303ceefa5c765789376106436/docs/ANCSA_OWNERSHIP_RULING.md,a Native Village government does not own an ANCSA corporation (RULE 2); direct government ownership is the exception that must be evidenced (RULE 3),agent under owner standing triage rule 2026-10-04; not an owner ruling,"the link fails the documented VILLAGE_GOVERNMENT_ANCSA_CORPORATION rule and no source supports it. Afognak is an Alaska Native village government; the enterprise is an ANCSA corporation's or a company of one; 'Alutiiq' is the brand of Alutiiq, LLC (Afognak Native Corporation). No company-specific source read, so no owner is assigned",cedar-press dist/preview/need.csv (public preview) - NEED linkage audit item 1,2026-10-04,repository_record,AUTO_RESOLVE,AUTO_RULE_REFUSAL,,,,,,yes,widened: recheck required
NEEDATT-20261004-053,2026-10-04,NEED_ENTERPRISE_KEY,CE-00002-CJ|alutiiq professional services limited liability,,Alutiiq Professional Services Limited Liability Company (preview row under Afognak),REJECT_ATTRIBUTION,Afognak,CE-00002-CJ,TRIBE,,https://github.com/teim-team/cedar-press/blob/a5f114daa6c3236303ceefa5c765789376106436/docs/ANCSA_OWNERSHIP_RULING.md,a Native Village government does not own an ANCSA corporation (RULE 2); direct government ownership is the exception that must be evidenced (RULE 3),agent under owner standing triage rule 2026-10-04; not an owner ruling,"the link fails the documented VILLAGE_GOVERNMENT_ANCSA_CORPORATION rule and no source supports it. Afognak is an Alaska Native village government; the enterprise is an ANCSA corporation's or a company of one; 'Alutiiq' is the brand of Alutiiq, LLC (Afognak Native Corporation). No company-specific source read, so no owner is assigned",cedar-press dist/preview/need.csv (public preview) - NEED linkage audit item 1,2026-10-04,repository_record,AUTO_RESOLVE,AUTO_RULE_REFUSAL,,,,,,yes,widened: recheck required
NEEDATT-20261004-054,2026-10-04,NEED_ENTERPRISE_KEY,CE-00002-CJ|alutiiq security and technolog,,Alutiiq Security And Technolog (preview row under Afognak),REJECT_ATTRIBUTION,Afognak,CE-00002-CJ,TRIBE,,https://github.com/teim-team/cedar-press/blob/a5f114daa6c3236303ceefa5c765789376106436/docs/ANCSA_OWNERSHIP_RULING.md,a Native Village government does not own an ANCSA corporation (RULE 2); direct government ownership is the exception that must be evidenced (RULE 3),agent under owner standing triage rule 2026-10-04; not an owner ruling,"the link fails the documented VILLAGE_GOVERNMENT_ANCSA_CORPORATION rule and no source supports it. Afognak is an Alaska Native village government; the enterprise is an ANCSA corporation's or a company of one; 'Alutiiq' is the brand of Alutiiq, LLC (Afognak Native Corporation). No company-specific source read, so no owner is assigned",cedar-press dist/preview/need.csv (public preview) - NEED linkage audit item 1,2026-10-04,repository_record,AUTO_RESOLVE,AUTO_RULE_REFUSAL,,,,,,yes,agree
NEEDATT-20261004-055,2026-10-04,NEED_ENTERPRISE_KEY,CE-00002-CJ|alutiiq security technology,,"Alutiiq Security & Technology, (preview row under Afognak)",REJECT_ATTRIBUTION,Afognak,CE-00002-CJ,TRIBE,,https://github.com/teim-team/cedar-press/blob/a5f114daa6c3236303ceefa5c765789376106436/docs/ANCSA_OWNERSHIP_RULING.md,a Native Village government does not own an ANCSA corporation (RULE 2); direct government ownership is the exception that must be evidenced (RULE 3),agent under owner standing triage rule 2026-10-04; not an owner ruling,"the link fails the documented VILLAGE_GOVERNMENT_ANCSA_CORPORATION rule and no source supports it. Afognak is an Alaska Native village government; the enterprise is an ANCSA corporation's or a company of one; 'Alutiiq' is the brand of Alutiiq, LLC (Afognak Native Corporation). No company-specific source read, so no owner is assigned",cedar-press dist/preview/need.csv (public preview) - NEED linkage audit item 1,2026-10-04,repository_record,AUTO_RESOLVE,AUTO_RULE_REFUSAL,,,,,,yes,widened: recheck required
NEEDATT-20261004-056,2026-10-04,NEED_ENTERPRISE_KEY,CE-00002-CJ|alutiiq solutions,,"Alutiiq Solutions, Llc (preview row under Afognak)",REJECT_ATTRIBUTION,Afognak,CE-00002-CJ,TRIBE,,https://github.com/teim-team/cedar-press/blob/a5f114daa6c3236303ceefa5c765789376106436/docs/ANCSA_OWNERSHIP_RULING.md,a Native Village government does not own an ANCSA corporation (RULE 2); direct government ownership is the exception that must be evidenced (RULE 3),agent under owner standing triage rule 2026-10-04; not an owner ruling,"the link fails the documented VILLAGE_GOVERNMENT_ANCSA_CORPORATION rule and no source supports it. Afognak is an Alaska Native village government; the enterprise is an ANCSA corporation's or a company of one; 'Alutiiq' is the brand of Alutiiq, LLC (Afognak Native Corporation). No company-specific source read, so no owner is assigned",cedar-press dist/preview/need.csv (public preview) - NEED linkage audit item 1,2026-10-04,repository_record,AUTO_RESOLVE,AUTO_RULE_REFUSAL,,,,,,yes,widened: recheck required
NEEDATT-20261004-057,2026-10-04,NEED_ENTERPRISE_KEY,CE-00002-CJ|alutiiq sundt jv,,"Alutiiq-Sundt, Jv (preview row under Afognak)",REJECT_ATTRIBUTION,Afognak,CE-00002-CJ,TRIBE,,https://github.com/teim-team/cedar-press/blob/a5f114daa6c3236303ceefa5c765789376106436/docs/ANCSA_OWNERSHIP_RULING.md,a Native Village government does not own an ANCSA corporation (RULE 2); direct government ownership is the exception that must be evidenced (RULE 3),agent under owner standing triage rule 2026-10-04; not an owner ruling,"the link fails the documented VILLAGE_GOVERNMENT_ANCSA_CORPORATION rule and no source supports it. Afognak is an Alaska Native village government; the enterprise is an ANCSA corporation's or a company of one; 'Alutiiq' is the brand of Alutiiq, LLC (Afognak Native Corporation). No company-specific source read, so no owner is assigned",cedar-press dist/preview/need.csv (public preview) - NEED linkage audit item 1,2026-10-04,repository_record,AUTO_RESOLVE,AUTO_RULE_REFUSAL,,,,,,yes,widened: recheck required
NEEDATT-20261004-058,2026-10-04,NEED_ENTERPRISE_KEY,CE-00002-CJ|community power,,Community Power Corporation (preview row under Afognak),ATTRIBUTE,Afognak Native Corporation,CE-0007J-FJ,ANC,,https://afognak.com/corporation/our-businesses/,"In 2011, Afognak acquired the Community Power Corporation ... a wholly owned subsidiary of Afognak Native Corporation",agent under owner standing triage rule 2026-10-04; not an owner ruling,first_party source states the proposed owner. Afognak is an Alaska Native village government; the enterprise is an ANCSA corporation's or a company of one,cedar-press dist/preview/need.csv (public preview) - NEED linkage audit item 1,2026-10-04,search_snippet,AUTO_RESOLVE,AUTO_FIRST_PARTY,,,,,,no,
NEEDATT-20261004-058-R,2026-10-04,NEED_ENTERPRISE_KEY,CE-00002-CJ|community power,,Community Power Corporation (preview row under Afognak),REJECT_ATTRIBUTION,Afognak,CE-00002-CJ,TRIBE,,https://afognak.com/corporation/our-businesses/,"In 2011, Afognak acquired the Community Power Corporation ... a wholly owned subsidiary of Afognak Native Corporation",agent under owner standing triage rule 2026-10-04; not an owner ruling,replaced by NEEDATT-20261004-058. first_party source states the proposed owner. Afognak is an Alaska Native village government; the enterprise is an ANCSA corporation's or a company of one,cedar-press dist/preview/need.csv (public preview) - NEED linkage audit item 1,2026-10-04,search_snippet,AUTO_RESOLVE,AUTO_FIRST_PARTY,,,,,,no,
NEEDATT-20261004-059,2026-10-04,NEED_ENTERPRISE_KEY,CE-00002-CJ|fss alutiiq joint venture,,Fss Alutiiq Joint Venture (preview row under Afognak),REJECT_ATTRIBUTION,Afognak,CE-00002-CJ,TRIBE,,https://github.com/teim-team/cedar-press/blob/a5f114daa6c3236303ceefa5c765789376106436/docs/ANCSA_OWNERSHIP_RULING.md,a Native Village government does not own an ANCSA corporation (RULE 2); direct government ownership is the exception that must be evidenced (RULE 3),agent under owner standing triage rule 2026-10-04; not an owner ruling,"the link fails the documented VILLAGE_GOVERNMENT_ANCSA_CORPORATION rule and no source supports it. Afognak is an Alaska Native village government; the enterprise is an ANCSA corporation's or a company of one; 'Alutiiq' is the brand of Alutiiq, LLC (Afognak Native Corporation). No company-specific source read, so no owner is assigned",cedar-press dist/preview/need.csv (public preview) - NEED linkage audit item 1,2026-10-04,repository_record,AUTO_RESOLVE,AUTO_RULE_REFUSAL,,,,,,yes,widened: recheck required
NEEDATT-20261004-060,2026-10-04,NEED_ENTERPRISE_KEY,CE-00002-CJ|mccallie associates,,"Mccallie Associates, Inc (preview row under Afognak)",ATTRIBUTE,Afognak Native Corporation,CE-0007J-FJ,ANC,,https://www.alutiiq.com/mccallie-associates/,"Alutiiq, LLC acquired McCallie Associates, Inc. ... headquarters in Bellevue, Nebraska",agent under owner standing triage rule 2026-10-04; not an owner ruling,first_party source states the proposed owner. Afognak is an Alaska Native village government; the enterprise is an ANCSA corporation's or a company of one,cedar-press dist/preview/need.csv (public preview) - NEED linkage audit item 1,2026-10-04,search_snippet,AUTO_RESOLVE,AUTO_FIRST_PARTY,,,,,,no,
NEEDATT-20261004-060-R,2026-10-04,NEED_ENTERPRISE_KEY,CE-00002-CJ|mccallie associates,,"Mccallie Associates, Inc (preview row under Afognak)",REJECT_ATTRIBUTION,Afognak,CE-00002-CJ,TRIBE,,https://www.alutiiq.com/mccallie-associates/,"Alutiiq, LLC acquired McCallie Associates, Inc. ... headquarters in Bellevue, Nebraska",agent under owner standing triage rule 2026-10-04; not an owner ruling,replaced by NEEDATT-20261004-060. first_party source states the proposed owner. Afognak is an Alaska Native village government; the enterprise is an ANCSA corporation's or a company of one,cedar-press dist/preview/need.csv (public preview) - NEED linkage audit item 1,2026-10-04,search_snippet,AUTO_RESOLVE,AUTO_FIRST_PARTY,,,,,,no,
NEEDATT-20261004-061,2026-10-04,NEED_ENTERPRISE_KEY,CE-00002-CJ|red peak technical services,,"Red Peak Technical Services, Llc (preview row under Afognak)",REJECT_ATTRIBUTION,Afognak,CE-00002-CJ,TRIBE,,https://github.com/teim-team/cedar-press/blob/a5f114daa6c3236303ceefa5c765789376106436/docs/ANCSA_OWNERSHIP_RULING.md,a Native Village government does not own an ANCSA corporation (RULE 2); direct government ownership is the exception that must be evidenced (RULE 3),agent under owner standing triage rule 2026-10-04; not an owner ruling,"the link fails the documented VILLAGE_GOVERNMENT_ANCSA_CORPORATION rule and no source supports it. Afognak is an Alaska Native village government; the enterprise is an ANCSA corporation's or a company of one; Red Peak Technical Services is in the Alutiiq, LLC family per a search summary only. No owner assigned",cedar-press dist/preview/need.csv (public preview) - NEED linkage audit item 1,2026-10-04,repository_record,AUTO_RESOLVE,AUTO_RULE_REFUSAL,,,,,,yes,widened: recheck required
NEEDATT-20261004-062,2026-10-04,NEED_ENTERPRISE_KEY,CE-00002-CJ|shields point,,"Shields Point, Llc (preview row under Afognak)",ATTRIBUTE,Afognak Native Corporation,CE-0007J-FJ,ANC,,https://www.alutiiq.com/shields-point/,"Shields Point, LLC [listed among the Alutiiq, LLC subsidiaries of Afognak Native Corporation]",agent under owner standing triage rule 2026-10-04; not an owner ruling,first_party source states the proposed owner. Afognak is an Alaska Native village government; the enterprise is an ANCSA corporation's or a company of one,cedar-press dist/preview/need.csv (public preview) - NEED linkage audit item 1,2026-10-04,search_snippet,AUTO_RESOLVE,AUTO_FIRST_PARTY,,,,,,no,
NEEDATT-20261004-062-R,2026-10-04,NEED_ENTERPRISE_KEY,CE-00002-CJ|shields point,,"Shields Point, Llc (preview row under Afognak)",REJECT_ATTRIBUTION,Afognak,CE-00002-CJ,TRIBE,,https://www.alutiiq.com/shields-point/,"Shields Point, LLC [listed among the Alutiiq, LLC subsidiaries of Afognak Native Corporation]",agent under owner standing triage rule 2026-10-04; not an owner ruling,replaced by NEEDATT-20261004-062. first_party source states the proposed owner. Afognak is an Alaska Native village government; the enterprise is an ANCSA corporation's or a company of one,cedar-press dist/preview/need.csv (public preview) - NEED linkage audit item 1,2026-10-04,search_snippet,AUTO_RESOLVE,AUTO_FIRST_PARTY,,,,,,no,
NEEDATT-20261004-063,2026-10-04,NEED_ENTERPRISE_KEY,CE-00003-JB|ccs king george 2,,CCS KING GEORGE 2 LLC (preview row under Agdaagux),REJECT_ATTRIBUTION,Agdaagux,CE-00003-JB,TRIBE,,https://github.com/teim-team/cedar-press/blob/a5f114daa6c3236303ceefa5c765789376106436/docs/ENTITY_MATCH_RULES.md,An entity whose entire distinctive token set is generic may not win a match that rests only on the name.,agent under owner standing triage rule 2026-10-04; not an owner ruling,the link fails the documented GENERIC_TOKEN_ONLY rule and no source supports it. Shares only a generic or place word with 'Agdaagux Tribe of King Cove' (CE-00003-JB) and carries none of its full names (first-shared-token resolver),cedar-press dist/preview/need.csv (public preview) - NEED linkage audit item 1,2026-10-04,repository_record,AUTO_RESOLVE,AUTO_RULE_REFUSAL,,,,,,yes,widened: recheck required
NEEDATT-20261004-064,2026-10-04,NEED_ENTERPRISE_KEY,CE-00003-JB|ccs king george 3,,CCS KING GEORGE 3 LLC (preview row under Agdaagux),REJECT_ATTRIBUTION,Agdaagux,CE-00003-JB,TRIBE,,https://github.com/teim-team/cedar-press/blob/a5f114daa6c3236303ceefa5c765789376106436/docs/ENTITY_MATCH_RULES.md,An entity whose entire distinctive token set is generic may not win a match that rests only on the name.,agent under owner standing triage rule 2026-10-04; not an owner ruling,the link fails the documented GENERIC_TOKEN_ONLY rule and no source supports it. Shares only a generic or place word with 'Agdaagux Tribe of King Cove' (CE-00003-JB) and carries none of its full names (first-shared-token resolver),cedar-press dist/preview/need.csv (public preview) - NEED linkage audit item 1,2026-10-04,repository_record,AUTO_RESOLVE,AUTO_RULE_REFUSAL,,,,,,yes,widened: recheck required
NEEDATT-20261004-065,2026-10-04,NEED_ENTERPRISE_KEY,CE-00005-YX|akhiok kaguyak,,"AKHIOK-KAGUYAK, INC (preview row under Akhiok)",REJECT_ATTRIBUTION,Akhiok,CE-00005-YX,TRIBE,,https://github.com/teim-team/cedar-press/blob/a5f114daa6c3236303ceefa5c765789376106436/data/spine/cedar_identity_register.csv,"CE-0009E-1E: Akhiok-Kaguyak, Inc., entity_class 'Alaska Native Village Corporation'",agent under owner standing triage rule 2026-10-04; not an owner ruling,"government_record source shows the subject is not the recorded owner's. The row is the ANCSA corporation Akhiok-Kaguyak, Inc. (CE-0009E-1E) itself, not an enterprise of the Akhiok village government",cedar-press dist/preview/need.csv (public preview) - NEED linkage audit item 1,2026-10-04,repository_record,AUTO_RESOLVE,AUTO_REJECT_WRONG_ENTITY,,,,,,no,
NEEDATT-20261004-066,2026-10-04,NEED_ENTERPRISE_KEY,CE-00008-G8|allakaket tribal council,,Allakaket Tribal Council (preview row under Allakaket),REJECT_ATTRIBUTION,Allakaket,CE-00008-G8,TRIBE,,https://github.com/teim-team/cedar-press/blob/a5f114daa6c3236303ceefa5c765789376106436/data/spine/cedar_entity_types.csv,"It is the GOVERNMENT, not its companies: a tribal enterprise is a sub-hub of this entity, never a row of this class.",agent under owner standing triage rule 2026-10-04; not an owner ruling,"the link fails the documented HUB_IS_THE_ENTERPRISE rule and no source supports it. The row names the Allakaket government itself, listed as its own enterprise",cedar-press dist/preview/need.csv (public preview) - NEED linkage audit item 1,2026-10-04,repository_record,AUTO_RESOLVE,AUTO_RULE_REFUSAL,,,,,,yes,widened: recheck required
NEEDATT-20261004-067,2026-10-04,NEED_ENTERPRISE_KEY,CE-0000B-2K|smnc properties,,"Smnc Properties, Llc (preview row under Algaaciq)",REJECT_ATTRIBUTION,Algaaciq,CE-0000B-2K,TRIBE,,https://github.com/teim-team/cedar-press/blob/a5f114daa6c3236303ceefa5c765789376106436/docs/ANCSA_OWNERSHIP_RULING.md,a Native Village government does not own an ANCSA corporation (RULE 2); direct government ownership is the exception that must be evidenced (RULE 3),agent under owner standing triage rule 2026-10-04; not an owner ruling,"the link fails the documented VILLAGE_GOVERNMENT_ANCSA_CORPORATION rule and no source supports it. Algaaciq is an Alaska Native village government; the enterprise is an ANCSA corporation's or a company of one; a third-party profile names St. Mary's Native Corporation (not authoritative, so no owner is assigned) (govtribe.com profile names St. Mary's Native Corporation)",cedar-press dist/preview/need.csv (public preview) - NEED linkage audit item 1,2026-10-04,repository_record,AUTO_RESOLVE,AUTO_RULE_REFUSAL,,,,,,yes,widened: recheck required
NEEDATT-20261004-068,2026-10-04,NEED_ENTERPRISE_KEY,CE-0000C-8C|aleknagik natives,,ALEKNAGIK NATIVES LIMITED (preview row under Aleknagik),REJECT_ATTRIBUTION,Aleknagik,CE-0000C-8C,TRIBE,,https://github.com/teim-team/cedar-press/blob/a5f114daa6c3236303ceefa5c765789376106436/data/spine/cedar_identity_register.csv,"CE-000AC-TC: Aleknagik Natives, Ltd., entity_class 'Alaska Native Village Corporation'",agent under owner standing triage rule 2026-10-04; not an owner ruling,"government_record source shows the subject is not the recorded owner's. The row is the ANCSA corporation Aleknagik Natives, Ltd. (CE-000AC-TC) itself, not an enterprise of the Aleknagik village government",cedar-press dist/preview/need.csv (public preview) - NEED linkage audit item 1,2026-10-04,repository_record,AUTO_RESOLVE,AUTO_REJECT_WRONG_ENTITY,,,,,,no,
NEEDATT-20261004-069,2026-10-04,NEED_ENTERPRISE_KEY,CE-0000D-E5|alutiiq advanced security solutions,,"Alutiiq Advanced Security Solutions, Llc (preview row under Alutiiq)",REJECT_ATTRIBUTION,Alutiiq,CE-0000D-E5,TRIBE,,https://github.com/teim-team/cedar-press/blob/a5f114daa6c3236303ceefa5c765789376106436/docs/ANCSA_OWNERSHIP_RULING.md,a Native Village government does not own an ANCSA corporation (RULE 2); direct government ownership is the exception that must be evidenced (RULE 3),agent under owner standing triage rule 2026-10-04; not an owner ruling,"the link fails the documented VILLAGE_GOVERNMENT_ANCSA_CORPORATION rule and no source supports it. Alutiiq is an Alaska Native village government; the enterprise is an ANCSA corporation's or a company of one; 'Alutiiq' is the brand of Alutiiq, LLC (Afognak Native Corporation). No company-specific source read, so no owner is assigned",cedar-press dist/preview/need.csv (public preview) - NEED linkage audit item 1,2026-10-04,repository_record,AUTO_RESOLVE,AUTO_RULE_REFUSAL,,,,,,yes,widened: recheck required
NEEDATT-20261004-070,2026-10-04,NEED_ENTERPRISE_KEY,CE-0000D-E5|alutiiq c w services,,"Alutiiq C&W Services, Llc (preview row under Alutiiq)",REJECT_ATTRIBUTION,Alutiiq,CE-0000D-E5,TRIBE,,https://github.com/teim-team/cedar-press/blob/a5f114daa6c3236303ceefa5c765789376106436/docs/ANCSA_OWNERSHIP_RULING.md,a Native Village government does not own an ANCSA corporation (RULE 2); direct government ownership is the exception that must be evidenced (RULE 3),agent under owner standing triage rule 2026-10-04; not an owner ruling,"the link fails the documented VILLAGE_GOVERNMENT_ANCSA_CORPORATION rule and no source supports it. Alutiiq is an Alaska Native village government; the enterprise is an ANCSA corporation's or a company of one; 'Alutiiq' is the brand of Alutiiq, LLC (Afognak Native Corporation). No company-specific source read, so no owner is assigned",cedar-press dist/preview/need.csv (public preview) - NEED linkage audit item 1,2026-10-04,repository_record,AUTO_RESOLVE,AUTO_RULE_REFUSAL,,,,,,yes,agree
NEEDATT-20261004-071,2026-10-04,NEED_ENTERPRISE_KEY,CE-0000D-E5|alutiiq commercial enterprises,,Alutiiq Commercial Enterprises Llc (preview row under Alutiiq),REJECT_ATTRIBUTION,Alutiiq,CE-0000D-E5,TRIBE,,https://github.com/teim-team/cedar-press/blob/a5f114daa6c3236303ceefa5c765789376106436/docs/ANCSA_OWNERSHIP_RULING.md,a Native Village government does not own an ANCSA corporation (RULE 2); direct government ownership is the exception that must be evidenced (RULE 3),agent under owner standing triage rule 2026-10-04; not an owner ruling,"the link fails the documented VILLAGE_GOVERNMENT_ANCSA_CORPORATION rule and no source supports it. Alutiiq is an Alaska Native village government; the enterprise is an ANCSA corporation's or a company of one; 'Alutiiq' is the brand of Alutiiq, LLC (Afognak Native Corporation). No company-specific source read, so no owner is assigned",cedar-press dist/preview/need.csv (public preview) - NEED linkage audit item 1,2026-10-04,repository_record,AUTO_RESOLVE,AUTO_RULE_REFUSAL,,,,,,yes,widened: recheck required
NEEDATT-20261004-072,2026-10-04,NEED_ENTERPRISE_KEY,CE-0000D-E5|alutiiq diversified services,,"ALUTIIQ DIVERSIFIED SERVICES, INC (preview row under Alutiiq)",REJECT_ATTRIBUTION,Alutiiq,CE-0000D-E5,TRIBE,,https://github.com/teim-team/cedar-press/blob/a5f114daa6c3236303ceefa5c765789376106436/docs/ANCSA_OWNERSHIP_RULING.md,a Native Village government does not own an ANCSA corporation (RULE 2); direct government ownership is the exception that must be evidenced (RULE 3),agent under owner standing triage rule 2026-10-04; not an owner ruling,"the link fails the documented VILLAGE_GOVERNMENT_ANCSA_CORPORATION rule and no source supports it. Alutiiq is an Alaska Native village government; the enterprise is an ANCSA corporation's or a company of one; 'Alutiiq' is the brand of Alutiiq, LLC (Afognak Native Corporation). No company-specific source read, so no owner is assigned",cedar-press dist/preview/need.csv (public preview) - NEED linkage audit item 1,2026-10-04,repository_record,AUTO_RESOLVE,AUTO_RULE_REFUSAL,,,,,,yes,widened: recheck required
NEEDATT-20261004-073,2026-10-04,NEED_ENTERPRISE_KEY,CE-0000D-E5|alutiiq essential services,,"Alutiiq Essential Services, Llc (preview row under Alutiiq)",REJECT_ATTRIBUTION,Alutiiq,CE-0000D-E5,TRIBE,,https://github.com/teim-team/cedar-press/blob/a5f114daa6c3236303ceefa5c765789376106436/docs/ANCSA_OWNERSHIP_RULING.md,a Native Village government does not own an ANCSA corporation (RULE 2); direct government ownership is the exception that must be evidenced (RULE 3),agent under owner standing triage rule 2026-10-04; not an owner ruling,"the link fails the documented VILLAGE_GOVERNMENT_ANCSA_CORPORATION rule and no source supports it. Alutiiq is an Alaska Native village government; the enterprise is an ANCSA corporation's or a company of one; 'Alutiiq' is the brand of Alutiiq, LLC (Afognak Native Corporation). No company-specific source read, so no owner is assigned",cedar-press dist/preview/need.csv (public preview) - NEED linkage audit item 1,2026-10-04,repository_record,AUTO_RESOLVE,AUTO_RULE_REFUSAL,,,,,,yes,widened: recheck required
NEEDATT-20261004-074,2026-10-04,NEED_ENTERPRISE_KEY,CE-0000D-E5|alutiiq facility management services,,"ALUTIIQ FACILITY MANAGEMENT SERVICES, LLC (preview row under Alutiiq)",REJECT_ATTRIBUTION,Alutiiq,CE-0000D-E5,TRIBE,,https://github.com/teim-team/cedar-press/blob/a5f114daa6c3236303ceefa5c765789376106436/docs/ANCSA_OWNERSHIP_RULING.md,a Native Village government does not own an ANCSA corporation (RULE 2); direct government ownership is the exception that must be evidenced (RULE 3),agent under owner standing triage rule 2026-10-04; not an owner ruling,"the link fails the documented VILLAGE_GOVERNMENT_ANCSA_CORPORATION rule and no source supports it. Alutiiq is an Alaska Native village government; the enterprise is an ANCSA corporation's or a company of one; 'Alutiiq' is the brand of Alutiiq, LLC (Afognak Native Corporation). No company-specific source read, so no owner is assigned",cedar-press dist/preview/need.csv (public preview) - NEED linkage audit item 1,2026-10-04,repository_record,AUTO_RESOLVE,AUTO_RULE_REFUSAL,,,,,,yes,widened: recheck required
NEEDATT-20261004-075,2026-10-04,NEED_ENTERPRISE_KEY,CE-0000D-E5|alutiiq fluor constructors ll,,"Alutiiq-Fluor Constructors, Ll (preview row under Alutiiq)",REJECT_ATTRIBUTION,Alutiiq,CE-0000D-E5,TRIBE,,https://github.com/teim-team/cedar-press/blob/a5f114daa6c3236303ceefa5c765789376106436/docs/ANCSA_OWNERSHIP_RULING.md,a Native Village government does not own an ANCSA corporation (RULE 2); direct government ownership is the exception that must be evidenced (RULE 3),agent under owner standing triage rule 2026-10-04; not an owner ruling,"the link fails the documented VILLAGE_GOVERNMENT_ANCSA_CORPORATION rule and no source supports it. Alutiiq is an Alaska Native village government; the enterprise is an ANCSA corporation's or a company of one; 'Alutiiq' is the brand of Alutiiq, LLC (Afognak Native Corporation). No company-specific source read, so no owner is assigned",cedar-press dist/preview/need.csv (public preview) - NEED linkage audit item 1,2026-10-04,repository_record,AUTO_RESOLVE,AUTO_RULE_REFUSAL,,,,,,yes,widened: recheck required
NEEDATT-20261004-076,2026-10-04,NEED_ENTERPRISE_KEY,CE-0000D-E5|alutiiq fusion joint venture,,Alutiiq Fusion Joint Venture (preview row under Alutiiq),REJECT_ATTRIBUTION,Alutiiq,CE-0000D-E5,TRIBE,,https://github.com/teim-team/cedar-press/blob/a5f114daa6c3236303ceefa5c765789376106436/docs/ANCSA_OWNERSHIP_RULING.md,a Native Village government does not own an ANCSA corporation (RULE 2); direct government ownership is the exception that must be evidenced (RULE 3),agent under owner standing triage rule 2026-10-04; not an owner ruling,"the link fails the documented VILLAGE_GOVERNMENT_ANCSA_CORPORATION rule and no source supports it. Alutiiq is an Alaska Native village government; the enterprise is an ANCSA corporation's or a company of one; 'Alutiiq' is the brand of Alutiiq, LLC (Afognak Native Corporation). No company-specific source read, so no owner is assigned",cedar-press dist/preview/need.csv (public preview) - NEED linkage audit item 1,2026-10-04,repository_record,AUTO_RESOLVE,AUTO_RULE_REFUSAL,,,,,,yes,widened: recheck required
NEEDATT-20261004-077,2026-10-04,NEED_ENTERPRISE_KEY,CE-0000D-E5|alutiiq global works,,"ALUTIIQ GLOBAL WORKS, LLC (preview row under Alutiiq)",REJECT_ATTRIBUTION,Alutiiq,CE-0000D-E5,TRIBE,,https://github.com/teim-team/cedar-press/blob/a5f114daa6c3236303ceefa5c765789376106436/docs/ANCSA_OWNERSHIP_RULING.md,a Native Village government does not own an ANCSA corporation (RULE 2); direct government ownership is the exception that must be evidenced (RULE 3),agent under owner standing triage rule 2026-10-04; not an owner ruling,"the link fails the documented VILLAGE_GOVERNMENT_ANCSA_CORPORATION rule and no source supports it. Alutiiq is an Alaska Native village government; the enterprise is an ANCSA corporation's or a company of one; 'Alutiiq' is the brand of Alutiiq, LLC (Afognak Native Corporation). No company-specific source read, so no owner is assigned",cedar-press dist/preview/need.csv (public preview) - NEED linkage audit item 1,2026-10-04,repository_record,AUTO_RESOLVE,AUTO_RULE_REFUSAL,,,,,,yes,widened: recheck required
NEEDATT-20261004-078,2026-10-04,NEED_ENTERPRISE_KEY,CE-0000D-E5|alutiiq information management,,"ALUTIIQ INFORMATION MANAGEMENT, LLC (preview row under Alutiiq)",REJECT_ATTRIBUTION,Alutiiq,CE-0000D-E5,TRIBE,,https://github.com/teim-team/cedar-press/blob/a5f114daa6c3236303ceefa5c765789376106436/docs/ANCSA_OWNERSHIP_RULING.md,a Native Village government does not own an ANCSA corporation (RULE 2); direct government ownership is the exception that must be evidenced (RULE 3),agent under owner standing triage rule 2026-10-04; not an owner ruling,"the link fails the documented VILLAGE_GOVERNMENT_ANCSA_CORPORATION rule and no source supports it. Alutiiq is an Alaska Native village government; the enterprise is an ANCSA corporation's or a company of one; 'Alutiiq' is the brand of Alutiiq, LLC (Afognak Native Corporation). No company-specific source read, so no owner is assigned",cedar-press dist/preview/need.csv (public preview) - NEED linkage audit item 1,2026-10-04,repository_record,AUTO_RESOLVE,AUTO_RULE_REFUSAL,,,,,,yes,widened: recheck required
NEEDATT-20261004-079,2026-10-04,NEED_ENTERPRISE_KEY,CE-0000D-E5|alutiiq innovative management services,,"ALUTIIQ INNOVATIVE MANAGEMENT SERVICES, LLC (preview row under Alutiiq)",REJECT_ATTRIBUTION,Alutiiq,CE-0000D-E5,TRIBE,,https://github.com/teim-team/cedar-press/blob/a5f114daa6c3236303ceefa5c765789376106436/docs/ANCSA_OWNERSHIP_RULING.md,a Native Village government does not own an ANCSA corporation (RULE 2); direct government ownership is the exception that must be evidenced (RULE 3),agent under owner standing triage rule 2026-10-04; not an owner ruling,"the link fails the documented VILLAGE_GOVERNMENT_ANCSA_CORPORATION rule and no source supports it. Alutiiq is an Alaska Native village government; the enterprise is an ANCSA corporation's or a company of one; 'Alutiiq' is the brand of Alutiiq, LLC (Afognak Native Corporation). No company-specific source read, so no owner is assigned",cedar-press dist/preview/need.csv (public preview) - NEED linkage audit item 1,2026-10-04,repository_record,AUTO_RESOLVE,AUTO_RULE_REFUSAL,,,,,,yes,widened: recheck required
NEEDATT-20261004-080,2026-10-04,NEED_ENTERPRISE_KEY,CE-0000D-E5|alutiiq integration repair,,"ALUTIIQ INTEGRATION & REPAIR, LLC (preview row under Alutiiq)",REJECT_ATTRIBUTION,Alutiiq,CE-0000D-E5,TRIBE,,https://github.com/teim-team/cedar-press/blob/a5f114daa6c3236303ceefa5c765789376106436/docs/ANCSA_OWNERSHIP_RULING.md,a Native Village government does not own an ANCSA corporation (RULE 2); direct government ownership is the exception that must be evidenced (RULE 3),agent under owner standing triage rule 2026-10-04; not an owner ruling,"the link fails the documented VILLAGE_GOVERNMENT_ANCSA_CORPORATION rule and no source supports it. Alutiiq is an Alaska Native village government; the enterprise is an ANCSA corporation's or a company of one; 'Alutiiq' is the brand of Alutiiq, LLC (Afognak Native Corporation). No company-specific source read, so no owner is assigned",cedar-press dist/preview/need.csv (public preview) - NEED linkage audit item 1,2026-10-04,repository_record,AUTO_RESOLVE,AUTO_RULE_REFUSAL,,,,,,yes,widened: recheck required
NEEDATT-20261004-081,2026-10-04,NEED_ENTERPRISE_KEY,CE-0000D-E5|alutiiq museum archeological repository,,Alutiiq Museum Archeological Repository (preview row under Alutiiq),HUMAN_REVIEW,Alutiiq,CE-0000D-E5,TRIBE,,https://en.wikipedia.org/wiki/Alutiiq_Museum,Alutiiq Museum [Kodiak; governed by the Alutiiq Heritage Foundation],,the record is flagged as attributed to the wrong entity; the owner reserves this for a person even when the evidence is complete. A regional Kodiak museum sharing only the ethnonym 'Alutiiq' with the Alutiiq Tribe of Old Harbor; no source names the tribe as owner. Masked as a specific misattribution pending a person,cedar-press dist/preview/need.csv (public preview) - NEED linkage audit item 1,2026-10-04,search_snippet,HUMAN_REVIEW,,MISATTRIBUTION_FLAGGED,1,P3 (impact unmeasured),,,no,
NEEDATT-20261004-082,2026-10-04,NEED_ENTERPRISE_KEY,CE-0000D-E5|alutiiq operations services,,"ALUTIIQ OPERATIONS SERVICES, LLC (preview row under Alutiiq)",REJECT_ATTRIBUTION,Alutiiq,CE-0000D-E5,TRIBE,,https://github.com/teim-team/cedar-press/blob/a5f114daa6c3236303ceefa5c765789376106436/docs/ANCSA_OWNERSHIP_RULING.md,a Native Village government does not own an ANCSA corporation (RULE 2); direct government ownership is the exception that must be evidenced (RULE 3),agent under owner standing triage rule 2026-10-04; not an owner ruling,"the link fails the documented VILLAGE_GOVERNMENT_ANCSA_CORPORATION rule and no source supports it. Alutiiq is an Alaska Native village government; the enterprise is an ANCSA corporation's or a company of one; 'Alutiiq' is the brand of Alutiiq, LLC (Afognak Native Corporation). No company-specific source read, so no owner is assigned",cedar-press dist/preview/need.csv (public preview) - NEED linkage audit item 1,2026-10-04,repository_record,AUTO_RESOLVE,AUTO_RULE_REFUSAL,,,,,,yes,widened: recheck required
NEEDATT-20261004-083,2026-10-04,NEED_ENTERPRISE_KEY,CE-0000D-E5|alutiiq professional consulting,,ALUTIIQ PROFESSIONAL CONSULTING LLC (preview row under Alutiiq),REJECT_ATTRIBUTION,Alutiiq,CE-0000D-E5,TRIBE,,https://github.com/teim-team/cedar-press/blob/a5f114daa6c3236303ceefa5c765789376106436/docs/ANCSA_OWNERSHIP_RULING.md,a Native Village government does not own an ANCSA corporation (RULE 2); direct government ownership is the exception that must be evidenced (RULE 3),agent under owner standing triage rule 2026-10-04; not an owner ruling,"the link fails the documented VILLAGE_GOVERNMENT_ANCSA_CORPORATION rule and no source supports it. Alutiiq is an Alaska Native village government; the enterprise is an ANCSA corporation's or a company of one; 'Alutiiq' is the brand of Alutiiq, LLC (Afognak Native Corporation). No company-specific source read, so no owner is assigned",cedar-press dist/preview/need.csv (public preview) - NEED linkage audit item 1,2026-10-04,repository_record,AUTO_RESOLVE,AUTO_RULE_REFUSAL,,,,,,yes,widened: recheck required
NEEDATT-20261004-084,2026-10-04,NEED_ENTERPRISE_KEY,CE-0000D-E5|alutiiq professional training,,"Alutiiq Professional Training, Llc (preview row under Alutiiq)",REJECT_ATTRIBUTION,Alutiiq,CE-0000D-E5,TRIBE,,https://github.com/teim-team/cedar-press/blob/a5f114daa6c3236303ceefa5c765789376106436/docs/ANCSA_OWNERSHIP_RULING.md,a Native Village government does not own an ANCSA corporation (RULE 2); direct government ownership is the exception that must be evidenced (RULE 3),agent under owner standing triage rule 2026-10-04; not an owner ruling,"the link fails the documented VILLAGE_GOVERNMENT_ANCSA_CORPORATION rule and no source supports it. Alutiiq is an Alaska Native village government; the enterprise is an ANCSA corporation's or a company of one; 'Alutiiq' is the brand of Alutiiq, LLC (Afognak Native Corporation). No company-specific source read, so no owner is assigned",cedar-press dist/preview/need.csv (public preview) - NEED linkage audit item 1,2026-10-04,repository_record,AUTO_RESOLVE,AUTO_RULE_REFUSAL,,,,,,yes,widened: recheck required
NEEDATT-20261004-085,2026-10-04,NEED_ENTERPRISE_KEY,CE-0000D-E5|alutiiq systems management,,"ALUTIIQ SYSTEMS MANAGEMENT, LLC (preview row under Alutiiq)",REJECT_ATTRIBUTION,Alutiiq,CE-0000D-E5,TRIBE,,https://github.com/teim-team/cedar-press/blob/a5f114daa6c3236303ceefa5c765789376106436/docs/ANCSA_OWNERSHIP_RULING.md,a Native Village government does not own an ANCSA corporation (RULE 2); direct government ownership is the exception that must be evidenced (RULE 3),agent under owner standing triage rule 2026-10-04; not an owner ruling,"the link fails the documented VILLAGE_GOVERNMENT_ANCSA_CORPORATION rule and no source supports it. Alutiiq is an Alaska Native village government; the enterprise is an ANCSA corporation's or a company of one; 'Alutiiq' is the brand of Alutiiq, LLC (Afognak Native Corporation). No company-specific source read, so no owner is assigned",cedar-press dist/preview/need.csv (public preview) - NEED linkage audit item 1,2026-10-04,repository_record,AUTO_RESOLVE,AUTO_RULE_REFUSAL,,,,,,yes,widened: recheck required
NEEDATT-20261004-086,2026-10-04,NEED_ENTERPRISE_KEY,CE-0000D-E5|alutiiq technical services,,Alutiiq Technical Services Llc (preview row under Alutiiq),REJECT_ATTRIBUTION,Alutiiq,CE-0000D-E5,TRIBE,,https://github.com/teim-team/cedar-press/blob/a5f114daa6c3236303ceefa5c765789376106436/docs/ANCSA_OWNERSHIP_RULING.md,a Native Village government does not own an ANCSA corporation (RULE 2); direct government ownership is the exception that must be evidenced (RULE 3),agent under owner standing triage rule 2026-10-04; not an owner ruling,"the link fails the documented VILLAGE_GOVERNMENT_ANCSA_CORPORATION rule and no source supports it. Alutiiq is an Alaska Native village government; the enterprise is an ANCSA corporation's or a company of one; 'Alutiiq' is the brand of Alutiiq, LLC (Afognak Native Corporation). No company-specific source read, so no owner is assigned",cedar-press dist/preview/need.csv (public preview) - NEED linkage audit item 1,2026-10-04,repository_record,AUTO_RESOLVE,AUTO_RULE_REFUSAL,,,,,,yes,widened: recheck required
NEEDATT-20261004-087,2026-10-04,NEED_ENTERPRISE_KEY,CE-0000D-E5|alutiiq worldwide operations management,,"ALUTIIQ WORLDWIDE OPERATIONS MANAGEMENT, LLC (preview row under Alutiiq)",REJECT_ATTRIBUTION,Alutiiq,CE-0000D-E5,TRIBE,,https://github.com/teim-team/cedar-press/blob/a5f114daa6c3236303ceefa5c765789376106436/docs/ANCSA_OWNERSHIP_RULING.md,a Native Village government does not own an ANCSA corporation (RULE 2); direct government ownership is the exception that must be evidenced (RULE 3),agent under owner standing triage rule 2026-10-04; not an owner ruling,"the link fails the documented VILLAGE_GOVERNMENT_ANCSA_CORPORATION rule and no source supports it. Alutiiq is an Alaska Native village government; the enterprise is an ANCSA corporation's or a company of one; 'Alutiiq' is the brand of Alutiiq, LLC (Afognak Native Corporation). No company-specific source read, so no owner is assigned",cedar-press dist/preview/need.csv (public preview) - NEED linkage audit item 1,2026-10-04,repository_record,AUTO_RESOLVE,AUTO_RULE_REFUSAL,,,,,,yes,widened: recheck required
NEEDATT-20261004-088,2026-10-04,NEED_ENTERPRISE_KEY,CE-0000D-E5|chugach alutiiq jv,,"Chugach Alutiiq,Jv (preview row under Alutiiq)",REJECT_ATTRIBUTION,Alutiiq,CE-0000D-E5,TRIBE,,https://github.com/teim-team/cedar-press/blob/a5f114daa6c3236303ceefa5c765789376106436/docs/ANCSA_OWNERSHIP_RULING.md,a Native Village government does not own an ANCSA corporation (RULE 2); direct government ownership is the exception that must be evidenced (RULE 3),agent under owner standing triage rule 2026-10-04; not an owner ruling,"the link fails the documented VILLAGE_GOVERNMENT_ANCSA_CORPORATION rule and no source supports it. Alutiiq is an Alaska Native village government; the enterprise is an ANCSA corporation's or a company of one; 'Alutiiq' is the brand of Alutiiq, LLC (Afognak Native Corporation). No company-specific source read, so no owner is assigned",cedar-press dist/preview/need.csv (public preview) - NEED linkage audit item 1,2026-10-04,repository_record,AUTO_RESOLVE,AUTO_RULE_REFUSAL,,,,,,yes,widened: recheck required
NEEDATT-20261004-089,2026-10-04,NEED_ENTERPRISE_KEY,CE-0000D-E5|harbor view technical services,,"HARBOR VIEW TECHNICAL SERVICES, LLC (preview row under Alutiiq)",REJECT_ATTRIBUTION,Alutiiq,CE-0000D-E5,TRIBE,,https://github.com/teim-team/cedar-press/blob/a5f114daa6c3236303ceefa5c765789376106436/docs/ENTITY_MATCH_RULES.md,An entity whose entire distinctive token set is generic may not win a match that rests only on the name.,agent under owner standing triage rule 2026-10-04; not an owner ruling,the link fails the documented GENERIC_TOKEN_ONLY rule and no source supports it. Shares only a generic or place word with 'Alutiiq Tribe of Old Harbor' (CE-0000D-E5) and carries none of its full names (first-shared-token resolver),cedar-press dist/preview/need.csv (public preview) - NEED linkage audit item 1,2026-10-04,repository_record,AUTO_RESOLVE,AUTO_RULE_REFUSAL,,,,,,yes,widened: recheck required
NEEDATT-20261004-090,2026-10-04,NEED_ENTERPRISE_KEY,CE-0000F-TQ|angoon community association,,Angoon Community Association (preview row under Angoon),REJECT_ATTRIBUTION,Angoon,CE-0000F-TQ,TRIBE,,https://github.com/teim-team/cedar-press/blob/a5f114daa6c3236303ceefa5c765789376106436/data/spine/cedar_entity_types.csv,"It is the GOVERNMENT, not its companies: a tribal enterprise is a sub-hub of this entity, never a row of this class.",agent under owner standing triage rule 2026-10-04; not an owner ruling,"the link fails the documented HUB_IS_THE_ENTERPRISE rule and no source supports it. The row names the Angoon government itself, listed as its own enterprise",cedar-press dist/preview/need.csv (public preview) - NEED linkage audit item 1,2026-10-04,repository_record,AUTO_RESOLVE,AUTO_RULE_REFUSAL,,,,,,yes,agree
NEEDATT-20261004-091,2026-10-04,NEED_ENTERPRISE_KEY,CE-0000F-TQ|national indian education association,,National Indian Education Association (preview row under Angoon),REJECT_ATTRIBUTION,Angoon,CE-0000F-TQ,TRIBE,,https://github.com/teim-team/cedar-press/blob/a5f114daa6c3236303ceefa5c765789376106436/docs/ENTITY_MATCH_RULES.md,An entity whose entire distinctive token set is generic may not win a match that rests only on the name.,agent under owner standing triage rule 2026-10-04; not an owner ruling,the link fails the documented GENERIC_TOKEN_ONLY rule and no source supports it. Shares only a generic or place word with 'Angoon Community Association' (CE-0000F-TQ) and carries none of its full names (first-shared-token resolver),cedar-press dist/preview/need.csv (public preview) - NEED linkage audit item 1,2026-10-04,repository_record,AUTO_RESOLVE,AUTO_RULE_REFUSAL,,,,,,yes,widened: recheck required
NEEDATT-20261004-092,2026-10-04,NEED_ENTERPRISE_KEY,CE-0000F-TQ|national native american law enforcement association,,National Native American Law Enforcement Association (preview row under Angoon),REJECT_ATTRIBUTION,Angoon,CE-0000F-TQ,TRIBE,,https://github.com/teim-team/cedar-press/blob/a5f114daa6c3236303ceefa5c765789376106436/docs/ENTITY_MATCH_RULES.md,An entity whose entire distinctive token set is generic may not win a match that rests only on the name.,agent under owner standing triage rule 2026-10-04; not an owner ruling,the link fails the documented GENERIC_TOKEN_ONLY rule and no source supports it. Shares only a generic or place word with 'Angoon Community Association' (CE-0000F-TQ) and carries none of its full names (first-shared-token resolver),cedar-press dist/preview/need.csv (public preview) - NEED linkage audit item 1,2026-10-04,repository_record,AUTO_RESOLVE,AUTO_RULE_REFUSAL,,,,,,yes,widened: recheck required
NEEDATT-20261004-093,2026-10-04,NEED_ENTERPRISE_KEY,CE-0000G-0G|clear health pass holdings,,CLEAR HEALTH PASS HOLDINGS LLC (preview row under Anaktuvuk Pass),REJECT_ATTRIBUTION,Anaktuvuk Pass,CE-0000G-0G,TRIBE,,https://github.com/teim-team/cedar-press/blob/a5f114daa6c3236303ceefa5c765789376106436/docs/ENTITY_MATCH_RULES.md,An entity whose entire distinctive token set is generic may not win a match that rests only on the name.,agent under owner standing triage rule 2026-10-04; not an owner ruling,the link fails the documented GENERIC_TOKEN_ONLY rule and no source supports it. Shares only a generic or place word with 'Village of Anaktuvuk Pass' (CE-0000G-0G) and carries none of its full names (first-shared-token resolver),cedar-press dist/preview/need.csv (public preview) - NEED linkage audit item 1,2026-10-04,repository_record,AUTO_RESOLVE,AUTO_RULE_REFUSAL,,,,,,yes,widened: recheck required
NEEDATT-20261004-094,2026-10-04,NEED_ENTERPRISE_KEY,CE-0000J-C2|arctic accessible vehicles,,"ARCTIC ACCESSIBLE VEHICLES, LLC (preview row under Arctic Village)",REJECT_ATTRIBUTION,Arctic Village,CE-0000J-C2,TRIBE,,https://github.com/teim-team/cedar-press/blob/a5f114daa6c3236303ceefa5c765789376106436/docs/ENTITY_MATCH_RULES.md,An entity whose entire distinctive token set is generic may not win a match that rests only on the name.,agent under owner standing triage rule 2026-10-04; not an owner ruling,the link fails the documented GENERIC_TOKEN_ONLY rule and no source supports it. Shares only a generic or place word with 'Arctic Village' (CE-0000J-C2) and carries none of its full names (first-shared-token resolver),cedar-press dist/preview/need.csv (public preview) - NEED linkage audit item 1,2026-10-04,repository_record,AUTO_RESOLVE,AUTO_RULE_REFUSAL,,,,,,yes,widened: recheck required
NEEDATT-20261004-095,2026-10-04,NEED_ENTERPRISE_KEY,CE-0000J-C2|arctic american jv,,Arctic-American Jv (preview row under Arctic Village),REJECT_ATTRIBUTION,Arctic Village,CE-0000J-C2,TRIBE,,https://github.com/teim-team/cedar-press/blob/a5f114daa6c3236303ceefa5c765789376106436/docs/ENTITY_MATCH_RULES.md,An entity whose entire distinctive token set is generic may not win a match that rests only on the name.,agent under owner standing triage rule 2026-10-04; not an owner ruling,the link fails the documented GENERIC_TOKEN_ONLY rule and no source supports it. Shares only a generic or place word with 'Arctic Village' (CE-0000J-C2) and carries none of its full names (first-shared-token resolver),cedar-press dist/preview/need.csv (public preview) - NEED linkage audit item 1,2026-10-04,repository_record,AUTO_RESOLVE,AUTO_RULE_REFUSAL,,,,,,yes,inconclusive
NEEDATT-20261004-096,2026-10-04,NEED_ENTERPRISE_KEY,CE-0000J-C2|arctic catering,,"Arctic Catering, Inc (preview row under Arctic Village)",REJECT_ATTRIBUTION,Arctic Village,CE-0000J-C2,TRIBE,,https://github.com/teim-team/cedar-press/blob/a5f114daa6c3236303ceefa5c765789376106436/docs/ENTITY_MATCH_RULES.md,An entity whose entire distinctive token set is generic may not win a match that rests only on the name.,agent under owner standing triage rule 2026-10-04; not an owner ruling,the link fails the documented GENERIC_TOKEN_ONLY rule and no source supports it. Shares only a generic or place word with 'Arctic Village' (CE-0000J-C2) and carries none of its full names (first-shared-token resolver),cedar-press dist/preview/need.csv (public preview) - NEED linkage audit item 1,2026-10-04,repository_record,AUTO_RESOLVE,AUTO_RULE_REFUSAL,,,,,,yes,widened: recheck required
NEEDATT-20261004-097,2026-10-04,NEED_ENTERPRISE_KEY,CE-0000J-C2|arctic contracting,,Arctic Contracting Llc (preview row under Arctic Village),REJECT_ATTRIBUTION,Arctic Village,CE-0000J-C2,TRIBE,,https://github.com/teim-team/cedar-press/blob/a5f114daa6c3236303ceefa5c765789376106436/docs/ENTITY_MATCH_RULES.md,An entity whose entire distinctive token set is generic may not win a match that rests only on the name.,agent under owner standing triage rule 2026-10-04; not an owner ruling,the link fails the documented GENERIC_TOKEN_ONLY rule and no source supports it. Shares only a generic or place word with 'Arctic Village' (CE-0000J-C2) and carries none of its full names (first-shared-token resolver),cedar-press dist/preview/need.csv (public preview) - NEED linkage audit item 1,2026-10-04,repository_record,AUTO_RESOLVE,AUTO_RULE_REFUSAL,,,,,,yes,widened: recheck required
NEEDATT-20261004-098,2026-10-04,NEED_ENTERPRISE_KEY,CE-0000J-C2|arctic fire security,,Arctic Fire & Security Llc (preview row under Arctic Village),REJECT_ATTRIBUTION,Arctic Village,CE-0000J-C2,TRIBE,,https://github.com/teim-team/cedar-press/blob/a5f114daa6c3236303ceefa5c765789376106436/docs/ENTITY_MATCH_RULES.md,An entity whose entire distinctive token set is generic may not win a match that rests only on the name.,agent under owner standing triage rule 2026-10-04; not an owner ruling,the link fails the documented GENERIC_TOKEN_ONLY rule and no source supports it. Shares only a generic or place word with 'Arctic Village' (CE-0000J-C2) and carries none of its full names (first-shared-token resolver),cedar-press dist/preview/need.csv (public preview) - NEED linkage audit item 1,2026-10-04,repository_record,AUTO_RESOLVE,AUTO_RULE_REFUSAL,,,,,,yes,widened: recheck required
NEEDATT-20261004-099,2026-10-04,NEED_ENTERPRISE_KEY,CE-0000J-C2|arctic information technology,,"Arctic Information Technology, Inc (preview row under Arctic Village)",REJECT_ATTRIBUTION,Arctic Village,CE-0000J-C2,TRIBE,,https://github.com/teim-team/cedar-press/blob/a5f114daa6c3236303ceefa5c765789376106436/docs/ENTITY_MATCH_RULES.md,An entity whose entire distinctive token set is generic may not win a match that rests only on the name.,agent under owner standing triage rule 2026-10-04; not an owner ruling,the link fails the documented GENERIC_TOKEN_ONLY rule and no source supports it. Shares only a generic or place word with 'Arctic Village' (CE-0000J-C2) and carries none of its full names (first-shared-token resolver),cedar-press dist/preview/need.csv (public preview) - NEED linkage audit item 1,2026-10-04,repository_record,AUTO_RESOLVE,AUTO_RULE_REFUSAL,,,,,,yes,widened: recheck required
NEEDATT-20261004-100,2026-10-04,NEED_ENTERPRISE_KEY,CE-0000J-C2|arctic mobility solutions,,"ARCTIC MOBILITY SOLUTIONS, LLC (preview row under Arctic Village)",REJECT_ATTRIBUTION,Arctic Village,CE-0000J-C2,TRIBE,,https://github.com/teim-team/cedar-press/blob/a5f114daa6c3236303ceefa5c765789376106436/docs/ENTITY_MATCH_RULES.md,An entity whose entire distinctive token set is generic may not win a match that rests only on the name.,agent under owner standing triage rule 2026-10-04; not an owner ruling,the link fails the documented GENERIC_TOKEN_ONLY rule and no source supports it. Shares only a generic or place word with 'Arctic Village' (CE-0000J-C2) and carries none of its full names (first-shared-token resolver),cedar-press dist/preview/need.csv (public preview) - NEED linkage audit item 1,2026-10-04,repository_record,AUTO_RESOLVE,AUTO_RULE_REFUSAL,,,,,,yes,agree
NEEDATT-20261004-101,2026-10-04,NEED_ENTERPRISE_KEY,CE-0000J-C2|arctic pacific enterprises,,Arctic Pacific Enterprises (preview row under Arctic Village),REJECT_ATTRIBUTION,Arctic Village,CE-0000J-C2,TRIBE,,https://github.com/teim-team/cedar-press/blob/a5f114daa6c3236303ceefa5c765789376106436/docs/ENTITY_MATCH_RULES.md,An entity whose entire distinctive token set is generic may not win a match that rests only on the name.,agent under owner standing triage rule 2026-10-04; not an owner ruling,the link fails the documented GENERIC_TOKEN_ONLY rule and no source supports it. Shares only a generic or place word with 'Arctic Village' (CE-0000J-C2) and carries none of its full names (first-shared-token resolver),cedar-press dist/preview/need.csv (public preview) - NEED linkage audit item 1,2026-10-04,repository_record,AUTO_RESOLVE,AUTO_RULE_REFUSAL,,,,,,yes,agree
NEEDATT-20261004-102,2026-10-04,NEED_ENTERPRISE_KEY,CE-0000J-C2|arctic peak,,ARCTIC PEAK LLC (preview row under Arctic Village),REJECT_ATTRIBUTION,Arctic Village,CE-0000J-C2,TRIBE,,https://github.com/teim-team/cedar-press/blob/a5f114daa6c3236303ceefa5c765789376106436/docs/ENTITY_MATCH_RULES.md,An entity whose entire distinctive token set is generic may not win a match that rests only on the name.,agent under owner standing triage rule 2026-10-04; not an owner ruling,the link fails the documented GENERIC_TOKEN_ONLY rule and no source supports it. Shares only a generic or place word with 'Arctic Village' (CE-0000J-C2) and carries none of its full names (first-shared-token resolver),cedar-press dist/preview/need.csv (public preview) - NEED linkage audit item 1,2026-10-04,repository_record,AUTO_RESOLVE,AUTO_RULE_REFUSAL,,,,,,yes,widened: recheck required
NEEDATT-20261004-103,2026-10-04,NEED_ENTERPRISE_KEY,CE-0000J-C2|arctic pipe materials,,"Arctic Pipe & Materials, Llc (preview row under Arctic Village)",REJECT_ATTRIBUTION,Arctic Village,CE-0000J-C2,TRIBE,,https://github.com/teim-team/cedar-press/blob/a5f114daa6c3236303ceefa5c765789376106436/docs/ENTITY_MATCH_RULES.md,An entity whose entire distinctive token set is generic may not win a match that rests only on the name.,agent under owner standing triage rule 2026-10-04; not an owner ruling,the link fails the documented GENERIC_TOKEN_ONLY rule and no source supports it. Shares only a generic or place word with 'Arctic Village' (CE-0000J-C2) and carries none of its full names (first-shared-token resolver),cedar-press dist/preview/need.csv (public preview) - NEED linkage audit item 1,2026-10-04,repository_record,AUTO_RESOLVE,AUTO_RULE_REFUSAL,,,,,,yes,widened: recheck required
NEEDATT-20261004-104,2026-10-04,NEED_ENTERPRISE_KEY,CE-0000J-C2|arctic sun concrete cutting,,Arctic Sun Concrete Cutting (preview row under Arctic Village),REJECT_ATTRIBUTION,Arctic Village,CE-0000J-C2,TRIBE,,https://github.com/teim-team/cedar-press/blob/a5f114daa6c3236303ceefa5c765789376106436/docs/ENTITY_MATCH_RULES.md,An entity whose entire distinctive token set is generic may not win a match that rests only on the name.,agent under owner standing triage rule 2026-10-04; not an owner ruling,the link fails the documented GENERIC_TOKEN_ONLY rule and no source supports it. Shares only a generic or place word with 'Arctic Village' (CE-0000J-C2) and carries none of its full names (first-shared-token resolver),cedar-press dist/preview/need.csv (public preview) - NEED linkage audit item 1,2026-10-04,repository_record,AUTO_RESOLVE,AUTO_RULE_REFUSAL,,,,,,yes,widened: recheck required
NEEDATT-20261004-105,2026-10-04,NEED_ENTERPRISE_KEY,CE-0000J-C2|arctic transportation services,,Arctic Transportation Services (preview row under Arctic Village),REJECT_ATTRIBUTION,Arctic Village,CE-0000J-C2,TRIBE,,https://github.com/teim-team/cedar-press/blob/a5f114daa6c3236303ceefa5c765789376106436/docs/ENTITY_MATCH_RULES.md,An entity whose entire distinctive token set is generic may not win a match that rests only on the name.,agent under owner standing triage rule 2026-10-04; not an owner ruling,the link fails the documented GENERIC_TOKEN_ONLY rule and no source supports it. Shares only a generic or place word with 'Arctic Village' (CE-0000J-C2) and carries none of its full names (first-shared-token resolver),cedar-press dist/preview/need.csv (public preview) - NEED linkage audit item 1,2026-10-04,repository_record,AUTO_RESOLVE,AUTO_RULE_REFUSAL,,,,,,yes,widened: recheck required
NEEDATT-20261004-106,2026-10-04,NEED_ENTERPRISE_KEY,CE-0000J-C2|arctic tundra supply and services,,ARCTIC TUNDRA SUPPLY AND SERVICES LLC (preview row under Arctic Village),REJECT_ATTRIBUTION,Arctic Village,CE-0000J-C2,TRIBE,,https://github.com/teim-team/cedar-press/blob/a5f114daa6c3236303ceefa5c765789376106436/docs/ENTITY_MATCH_RULES.md,An entity whose entire distinctive token set is generic may not win a match that rests only on the name.,agent under owner standing triage rule 2026-10-04; not an owner ruling,the link fails the documented GENERIC_TOKEN_ONLY rule and no source supports it. Shares only a generic or place word with 'Arctic Village' (CE-0000J-C2) and carries none of its full names (first-shared-token resolver),cedar-press dist/preview/need.csv (public preview) - NEED linkage audit item 1,2026-10-04,repository_record,AUTO_RESOLVE,AUTO_RULE_REFUSAL,,,,,,yes,widened: recheck required
NEEDATT-20261004-107,2026-10-04,NEED_ENTERPRISE_KEY,CE-0000J-C2|uic arctic response services,,"Uic Arctic Response Services, Llc (preview row under Arctic Village)",REJECT_ATTRIBUTION,Arctic Village,CE-0000J-C2,TRIBE,,https://github.com/teim-team/cedar-press/blob/a5f114daa6c3236303ceefa5c765789376106436/docs/ENTITY_MATCH_RULES.md,An entity whose entire distinctive token set is generic may not win a match that rests only on the name.,agent under owner standing triage rule 2026-10-04; not an owner ruling,the link fails the documented GENERIC_TOKEN_ONLY rule and no source supports it. Shares only a generic or place word with 'Arctic Village' (CE-0000J-C2) and carries none of its full names (first-shared-token resolver),cedar-press dist/preview/need.csv (public preview) - NEED linkage audit item 1,2026-10-04,repository_record,AUTO_RESOLVE,AUTO_RULE_REFUSAL,,,,,,yes,widened: recheck required
NEEDATT-20261004-108,2026-10-04,NEED_ENTERPRISE_KEY,CE-0000Q-AZ|beaver village council,,Beaver Village Council (preview row under Beaver),REJECT_ATTRIBUTION,Beaver,CE-0000Q-AZ,TRIBE,,https://github.com/teim-team/cedar-press/blob/a5f114daa6c3236303ceefa5c765789376106436/data/spine/cedar_entity_types.csv,"It is the GOVERNMENT, not its companies: a tribal enterprise is a sub-hub of this entity, never a row of this class.",agent under owner standing triage rule 2026-10-04; not an owner ruling,"the link fails the documented HUB_IS_THE_ENTERPRISE rule and no source supports it. The row names the Beaver government itself, listed as its own enterprise",cedar-press dist/preview/need.csv (public preview) - NEED linkage audit item 1,2026-10-04,repository_record,AUTO_RESOLVE,AUTO_RULE_REFUSAL,,,,,,yes,widened: recheck required
NEEDATT-20261004-109,2026-10-04,NEED_ENTERPRISE_KEY_SHA256,dcbada2681bf512f61e12963a6d43939a8deb7d549a40cf3b22086ec5713b044,,[withheld: possible natural person] (preview row under Beaver),REJECT_ATTRIBUTION,Beaver,CE-0000Q-AZ,TRIBE,,https://github.com/teim-team/cedar-press/blob/a5f114daa6c3236303ceefa5c765789376106436/docs/ENTITY_MATCH_RULES.md,An entity whose entire distinctive token set is generic may not win a match that rests only on the name.,agent under owner standing triage rule 2026-10-04; not an owner ruling,the link fails the documented GENERIC_TOKEN_ONLY rule and no source supports it. Shares only a generic or place word with 'Beaver Village' (CE-0000Q-AZ) and carries none of its full names (first-shared-token resolver),cedar-press dist/preview/need.csv (public preview) - NEED linkage audit item 1,2026-10-04,repository_record,AUTO_RESOLVE,AUTO_RULE_REFUSAL,,,,,,yes,widened: recheck required
NEEDATT-20261004-110,2026-10-04,NEED_ENTERPRISE_KEY,CE-0000Q-AZ|l s and s beaver,,L S And S Beaver Incorporated (preview row under Beaver),REJECT_ATTRIBUTION,Beaver,CE-0000Q-AZ,TRIBE,,https://github.com/teim-team/cedar-press/blob/a5f114daa6c3236303ceefa5c765789376106436/docs/ENTITY_MATCH_RULES.md,An entity whose entire distinctive token set is generic may not win a match that rests only on the name.,agent under owner standing triage rule 2026-10-04; not an owner ruling,the link fails the documented GENERIC_TOKEN_ONLY rule and no source supports it. Shares only a generic or place word with 'Beaver Village' (CE-0000Q-AZ) and carries none of its full names (first-shared-token resolver),cedar-press dist/preview/need.csv (public preview) - NEED linkage audit item 1,2026-10-04,repository_record,AUTO_RESOLVE,AUTO_RULE_REFUSAL,,,,,,yes,inconclusive
NEEDATT-20261004-111,2026-10-04,NEED_ENTERPRISE_KEY,CE-0000R-GR|birch st excavating and septic svc,,Birch St Excavating And Septic Svc Incorporated (preview row under Birch Creek),REJECT_ATTRIBUTION,Birch Creek,CE-0000R-GR,TRIBE,,https://github.com/teim-team/cedar-press/blob/a5f114daa6c3236303ceefa5c765789376106436/docs/ENTITY_MATCH_RULES.md,An entity whose entire distinctive token set is generic may not win a match that rests only on the name.,agent under owner standing triage rule 2026-10-04; not an owner ruling,the link fails the documented GENERIC_TOKEN_ONLY rule and no source supports it. Shares only a generic or place word with 'Birch Creek Tribe' (CE-0000R-GR) and carries none of its full names (first-shared-token resolver),cedar-press dist/preview/need.csv (public preview) - NEED linkage audit item 1,2026-10-04,repository_record,AUTO_RESOLVE,AUTO_RULE_REFUSAL,,,,,,yes,widened: recheck required
NEEDATT-20261004-112,2026-10-04,NEED_ENTERPRISE_KEY,CE-0000R-GR|black birch managed services,,BLACK BIRCH MANAGED SERVICES CO (preview row under Birch Creek),REJECT_ATTRIBUTION,Birch Creek,CE-0000R-GR,TRIBE,,https://github.com/teim-team/cedar-press/blob/a5f114daa6c3236303ceefa5c765789376106436/docs/ENTITY_MATCH_RULES.md,An entity whose entire distinctive token set is generic may not win a match that rests only on the name.,agent under owner standing triage rule 2026-10-04; not an owner ruling,the link fails the documented GENERIC_TOKEN_ONLY rule and no source supports it. Shares only a generic or place word with 'Birch Creek Tribe' (CE-0000R-GR) and carries none of its full names (first-shared-token resolver),cedar-press dist/preview/need.csv (public preview) - NEED linkage audit item 1,2026-10-04,repository_record,AUTO_RESOLVE,AUTO_RULE_REFUSAL,,,,,,yes,widened: recheck required
NEEDATT-20261004-113,2026-10-04,NEED_ENTERPRISE_KEY_SHA256,4bca2e4c4bd8fa97c5f1334354055a8c60a9ee4a3120a912bfd3135f7fa1f9e8,,[withheld: possible natural person] (preview row under Bill Moore's Slough),REJECT_ATTRIBUTION,Bill Moore's Slough,CE-0000T-WA,TRIBE,,https://github.com/teim-team/cedar-press/blob/a5f114daa6c3236303ceefa5c765789376106436/docs/ENTITY_MATCH_RULES.md,An entity whose entire distinctive token set is generic may not win a match that rests only on the name.,agent under owner standing triage rule 2026-10-04; not an owner ruling,the link fails the documented GENERIC_TOKEN_ONLY rule and no source supports it. Shares only a generic or place word with 'Village of Bill Moore's Slough' (CE-0000T-WA) and carries none of its full names (first-shared-token resolver),cedar-press dist/preview/need.csv (public preview) - NEED linkage audit item 1,2026-10-04,repository_record,AUTO_RESOLVE,AUTO_RULE_REFUSAL,,,,,,yes,widened: recheck required
NEEDATT-20261004-114,2026-10-04,NEED_ENTERPRISE_KEY_SHA256,df5aa18a99f15d5ba68394d97b2b2a3009edcbb4b990758c89bb970e7fd01002,,[withheld: possible natural person] (preview row under Bill Moore's Slough),REJECT_ATTRIBUTION,Bill Moore's Slough,CE-0000T-WA,TRIBE,,https://github.com/teim-team/cedar-press/blob/a5f114daa6c3236303ceefa5c765789376106436/docs/ENTITY_MATCH_RULES.md,An entity whose entire distinctive token set is generic may not win a match that rests only on the name.,agent under owner standing triage rule 2026-10-04; not an owner ruling,the link fails the documented GENERIC_TOKEN_ONLY rule and no source supports it. Shares only a generic or place word with 'Village of Bill Moore's Slough' (CE-0000T-WA) and carries none of its full names (first-shared-token resolver),cedar-press dist/preview/need.csv (public preview) - NEED linkage audit item 1,2026-10-04,repository_record,AUTO_RESOLVE,AUTO_RULE_REFUSAL,,,,,,yes,widened: recheck required
NEEDATT-20261004-115,2026-10-04,NEED_ENTERPRISE_KEY_SHA256,c82d97589401883400d130c6ec371b01abbe67ae9c328f8f13d91eb6cfabbf5f,,[withheld: possible natural person] (preview row under Bill Moore's Slough),REJECT_ATTRIBUTION,Bill Moore's Slough,CE-0000T-WA,TRIBE,,https://github.com/teim-team/cedar-press/blob/a5f114daa6c3236303ceefa5c765789376106436/docs/ENTITY_MATCH_RULES.md,An entity whose entire distinctive token set is generic may not win a match that rests only on the name.,agent under owner standing triage rule 2026-10-04; not an owner ruling,the link fails the documented GENERIC_TOKEN_ONLY rule and no source supports it. Shares only a generic or place word with 'Village of Bill Moore's Slough' (CE-0000T-WA) and carries none of its full names (first-shared-token resolver),cedar-press dist/preview/need.csv (public preview) - NEED linkage audit item 1,2026-10-04,repository_record,AUTO_RESOLVE,AUTO_RULE_REFUSAL,,,,,,yes,widened: recheck required
NEEDATT-20261004-116,2026-10-04,NEED_ENTERPRISE_KEY_SHA256,705cc6da7616495294e59f2b69000e315385f44e20a36bd7094816a8fa37e3da,,[withheld: possible natural person] (preview row under Bill Moore's Slough),REJECT_ATTRIBUTION,Bill Moore's Slough,CE-0000T-WA,TRIBE,,https://github.com/teim-team/cedar-press/blob/a5f114daa6c3236303ceefa5c765789376106436/docs/ENTITY_MATCH_RULES.md,An entity whose entire distinctive token set is generic may not win a match that rests only on the name.,agent under owner standing triage rule 2026-10-04; not an owner ruling,the link fails the documented GENERIC_TOKEN_ONLY rule and no source supports it. Shares only a generic or place word with 'Village of Bill Moore's Slough' (CE-0000T-WA) and carries none of its full names (first-shared-token resolver),cedar-press dist/preview/need.csv (public preview) - NEED linkage audit item 1,2026-10-04,repository_record,AUTO_RESOLVE,AUTO_RULE_REFUSAL,,,,,,yes,widened: recheck required
NEEDATT-20261004-117,2026-10-04,NEED_ENTERPRISE_KEY_SHA256,8f5cccdf8b0b5fc117fd5946c836aad035d559ccef7061479f351cf77fc670ed,,[withheld: possible natural person] (preview row under Bill Moore's Slough),REJECT_ATTRIBUTION,Bill Moore's Slough,CE-0000T-WA,TRIBE,,https://github.com/teim-team/cedar-press/blob/a5f114daa6c3236303ceefa5c765789376106436/docs/ENTITY_MATCH_RULES.md,An entity whose entire distinctive token set is generic may not win a match that rests only on the name.,agent under owner standing triage rule 2026-10-04; not an owner ruling,the link fails the documented GENERIC_TOKEN_ONLY rule and no source supports it. Shares only a generic or place word with 'Village of Bill Moore's Slough' (CE-0000T-WA) and carries none of its full names (first-shared-token resolver),cedar-press dist/preview/need.csv (public preview) - NEED linkage audit item 1,2026-10-04,repository_record,AUTO_RESOLVE,AUTO_RULE_REFUSAL,,,,,,yes,widened: recheck required
NEEDATT-20261004-118,2026-10-04,NEED_ENTERPRISE_KEY_SHA256,e5b3c178ce47b654e980a884738c43549a72046302ee80672d2b6cdcca402a37,,[withheld: possible natural person] (preview row under Bill Moore's Slough),REJECT_ATTRIBUTION,Bill Moore's Slough,CE-0000T-WA,TRIBE,,https://github.com/teim-team/cedar-press/blob/a5f114daa6c3236303ceefa5c765789376106436/docs/ENTITY_MATCH_RULES.md,An entity whose entire distinctive token set is generic may not win a match that rests only on the name.,agent under owner standing triage rule 2026-10-04; not an owner ruling,the link fails the documented GENERIC_TOKEN_ONLY rule and no source supports it. Shares only a generic or place word with 'Village of Bill Moore's Slough' (CE-0000T-WA) and carries none of its full names (first-shared-token resolver),cedar-press dist/preview/need.csv (public preview) - NEED linkage audit item 1,2026-10-04,repository_record,AUTO_RESOLVE,AUTO_RULE_REFUSAL,,,,,,yes,widened: recheck required
NEEDATT-20261004-119,2026-10-04,NEED_ENTERPRISE_KEY_SHA256,8fb0c7fa39b5d7a836e76b28ee9937bea322551ea04e3df7880eeb7fc6cad2fe,,[withheld: possible natural person] (preview row under Bill Moore's Slough),REJECT_ATTRIBUTION,Bill Moore's Slough,CE-0000T-WA,TRIBE,,https://github.com/teim-team/cedar-press/blob/a5f114daa6c3236303ceefa5c765789376106436/docs/ENTITY_MATCH_RULES.md,An entity whose entire distinctive token set is generic may not win a match that rests only on the name.,agent under owner standing triage rule 2026-10-04; not an owner ruling,the link fails the documented GENERIC_TOKEN_ONLY rule and no source supports it. Shares only a generic or place word with 'Village of Bill Moore's Slough' (CE-0000T-WA) and carries none of its full names (first-shared-token resolver),cedar-press dist/preview/need.csv (public preview) - NEED linkage audit item 1,2026-10-04,repository_record,AUTO_RESOLVE,AUTO_RULE_REFUSAL,,,,,,yes,widened: recheck required
NEEDATT-20261004-120,2026-10-04,NEED_ENTERPRISE_KEY_SHA256,c1200b4b27e21cd8a20e036230ee899e029c95ed4878293f76770721f015d3ec,,[withheld: possible natural person] (preview row under Bill Moore's Slough),REJECT_ATTRIBUTION,Bill Moore's Slough,CE-0000T-WA,TRIBE,,https://github.com/teim-team/cedar-press/blob/a5f114daa6c3236303ceefa5c765789376106436/docs/ENTITY_MATCH_RULES.md,An entity whose entire distinctive token set is generic may not win a match that rests only on the name.,agent under owner standing triage rule 2026-10-04; not an owner ruling,the link fails the documented GENERIC_TOKEN_ONLY rule and no source supports it. Shares only a generic or place word with 'Village of Bill Moore's Slough' (CE-0000T-WA) and carries none of its full names (first-shared-token resolver),cedar-press dist/preview/need.csv (public preview) - NEED linkage audit item 1,2026-10-04,repository_record,AUTO_RESOLVE,AUTO_RULE_REFUSAL,,,,,,yes,widened: recheck required
NEEDATT-20261004-121,2026-10-04,NEED_ENTERPRISE_KEY,CE-0000X-EN|chignik lagoon village,,"Chignik Lagoon, Village (preview row under Chignik Lagoon)",REJECT_ATTRIBUTION,Chignik Lagoon,CE-0000X-EN,TRIBE,,https://github.com/teim-team/cedar-press/blob/a5f114daa6c3236303ceefa5c765789376106436/data/spine/cedar_entity_types.csv,"It is the GOVERNMENT, not its companies: a tribal enterprise is a sub-hub of this entity, never a row of this class.",agent under owner standing triage rule 2026-10-04; not an owner ruling,"the link fails the documented HUB_IS_THE_ENTERPRISE rule and no source supports it. The row names the Chignik Lagoon government itself, listed as its own enterprise",cedar-press dist/preview/need.csv (public preview) - NEED linkage audit item 1,2026-10-04,repository_record,AUTO_RESOLVE,AUTO_RULE_REFUSAL,,,,,,yes,widened: recheck required
